/**
 * generated by fontconvert.py
 * name: terminalmono_14_regular
 * size: 14
 * mode: 2-bit  compressed: true
 * Command used: fontconvert.py terminalmono_14_regular 14 ../builtinFonts/source/IBMPlexMono/IBMPlexMono-Regular.ttf --2bit --compress --zopfli
 */
#pragma once
#include "EpdFontData.h"

static const uint8_t terminalmono_14_regularBitmaps[15361] = {
    0xB5, 0x98, 0x31, 0x8C, 0xF4, 0xB8, 0x75, 0xC7, 0x7F, 0x92, 0x1C, 0x0B, 0x88, 0x72, 0x1F, 0x5D,
    0xB8, 0x08, 0x70, 0xB9, 0x65, 0xE3, 0xE2, 0x8A, 0xDB, 0x65, 0x7B, 0x85, 0x34, 0x23, 0x3B, 0x85,
    0x5B, 0xF7, 0x7D, 0x91, 0xC2, 0xC0, 0x36, 0x07, 0x64, 0x11, 0x68, 0x77, 0x04, 0xBB, 0x48, 0xEB,
    0xBE, 0x4A, 0xDF, 0x24, 0xC5, 0x16, 0x9B, 0x64, 0x2E, 0x43, 0xE4, 0x80, 0x5C, 0x19, 0x01, 0xD7,
    0x03, 0x4A, 0x7C, 0x9D, 0x0B, 0x13, 0x08, 0x91, 0x9B, 0x2F, 0x9E, 0x59, 0xE6, 0xBD, 0x1D, 0x6E,
    0x84, 0xFD, 0xB0, 0x97, 0x6F, 0xEF, 0x36, 0xD1, 0xF0, 0xF7, 0x24, 0x92, 0x7F, 0x3E, 0x52, 0x20,
    0x45, 0xBD, 0x91, 0x63, 0xF9, 0x59, 0x2C, 0x67, 0xBC, 0xE1, 0x03, 0xF9, 0xFD, 0x09, 0xA7, 0xC3,
    0xF5, 0x1B, 0xBF, 0xF1, 0xEB, 0x3E, 0x76, 0x4F, 0x7F, 0x40, 0xED, 0x03, 0x34, 0xA3, 0x9A, 0x9F,
    0xCE, 0x60, 0x7E, 0xA6, 0xA6, 0x9C, 0xC0, 0x56, 0x1E, 0x7B, 0x5F, 0x25, 0xFF, 0x60, 0xE8, 0xEA,
    0x11, 0xDA, 0x46, 0x8D, 0xE9, 0x61, 0x30, 0xB0, 0xDB, 0x9B, 0xC4, 0x2E, 0xDA, 0x04, 0xF1, 0x0C,
    0x08, 0xE7, 0x6A, 0x3A, 0x28, 0x42, 0x0B, 0xE5, 0xAC, 0x66, 0xBA, 0x02, 0x2A, 0xBF, 0x70, 0xF9,
    0x96, 0x2A, 0xA5, 0xC9, 0x7C, 0xF5, 0x65, 0x74, 0x95, 0x8F, 0x2B, 0x29, 0x53, 0x9C, 0x60, 0x7F,
    0xED, 0x31, 0x7F, 0xF0, 0x94, 0xE9, 0x1E, 0x3E, 0x4C, 0x13, 0xD5, 0x97, 0x51, 0xDA, 0xEC, 0x85,
    0xAD, 0x30, 0xFC, 0xA9, 0x9C, 0x6F, 0x24, 0xEF, 0xBE, 0xFA, 0x32, 0x34, 0x29, 0x79, 0x76, 0x6F,
    0x9F, 0xF8, 0xAE, 0xF7, 0xD4, 0xA3, 0x4D, 0x18, 0xBA, 0xC6, 0x5F, 0x70, 0x55, 0xF9, 0x56, 0xCD,
    0xAD, 0x9A, 0x20, 0xE6, 0x9F, 0x27, 0xA9, 0xF8, 0xC2, 0x63, 0xD3, 0x0F, 0x7B, 0x15, 0x03, 0x34,
    0x72, 0xFA, 0x78, 0x9D, 0xE0, 0x6A, 0x30, 0x3D, 0xE1, 0xB6, 0x1E, 0xCB, 0x39, 0x54, 0xBE, 0xF2,
    0x62, 0x9A, 0x5E, 0xB2, 0x06, 0xA9, 0x38, 0x47, 0x24, 0x2D, 0x2A, 0x76, 0x33, 0x90, 0x8E, 0x50,
    0x45, 0xD7, 0x53, 0xF9, 0x3F, 0x86, 0xDA, 0x93, 0x4D, 0x35, 0x01, 0x65, 0x00, 0x38, 0x08, 0xC5,
    0x3D, 0xA9, 0x6F, 0x7E, 0xDF, 0xA7, 0xDE, 0xFE, 0x7C, 0x0A, 0xAC, 0xCA, 0x10, 0x68, 0xD9, 0xCE,
    0x0C, 0xAC, 0x27, 0x5A, 0x8C, 0x67, 0x45, 0x33, 0x63, 0xC7, 0x5F, 0xEE, 0x69, 0x52, 0xB8, 0xA6,
    0x48, 0xA3, 0x63, 0xC8, 0x07, 0x34, 0x23, 0x17, 0x70, 0x05, 0x41, 0x5D, 0xD7, 0x23, 0x06, 0x4D,
    0x67, 0x70, 0x0E, 0xED, 0xBB, 0x89, 0x73, 0xAD, 0xCA, 0x1A, 0x11, 0xEB, 0x68, 0x02, 0xDC, 0xC1,
    0x85, 0xBA, 0x1A, 0xC0, 0xEA, 0x38, 0x29, 0x67, 0x08, 0xEA, 0x96, 0x76, 0x69, 0x80, 0xE9, 0x69,
    0x96, 0x24, 0xD9, 0xA5, 0xB3, 0x36, 0x8F, 0xA1, 0x9C, 0xB5, 0xB9, 0x85, 0x01, 0x75, 0xF4, 0x84,
    0x1F, 0xD5, 0xFE, 0xC7, 0x37, 0x3F, 0xFF, 0x97, 0xC3, 0x65, 0x4A, 0xFB, 0x62, 0x77, 0x0F, 0x76,
    0x86, 0x55, 0x84, 0xED, 0x40, 0x11, 0xD6, 0x54, 0x93, 0x19, 0xAB, 0xB1, 0x1E, 0xC9, 0x87, 0xB6,
    0x79, 0x8E, 0xB5, 0xB4, 0x57, 0xBE, 0xAD, 0x1E, 0xA0, 0x09, 0x66, 0x36, 0xDE, 0x8C, 0xB6, 0x77,
    0x74, 0xB4, 0xEC, 0x92, 0x97, 0xF4, 0xB8, 0xC8, 0x41, 0x7B, 0x31, 0x80, 0x15, 0xCE, 0x85, 0x56,
    0xB8, 0x12, 0xA2, 0x10, 0xA0, 0x9C, 0xA0, 0xF2, 0x59, 0xD6, 0x0B, 0xC0, 0x45, 0x96, 0x0D, 0xC2,
    0xED, 0x49, 0x56, 0xCC, 0x59, 0x26, 0x34, 0x59, 0x76, 0x26, 0x74, 0x59, 0xCA, 0x65, 0xA4, 0x4C,
    0x89, 0x66, 0xB6, 0xDE, 0xF4, 0xD5, 0xEC, 0x28, 0x42, 0x07, 0x51, 0x69, 0x61, 0x3F, 0x28, 0x8D,
    0x3F, 0x0C, 0x66, 0x3A, 0xC8, 0x79, 0xAF, 0x65, 0x8F, 0xF5, 0xAA, 0xD5, 0x36, 0xDA, 0x56, 0x7D,
    0xA8, 0x2F, 0xDC, 0x0C, 0xBB, 0x99, 0xF2, 0xBF, 0x66, 0x9A, 0x7F, 0x9F, 0x71, 0xBF, 0x9A, 0x59,
    0x95, 0x33, 0x1F, 0x0B, 0x7C, 0x07, 0x5C, 0x4A, 0x07, 0x85, 0xCD, 0xD7, 0x54, 0x29, 0x61, 0x26,
    0xE7, 0x1D, 0xF5, 0xD4, 0x51, 0xCD, 0x2C, 0x4C, 0xA7, 0x3B, 0x33, 0x23, 0xAC, 0x81, 0x03, 0x54,
    0x01, 0xEC, 0x08, 0x37, 0x50, 0x46, 0x68, 0x26, 0x70, 0xB0, 0xCC, 0x88, 0xF8, 0xAB, 0xB3, 0x3F,
    0x2B, 0xFE, 0x9E, 0xFA, 0x6A, 0xBC, 0xAA, 0xD9, 0xEC, 0x85, 0x23, 0x27, 0x47, 0x5A, 0x5E, 0x06,
    0xE5, 0x07, 0xC2, 0xB5, 0x68, 0xD7, 0xA3, 0xF5, 0x4D, 0x4A, 0x14, 0xBB, 0xAF, 0x01, 0x37, 0xA9,
    0x7B, 0x35, 0xDF, 0x88, 0x29, 0xFE, 0x43, 0x5D, 0x7E, 0xA1, 0xBE, 0x7E, 0x2D, 0xC6, 0x6A, 0xEB,
    0x4E, 0xCD, 0x9D, 0x9A, 0x20, 0xA6, 0x9A, 0xC4, 0x34, 0xA3, 0x18, 0x83, 0x98, 0x4E, 0x8D, 0x8C,
    0x2C, 0xF5, 0x0F, 0x06, 0xCD, 0xBE, 0x63, 0x5C, 0x4A, 0xA3, 0x72, 0x0E, 0x08, 0x79, 0xEE, 0x32,
    0x6E, 0xA6, 0x4B, 0x47, 0xD6, 0xFD, 0xA6, 0xFF, 0x18, 0x93, 0x67, 0x5A, 0x1A, 0x65, 0x7E, 0x24,
    0xF9, 0x2D, 0x66, 0x94, 0x7A, 0x4C, 0x3A, 0x50, 0x24, 0xBD, 0x9D, 0x3D, 0x34, 0x13, 0xAC, 0x81,
    0x2D, 0x14, 0x21, 0xDF, 0xFD, 0x08, 0xA6, 0x79, 0x8B, 0xDB, 0xA4, 0x71, 0x35, 0xD9, 0x69, 0x4D,
    0x15, 0x56, 0x14, 0x3A, 0xD7, 0xCA, 0x5E, 0xCF, 0x17, 0xA2, 0xB6, 0x52, 0xDE, 0x4C, 0x0F, 0x73,
    0xDE, 0xEB, 0x9C, 0xCB, 0xC0, 0xA3, 0xD2, 0x4A, 0x5D, 0x4B, 0x29, 0x54, 0x53, 0x4B, 0x93, 0xE7,
    0xC5, 0x02, 0x2B, 0x61, 0x10, 0x0E, 0x42, 0x84, 0x32, 0x77, 0xF8, 0xAE, 0xE4, 0x3A, 0x4B, 0x76,
    0x6F, 0x75, 0x8E, 0x46, 0x33, 0x7D, 0x38, 0x3B, 0x4A, 0x1D, 0x43, 0x38, 0xF5, 0x5B, 0xCE, 0xCD,
    0xD4, 0xF8, 0x22, 0xDD, 0xA3, 0x48, 0xFD, 0x94, 0xD7, 0xAB, 0xAE, 0xD3, 0xAD, 0xA2, 0xD7, 0x6B,
    0x8A, 0x68, 0xA5, 0xAD, 0xFA, 0xD0, 0xB9, 0x7C, 0x5C, 0xE3, 0x46, 0xC6, 0x6C, 0xA9, 0xE6, 0xD5,
    0xB2, 0xC6, 0x95, 0xBD, 0xDE, 0xA3, 0xA3, 0x8A, 0x66, 0x3A, 0x0B, 0x75, 0x7A, 0x1B, 0xD8, 0x7D,
    0x35, 0x2F, 0xEB, 0xCA, 0x01, 0xDB, 0xD3, 0x62, 0x32, 0x1E, 0x36, 0xB0, 0x3C, 0xA3, 0xCB, 0xB1,
    0x94, 0x36, 0x93, 0x0D, 0x36, 0x98, 0x69, 0xA9, 0x79, 0xEE, 0x69, 0x07, 0x46, 0x68, 0xD4, 0xE1,
    0x48, 0x75, 0x04, 0x37, 0x51, 0xE4, 0x0D, 0x67, 0xD3, 0xC3, 0x96, 0xD3, 0xD9, 0x06, 0xD0, 0x72,
    0xAD, 0x47, 0x75, 0x6C, 0x72, 0x3B, 0xC6, 0xC7, 0x35, 0xCD, 0x3B, 0xC7, 0x63, 0xF9, 0x2F, 0xC8,
    0x7E, 0xB4, 0x45, 0x04, 0x52, 0x7F, 0xEA, 0xA0, 0x7C, 0x70, 0x98, 0xD7, 0x8A, 0x9C, 0x73, 0xC7,
    0x5A, 0xAF, 0x3A, 0xD5, 0x6B, 0x3B, 0x6D, 0x5F, 0xEC, 0x66, 0x9A, 0x74, 0xC4, 0x8D, 0x1B, 0xAE,
    0x31, 0xE3, 0x20, 0xC0, 0x23, 0x0E, 0x7E, 0x78, 0x84, 0xF5, 0xFC, 0x64, 0x51, 0x3E, 0x39, 0x6E,
    0x72, 0xBF, 0x8A, 0x5E, 0x5F, 0xEE, 0xD1, 0x75, 0x53, 0xE7, 0xFD, 0xC6, 0x52, 0x84, 0x73, 0x08,
    0x6D, 0xB9, 0x0F, 0x6D, 0x73, 0x1F, 0x5A, 0xFB, 0xB3, 0xD0, 0x5E, 0x48, 0xFE, 0x9C, 0x05, 0xCD,
    0x5B, 0xC1, 0xFC, 0x2E, 0xB4, 0xD5, 0x41, 0xF4, 0xBF, 0xC0, 0x72, 0x1A, 0x41, 0x15, 0xA1, 0x48,
    0x09, 0xAC, 0xA0, 0x19, 0xEA, 0x03, 0xD0, 0xA8, 0x31, 0xD7, 0x80, 0xBD, 0x00, 0x2E, 0x54, 0xDE,
    0x99, 0x3E, 0xBF, 0xFC, 0xB7, 0x7A, 0xDF, 0xF1, 0xF4, 0x40, 0xCE, 0x14, 0xA1, 0x08, 0x54, 0x29,
    0x89, 0xC9, 0x5B, 0xF6, 0x16, 0x51, 0x0D, 0x88, 0xBE, 0xC3, 0xC2, 0x1A, 0x07, 0x96, 0x15, 0x52,
    0xB2, 0x49, 0x5F, 0xB3, 0x49, 0xF7, 0x0C, 0xB8, 0x5E, 0x14, 0xE3, 0x40, 0xE3, 0x17, 0x34, 0xEF,
    0xA4, 0x3E, 0x0A, 0x47, 0x06, 0xAC, 0xE4, 0xAB, 0x49, 0x98, 0x17, 0x34, 0x6F, 0xFD, 0x26, 0x25,
    0xD1, 0xEC, 0x39, 0xED, 0x6F, 0xBA, 0x96, 0xDD, 0xE8, 0x68, 0x7C, 0xA7, 0x31, 0x42, 0x9E, 0xB7,
    0xFD, 0xB7, 0xA0, 0x75, 0xAA, 0x11, 0xED, 0xA4, 0x6D, 0xB4, 0xAD, 0xFA, 0x60, 0xA3, 0x63, 0xFB,
    0x8D, 0x70, 0x60, 0x60, 0x23, 0xD8, 0xFE, 0x34, 0xAE, 0x6A, 0xCA, 0xCC, 0x99, 0x90, 0x59, 0xC6,
    0x24, 0x2C, 0xF7, 0xB0, 0x51, 0x1F, 0xD9, 0x57, 0xF2, 0xCA, 0x00, 0x7C, 0x0B, 0xAA, 0x19, 0x95,
    0xF7, 0x68, 0x7C, 0x66, 0x52, 0x5E, 0xE7, 0x6F, 0x01, 0x77, 0x5A, 0x4F, 0x8D, 0xAE, 0xA7, 0xF1,
    0xE1, 0xFD, 0x35, 0xAF, 0x96, 0x3D, 0x72, 0xD1, 0x16, 0x29, 0x28, 0xD7, 0x10, 0x3A, 0x61, 0x25,
    0xE4, 0xF7, 0x57, 0x68, 0xE6, 0xB3, 0x50, 0xA5, 0x43, 0x60, 0x33, 0x85, 0x2D, 0xB5, 0x7F, 0x1F,
    0xBB, 0x94, 0x1E, 0xF8, 0x2E, 0x5A, 0x1C, 0xBC, 0x86, 0x47, 0x3F, 0x26, 0x25, 0x49, 0xE0, 0x5E,
    0x92, 0xFE, 0x02, 0xB7, 0x65, 0xB5, 0xFE, 0xE9, 0xC1, 0xA6, 0x58, 0xA6, 0x71, 0x4B, 0x15, 0xB6,
    0x34, 0xD3, 0x16, 0xDB, 0x6F, 0xB9, 0x61, 0xCB, 0x9E, 0x6D, 0x15, 0xD8, 0x1A, 0xCF, 0xD6, 0xF5,
    0x6C, 0x6F, 0xE0, 0xF3, 0x04, 0xBB, 0xDF, 0x7B, 0x76, 0x7F, 0x3D, 0xB1, 0xD3, 0x3A, 0xD5, 0xF0,
    0xB9, 0xB0, 0x16, 0xEC, 0x28, 0xED, 0xFD, 0xC9, 0x4F, 0x11, 0xB7, 0xC0, 0xEB, 0x41, 0xEF, 0x6D,
    0x54, 0xD6, 0x7D, 0x15, 0xD7, 0xA3, 0xE0, 0x9B, 0xB8, 0x9E, 0x4D, 0xEC, 0xC2, 0x59, 0x6C, 0xF5,
    0x77, 0x25, 0xB4, 0xB7, 0xB1, 0xBD, 0x08, 0xB1, 0x35, 0x73, 0x6C, 0x1B, 0x1F, 0xDB, 0x7A, 0x8C,
    0x6D, 0xD5, 0xC7, 0xB6, 0x20, 0xB6, 0x3C, 0xCF, 0x8E, 0xCA, 0xEF, 0x7A, 0xC1, 0x57, 0xFE, 0x1F,
    0x85, 0x7F, 0x98, 0x2B, 0xFF, 0xF7, 0xA1, 0xF2, 0x77, 0x51, 0xD8, 0x0A, 0x9D, 0x70, 0x21, 0x58,
    0xC1, 0xFC, 0xB9, 0xBF, 0xAB, 0xBF, 0xF0, 0x77, 0xD5, 0x57, 0xFE, 0xAE, 0xFC, 0xAD, 0xBF, 0xE3,
    0x1B, 0xE1, 0x0F, 0xC2, 0x46, 0x58, 0x0B, 0xCE, 0x3F, 0x17, 0x2B, 0xAD, 0xDE, 0x8D, 0x95, 0xE0,
    0x90, 0xF9, 0x9F, 0x58, 0x69, 0xF5, 0x7C, 0xAC, 0xA4, 0xCF, 0xBF, 0x90, 0x7A, 0xDD, 0x0F, 0xFE,
    0x97, 0x7D, 0xA2, 0x57, 0xDD, 0x00, 0xEF, 0xE5, 0xFF, 0x74, 0x7C, 0x9B, 0xFD, 0xD3, 0x88, 0xB5,
    0x4A, 0x62, 0x92, 0x7F, 0xE1, 0x98, 0x51, 0xDD, 0x20, 0xED, 0x86, 0x6A, 0x66, 0x28, 0x02, 0x03,
    0x07, 0xE1, 0x5A, 0x70, 0x2C, 0xFB, 0xA6, 0x54, 0x6E, 0x1E, 0xDE, 0xF5, 0xDE, 0x4C, 0x4D, 0x70,
    0xA0, 0xE3, 0xE5, 0x11, 0xD7, 0x83, 0x79, 0x0B, 0x65, 0x3A, 0xC2, 0x87, 0xDA, 0x7F, 0x13, 0xA0,
    0x88, 0xC0, 0x5E, 0xF9, 0xB1, 0x70, 0x23, 0xF9, 0xF5, 0xD4, 0xCC, 0x4D, 0x4A, 0xA3, 0xC6, 0x0D,
    0x9B, 0x24, 0x17, 0x0F, 0x86, 0x32, 0xC0, 0xFF, 0x8B, 0xD1, 0xE7, 0xFA, 0xFB, 0xA2, 0xF7, 0xDD,
    0x61, 0x46, 0xF7, 0x10, 0x8F, 0x1D, 0x29, 0xD2, 0xCC, 0x01, 0x86, 0x6D, 0x8E, 0x5D, 0x1E, 0xE7,
    0x42, 0x63, 0x1D, 0x99, 0x8F, 0xA9, 0xF1, 0xB5, 0xFC, 0x1A, 0x5F, 0x4D, 0xBA, 0xBB, 0x19, 0x4A,
    0xA9, 0x21, 0x5C, 0x9C, 0x66, 0x6E, 0x3B, 0xC0, 0x70, 0x07, 0x5D, 0x04, 0x17, 0xC0, 0x0A, 0x66,
    0x26, 0x68, 0xC9, 0x89, 0xF6, 0x56, 0xB8, 0x53, 0x8C, 0x6F, 0xAF, 0xCC, 0x24, 0xCC, 0xC3, 0x70,
    0x16, 0xAE, 0xDA, 0x4F, 0x84, 0xF6, 0xF6, 0xAE, 0x6D, 0x3F, 0xBB, 0x6D, 0x3F, 0xFD, 0xF4, 0xB6,
    0xFD, 0xAC, 0xBD, 0xED, 0xFE, 0xAE, 0x0D, 0x5D, 0x38, 0x97, 0xDF, 0x59, 0x70, 0xB3, 0x09, 0x6E,
    0x32, 0xC1, 0x7A, 0x39, 0x83, 0xC3, 0x78, 0x56, 0xD4, 0x13, 0x07, 0xCA, 0x50, 0x04, 0xD8, 0x57,
    0x33, 0x5C, 0x37, 0x1E, 0x9C, 0xED, 0xC1, 0xFC, 0xD3, 0xE3, 0xAB, 0xB7, 0x8A, 0x6A, 0xF6, 0x40,
    0x73, 0x04, 0xAC, 0x03, 0x56, 0x26, 0xBF, 0x75, 0x8B, 0x58, 0x05, 0xA4, 0x65, 0x44, 0x5A, 0xEA,
    0x3E, 0xC4, 0x4A, 0x7E, 0x72, 0x16, 0x63, 0xC6, 0x53, 0x47, 0x23, 0xDD, 0xA9, 0xB6, 0x9A, 0x8B,
    0x78, 0x6A, 0xC1, 0x41, 0xDA, 0x72, 0xAD, 0x5E, 0x9C, 0x05, 0xCC, 0x0D, 0xD0, 0xE4, 0xDE, 0x5E,
    0x3C, 0x6F, 0x4B, 0xBC, 0x74, 0x0A, 0x40, 0x97, 0xF8, 0xEE, 0x5A, 0xD8, 0x43, 0x15, 0xD0, 0x9E,
    0x75, 0x58, 0xAC, 0x72, 0x6C, 0x1C, 0xD1, 0xF1, 0x62, 0xFC, 0xA2, 0xDC, 0xA5, 0x74, 0x50, 0x36,
    0x69, 0x94, 0x74, 0x05, 0xAF, 0x4C, 0x27, 0x3F, 0x2D, 0xD0, 0x09, 0x67, 0x82, 0x11, 0x9A, 0x3E,
    0x3F, 0x78, 0x42, 0x31, 0x03, 0x41, 0xB8, 0x15, 0x06, 0x41, 0xC5, 0x17, 0x82, 0x51, 0x54, 0x38,
    0x9E, 0x84, 0xE5, 0x94, 0x85, 0x51, 0xB8, 0xCA, 0xC2, 0x73, 0xC1, 0x66, 0x71, 0x2D, 0x5D, 0x79,
    0x49, 0x54, 0xAF, 0x4D, 0xD9, 0x8F, 0x99, 0xC0, 0xE6, 0x15, 0x77, 0x37, 0x40, 0xE8, 0x28, 0x67,
    0x2B, 0xF5, 0x66, 0x6C, 0xC6, 0xDA, 0x5B, 0xC9, 0x75, 0x10, 0x07, 0xD8, 0xFE, 0x04, 0x7E, 0xB2,
    0x49, 0x69, 0xAF, 0xFC, 0x80, 0x81, 0x15, 0x86, 0x66, 0xAC, 0x46, 0x76, 0x33, 0x75, 0x3A, 0xA2,
    0x4F, 0xC5, 0x1B, 0x4C, 0x8E, 0x6F, 0x6B, 0x5F, 0xEC, 0x1E, 0xDE, 0x77, 0xDE, 0xF5, 0xB5, 0x5F,
    0x49, 0xBE, 0x43, 0xCF, 0x46, 0xF2, 0x7F, 0x29, 0xE5, 0xBF, 0x3D, 0x94, 0xA9, 0x3F, 0x0C, 0xC0,
    0xB3, 0xD8, 0xAF, 0x19, 0xD2, 0x3D, 0x9B, 0xF1, 0xB2, 0xBF, 0x79, 0x3E, 0x06, 0x52, 0x26, 0x45,
    0xEB, 0x37, 0xD2, 0xB7, 0xEA, 0x07, 0x17, 0x61, 0x33, 0x53, 0xE9, 0x78, 0x26, 0x87, 0xA3, 0xE9,
    0xBB, 0xC5, 0x2F, 0xDB, 0xE5, 0x9A, 0x8E, 0x02, 0x47, 0x3D, 0x8A, 0xAE, 0x57, 0xBD, 0xDE, 0x07,
    0x94, 0xF3, 0xB3, 0xEC, 0x7E, 0x35, 0xD7, 0xE9, 0x3F, 0x67, 0x33, 0xD9, 0xD9, 0x51, 0xCD, 0x2B,
    0x29, 0xEB, 0x84, 0x56, 0x18, 0xF2, 0x59, 0xF3, 0x5A, 0xAE, 0xF5, 0xAA, 0x53, 0xBD, 0xB6, 0xC3,
    0x9D, 0xF6, 0xF5, 0xC7, 0x98, 0xF9, 0x22, 0xFF, 0x7F, 0x79, 0xFC, 0xDF, 0xD5, 0x01, 0x8A, 0x13,
    0x4C, 0x8F, 0xEE, 0x86, 0xB3, 0xE8, 0x47, 0xDC, 0x1E, 0xEA, 0x14, 0x30, 0x82, 0x55, 0xC1, 0x42,
    0x4A, 0x29, 0x28, 0xDF, 0x27, 0x06, 0x81, 0xF2, 0x00, 0xF5, 0x81, 0xCB, 0xDF, 0x9D, 0xC6, 0x35,
    0x69, 0xEC, 0x55, 0x4F, 0x32, 0xB6, 0x13, 0x32, 0xEF, 0xCD, 0x64, 0x47, 0xAD, 0x63, 0x17, 0xA9,
    0x46, 0x96, 0x85, 0x2A, 0xE3, 0xAA, 0x64, 0xCC, 0x67, 0xB0, 0x6D, 0xA1, 0xED, 0x84, 0x75, 0x5F,
    0x1C, 0x8C, 0x8C, 0xA5, 0xD8, 0xDD, 0xF7, 0x2D, 0xF0, 0x2C, 0x6E, 0xA6, 0x4D, 0x47, 0x56, 0xE3,
    0x86, 0x15, 0x46, 0x74, 0x66, 0x6C, 0x69, 0x5E, 0x04, 0x0E, 0x58, 0xF7, 0x02, 0x4F, 0x8E, 0x94,
    0x4E, 0xE0, 0x5E, 0x4E, 0x4A, 0xC9, 0x2B, 0xB0, 0xA7, 0x38, 0xA8, 0xCD, 0x87, 0xBE, 0xF1, 0x24,
    0xC1, 0x77, 0x4C, 0x3A, 0x8D, 0x61, 0x9D, 0x7C, 0x04, 0x9E, 0xC7, 0xF6, 0x91, 0xCF, 0x89, 0x65,
    0x24, 0x36, 0x13, 0xD1, 0x41, 0x3C, 0xC0, 0x37, 0x42, 0xDA, 0xC1, 0xBD, 0x19, 0xD9, 0xD7, 0x93,
    0xD4, 0x07, 0x22, 0x07, 0x61, 0x25, 0xD8, 0x31, 0xD2, 0x4C, 0xBB, 0x04, 0x0A, 0xF6, 0xB5, 0x2C,
    0x93, 0x7F, 0xF5, 0x79, 0x33, 0xFF, 0x55, 0x5A, 0xC7, 0x6B, 0xF3, 0x37, 0xFA, 0x61, 0x68, 0xB8,
    0xAA, 0x5F, 0xCE, 0xAB, 0x26, 0xF1, 0x31, 0xB8, 0xD1, 0xC5, 0xC6, 0xF2, 0x10, 0xBC, 0x8B, 0x96,
    0x6B, 0xBD, 0xEA, 0x72, 0xA0, 0xF5, 0xAA, 0xCD, 0x60, 0x80, 0x67, 0x79, 0xD5, 0x03, 0x4D, 0xF9,
    0x2C, 0xE9, 0x60, 0x43, 0x3A, 0xEC, 0x02, 0xD7, 0x13, 0xDC, 0x00, 0xD7, 0xEF, 0x8F, 0xFA, 0x34,
    0xD4, 0x51, 0xF2, 0x37, 0xE9, 0xD1, 0x4C, 0xF5, 0x6C, 0x7A, 0x7A, 0x03, 0x98, 0x11, 0xEA, 0xFB,
    0xDF, 0x50, 0xA4, 0xD4, 0xF3, 0x47, 0x7F, 0x3B, 0xE7, 0x77, 0x61, 0xF8, 0x88, 0x22, 0x38, 0xD1,
    0x69, 0xE0, 0xA5, 0xED, 0xE8, 0x78, 0x17, 0xF5, 0x1B, 0x15, 0xBD, 0x7E, 0x11, 0xE7, 0x82, 0x15,
    0x7D, 0x9D, 0xA2, 0x06, 0x78, 0x2F, 0xA1, 0x15, 0x56, 0x82, 0x1B, 0x37, 0xA3, 0x49, 0xFF, 0x3A,
    0x96, 0xB2, 0x98, 0xF3, 0x1C, 0x2E, 0x01, 0xD0, 0x58, 0xFB, 0xCA, 0xEB, 0xF7, 0x32, 0x43, 0xF1,
    0x18, 0xFC, 0xDC, 0xB6, 0x30, 0x0C, 0xA7, 0xF0, 0xE6, 0x22, 0x80, 0x9D, 0xC1, 0x4C, 0xB4, 0x65,
    0x68, 0xFA, 0xB6, 0x8A, 0x4D, 0x7F, 0x5E, 0x45, 0xC3, 0x79, 0x75, 0x65, 0x38, 0xAB, 0x5B, 0x31,
    0xCD, 0x27, 0x6F, 0x30, 0xE6, 0xA3, 0x33, 0xCC, 0x9B, 0x0F, 0x3E, 0xC2, 0x7C, 0xF0, 0xE6, 0x13,
    0x9A, 0x3F, 0x33, 0x62, 0x7E, 0xD9, 0xB4, 0xD4, 0x43, 0x3D, 0x50, 0xDD, 0xD5, 0x77, 0x54, 0xB1,
    0x8A, 0x27, 0xE3, 0x28, 0x83, 0xF1, 0xD5, 0x54, 0x4F, 0x66, 0x2C, 0x83, 0x3B, 0x45, 0xCC, 0xAB,
    0x98, 0xBB, 0xF2, 0xF9, 0x9D, 0xA7, 0x4F, 0xF0, 0x35, 0x5A, 0x5F, 0x7B, 0xF3, 0xB0, 0x37, 0xAF,
    0x29, 0xE2, 0x00, 0x77, 0x2B, 0x88, 0x96, 0x22, 0x3C, 0xB9, 0x85, 0x39, 0xDF, 0x42, 0xEC, 0x44,
    0xD1, 0x9E, 0x22, 0xB3, 0xEE, 0x31, 0x6E, 0x9B, 0xA0, 0xF1, 0x42, 0xDE, 0x2C, 0x9D, 0xD0, 0x81,
    0x3B, 0x08, 0x33, 0x1A, 0xBB, 0x8C, 0x0A, 0xD8, 0xFC, 0x21, 0x65, 0xBF, 0x04, 0x26, 0x6B, 0x60,
    0x7B, 0x9A, 0xDC, 0x66, 0x3A, 0x29, 0xAE, 0x59, 0x1E, 0x59, 0x36, 0x47, 0xD2, 0x91, 0xC0, 0x92,
    0x6E, 0xA1, 0xCD, 0x1F, 0xCC, 0x35, 0x5D, 0x92, 0xF6, 0x9A, 0xE4, 0x22, 0x97, 0x18, 0x68, 0x55,
    0xF6, 0xA4, 0x55, 0x3A, 0x8A, 0xAB, 0xAB, 0x6F, 0x3D, 0xD4, 0xC7, 0x11, 0xCE, 0x34, 0x2D, 0x9F,
    0xF7, 0x23, 0xC5, 0x9C, 0x83, 0x86, 0x22, 0xA2, 0x63, 0xB9, 0x3C, 0xCA, 0x45, 0x2E, 0x99, 0x55,
    0xB0, 0x7C, 0xF6, 0xD7, 0xA4, 0x4E, 0xC4, 0x55, 0x19, 0xF9, 0xD4, 0xDC, 0x73, 0x75, 0x61, 0xC7,
    0xDB, 0xB6, 0xFA, 0xB7, 0xF0, 0x69, 0x91, 0xA6, 0xCF, 0x58, 0xF7, 0xFF, 0x0D, 0xC5, 0x99, 0x31,
    0x8C, 0x1B, 0xC7, 0xD5, 0x80, 0xBF, 0xDD, 0xF5, 0x7F, 0xFB, 0xDB, 0x63, 0xDD, 0x5C, 0xE1, 0x00,
    0x41, 0x24, 0xDC, 0xAA, 0x70, 0xA1, 0xC2, 0x77, 0xDB, 0xB8, 0xB8, 0x00, 0xBB, 0xE4, 0xC6, 0xE9,
    0xD3, 0x97, 0xE9, 0x1B, 0xC7, 0x80, 0x83, 0x5C, 0xC1, 0x13, 0xA7, 0x6F, 0xEC, 0xBE, 0x4A, 0x5F,
    0x24, 0x32, 0x70, 0x05, 0x93, 0xD0, 0xBA, 0x09, 0x52, 0xA4, 0x48, 0x90, 0x2C, 0xE0, 0x1E, 0x59,
    0xC7, 0x02, 0xD2, 0x4E, 0x80, 0x05, 0xB2, 0x8E, 0x79, 0x37, 0x79, 0x4F, 0x24, 0x23, 0xCA, 0xB4,
    0xA0, 0x83, 0x40, 0x2A, 0x7B, 0xFC, 0xDE, 0x2C, 0xDF, 0x7B, 0xF3, 0xDE, 0xA3, 0x38, 0x3B, 0xFB,
    0xB8, 0x2A, 0x9B, 0xA9, 0x9F, 0xFA, 0x71, 0x03, 0x00, 0x6F, 0x73, 0x47, 0xFE, 0x0E, 0xE5, 0xEF,
    0x98, 0x82, 0x72, 0xE3, 0xEF, 0x7B, 0x60, 0x79, 0xC6, 0x55, 0x47, 0x1E, 0xAF, 0xB1, 0x9F, 0x94,
    0x4D, 0x69, 0x4D, 0x53, 0x5B, 0x98, 0x08, 0xF3, 0x0D, 0x26, 0x82, 0xEA, 0xC7, 0x36, 0x77, 0xF6,
    0x93, 0xA2, 0xC9, 0xE3, 0x0D, 0x5C, 0x3D, 0x79, 0x3E, 0xCE, 0x5D, 0xD1, 0xC5, 0xD8, 0x66, 0x7D,
    0xDE, 0x1B, 0xCF, 0xA5, 0x75, 0x60, 0x9B, 0x67, 0x18, 0x07, 0xB9, 0x87, 0x69, 0x5C, 0x28, 0xA4,
    0x81, 0x25, 0x1D, 0x64, 0x2D, 0x58, 0x0F, 0x63, 0x84, 0x18, 0x07, 0xE5, 0x3E, 0x29, 0x73, 0x99,
    0x51, 0xCB, 0xEC, 0xE2, 0xEA, 0xD7, 0x58, 0xAD, 0xD1, 0x3D, 0xA4, 0xA4, 0x40, 0x75, 0x82, 0xDB,
    0xA0, 0x51, 0xBD, 0xDA, 0xD5, 0x4F, 0xFD, 0x55, 0xA7, 0xF3, 0x35, 0xCE, 0x08, 0x31, 0x95, 0x50,
    0xCA, 0x40, 0x8D, 0xF1, 0xCC, 0xC9, 0x3A, 0x7A, 0x29, 0x40, 0x4B, 0xE8, 0x35, 0xFF, 0x5C, 0xB4,
    0xD4, 0x5A, 0x69, 0x59, 0x00, 0xF6, 0x42, 0x88, 0x71, 0xB1, 0x14, 0x24, 0x01, 0xB6, 0xC5, 0xA6,
    0xCB, 0xF9, 0x7F, 0x0F, 0x00, 0x64, 0x5C, 0x1F, 0xFA, 0x2F, 0x95, 0xC7, 0x88, 0x6D, 0x4F, 0x28,
    0x80, 0x53, 0xD0, 0x51, 0x6B, 0x21, 0xBF, 0x86, 0x34, 0xF6, 0xD8, 0x83, 0x48, 0x45, 0xE9, 0xCE,
    0x31, 0x7E, 0x46, 0xE6, 0xE7, 0xC2, 0xB8, 0x31, 0x4D, 0xF1, 0xF5, 0xB1, 0xD8, 0x03, 0xDC, 0x5D,
    0x00, 0x0F, 0xD7, 0x33, 0x75, 0xC4, 0x36, 0x0F, 0x29, 0xE2, 0x20, 0xF6, 0x4F, 0xB9, 0xB0, 0xEE,
    0xB1, 0xF5, 0x22, 0xF5, 0x6B, 0x20, 0xE9, 0x0F, 0x3A, 0x72, 0xC7, 0x19, 0x87, 0xC8, 0xAB, 0xCA,
    0x07, 0xC3, 0xC7, 0xC7, 0x36, 0x73, 0x8F, 0xAA, 0x83, 0xD4, 0x87, 0x73, 0x44, 0x5C, 0x92, 0xB4,
    0x1B, 0x42, 0x75, 0x8F, 0xAA, 0x2C, 0xF5, 0x4F, 0xFD, 0x64, 0x46, 0xBE, 0x9C, 0xAB, 0x51, 0x96,
    0xF1, 0xD0, 0xC8, 0x45, 0xCF, 0xF9, 0x31, 0x18, 0x30, 0x0D, 0x52, 0x5E, 0x6C, 0x2E, 0x4D, 0x13,
    0x4C, 0x73, 0x59, 0x34, 0xE5, 0x3F, 0x5A, 0xDE, 0xC1, 0x31, 0xCB, 0xDA, 0x2C, 0x14, 0xCE, 0xFA,
    0xC7, 0x4C, 0xD3, 0x81, 0x45, 0xD6, 0xA1, 0xE8, 0xB9, 0xEA, 0xD4, 0xA6, 0x3E, 0xEA, 0x3B, 0x8E,
    0x31, 0x28, 0xC0, 0x77, 0xF1, 0xCB, 0xAB, 0xE8, 0xE5, 0x95, 0xDE, 0x70, 0x98, 0xB4, 0x3F, 0xBC,
    0x7E, 0xFF, 0xA3, 0x3F, 0x3D, 0xF8, 0xEC, 0xFA, 0xDE, 0x67, 0x7F, 0xBE, 0xF7, 0xD1, 0x1F, 0x1F,
    0x9C, 0xF1, 0xBE, 0x28, 0xC5, 0x34, 0x8D, 0x7E, 0xAA, 0x3E, 0xD8, 0x0F, 0xDA, 0x13, 0x42, 0xC5,
    0xAC, 0xE2, 0x5C, 0x64, 0x4D, 0x10, 0x4D, 0x72, 0x03, 0xB9, 0x13, 0xFC, 0x16, 0xEB, 0x85, 0xB6,
    0x6D, 0x5B, 0xB1, 0x3A, 0xD6, 0x7E, 0x66, 0xA0, 0x2A, 0x78, 0x67, 0xF9, 0xD1, 0x2D, 0x9C, 0xC0,
    0xC7, 0xA4, 0x5E, 0xDF, 0xD5, 0xEA, 0xE5, 0xEE, 0xAA, 0x83, 0x5A, 0x31, 0x70, 0x4C, 0x36, 0x80,
    0x85, 0xBC, 0x11, 0xCD, 0x79, 0x41, 0x31, 0x90, 0x60, 0x9C, 0xE5, 0x94, 0x8A, 0x9F, 0x09, 0xD6,
    0xDD, 0x86, 0x5A, 0x18, 0x2B, 0x6E, 0xEA, 0xC6, 0xF1, 0x6F, 0xAE, 0x7A, 0xAC, 0x7A, 0xF8, 0x2E,
    0xB8, 0x8A, 0x5D, 0x1E, 0x63, 0x57, 0xC4, 0xDF, 0x77, 0x63, 0x61, 0x2A, 0x5C, 0x6D, 0x30, 0x5D,
    0xE9, 0xD5, 0x9E, 0x0B, 0x5C, 0x09, 0xD9, 0xED, 0x59, 0x6F, 0x30, 0x77, 0x78, 0x1B, 0xD3, 0x11,
    0x7E, 0x1E, 0x7E, 0xD0, 0xA4, 0x81, 0x93, 0xC0, 0xFD, 0x47, 0xF0, 0x5D, 0xAF, 0x71, 0xF4, 0x66,
    0xA0, 0x96, 0xD5, 0x97, 0xF9, 0x90, 0xCA, 0xAB, 0x7D, 0xFA, 0xF2, 0xF2, 0x56, 0x94, 0x62, 0x7A,
    0x17, 0xC7, 0x28, 0x09, 0x58, 0xF7, 0x39, 0x59, 0x28, 0x5D, 0xB2, 0x90, 0xC0, 0x0F, 0xD3, 0x5E,
    0xD1, 0x73, 0xD5, 0xA9, 0x4D, 0x7D, 0xD4, 0x37, 0xD7, 0x75, 0x5D, 0x77, 0x58, 0x8E, 0x3A, 0x8E,
    0xA1, 0xA3, 0x52, 0x31, 0x53, 0x11, 0x44, 0xA4, 0x9D, 0x88, 0xCC, 0x8B, 0x30, 0x8D, 0x64, 0x07,
    0x80, 0x11, 0x54, 0xFC, 0x0A, 0x2E, 0x93, 0xBF, 0x40, 0xC8, 0x7E, 0x42, 0xDA, 0x9A, 0x43, 0x32,
    0x7F, 0xE7, 0x10, 0xD3, 0x9C, 0x1D, 0x62, 0xB5, 0xCE, 0x13, 0xF4, 0x4A, 0x11, 0xF1, 0x4A, 0x39,
    0xF2, 0x01, 0xAA, 0x63, 0x0B, 0x97, 0x6F, 0x18, 0x08, 0x18, 0xC9, 0x81, 0xE6, 0xE0, 0x3D, 0xC4,
    0xEB, 0x11, 0x56, 0xCF, 0x4F, 0x64, 0xA0, 0xA2, 0x88, 0xAE, 0xE8, 0x25, 0xC7, 0x03, 0x7D, 0xAF,
    0x1B, 0x34, 0xE2, 0x55, 0x91, 0xF5, 0xCC, 0x10, 0x9F, 0x20, 0x3A, 0xC9, 0x71, 0x74, 0x28, 0x33,
    0xCE, 0x4E, 0x64, 0xB6, 0x38, 0xBF, 0xCA, 0xE7, 0xA0, 0x70, 0x30, 0x6E, 0x95, 0xE5, 0xF9, 0xE6,
    0xB1, 0xB9, 0x35, 0x5F, 0x35, 0xE4, 0xFF, 0x5E, 0xBA, 0x8C, 0x80, 0x0B, 0x61, 0xA2, 0x23, 0xB9,
    0x1F, 0xE9, 0xC6, 0xE9, 0xA6, 0x98, 0x78, 0x4D, 0x72, 0xD5, 0x42, 0x02, 0x50, 0x08, 0x62, 0x00,
    0x49, 0x0E, 0x48, 0xB1, 0x40, 0xC7, 0xE6, 0x91, 0xF5, 0x40, 0xBE, 0x00, 0x8C, 0x0A, 0xAB, 0x41,
    0x8B, 0x53, 0xE0, 0xB4, 0x60, 0xB5, 0xCF, 0x56, 0xC6, 0xC1, 0x3C, 0xF7, 0xAB, 0x0D, 0x38, 0x64,
    0x1D, 0x49, 0x48, 0x02, 0x59, 0x8C, 0x22, 0x56, 0x57, 0xE6, 0x1C, 0xF1, 0x9A, 0x20, 0xFE, 0x35,
    0x05, 0x8C, 0x29, 0x91, 0x71, 0x84, 0x6A, 0x78, 0x03, 0x0D, 0x28, 0x50, 0x09, 0xCC, 0x04, 0x82,
    0x80, 0x7F, 0xED, 0xB5, 0x64, 0x03, 0x32, 0x5E, 0xB3, 0xBA, 0x7D, 0x4C, 0x34, 0xD4, 0x4F, 0x13,
    0xF7, 0xBA, 0xCB, 0x18, 0x7F, 0xEA, 0x20, 0xC6, 0x16, 0x3E, 0x9D, 0x36, 0x00, 0xBC, 0xEE, 0x0A,
    0xF4, 0x1E, 0x84, 0xDC, 0x8B, 0xD0, 0xB3, 0xFF, 0x49, 0x05, 0x79, 0x0F, 0x1C, 0x1E, 0x02, 0xEF,
    0x99, 0xA5, 0x58, 0xBD, 0xCD, 0x87, 0xD7, 0x59, 0x86, 0x89, 0x51, 0xC6, 0xA7, 0xA2, 0xD6, 0xC8,
    0x2A, 0x6A, 0x15, 0x95, 0x8A, 0x89, 0x8A, 0x4B, 0x15, 0x41, 0x44, 0x12, 0xC6, 0x91, 0xB4, 0x13,
    0x91, 0xB5, 0x35, 0x12, 0xFE, 0x1A, 0x72, 0x15, 0xD6, 0xD5, 0x22, 0x10, 0x51, 0xA8, 0x38, 0x55,
    0x51, 0x23, 0x7E, 0x13, 0x15, 0x4C, 0x9F, 0x88, 0xEF, 0x0D, 0xB6, 0x2D, 0x5D, 0x89, 0xF1, 0x35,
    0x99, 0x9F, 0x00, 0x73, 0x61, 0x78, 0x01, 0x6A, 0x53, 0x1F, 0xF1, 0x6D, 0x75, 0x8E, 0xCE, 0xD5,
    0x18, 0x1A, 0x8B, 0x3B, 0x80, 0x0D, 0x40, 0x0F, 0xF7, 0x2F, 0x97, 0x3B, 0xC7, 0x11, 0x10, 0x84,
    0x99, 0x50, 0x09, 0xC7, 0xC2, 0x5B, 0xAC, 0x0F, 0xA6, 0x31, 0x7A, 0x45, 0x63, 0xBE, 0x08, 0xB1,
    0x3B, 0xE5, 0x25, 0x3E, 0x5E, 0x81, 0x06, 0xD2, 0x80, 0x94, 0x07, 0xC6, 0x81, 0x05, 0xDE, 0xDC,
    0x63, 0xBE, 0xB1, 0x83, 0xD8, 0x92, 0xFE, 0xB3, 0x27, 0x97, 0xA8, 0x39, 0xF7, 0xF6, 0x96, 0x2B,
    0x6B, 0xE7, 0x98, 0xB0, 0x40, 0x47, 0xD8, 0xE3, 0x67, 0x3A, 0x5A, 0xB5, 0xA8, 0x83, 0x50, 0x09,
    0xA7, 0xC2, 0x21, 0xEB, 0x83, 0x2B, 0xF1, 0x51, 0x28, 0xE1, 0xD5, 0xD9, 0x88, 0x43, 0xB3, 0x6A,
    0xE4, 0xFD, 0xB3, 0xEF, 0xEC, 0xED, 0x7D, 0xE5, 0xDB, 0xFC, 0xCE, 0x82, 0x7E, 0x67, 0x1C, 0xF0,
    0xFD, 0xBD, 0xE5, 0xCA, 0xDB, 0x01, 0xD3, 0x2D, 0xD0, 0x11, 0xD8, 0x5B, 0x9E, 0x2C, 0x7E, 0x4D,
    0xA6, 0x63, 0x9B, 0x87, 0xAC, 0x4D, 0x74, 0xD3, 0x99, 0x0B, 0xF5, 0x8A, 0xD1, 0x34, 0xB6, 0xCA,
    0x58, 0xCE, 0x95, 0x91, 0xB2, 0x61, 0x57, 0xDF, 0xE1, 0xE9, 0xDC, 0x75, 0xAC, 0xAF, 0xFF, 0x1F,
    0x1B, 0xAF, 0x79, 0x33, 0xEF, 0x9F, 0xAF, 0x9B, 0xCC, 0x5F, 0x35, 0x82, 0xCF, 0xFC, 0xEF, 0x84,
    0xDF, 0x76, 0x99, 0xFF, 0x4D, 0xC8, 0xFC, 0xAC, 0x17, 0xE6, 0x42, 0x2D, 0x9C, 0x0A, 0x85, 0x60,
    0x7F, 0xEC, 0x67, 0xF9, 0x1F, 0xFC, 0x2C, 0xFB, 0xC2, 0xCF, 0xD2, 0xAF, 0xFC, 0x8C, 0x7F, 0x09,
    0xDF, 0x08, 0x53, 0x61, 0x2C, 0x94, 0x9E, 0x37, 0x80, 0x89, 0x30, 0x12, 0xAC, 0x60, 0x1C, 0x64,
    0xC2, 0xFA, 0xF8, 0xB0, 0x27, 0x8D, 0x11, 0xD3, 0x15, 0xDE, 0x36, 0x59, 0x57, 0x92, 0x04, 0x71,
    0xED, 0x6B, 0xA1, 0x82, 0x61, 0xB2, 0x64, 0xB1, 0x62, 0x50, 0x9D, 0xDA, 0xD4, 0x47, 0x7D, 0x75,
    0x8E, 0xCE, 0xD5, 0x18, 0x1A, 0x0B, 0x8E, 0x84, 0x99, 0x10, 0xD6, 0x6B, 0x4E, 0x60, 0x7F, 0xF9,
    0x6C, 0x07, 0x63, 0x19, 0xE7, 0x13, 0xB1, 0x16, 0x24, 0xEE, 0x60, 0x7F, 0xB9, 0x6E, 0x3E, 0xD0,
    0x35, 0xD0, 0xA4, 0x3F, 0xBA, 0x06, 0xD8, 0x5B, 0x9E, 0x44, 0x2C, 0xE9, 0x30, 0xD6, 0x71, 0xAF,
    0x79, 0xDE, 0x25, 0xA5, 0xC6, 0xBA, 0xA2, 0x19, 0xE9, 0xF5, 0x43, 0xF2, 0x4D, 0x07, 0x53, 0x07,
    0xE3, 0x06, 0x62, 0x4B, 0xF6, 0x65, 0x2F, 0xD6, 0x0B, 0x46, 0x14, 0xCD, 0x19, 0x79, 0xC3, 0xF2,
    0x78, 0x5F, 0xE6, 0xCE, 0x25, 0x46, 0x90, 0x58, 0x9D, 0x6D, 0x72, 0xA9, 0xC3, 0x4A, 0x1D, 0xA7,
    0x52, 0x47, 0x25, 0x75, 0xF4, 0xC3, 0x24, 0xE9, 0x86, 0x49, 0xE6, 0x17, 0x13, 0xD3, 0x2C, 0x26,
    0x85, 0xD4, 0x51, 0x49, 0x1D, 0x33, 0xA9, 0x23, 0x48, 0x1D, 0xAD, 0xD4, 0xE1, 0xB3, 0xCE, 0x4A,
    0x1D, 0xE3, 0x18, 0x99, 0x68, 0x1D, 0xC0, 0xCB, 0xF6, 0xC4, 0x39, 0xB9, 0x7F, 0x55, 0x26, 0x18,
    0xAF, 0x9F, 0xB3, 0x6C, 0xA6, 0x58, 0xED, 0x94, 0x63, 0xC7, 0x8B, 0xF7, 0xC4, 0x3D, 0xE5, 0xDB,
    0xDE, 0x13, 0xF7, 0x96, 0x6B, 0x7B, 0x4F, 0xDC, 0x4F, 0x9E, 0x5B, 0x76, 0xF8, 0x2F, 0x78, 0xBE,
    0x93, 0xE8, 0x42, 0xCF, 0x02, 0x2C, 0xF2, 0x55, 0x37, 0xBA, 0x7A, 0xB4, 0xF3, 0x70, 0xDD, 0xF7,
    0x65, 0x3D, 0x90, 0x86, 0x5B, 0x89, 0xED, 0x7B, 0xED, 0x20, 0x44, 0x26, 0x14, 0x52, 0x7B, 0xD6,
    0x0A, 0xDD, 0xB7, 0x68, 0xD5, 0xA6, 0x3E, 0xE2, 0xBB, 0x35, 0xDF, 0x44, 0x28, 0x85, 0x9A, 0xE7,
    0x91, 0x35, 0xEB, 0x95, 0x7A, 0xF5, 0xEC, 0xAB, 0xE6, 0x94, 0x9A, 0x89, 0x10, 0x96, 0x9B, 0xBD,
    0x71, 0xD4, 0xF6, 0x89, 0x10, 0xC5, 0x76, 0xB7, 0xAB, 0xA5, 0xBA, 0x1A, 0x7A, 0x61, 0x60, 0x49,
    0xBF, 0xAC, 0xF8, 0x6E, 0x2B, 0xC1, 0x1A, 0xC6, 0x4F, 0xE0, 0x68, 0x65, 0x99, 0x08, 0xA7, 0x82,
    0x15, 0x72, 0x56, 0xC7, 0xC6, 0x33, 0x40, 0x57, 0x36, 0x87, 0x22, 0xC1, 0x78, 0x24, 0x7F, 0x72,
    0x15, 0xBD, 0x95, 0x5A, 0xCA, 0x26, 0xF7, 0x23, 0xAD, 0x07, 0x1D, 0xAD, 0xBC, 0xFF, 0x85, 0xE8,
    0xBF, 0x5A, 0xA4, 0xB1, 0x59, 0x40, 0xB3, 0x4E, 0xB9, 0x5A, 0xEB, 0x0D, 0xBC, 0xB5, 0xA3, 0xD8,
    0xA5, 0x87, 0x69, 0x80, 0x7E, 0xD0, 0xC6, 0x98, 0xB4, 0xB9, 0xB3, 0x93, 0xB8, 0xC9, 0xF5, 0x81,
    0xCC, 0x8D, 0xA4, 0x07, 0xC3, 0x4E, 0xE2, 0xA5, 0xE1, 0x82, 0x2C, 0x3C, 0x46, 0x47, 0xD8, 0xD5,
    0x67, 0x77, 0xF0, 0xE8, 0x11, 0x74, 0x67, 0x4B, 0xE4, 0x5C, 0x74, 0xBB, 0xA9, 0x77, 0x30, 0x3D,
    0x36, 0x96, 0x37, 0xD4, 0x66, 0x28, 0x38, 0xCB, 0xBA, 0xDC, 0x91, 0xB5, 0x99, 0x23, 0x6D, 0x33,
    0x4F, 0x2A, 0xD3, 0xF3, 0x28, 0x62, 0x1C, 0x5B, 0xB8, 0x48, 0x45, 0x5C, 0xA6, 0x5D, 0xC2, 0x65,
    0x16, 0x4C, 0x33, 0x7F, 0x73, 0x56, 0x30, 0x5E, 0x8C, 0xAF, 0x31, 0x9D, 0xE9, 0x60, 0xDA, 0x91,
    0x69, 0x19, 0x6D, 0x49, 0x89, 0x69, 0xEA, 0x8D, 0x25, 0x3E, 0x7F, 0xEE, 0xE7, 0x46, 0xC2, 0x98,
    0xDC, 0x89, 0x5F, 0xA3, 0x65, 0x6B, 0xF9, 0xDC, 0x01, 0x0A, 0x19, 0x93, 0x1E, 0xEE, 0x07, 0x98,
    0xB6, 0x6C, 0xB5, 0x13, 0xB9, 0x83, 0x54, 0x58, 0x1F, 0xE5, 0xF2, 0x16, 0x95, 0xAF, 0x6E, 0x51,
    0xA7, 0x24, 0x4F, 0x97, 0xFF, 0x38, 0xC6, 0xA7, 0xD4, 0x80, 0x52, 0x0A, 0xB6, 0xA1, 0xD5, 0x22,
    0xC5, 0xDF, 0x51, 0x0E, 0xC0, 0xD1, 0xAA, 0xA2, 0x7E, 0xA3, 0x75, 0x68, 0x76, 0x13, 0x7B, 0xBB,
    0x4D, 0xD8, 0x45, 0xDC, 0xAD, 0x5B, 0xF5, 0x0E, 0x62, 0x6E, 0xDC, 0x0A, 0x37, 0xB6, 0x84, 0x8D,
    0x2B, 0x2B, 0xC6, 0x25, 0x94, 0xB7, 0x47, 0x97, 0x8B, 0x02, 0x0D, 0x64, 0x1D, 0xE4, 0x5E, 0x13,
    0x43, 0x01, 0xDC, 0xDB, 0x51, 0xEC, 0x75, 0xDB, 0xF0, 0xF7, 0x80, 0x71, 0x73, 0x0E, 0x78, 0xB0,
    0x8B, 0xB8, 0xCB, 0x16, 0xFF, 0xCB, 0xF5, 0xED, 0x6C, 0x47, 0xB5, 0x02, 0xC9, 0xC2, 0xC2, 0xF8,
    0x73, 0x30, 0x01, 0x8A, 0x01, 0x3E, 0xBF, 0x80, 0xFB, 0x05, 0x60, 0x3C, 0xD3, 0x2F, 0xDA, 0x2C,
    0xDE, 0x74, 0xA6, 0x2D, 0x42, 0x41, 0x1A, 0x4E, 0xA1, 0xAF, 0xBF, 0x85, 0xE8, 0xD4, 0xA6, 0x3E,
    0xDA, 0x52, 0x35, 0x7C, 0x38, 0x90, 0xAE, 0xDA, 0xFA, 0xFF, 0xDB, 0x68, 0xEB, 0xAB, 0xB2, 0xA3,
    0x12, 0xDD, 0xC8, 0x4D, 0x19, 0x61, 0x9B, 0xE5, 0xB3, 0x63, 0x73, 0x2B, 0x6E, 0xDD, 0xBE, 0x4B,
    0x0D, 0x96, 0x67, 0xEB, 0xEC, 0xDB, 0xA8, 0x5E, 0xED, 0xA6, 0x7D, 0x49, 0xAB, 0x9E, 0xB3, 0x9B,
    0xD8, 0xDB, 0xD7, 0xDB, 0x4E, 0xE2, 0x6E, 0xB6, 0xE0, 0x3B, 0x88, 0xB7, 0x75, 0xFD, 0xEE, 0xA4,
    0x46, 0xE3, 0xC1, 0xB6, 0xCB, 0x11, 0xB6, 0xFE, 0xA7, 0x82, 0xCD, 0xE3, 0x79, 0xDF, 0x77, 0x65,
    0xFE, 0xB9, 0xC4, 0x09, 0xCB, 0xBC, 0x56, 0xF2, 0x9E, 0x4A, 0xDE, 0xCB, 0xBE, 0x4E, 0xBA, 0xBE,
    0xCE, 0x5D, 0x5F, 0x5B, 0xC9, 0x5B, 0xD1, 0x97, 0x41, 0xF2, 0xB6, 0xCB, 0x36, 0xBA, 0xD0, 0x36,
    0xA7, 0xEC, 0xB9, 0xBF, 0xD5, 0x46, 0x6F, 0xEF, 0x1D, 0x13, 0xAC, 0xBB, 0x0D, 0x95, 0xB0, 0x7A,
    0xB8, 0xEC, 0x6C, 0xFC, 0xAB, 0x4B, 0x6F, 0xAC, 0x7B, 0x7E, 0xEF, 0x70, 0xAB, 0xBD, 0x63, 0x47,
    0xB1, 0xB7, 0xF7, 0x8E, 0x9D, 0xC4, 0xDD, 0xDA, 0x3B, 0x76, 0x10, 0xF3, 0x65, 0xD7, 0xCD, 0x44,
    0x8C, 0x23, 0xE8, 0x8B, 0xE5, 0x4F, 0xAE, 0xD6, 0xB8, 0xDC, 0x67, 0xDE, 0xB8, 0xAC, 0xB3, 0xA2,
    0x29, 0x96, 0x2B, 0x67, 0x56, 0x41, 0x35, 0x83, 0x3A, 0x40, 0x11, 0x56, 0x6B, 0x60, 0xE3, 0xA7,
    0x48, 0x29, 0xD4, 0x32, 0x2C, 0x84, 0x4E, 0x63, 0xBE, 0x80, 0xE2, 0x09, 0x93, 0x78, 0xC3, 0xD4,
    0x7D, 0xD8, 0x3C, 0xC4, 0x2C, 0x5B, 0x5D, 0x61, 0xAB, 0xD5, 0x15, 0xD4, 0x3E, 0x75, 0x65, 0x23,
    0xFE, 0xBA, 0x5E, 0x5E, 0x14, 0x73, 0xEB, 0x9A, 0xD8, 0xE7, 0xE7, 0xFA, 0x0F, 0xBD, 0x9A, 0x47,
    0x90, 0xE3, 0x48, 0x76, 0x86, 0x3F, 0x20, 0x35, 0x83, 0xD9, 0xC5, 0x4C, 0xA7, 0xBC, 0x57, 0x43,
    0xDE, 0x76, 0x17, 0xE4, 0x2D, 0x40, 0x42, 0xB1, 0x37, 0x79, 0x7F, 0xD6, 0x4D, 0xDE, 0xBB, 0x35,
    0xE8, 0x66, 0xCA, 0x5F, 0xFB, 0x7E, 0xD2, 0x4D, 0xDE, 0xAF, 0xA1, 0x24, 0x8E, 0x98, 0xA1, 0xBD,
    0xC7, 0x22, 0x42, 0x37, 0x59, 0xC8, 0x7B, 0x29, 0x37, 0x16, 0xAB, 0x65, 0xAF, 0xD0, 0x95, 0x7A,
    0x2F, 0x88, 0x28, 0xB2, 0x7A, 0xBB, 0xAA, 0xAB, 0x86, 0xE4, 0x64, 0xD5, 0x97, 0x59, 0x40, 0xBE,
    0x7C, 0xEF, 0x7F, 0x48, 0x32, 0x80, 0xCA, 0x04, 0x8B, 0xE8, 0xD1, 0x8A, 0xA7, 0x8B, 0x19, 0x80,
    0x6C, 0x04, 0x72, 0xAD, 0xEC, 0x03, 0xA0, 0x38, 0x03, 0xCE, 0x0A, 0xA0, 0xB6, 0x0D, 0x54, 0xB9,
    0x83, 0x55, 0xE6, 0x61, 0x30, 0x1D, 0x04, 0xD3, 0x93, 0x84, 0x24, 0x60, 0x62, 0xD4, 0x2A, 0x6E,
    0x90, 0xBE, 0x15, 0x62, 0xD5, 0x22, 0xF6, 0x35, 0x05, 0xCC, 0x29, 0xA1, 0x60, 0x06, 0xB6, 0x31,
    0xF1, 0x09, 0xCA, 0xA5, 0xB2, 0xEE, 0xC9, 0xE4, 0x9C, 0x75, 0x65, 0x73, 0x47, 0x6A, 0xC8, 0x3D,
    0xE2, 0x27, 0x59, 0x47, 0x6F, 0x63, 0xF4, 0x65, 0x93, 0xF9, 0x99, 0x1C, 0xD7, 0x68, 0x6B, 0xE5,
    0xF8, 0x67, 0xE4, 0xFC, 0x3F, 0x8C, 0x69, 0x6C, 0x46, 0x00, 0xF8, 0xBD, 0xD4, 0xC3, 0xD2, 0x78,
    0x15, 0xE9, 0xA0, 0x88, 0x40, 0xB6, 0x79, 0xBD, 0x73, 0x03, 0x30, 0x92, 0x81, 0xF1, 0x67, 0xA4,
    0xA1, 0x85, 0x38, 0x40, 0xD9, 0x1D, 0x27, 0xCF, 0x5B, 0xEA, 0xF7, 0xAA, 0xBF, 0xBB, 0xAC, 0x7F,
    0x50, 0xFD, 0xCB, 0xCB, 0xFA, 0x67, 0x3B, 0xFD, 0x00, 0x45, 0x03, 0xBC, 0x2A, 0xC8, 0x30, 0x48,
    0x3B, 0xAD, 0xFE, 0xAE, 0x01, 0xD6, 0xEE, 0xF6, 0xEA, 0xDF, 0xB6, 0x3F, 0x4B, 0x4B, 0x30, 0x1D,
    0x1A, 0x97, 0x3B, 0x80, 0x7D, 0x69, 0x9B, 0x4D, 0x03, 0x6C, 0xB6, 0xE1, 0xB4, 0x3B, 0x73, 0x02,
    0xBB, 0xB2, 0xF8, 0x47, 0x4C, 0x3C, 0xC7, 0x76, 0xA5, 0x2B, 0xC9, 0xC5, 0xB7, 0xF1, 0x2D, 0xB0,
    0x12, 0x36, 0x57, 0xA0, 0x7D, 0xAD, 0x20, 0xB6, 0x9D, 0x8E, 0xD1, 0xB1, 0xEA, 0x43, 0x7D, 0x41,
    0x33, 0xC5, 0xEA, 0x55, 0xFA, 0x56, 0xCE, 0x1B, 0xF7, 0xE3, 0xF5, 0x18, 0xCD, 0x51, 0x46, 0xCA,
    0xD8, 0xA6, 0x06, 0x5A, 0x65, 0xE7, 0x77, 0xF2, 0x9D, 0x50, 0x92, 0x39, 0xB1, 0x6B, 0xD4, 0x9E,
    0x75, 0x0F, 0x45, 0x07, 0xF3, 0x00, 0x9B, 0x15, 0x69, 0x7F, 0x46, 0xEA, 0xDE, 0x78, 0xBA, 0x3C,
    0xE6, 0x1E, 0x8D, 0x99, 0x84, 0x01, 0xA3, 0xDE, 0x78, 0xE5, 0x38, 0x39, 0x58, 0xAF, 0x79, 0x6C,
    0x5B, 0x38, 0x9D, 0xFE, 0xC2, 0x41, 0xE9, 0xB7, 0x2D, 0x1C, 0x45, 0xBB, 0x5E, 0x6F, 0xBD, 0xEE,
    0x6C, 0x56, 0x3A, 0x0F, 0x9A, 0xC7, 0xC9, 0xF4, 0x9B, 0xE6, 0x15, 0x39, 0x2B, 0x2A, 0x86, 0x41,
    0x63, 0xEB, 0x7C, 0x1C, 0x25, 0x87, 0x97, 0xF9, 0x52, 0x2C, 0x03, 0xD9, 0xBB, 0x3B, 0xD2, 0xE8,
    0x20, 0xEE, 0xB9, 0x8D, 0x8F, 0x84, 0x91, 0x96, 0x85, 0x50, 0x34, 0x2D, 0xB9, 0x6F, 0x31, 0xDD,
    0x44, 0x3F, 0x11, 0x26, 0x7A, 0x65, 0xD7, 0xAF, 0xB6, 0xD6, 0xE9, 0x58, 0xF5, 0xA1, 0xBE, 0x20,
    0xFF, 0xF9, 0x5E, 0xAB, 0x0E, 0xF2, 0x5F, 0xF6, 0x17, 0x95, 0x83, 0xFC, 0x67, 0x49, 0xCE, 0x73,
    0x87, 0x8D, 0x7F, 0xE9, 0x28, 0xDD, 0xC2, 0x31, 0xC3, 0x3A, 0xC4, 0x8B, 0x63, 0x75, 0x55, 0xA5,
    0xBD, 0x6A, 0x37, 0x8D, 0xD0, 0xB1, 0x5B, 0x2F, 0x26, 0x3E, 0x16, 0xA2, 0x37, 0x5D, 0x16, 0x4C,
    0x97, 0x0C, 0xA6, 0x63, 0x25, 0xD4, 0x13, 0xB3, 0x45, 0xEC, 0x94, 0xB9, 0xE9, 0x50, 0x66, 0x13,
    0xF5, 0x84, 0xDA, 0x6E, 0x74, 0xAC, 0xFA, 0x50, 0x5F, 0x90, 0xF6, 0x8A, 0xCE, 0xA8, 0x72, 0x71,
    0xBC, 0xFE, 0xB9, 0x3E, 0x8B, 0xFF, 0xDB, 0xDB, 0xAE, 0xE8, 0x4B, 0x4C, 0x3F, 0x93, 0x73, 0xB5,
    0x50, 0x09, 0xED, 0xD4, 0xEA, 0xB1, 0x9E, 0xD7, 0x7E, 0xB5, 0x53, 0x7B, 0x1D, 0x67, 0xE2, 0x88,
    0xB2, 0x5F, 0x16, 0x12, 0x4F, 0x69, 0x81, 0xAB, 0x90, 0x7E, 0xA7, 0x3C, 0xC7, 0xC6, 0x2B, 0x49,
    0x8C, 0x28, 0x97, 0x4A, 0x39, 0x90, 0xC6, 0x48, 0xD6, 0x17, 0xDE, 0x36, 0xA6, 0x3F, 0x23, 0x09,
    0x35, 0x0C, 0xF3, 0x18, 0x95, 0xA1, 0x06, 0x94, 0x52, 0xB0, 0x0D, 0x5D, 0xDE, 0xE7, 0xBD, 0xD8,
    0x3B, 0xCA, 0x0D, 0x00, 0x39, 0x9F, 0x42, 0xE6, 0x2A, 0x4C, 0xBF, 0x21, 0x89, 0x01, 0x16, 0xEE,
    0x64, 0xFA, 0x01, 0x52, 0x9F, 0x91, 0xF6, 0x16, 0x86, 0x19, 0x2C, 0x46, 0x28, 0xFA, 0xE3, 0xE4,
    0x52, 0x36, 0x30, 0x77, 0xDA, 0x9E, 0x74, 0x0E, 0xC8, 0x3B, 0xB0, 0x3D, 0xDA, 0x1E, 0x6B, 0x1E,
    0x8E, 0xAE, 0x91, 0xBC, 0x81, 0x0A, 0x18, 0x84, 0xA0, 0x38, 0x28, 0xBB, 0xDB, 0x69, 0x4C, 0xBA,
    0x6C, 0xAB, 0xD1, 0x53, 0x46, 0x60, 0x05, 0x69, 0x80, 0x6C, 0x72, 0x9F, 0xFD, 0x22, 0xA4, 0xE7,
    0x64, 0x7C, 0xB2, 0x9C, 0x6A, 0x49, 0xDF, 0x3B, 0x40, 0xEC, 0x74, 0x0E, 0x4E, 0xF7, 0xF9, 0xF7,
    0x19, 0x49, 0x28, 0x60, 0xD5, 0xC2, 0x7C, 0x00, 0x7B, 0xA4, 0xCF, 0x8E, 0xFA, 0xD1, 0x76, 0xF5,
    0x40, 0xFD, 0xA3, 0x71, 0x76, 0x7E, 0x37, 0xEA, 0xB7, 0xC9, 0xD5, 0xAF, 0x33, 0x7D, 0x49, 0xD2,
    0xCF, 0x26, 0x5F, 0xD5, 0xBE, 0xCE, 0x24, 0x06, 0xE5, 0x01, 0x84, 0x5A, 0x98, 0x09, 0x62, 0x1B,
    0x44, 0x4B, 0xC8, 0xFB, 0xBB, 0xC1, 0xC4, 0x31, 0xB0, 0xE8, 0x02, 0xB6, 0x53, 0xED, 0xD3, 0x4D,
    0x5E, 0x2C, 0xF6, 0x6F, 0xF2, 0x3F, 0x12, 0x47, 0x89, 0x35, 0x66, 0x9D, 0xC6, 0xCA, 0x34, 0x8F,
    0x4E, 0xD1, 0xBF, 0xF3, 0xAE, 0x70, 0x9A, 0x1F, 0xEB, 0x01, 0xE3, 0xC0, 0x22, 0x34, 0x90, 0x49,
    0x0E, 0x46, 0xF2, 0xBB, 0x0B, 0xAB, 0x0A, 0xAA, 0x5A, 0x98, 0x37, 0xC9, 0x68, 0x63, 0x0C, 0xC9,
    0xFA, 0xBC, 0x01, 0x34, 0x9F, 0x26, 0xE9, 0x2D, 0x6C, 0xCE, 0x76, 0xDF, 0xB9, 0x53, 0xE5, 0x07,
    0xA4, 0x3E, 0x27, 0xED, 0x2C, 0x0C, 0x35, 0xAC, 0xA7, 0x78, 0xA7, 0xCC, 0xF1, 0xF2, 0x77, 0xF2,
    0x74, 0xB9, 0xE5, 0x1E, 0x6C, 0x87, 0xB6, 0xDB, 0x92, 0x8E, 0x90, 0x8D, 0xFC, 0xC8, 0x7F, 0x68,
    0x1C, 0xA6, 0x9C, 0xBA, 0xA3, 0xE4, 0x74, 0x6C, 0xED, 0x53, 0xC1, 0xFA, 0x89, 0x06, 0x0A, 0xE0,
    0xAE, 0xF0, 0xD1, 0x02, 0xDF, 0x22, 0x04, 0x48, 0x7B, 0x30, 0x42, 0xD6, 0xA9, 0xDD, 0x69, 0x73,
    0x9C, 0x3B, 0x88, 0x1D, 0xE9, 0x7B, 0x03, 0x99, 0x6F, 0x79, 0x91, 0x8F, 0x67, 0x2A, 0xAC, 0xE4,
    0xCC, 0xF3, 0x58, 0xC7, 0xE8, 0x95, 0x9B, 0xD8, 0x9A, 0x11, 0xF2, 0x73, 0x28, 0x6C, 0x43, 0x65,
    0x3C, 0x5F, 0xC8, 0x34, 0x87, 0xE1, 0x2A, 0xD6, 0x8E, 0xF7, 0xC5, 0x81, 0x0F, 0x26, 0x23, 0x1B,
    0x6A, 0x02, 0x33, 0xE1, 0xEC, 0x26, 0xE4, 0x9E, 0x96, 0x5D, 0xB5, 0x8E, 0xAA, 0x53, 0xAB, 0xCB,
    0x1D, 0x53, 0x15, 0xE3, 0x38, 0x55, 0x7A, 0x78, 0xD3, 0xCA, 0x78, 0x14, 0xE6, 0xB1, 0x57, 0xA6,
    0x63, 0xE1, 0xCF, 0xCE, 0x31, 0xEF, 0x89, 0x9D, 0xF9, 0xD7, 0x2C, 0x98, 0x9E, 0xC1, 0x78, 0x36,
    0xC2, 0xF2, 0x46, 0x3C, 0x7E, 0x09, 0x1B, 0x9F, 0xF0, 0x86, 0x6C, 0x60, 0xBF, 0xE8, 0x35, 0x56,
    0x28, 0xE1, 0x00, 0x2E, 0xFC, 0x5C, 0xC4, 0xC9, 0x77, 0x71, 0x62, 0x54, 0x6E, 0xE7, 0x4F, 0x2F,
    0xA9, 0x92, 0xC5, 0x11, 0xE5, 0x94, 0x9A, 0xB3, 0xB8, 0x41, 0x01, 0x8E, 0xA2, 0x19, 0x20, 0xE7,
    0x1E, 0xB9, 0xAB, 0x30, 0xDD, 0xEE, 0xD9, 0xEB, 0x44, 0xFA, 0x77, 0xF1, 0x1A, 0x8D, 0x37, 0x90,
    0x4E, 0xF1, 0x8E, 0x91, 0xCB, 0xF1, 0xB5, 0xE6, 0x0D, 0xD4, 0x40, 0x60, 0xC2, 0xC1, 0x62, 0xEB,
    0x7F, 0xDE, 0x08, 0x1C, 0x71, 0x1E, 0x34, 0x56, 0x0B, 0x04, 0x48, 0x7A, 0x6D, 0x9B, 0x5D, 0x2C,
    0x07, 0x25, 0x27, 0xFD, 0x5C, 0x1D, 0xA2, 0xBD, 0x25, 0xBF, 0x15, 0xEC, 0x71, 0x0F, 0xEB, 0x1E,
    0x52, 0x34, 0x73, 0xB7, 0xC0, 0xC6, 0x91, 0x24, 0x3E, 0x42, 0x8E, 0xDD, 0x9A, 0xD2, 0x6B, 0xCB,
    0x5E, 0xA9, 0xB1, 0xCD, 0x6B, 0x85, 0xCB, 0x90, 0xC6, 0x28, 0x6C, 0x60, 0xEE, 0x59, 0xF7, 0x49,
    0x18, 0x8C, 0xAF, 0x2F, 0x16, 0x1F, 0x6C, 0x8C, 0xF2, 0x0B, 0xE5, 0x4D, 0x7E, 0xBF, 0x97, 0x72,
    0xC5, 0x6C, 0xFE, 0xB5, 0x63, 0x11, 0x87, 0x34, 0x3A, 0x92, 0x11, 0xB2, 0x08, 0xF6, 0xEB, 0x3D,
    0x75, 0xDA, 0xF3, 0x99, 0x3C, 0xDA, 0x3D, 0x88, 0x6E, 0x50, 0xE0, 0x50, 0x06, 0xE6, 0x31, 0x08,
    0x9E, 0x15, 0x26, 0xAC, 0xC8, 0xBB, 0x15, 0x45, 0xB3, 0xE2, 0x21, 0x2B, 0x36, 0xAC, 0x4C, 0x60,
    0x65, 0xA5, 0xAF, 0x6C, 0x58, 0x3D, 0x84, 0x57, 0x23, 0xAC, 0xFF, 0x47, 0x12, 0xFD, 0xE5, 0x8E,
    0xB5, 0xF6, 0xA9, 0x0D, 0xAF, 0x0A, 0x73, 0xA1, 0x70, 0x32, 0xDE, 0x6F, 0xFD, 0x24, 0xC3, 0xA5,
    0x1B, 0x74, 0xD1, 0x40, 0x09, 0x9C, 0x09, 0x95, 0xF0, 0xD1, 0x30, 0x70, 0x15, 0x45, 0x33, 0x88,
    0xCF, 0x21, 0x1D, 0x18, 0xF2, 0x8E, 0xA1, 0x84, 0x61, 0x84, 0x0F, 0x08, 0x71, 0x0D, 0xE7, 0xD6,
    0xB1, 0xC9, 0x3A, 0xE9, 0x0F, 0x0C, 0x8C, 0xC2, 0x4C, 0x28, 0xDC, 0xB0, 0xFF, 0xB4, 0x34, 0x17,
    0x1E, 0x08, 0x2B, 0x61, 0x29, 0x04, 0xE1, 0x5B, 0x98, 0xEC, 0x1E, 0x32, 0x24, 0xE2, 0x5B, 0x7D,
    0x14, 0x0D, 0x83, 0xD8, 0xBD, 0x5F, 0x7D, 0x47, 0xE1, 0x9B, 0x1D, 0x63, 0xA6, 0xBE, 0x87, 0xC9,
    0xF7, 0x7C, 0x1A, 0x93, 0x75, 0x09, 0x90, 0x3B, 0xB0, 0xCD, 0x2E, 0x8D, 0x2F, 0x65, 0x57, 0x56,
    0x47, 0x62, 0x1D, 0xA3, 0x53, 0xA0, 0x99, 0x1E, 0x5E, 0xFC, 0x14, 0x18, 0xF8, 0x64, 0x01, 0xB5,
    0xD9, 0x42, 0x71, 0x28, 0xBB, 0x2F, 0xEE, 0xF1, 0xF5, 0xEF, 0xCD, 0xC5, 0x43, 0xA1, 0x9D, 0xE6,
    0xE2, 0xED, 0x3A, 0x17, 0xA7, 0xC9, 0x61, 0x17, 0x73, 0xA2, 0x9E, 0xE2, 0xBE, 0x79, 0x1B, 0x93,
    0x17, 0x1A, 0x28, 0x1A, 0x56, 0x05, 0x5B, 0xCE, 0x84, 0xFB, 0xC7, 0xC8, 0x35, 0x69, 0xD6, 0x31,
    0xEB, 0xD6, 0x31, 0xF7, 0x14, 0x4A, 0xEE, 0x84, 0xE6, 0xF5, 0x99, 0x13, 0xFD, 0x79, 0x22, 0x8C,
    0xCF, 0xD5, 0x79, 0xBB, 0x6B, 0x9E, 0x0E, 0x14, 0x66, 0xA3, 0xED, 0x75, 0x1A, 0x73, 0x0F, 0xD7,
    0xF3, 0x83, 0xE4, 0x7F, 0x39, 0x52, 0xC4, 0x47, 0xC4, 0x7F, 0x84, 0xDF, 0xBC, 0xCA, 0x2E, 0xC6,
    0x8D, 0x72, 0x33, 0x8D, 0x79, 0x43, 0x19, 0x9B, 0x17, 0xE3, 0xC0, 0x3C, 0xC2, 0x57, 0x3D, 0xE7,
    0x3A, 0x3E, 0xF3, 0xBB, 0xF4, 0x32, 0x17, 0x65, 0x2D, 0x1D, 0xEB, 0x46, 0xF0, 0xC6, 0xFF, 0x89,
    0xF0, 0xC7, 0xBD, 0xF1, 0x7F, 0x14, 0x8C, 0x5F, 0x0E, 0xC2, 0x4A, 0xA8, 0x85, 0x33, 0xA1, 0x10,
    0xEC, 0x9B, 0xFC, 0x32, 0x7B, 0xB7, 0x5F, 0x9A, 0x3F, 0xF7, 0xCB, 0xF4, 0x1F, 0xFC, 0x92, 0x0F,
    0x08, 0xFF, 0x27, 0x2C, 0x84, 0xB9, 0x50, 0x4E, 0xF1, 0xA6, 0x15, 0xFC, 0x29, 0xDE, 0xFE, 0x82,
    0x74, 0x55, 0xF6, 0x54, 0xF1, 0x09, 0x33, 0xB7, 0x60, 0x86, 0x6D, 0x2A, 0xAC, 0xAB, 0xC8, 0x6F,
    0xC4, 0xB1, 0xB5, 0x5E, 0xFF, 0x9D, 0x39, 0x4C, 0xEB, 0x33, 0x7D, 0x57, 0x93, 0xEF, 0x0F, 0x47,
    0xFF, 0x41, 0x9A, 0x16, 0x5B, 0xC2, 0x6E, 0xB1, 0xE5, 0x44, 0x73, 0x92, 0xF1, 0xC9, 0x57, 0xC4,
    0x3A, 0x2C, 0xC7, 0xD5, 0xC5, 0x9D, 0x14, 0xC2, 0x44, 0xC3, 0x61, 0xFF, 0xB8, 0x5C, 0x9B, 0x7B,
    0xFB, 0x74, 0xEE, 0x3F, 0xBF, 0x97, 0xFB, 0xFB, 0xAE, 0x98, 0x63, 0x73, 0x89, 0x2C, 0x46, 0x97,
    0xC5, 0xF3, 0x03, 0xE7, 0xF6, 0x32, 0x26, 0x46, 0x8C, 0xF8, 0x7A, 0xE6, 0xA2, 0xEE, 0x8F, 0x6C,
    0x17, 0xB3, 0xF2, 0x69, 0x31, 0xAB, 0x24, 0x09, 0x33, 0x18, 0x6A, 0xA1, 0x82, 0x4D, 0xBB, 0x65,
    0x9C, 0xD8, 0x54, 0x82, 0xF6, 0xA9, 0x8D, 0xDA, 0xEA, 0x18, 0x1D, 0xAB, 0x3E, 0xD4, 0xD7, 0xB5,
    0x31, 0x3A, 0x89, 0xC1, 0x6E, 0xC1, 0xEC, 0x69, 0xF4, 0xBC, 0xF6, 0xE7, 0xDD, 0xCE, 0xDF, 0xB4,
    0xC8, 0x73, 0xC5, 0x42, 0xEE, 0xF1, 0xF5, 0x5F, 0xB7, 0x70, 0x7C, 0x78, 0x2E, 0x09, 0xD8, 0x37,
    0x6D, 0xEF, 0x41, 0xB5, 0x85, 0x37, 0xDF, 0x83, 0x1F, 0xFD, 0xDC, 0xE3, 0xE7, 0x72, 0x7D, 0xBC,
    0xE3, 0xE4, 0xB2, 0x88, 0xA3, 0x89, 0x71, 0xB4, 0xDD, 0x40, 0xC9, 0x40, 0x2D, 0xB4, 0xC2, 0x52,
    0xD8, 0x5C, 0x10, 0x47, 0x65, 0x3A, 0x46, 0xFB, 0xDA, 0xC9, 0xB6, 0x14, 0x74, 0xAC, 0xFA, 0x50,
    0x5F, 0xE9, 0x26, 0xDB, 0x60, 0x63, 0x71, 0xCE, 0x59, 0xBE, 0x2C, 0xA8, 0x4C, 0xC8, 0x5C, 0x9B,
    0x06, 0xE3, 0xDE, 0x9C, 0xF4, 0xC6, 0x2F, 0x93, 0x18, 0xFD, 0x54, 0xF5, 0xF0, 0xE6, 0x24, 0x80,
    0xF4, 0x26, 0x62, 0x37, 0x64, 0xCD, 0x59, 0xBE, 0x2A, 0xB0, 0xB1, 0x7C, 0x82, 0x78, 0x19, 0x80,
    0x66, 0x6F, 0x93, 0xD6, 0x83, 0x05, 0xDE, 0x00, 0x97, 0x1F, 0xD1, 0x63, 0xD3, 0x52, 0xF8, 0xFD,
    0x0D, 0xA9, 0x89, 0x4E, 0xCF, 0x4B, 0x3F, 0x6A, 0xD7, 0x66, 0x9E, 0xD6, 0xF4, 0xB4, 0xE2, 0xAF,
    0x65, 0x14, 0x1E, 0x08, 0xA5, 0x60, 0xDD, 0xB4, 0xA9, 0xD5, 0xC3, 0x87, 0x03, 0xB5, 0xB0, 0x9A,
    0xD6, 0xB5, 0x3A, 0xC1, 0xC1, 0x54, 0xE2, 0x58, 0x84, 0x38, 0xAE, 0x03, 0x0F, 0x3A, 0x78, 0x08,
    0x3C, 0x10, 0xDA, 0xEB, 0x89, 0x31, 0x3A, 0xE5, 0xF8, 0x5A, 0x01, 0x98, 0xF6, 0x30, 0x80, 0x99,
    0x50, 0x4D, 0x7C, 0xF8, 0x61, 0x5A, 0x61, 0x2A, 0xE3, 0xC4, 0x00, 0x49, 0x10, 0x7A, 0xA0, 0x81,
    0x8C, 0x97, 0xC9, 0x7C, 0x25, 0xE7, 0x76, 0x1B, 0x91, 0x27, 0x9B, 0x93, 0x47, 0x69, 0xC3, 0x60,
    0x1B, 0xEA, 0x19, 0x14, 0x23, 0xE4, 0xE1, 0x28, 0xF3, 0xB1, 0x9D, 0xEB, 0xE5, 0xDE, 0xFA, 0xA5,
    0x7F, 0xEA, 0x25, 0x80, 0xC7, 0x64, 0x31, 0x7A, 0xDB, 0xE5, 0xA1, 0x84, 0x30, 0x03, 0x26, 0x28,
    0x1B, 0xB0, 0x8F, 0x21, 0x8D, 0x4F, 0xE0, 0x93, 0xA2, 0xDF, 0x8A, 0x4A, 0x06, 0x60, 0xA3, 0x7C,
    0xB4, 0xF0, 0x50, 0x8E, 0xE7, 0xBA, 0x63, 0xA0, 0xB1, 0xD6, 0x8F, 0x79, 0x6E, 0xBC, 0x1F, 0x79,
    0x8C, 0x11, 0x5B, 0xDB, 0x65, 0xBD, 0x6D, 0x68, 0x2C, 0x60, 0x1D, 0x64, 0xE7, 0x8F, 0x48, 0x62,
    0x6C, 0x78, 0xE1, 0x77, 0x7B, 0x48, 0x03, 0x10, 0x3E, 0x85, 0x24, 0x94, 0x62, 0xA7, 0xFA, 0x74,
    0x1C, 0x56, 0xE7, 0x60, 0x80, 0x65, 0x2B, 0xAE, 0x0B, 0x12, 0xF7, 0xE2, 0x89, 0xF2, 0xB8, 0x26,
    0xD6, 0x61, 0x39, 0xDC, 0x48, 0xA7, 0x79, 0xBE, 0xCE, 0x70, 0xA1, 0x33, 0x43, 0xD0, 0xEE, 0x16,
    0x5E, 0xAA, 0xA0, 0xE8, 0x0F, 0xD1, 0xF7, 0x0C, 0x7F, 0x01, 0xCD, 0x3D, 0xBD, 0xBC, 0xB7, 0x74,
    0xB2, 0xEB, 0x7E, 0x4D, 0xAC, 0x83, 0xF2, 0x5A, 0x44, 0x19, 0xA8, 0x95, 0x43, 0x0D, 0x4E, 0x53,
    0xD1, 0x09, 0x89, 0xD7, 0xEA, 0x1C, 0xA0, 0xD0, 0x0E, 0x0B, 0x64, 0x4F, 0x80, 0xFA, 0x43, 0x11,
    0x3D, 0x83, 0x42, 0x0D, 0x37, 0xE2, 0xBE, 0x50, 0xC4, 0x81, 0x4C, 0xE0, 0x2B, 0xA7, 0x65, 0x83,
    0xB9, 0x03, 0xD3, 0xC1, 0xCF, 0x09, 0xB1, 0xE1, 0xBB, 0x13, 0x07, 0x6D, 0xE6, 0xA1, 0x2C, 0x00,
    0xAB, 0xB1, 0xCD, 0x86, 0x5D, 0x79, 0x9D, 0x2E, 0xC6, 0x0B, 0x0D, 0xE4, 0x1E, 0xA5, 0xCE, 0x9D,
    0xD0, 0x08, 0x47, 0x49, 0xFD, 0xA6, 0xFA, 0x5F, 0xFC, 0xCD, 0x0F, 0xFE, 0xDA, 0x76, 0xFF, 0x20,
    0xF9, 0xAE, 0xF7, 0x7F, 0xC7, 0x6D, 0xF4, 0xDF, 0x6E, 0xBA, 0x6C, 0x8C, 0x8D, 0x72, 0x85, 0xE6,
    0x40, 0x16, 0xC3, 0x55, 0x1B, 0x08, 0x2B, 0x32, 0xFF, 0x5A, 0xD1, 0x9B, 0x47, 0x8D, 0x75, 0x65,
    0xB3, 0x40, 0x7D, 0x27, 0xB1, 0xE7, 0x59, 0x1B, 0x08, 0xAD, 0xD8, 0xDC, 0x84, 0x4A, 0x98, 0x09,
    0xFA, 0x8E, 0x89, 0x8D, 0xEF, 0x71, 0xE9, 0xB9, 0x75, 0xD3, 0x06, 0xC2, 0x49, 0x35, 0xEF, 0x6F,
    0x20, 0x1C, 0x43, 0xF3, 0xF5, 0x1B, 0x08, 0xC7, 0xD7, 0x7F, 0xFD, 0x06, 0xC2, 0x81, 0xB9, 0x2C,
    0x1A, 0xE8, 0x7B, 0x52, 0xFF, 0x7B, 0x8A, 0xFE, 0xAD, 0xBE, 0x4F, 0x93, 0x87, 0xC6, 0xEA, 0xF6,
    0x62, 0x75, 0xD3, 0xB9, 0xA3, 0xCC, 0xC9, 0x87, 0x41, 0x6D, 0xA1, 0x3D, 0x83, 0xA1, 0x22, 0xE9,
    0x7F, 0x8F, 0xC4, 0xFF, 0xCA, 0xE9, 0xE6, 0xE4, 0xC3, 0x35, 0x5E, 0x01, 0x6D, 0x0D, 0xA1, 0x95,
    0x78, 0x41, 0xE2, 0x3D, 0x3A, 0x4A, 0x2E, 0x07, 0x6A, 0x75, 0x35, 0xB6, 0xD9, 0x69, 0x1D, 0x20,
    0xF5, 0x50, 0x00, 0x15, 0x13, 0x9F, 0x0A, 0x36, 0x1C, 0xA0, 0x31, 0x77, 0x50, 0xEE, 0xDE, 0xFE,
    0x4C, 0x3B, 0x48, 0xFE, 0xAE, 0x81, 0xB5, 0xBB, 0x78, 0xB0, 0x59, 0xB5, 0xD2, 0x75, 0xF9, 0xC1,
    0x26, 0x40, 0x3D, 0x6C, 0xA9, 0xDE, 0x2E, 0x2C, 0x15, 0xEB, 0xAB, 0x37, 0xDB, 0x4E, 0xE8, 0xDB,
    0xF6, 0x6E, 0x78, 0x73, 0x75, 0x4F, 0xA8, 0xDE, 0xBE, 0xAC, 0xAA, 0x9F, 0x7C, 0x7B, 0xF5, 0x95,
    0x5F, 0xF9, 0xF6, 0xEA, 0x27, 0xAB, 0xB7, 0xD7, 0xBF, 0x57, 0x85, 0x3A, 0xDC, 0x97, 0x9F, 0xBB,
    0xA1, 0xEC, 0x6D, 0x28, 0x3B, 0x1B, 0x0A, 0x6F, 0x03, 0x66, 0xC3, 0x74, 0x03, 0x2A, 0x0B, 0xA6,
    0x9B, 0x92, 0xDE, 0x9E, 0x76, 0xA5, 0x4A, 0x43, 0xDE, 0x54, 0x66, 0xC8, 0x9B, 0xFB, 0x66, 0xB0,
    0xDC, 0x37, 0x6F, 0xB6, 0xDC, 0xCD, 0x2A, 0xA9, 0xF2, 0x7B, 0x77, 0xB0, 0xF6, 0x53, 0xEE, 0x62,
    0xEF, 0xBC, 0xF2, 0x29, 0xD8, 0x57, 0xEE, 0xDC, 0x23, 0xFF, 0x64, 0x2B, 0xD5, 0x0F, 0xE6, 0x15,
    0x59, 0x9B, 0xB5, 0x98, 0x65, 0xB6, 0xC4, 0x0C, 0x66, 0xD8, 0x56, 0x37, 0x88, 0x36, 0x43, 0xAF,
    0x12, 0x94, 0xD2, 0x50, 0x93, 0x7B, 0x56, 0x98, 0x3E, 0x19, 0x48, 0x06, 0x13, 0x60, 0xD4, 0x11,
    0x0F, 0xAC, 0x9B, 0x1C, 0xD8, 0x87, 0x40, 0x3E, 0x82, 0xF8, 0xBF, 0xF9, 0x8D, 0xE3, 0xBA, 0x0B,
    0xDC, 0xC2, 0x72, 0x06, 0x43, 0xB1, 0xFD, 0xE7, 0xB7, 0xCB, 0x5D, 0xE6, 0x8D, 0xCF, 0x9D, 0xE9,
    0x2D, 0x6A, 0xCB, 0x50, 0xC3, 0xB2, 0xDA, 0x5E, 0xFA, 0x3A, 0x40, 0x21, 0xD8, 0x0E, 0xF2, 0xBD,
    0xC5, 0xC6, 0x52, 0xA8, 0xA1, 0x1C, 0x85, 0x9E, 0x49, 0xF0, 0x9F, 0xDA, 0x49, 0x3A, 0xC0, 0xEB,
    0x9D, 0xF1, 0xB3, 0x9E, 0xF9, 0x0D, 0x17, 0x65, 0x1E, 0xE3, 0x46, 0xD9, 0xAD, 0x63, 0x5A, 0x0D,
    0xA8, 0xD2, 0x85, 0x0D, 0xA8, 0x92, 0x7C, 0xDA, 0xDA, 0x99, 0x01, 0x2B, 0x48, 0x06, 0x30, 0x3D,
    0x58, 0xBF, 0xB3, 0x5C, 0xC7, 0x38, 0x2A, 0xD7, 0x6D, 0x67, 0x4C, 0xF1, 0x9C, 0xB2, 0x75, 0xA8,
    0x29, 0x6D, 0x76, 0xCE, 0xE6, 0xBB, 0xD7, 0xB5, 0xF2, 0x4E, 0x2D, 0x2E, 0x7C, 0x7B, 0x05, 0xD5,
    0x61, 0x7B, 0xD0, 0x96, 0x13, 0xE6, 0x70, 0x79, 0x0F, 0xF5, 0x28, 0xDA, 0xF5, 0x93, 0x76, 0xD5,
    0x3B, 0x60, 0xC7, 0xD6, 0x9F, 0x5D, 0xB3, 0xDC, 0x7A, 0x48, 0x0E, 0x64, 0x31, 0x60, 0x85, 0xE2,
    0xE9, 0x7D, 0x5D, 0xE5, 0xB5, 0xED, 0x23, 0xFF, 0x3F, 0xBD, 0x95, 0x01, 0x8A, 0xDC, 0x36, 0x14,
    0x86, 0x3F, 0xDB, 0x49, 0x94, 0x54, 0x10, 0x15, 0x08, 0x10, 0x68, 0x83, 0x0B, 0x04, 0x28, 0xD0,
    0x1D, 0x03, 0x14, 0x08, 0x30, 0x9A, 0xF1, 0x11, 0x7A, 0x84, 0xDE, 0x60, 0x00, 0x80, 0x06, 0x70,
    0xBA, 0x3A, 0x42, 0x6E, 0xD2, 0x00, 0x0B, 0x2C, 0x30, 0x25, 0xBE, 0x41, 0x7D, 0x04, 0xD1, 0x5E,
    0x40, 0x05, 0x01, 0x5E, 0xF0, 0x44, 0xD5, 0xDB, 0xEC, 0x18, 0x93, 0xA6, 0xE9, 0x36, 0xDB, 0xDD,
    0x07, 0xDF, 0xEF, 0xB1, 0x18, 0xFF, 0xBF, 0x1E, 0x7E, 0xC2, 0xC0, 0x7A, 0x66, 0x97, 0xA6, 0x32,
    0xA5, 0xA8, 0x7D, 0xED, 0x4C, 0x5B, 0x0D, 0x0D, 0x45, 0xD8, 0x40, 0xB0, 0x10, 0xD7, 0x30, 0x76,
    0xCC, 0x4C, 0x72, 0x95, 0x35, 0x9B, 0xD9, 0x40, 0x94, 0xFF, 0xE6, 0x67, 0x7C, 0x7E, 0xB6, 0xCF,
    0x1E, 0xB0, 0x8B, 0x00, 0x2F, 0x67, 0x76, 0x69, 0xCC, 0xEB, 0x41, 0x0F, 0xD9, 0x9B, 0x6A, 0x58,
    0x51, 0x88, 0xAF, 0x10, 0x97, 0xC8, 0xBA, 0x21, 0xFB, 0x0C, 0x4B, 0x1F, 0x4E, 0x8E, 0xEC, 0x51,
    0x53, 0xA6, 0xFF, 0x1C, 0x3A, 0xB4, 0xB3, 0x98, 0xB6, 0x69, 0x4F, 0x31, 0xE9, 0x40, 0x91, 0x3C,
    0xCB, 0xFE, 0x3B, 0xCC, 0x98, 0x71, 0xFF, 0xC6, 0x3A, 0xB3, 0xC9, 0x34, 0xEE, 0xD4, 0x99, 0xF4,
    0x9B, 0x2B, 0xDF, 0x19, 0xC7, 0x8F, 0x85, 0x83, 0x4E, 0xF5, 0xD0, 0xD4, 0x80, 0x39, 0x00, 0xD5,
    0xC8, 0xB2, 0xAA, 0x08, 0xA8, 0x09, 0xD0, 0x22, 0xE6, 0x15, 0x50, 0xAF, 0x80, 0x55, 0x0D, 0x58,
    0xD3, 0xC2, 0x5A, 0x3B, 0xD8, 0x8B, 0x4B, 0xAC, 0x06, 0x08, 0x95, 0xA7, 0x08, 0x45, 0xA0, 0x4A,
    0xE9, 0x52, 0x46, 0x54, 0xCF, 0x1E, 0xED, 0xE8, 0x30, 0x2D, 0x96, 0x1A, 0xB6, 0x34, 0x50, 0xB3,
    0x21, 0xAF, 0x94, 0xED, 0x23, 0xAA, 0xC1, 0x42, 0x1C, 0xE1, 0x34, 0x40, 0xD3, 0x33, 0xD7, 0x5B,
    0x8F, 0x4A, 0x07, 0xD9, 0x78, 0xFB, 0x38, 0x2B, 0xE8, 0x9E, 0xEC, 0x57, 0xBC, 0x4D, 0xBD, 0x49,
    0xA9, 0x6F, 0x5A, 0xD5, 0x6F, 0xF2, 0xBD, 0x45, 0xAE, 0x26, 0xDF, 0xFF, 0x94, 0xD7, 0xFF, 0xC8,
    0x23, 0xD1, 0x4E, 0x0F, 0x78, 0x9A, 0x57, 0x3B, 0xCA, 0x3F, 0x03, 0xA4, 0x01, 0xB6, 0x8E, 0xD9,
    0x36, 0x3F, 0x2B, 0xD0, 0xC0, 0x0D, 0x98, 0x7D, 0x24, 0x4B, 0xE7, 0xAC, 0x6A, 0xCE, 0x6A, 0x39,
    0x56, 0x4A, 0xC2, 0x7F, 0xF3, 0x4D, 0xD9, 0x53, 0x28, 0xDC, 0x03, 0x8A, 0x50, 0xC3, 0xBE, 0x83,
    0x6D, 0x04, 0xE3, 0x99, 0x6B, 0x17, 0x91, 0x71, 0x93, 0xF1, 0x95, 0x31, 0xBE, 0x1A, 0xFD, 0xF8,
    0xC1, 0xE8, 0x4F, 0x1F, 0x8C, 0x7E, 0xFC, 0xA7, 0xD1, 0x2F, 0xFA, 0x6B, 0x64, 0x0D, 0x39, 0x8B,
    0xCA, 0x5F, 0x1D, 0x85, 0x78, 0x9D, 0xA3, 0xF0, 0xA9, 0xF7, 0x20, 0x23, 0x7E, 0x83, 0xA3, 0xD1,
    0x5B, 0x8C, 0x5B, 0x1E, 0x8D, 0x4F, 0xBD, 0x07, 0x39, 0x06, 0x9F, 0x7B, 0x54, 0x54, 0x9A, 0x10,
    0x8E, 0x25, 0x3B, 0x30, 0xC3, 0x24, 0xD7, 0x5B, 0xEB, 0x45, 0xA5, 0x11, 0xE1, 0x58, 0xBA, 0x1F,
    0x25, 0x53, 0xAE, 0xFF, 0x4B, 0x4F, 0xE0, 0xA0, 0x0C, 0x50, 0xF5, 0xA0, 0x1D, 0x18, 0xE0, 0xDE,
    0xDD, 0xF4, 0x06, 0xCB, 0xEC, 0x16, 0x0C, 0xF0, 0xF0, 0x36, 0x7A, 0x04, 0xC5, 0xD7, 0x8B, 0xF9,
    0xEB, 0xE7, 0x99, 0xB8, 0x9B, 0x3E, 0xE1, 0x0B, 0xBE, 0x45, 0xB9, 0x73, 0xCA, 0xDF, 0x97, 0xF9,
    0xB7, 0xD0, 0xEB, 0x0F, 0x50, 0x04, 0x20, 0x02, 0x6B, 0xE0, 0x19, 0xF0, 0xF0, 0x8E, 0xFA, 0x7C,
    0x0D, 0xE5, 0x32, 0xFB, 0xE4, 0xB6, 0xDE, 0xE7, 0x53, 0x00, 0x0B, 0x70, 0x06, 0xE0, 0x01, 0x00,
    0x54, 0x04, 0x1E, 0x3F, 0x06, 0xBE, 0xD3, 0x88, 0x1C, 0x6F, 0xD5, 0x78, 0x87, 0xDF, 0x32, 0x00,
    0xF0, 0xCC, 0xB3, 0xAD, 0x00, 0x80, 0xC6, 0xC1, 0x9B, 0x37, 0xE0, 0x5F, 0x08, 0xF2, 0x5B, 0xD6,
    0x6E, 0xFC, 0x8D, 0x03, 0x5A, 0x80, 0x08, 0x48, 0x24, 0xD5, 0x00, 0x68, 0x07, 0x28, 0x96, 0xA5,
    0x53, 0x02, 0x73, 0x29, 0x16, 0x58, 0x89, 0x58, 0x91, 0xB5, 0x48, 0x27, 0x72, 0x26, 0x12, 0xB2,
    0x14, 0x61, 0x9B, 0x28, 0x7D, 0x96, 0x6A, 0xB0, 0x50, 0xA5, 0x03, 0x28, 0x11, 0xE3, 0x2C, 0x18,
    0xB2, 0xD4, 0x22, 0x2B, 0x11, 0xCB, 0x36, 0xD1, 0x89, 0xC0, 0x3D, 0x90, 0x55, 0x60, 0x0D, 0x70,
    0x0E, 0x10, 0x80, 0xA2, 0x67, 0x51, 0xE5, 0xA8, 0x23, 0x26, 0x35, 0xEF, 0xB0, 0x7A, 0xAC, 0x79,
    0x51, 0x79, 0xE5, 0x72, 0x52, 0xE5, 0x28, 0x87, 0xAA, 0xA7, 0xCC, 0x2D, 0xAB, 0x94, 0x65, 0x9B,
    0x06, 0x78, 0x55, 0x66, 0x39, 0x2B, 0x7D, 0xC1, 0x59, 0x15, 0x74, 0xBB, 0x7F, 0x74, 0x5E, 0xB3,
    0x9D, 0xB6, 0x07, 0xB4, 0xD7, 0x1E, 0xF8, 0xF2, 0x2A, 0x27, 0x40, 0xE9, 0xA1, 0xEA, 0x33, 0x1C,
    0xEB, 0x7B, 0x76, 0x71, 0x9F, 0xFD, 0x82, 0xF6, 0xB5, 0x37, 0xAD, 0xF2, 0x0D, 0x26, 0x6C, 0x58,
    0x45, 0xCB, 0x3A, 0xAE, 0x89, 0x63, 0x57, 0xF8, 0xB1, 0xAB, 0xFA, 0xA9, 0xD3, 0xED, 0xD4, 0xD5,
    0x8C, 0xEB, 0x35, 0xA3, 0x3D, 0x27, 0x6E, 0x02, 0xB1, 0x19, 0x8A, 0x60, 0xFA, 0xCA, 0x1B, 0x5F,
    0xE7, 0xAD, 0x24, 0xBA, 0x5D, 0xE4, 0x39, 0x7C, 0x3C, 0x53, 0x71, 0xAC, 0xE7, 0x39, 0xF3, 0xA5,
    0x64, 0xBE, 0xFF, 0x54, 0x1A, 0xBF, 0x62, 0x15, 0x2C, 0x67, 0xD1, 0x16, 0x3E, 0x5A, 0xE5, 0xA2,
    0x35, 0x44, 0x9B, 0xC3, 0x9B, 0x90, 0xFD, 0x87, 0xF7, 0xFE, 0xB5, 0xF8, 0x37, 0x91, 0x6F, 0x00,
    0x4E, 0x2F, 0x50, 0xB9, 0x7D, 0x33, 0xE8, 0xD0, 0x40, 0xD8, 0x00, 0x47, 0x9A, 0x16, 0xCC, 0x05,
    0x94, 0xE9, 0x00, 0x5F, 0xA5, 0x1E, 0x74, 0x80, 0x22, 0x02, 0xA3, 0xF0, 0x24, 0xF3, 0x73, 0xBE,
    0xDF, 0x0E, 0xDA, 0xEB, 0x94, 0x1C, 0x6F, 0x2F, 0x98, 0xCB, 0xF4, 0x19, 0x07, 0x75, 0x9B, 0x01,
    0x4E, 0x80, 0x27, 0xC0, 0xEE, 0x82, 0x2A, 0xFF, 0xD7, 0x0C, 0xCA, 0x9B, 0x96, 0xD6, 0x00, 0xC6,
    0x81, 0x7A, 0xF7, 0x9A, 0x22, 0xA5, 0x96, 0xFB, 0xBF, 0x5C, 0xCD, 0x33, 0xE1, 0x19, 0x45, 0x68,
    0xF2, 0xFF, 0x64, 0x7F, 0xEC, 0x3E, 0xE6, 0x0D, 0x4B, 0xEF, 0xD3, 0x94, 0x8D, 0x2F, 0x05, 0x31,
    0xB8, 0x0D, 0x59, 0x56, 0x15, 0x66, 0x19, 0x00, 0xD5, 0x8B, 0x38, 0xE0, 0x3E, 0x80, 0xFD, 0x3B,
    0x29, 0xA5, 0x28, 0x60, 0xE1, 0x5A, 0x9C, 0x00, 0x75, 0x8A, 0xA8, 0xCC, 0x5C, 0xBF, 0x02, 0x13,
    0x30, 0x02, 0x01, 0x0A, 0x0F, 0xB4, 0xFC, 0x05, 0x15, 0x8D, 0x01, 0x66, 0x03, 0x41, 0x18, 0x85,
    0xBF, 0xE9, 0xB4, 0x06, 0x43, 0x7F, 0x28, 0xA8, 0x26, 0x5B, 0x40, 0x11, 0x9D, 0x45, 0xA0, 0x4C,
    0xB2, 0x7B, 0x83, 0x42, 0x0F, 0xD0, 0x1B, 0xB4, 0x07, 0xE8, 0x36, 0x43, 0x2F, 0x90, 0xE3, 0x14,
    0xB4, 0xFF, 0x11, 0xE6, 0x08, 0x73, 0x84, 0xC5, 0x22, 0x88, 0x6E, 0x67, 0x7D, 0xCF, 0xF3, 0x3C,
    0xF8, 0x2E, 0xD9, 0x11, 0x90, 0xDE, 0xAA, 0x49, 0x06, 0xA7, 0x92, 0x1A, 0x22, 0x0F, 0xD8, 0x33,
    0xFE, 0x8F, 0x46, 0xFA, 0x68, 0xB5, 0x45, 0xC3, 0xF1, 0xF8, 0x3B, 0x97, 0xD7, 0xB7, 0xD4, 0xCD,
    0x5A, 0x03, 0xBC, 0x93, 0x3F, 0x6C, 0xDE, 0x7B, 0x95, 0x99, 0x8B, 0x13, 0xC3, 0x3C, 0xD4, 0x7D,
    0x90, 0xBC, 0xB4, 0x1E, 0x8A, 0x29, 0x36, 0xBB, 0xE4, 0xF0, 0x25, 0x6E, 0xB6, 0xAB, 0xED, 0x2A,
    0x6E, 0x7C, 0x31, 0x06, 0xFF, 0x95, 0xC5, 0xE9, 0xA3, 0x10, 0xD7, 0xB4, 0x77, 0xB4, 0xE4, 0x9D,
    0xD5, 0xE6, 0xB9, 0xAF, 0xAE, 0x6A, 0xBC, 0x42, 0x2A, 0x81, 0x8E, 0x4F, 0x5E, 0xCE, 0xA7, 0x69,
    0x1C, 0xAD, 0x2E, 0x74, 0xDA, 0xA5, 0xE1, 0x67, 0x08, 0x7D, 0x60, 0x4F, 0xAC, 0xDC, 0xE0, 0xB9,
    0xC6, 0x8F, 0x7C, 0x3F, 0x4D, 0xB7, 0x89, 0xE2, 0xD2, 0x7A, 0xF9, 0xEF, 0x9B, 0xE9, 0x1F, 0xCD,
    0x9A, 0x31, 0x93, 0xE3, 0xC8, 0x75, 0xC7, 0x7F, 0x00, 0xE4, 0x42, 0xD9, 0x28, 0xA9, 0x1D, 0x38,
    0xB2, 0x4F, 0x8B, 0xC4, 0x81, 0x82, 0xBB, 0x41, 0x7A, 0x01, 0x41, 0x40, 0x52, 0xE0, 0xC0, 0x81,
    0xBF, 0x86, 0xB3, 0x53, 0xE6, 0xA9, 0x32, 0x66, 0x88, 0x73, 0xE2, 0xC0, 0xC9, 0x7D, 0x13, 0xDB,
    0x55, 0x5B, 0x65, 0xAA, 0x84, 0x5B, 0xF6, 0x49, 0xA1, 0x03, 0xC1, 0xE5, 0xC0, 0x29, 0x54, 0x5A,
    0x57, 0x39, 0x73, 0xAB, 0x04, 0xD7, 0xE1, 0xBC, 0x1C, 0xB6, 0xDF, 0x63, 0x93, 0xB3, 0x1C, 0xCE,
    0x70, 0x67, 0xF6, 0x86, 0x7B, 0x65, 0x92, 0xBF, 0x3F, 0xD0, 0xDD, 0xAF, 0x1F, 0x1A, 0x33, 0xC0,
    0xEB, 0x46, 0x37, 0xF8, 0x63, 0xC0, 0x09, 0x4B, 0x61, 0x26, 0xBC, 0x10, 0xFE, 0x88, 0xDB, 0xCF,
    0xC2, 0x7B, 0xAB, 0x34, 0xC0, 0x29, 0xA4, 0xBC, 0x55, 0x1E, 0xB1, 0xB1, 0x4A, 0xD2, 0x77, 0x64,
    0x6E, 0x8D, 0x6E, 0xE1, 0xC3, 0x1D, 0x67, 0xE5, 0x3D, 0xA8, 0x40, 0xC9, 0x09, 0x99, 0xAF, 0xBE,
    0x80, 0xCA, 0x4F, 0x30, 0xAF, 0xBF, 0xD4, 0xBC, 0xB9, 0x4A, 0xA1, 0x92, 0x3F, 0x49, 0xB8, 0x2B,
    0xB1, 0xBF, 0x51, 0x99, 0x20, 0x02, 0x92, 0x1E, 0x52, 0x0B, 0xA6, 0x0E, 0x7F, 0xD4, 0x8F, 0xB8,
    0xFD, 0x54, 0xDE, 0x2B, 0x94, 0x70, 0x16, 0xC8, 0xBF, 0x21, 0xF2, 0xBE, 0x4D, 0xC6, 0x6C, 0xC8,
    0x6C, 0xE4, 0x4C, 0xCD, 0x58, 0x00, 0x17, 0xC2, 0x7C, 0x47, 0xE5, 0x9D, 0x72, 0x9B, 0xD6, 0x32,
    0xB5, 0x51, 0x5B, 0xAD, 0xA3, 0x75, 0xD5, 0x87, 0xFA, 0x62, 0xF1, 0x0D, 0xA9, 0xF7, 0xD6, 0xF4,
    0x99, 0x2B, 0xC0, 0xA9, 0xFD, 0x9E, 0xA2, 0x06, 0xF3, 0xCD, 0xEE, 0x64, 0xFF, 0xCC, 0x5B, 0xC8,
    0x1C, 0x44, 0x23, 0x30, 0x29, 0x7F, 0x22, 0x5C, 0x4B, 0xBA, 0xEA, 0xA5, 0x2D, 0xEA, 0x6F, 0xF5,
    0x0D, 0x2B, 0xF1, 0xA5, 0x50, 0xC0, 0x73, 0xD8, 0xFB, 0x49, 0xFB, 0x89, 0x6C, 0x58, 0xA3, 0xDB,
    0xC3, 0xCF, 0xB9, 0x8F, 0x63, 0xBC, 0x97, 0x1F, 0x14, 0x4F, 0xF9, 0xFD, 0x35, 0x45, 0xC7, 0xBC,
    0xFA, 0xF1, 0x3A, 0xF7, 0x63, 0xAC, 0xE7, 0xED, 0x21, 0xC8, 0xD2, 0xBC, 0x4B, 0x26, 0x73, 0xA3,
    0x22, 0x35, 0x46, 0x93, 0x0D, 0x22, 0xB1, 0x13, 0x89, 0x54, 0x18, 0x71, 0x22, 0x91, 0x93, 0x64,
    0x3C, 0x48, 0x41, 0xDA, 0x8B, 0x49, 0xD5, 0x8A, 0xF1, 0x1C, 0xA9, 0xD6, 0xC5, 0x03, 0x4F, 0x13,
    0xDF, 0xEB, 0x49, 0x4D, 0x22, 0xC3, 0x2B, 0xCD, 0x2B, 0x54, 0x72, 0x15, 0x53, 0xEF, 0x25, 0xBF,
    0x2D, 0x50, 0x13, 0x3F, 0x85, 0x6A, 0xDF, 0xC9, 0x8D, 0xB4, 0xBF, 0x5F, 0x32, 0x0B, 0x06, 0xB8,
    0xB8, 0x7B, 0xBF, 0x74, 0x52, 0xD0, 0x21, 0x8D, 0xA4, 0xA0, 0x63, 0x2E, 0xE8, 0x77, 0xA2, 0x8B,
    0x1C, 0x5D, 0x32, 0xD0, 0xA5, 0x96, 0x95, 0xAF, 0x15, 0xDD, 0x0F, 0x79, 0xB1, 0x53, 0x9B, 0x9D,
    0x6D, 0x49, 0xA8, 0x6B, 0x5C, 0x47, 0xEA, 0x34, 0xE8, 0x49, 0x55, 0x98, 0x84, 0xD9, 0xEE, 0x78,
    0x3F, 0x38, 0x3C, 0x5E, 0xAA, 0xC7, 0x13, 0x0A, 0xA1, 0x12, 0x7E, 0x21, 0x7C, 0x6D, 0xBB, 0xF8,
    0xB7, 0xB6, 0x4B, 0x7E, 0x65, 0xBB, 0xEC, 0xEF, 0x6D, 0x67, 0x52, 0xBB, 0xBC, 0x10, 0x66, 0xC2,
    0x94, 0xDA, 0x9F, 0xBB, 0xD4, 0xFE, 0xCB, 0x90, 0xDA, 0x5F, 0xD8, 0xD4, 0xAE, 0x6A, 0x41, 0x7C,
    0x7C, 0x29, 0x74, 0x02, 0x40, 0x62, 0x4D, 0x1D, 0x0F, 0x06, 0xDC, 0x27, 0xB0, 0x58, 0x43, 0x3E,
    0xB0, 0xFF, 0x34, 0xD0, 0xCC, 0x61, 0x2A, 0x60, 0x14, 0x2B, 0x97, 0xD9, 0x64, 0x48, 0xFA, 0xD4,
    0x26, 0x6E, 0x77, 0x37, 0x4F, 0x79, 0xB0, 0x28, 0x4B, 0x28, 0x3A, 0x30, 0x53, 0xB8, 0xED, 0x92,
    0xE1, 0x20, 0xCE, 0xB4, 0x24, 0x1E, 0x92, 0x75, 0x68, 0xFF, 0x39, 0xB8, 0xBD, 0x9F, 0x72, 0xB8,
    0x43, 0x32, 0x02, 0xE9, 0x1A, 0xC8, 0x54, 0xCC, 0x95, 0xE6, 0x5F, 0x00, 0x17, 0x5A, 0x5A, 0x9A,
    0x1A, 0x66, 0x59, 0x0B, 0x9D, 0x36, 0x6C, 0xD4, 0x16, 0xBA, 0x64, 0x20, 0x72, 0x91, 0x23, 0xF1,
    0x7E, 0x2B, 0x13, 0x52, 0xD6, 0x21, 0x56, 0x0D, 0xA6, 0x0E, 0x97, 0x41, 0x45, 0x01, 0x39, 0x73,
    0x24, 0x47, 0x8E, 0x8B, 0xD2, 0xC1, 0x43, 0x48, 0xD9, 0xB8, 0x2B, 0xCF, 0xDB, 0xD0, 0xDE, 0xA4,
    0x17, 0x86, 0x1D, 0xBD, 0xE6, 0x69, 0x59, 0xF0, 0x33, 0xB1, 0xF0, 0xAF, 0x85, 0x0D, 0x0D, 0x45,
    0xDD, 0x60, 0xDA, 0x86, 0xCC, 0xBE, 0x45, 0xD3, 0x85, 0x94, 0x8F, 0xC2, 0x0D, 0x0D, 0xB9, 0xA4,
    0x93, 0x5E, 0x18, 0x0E, 0x90, 0x74, 0xAE, 0x9D, 0x8B, 0xD8, 0x4C, 0xE7, 0x8F, 0xE1, 0x1A, 0x9C,
    0x83, 0xCC, 0x38, 0x21, 0xCD, 0x03, 0xD2, 0xA9, 0x2C, 0x55, 0x26, 0x95, 0x51, 0x24, 0x76, 0x22,
    0xC9, 0x20, 0x92, 0x59, 0x91, 0x95, 0xF7, 0xBE, 0xDD, 0xCA, 0x12, 0xB2, 0x63, 0x39, 0x77, 0xC7,
    0xDB, 0x44, 0x2E, 0x6B, 0x4B, 0xBD, 0x6A, 0xE7, 0x22, 0xE4, 0x91, 0xCB, 0x31, 0x91, 0x9B, 0x63,
    0x3E, 0x77, 0x25, 0xD9, 0x57, 0xAE, 0x21, 0xFD, 0xCA, 0x2D, 0x49, 0xFE, 0xCD, 0x8D, 0xDA, 0x69,
    0x0D, 0x41, 0x34, 0xA9, 0x05, 0x9D, 0xDA, 0x5D, 0x61, 0x7E, 0xEC, 0xE6, 0x5A, 0xB7, 0x60, 0xAE,
    0x0E, 0xD4, 0x5F, 0xAB, 0x9E, 0xED, 0x14, 0x39, 0xBD, 0xD9, 0x5F, 0x93, 0x79, 0x4F, 0xD1, 0x16,
    0xF6, 0x87, 0xA4, 0x3D, 0x24, 0xC3, 0x5B, 0xA4, 0x9C, 0xA2, 0x66, 0x31, 0xC1, 0x62, 0x03, 0xE4,
    0x36, 0xE4, 0xC7, 0x0E, 0x22, 0xF7, 0xE7, 0xB2, 0xFD, 0x52, 0xD2, 0xD5, 0x17, 0xB9, 0x55, 0x1F,
    0xEA, 0xEB, 0x43, 0xDC, 0xEF, 0x86, 0x92, 0xAC, 0x9D, 0x91, 0xD8, 0x97, 0x44, 0xDE, 0xC1, 0xA2,
    0xFD, 0x60, 0xF1, 0xE5, 0xEC, 0xF1, 0x71, 0xE1, 0xD7, 0x28, 0xCD, 0x23, 0xDF, 0x4E, 0x58, 0xEE,
    0x18, 0x03, 0x91, 0xA3, 0x11, 0xF7, 0x4D, 0x6A, 0x69, 0x7C, 0x4D, 0x73, 0x03, 0x4D, 0x55, 0x27,
    0x63, 0xD5, 0x0A, 0x36, 0x1B, 0xAB, 0xC1, 0x8C, 0xA5, 0x7B, 0x31, 0xCE, 0xF4, 0x7B, 0x29, 0xCC,
    0x5E, 0x8E, 0xB3, 0x0B, 0x37, 0xCE, 0xCC, 0x30, 0xCE, 0x32, 0x3B, 0xCE, 0xD2, 0x76, 0x9C, 0x25,
    0xF5, 0x38, 0x8B, 0x18, 0x67, 0x3C, 0xCC, 0xFB, 0xC4, 0xAE, 0xA7, 0xD8, 0xF2, 0xD9, 0x48, 0xEC,
    0x3D, 0xD9, 0x90, 0x5B, 0x53, 0x27, 0x43, 0x81, 0x5E, 0xB0, 0x8C, 0x65, 0x38, 0xDE, 0xD4, 0x04,
    0xD6, 0x3B, 0x26, 0xCD, 0xD3, 0x32, 0xB5, 0x51, 0x5B, 0xAD, 0xA3, 0x75, 0xD5, 0x87, 0xFA, 0x3A,
    0x3C, 0xF6, 0x39, 0x58, 0x6C, 0xE3, 0x97, 0xAF, 0x35, 0xFE, 0xBC, 0x23, 0x2E, 0xD5, 0x6A, 0xD7,
    0xC0, 0xA3, 0xB0, 0x78, 0x4D, 0xE2, 0x37, 0x98, 0xBE, 0x68, 0x0B, 0x32, 0x5B, 0x92, 0x58, 0xCD,
    0xEF, 0x84, 0xE9, 0x04, 0xDD, 0xAE, 0xAE, 0xD8, 0xF6, 0x5A, 0x47, 0xEB, 0xAA, 0x0F, 0xF5, 0xB5,
    0xD0, 0xE0, 0xB2, 0x15, 0x62, 0x07, 0x1F, 0x44, 0xCE, 0xDD, 0x47, 0x1E, 0x1F, 0xA3, 0xD8, 0xD4,
    0x7A, 0x0D, 0x38, 0xB2, 0xDF, 0xFC, 0x6E, 0x4D, 0xAE, 0xF1, 0xA7, 0xD8, 0x87, 0x9E, 0x5A, 0xA5,
    0x7D, 0x40, 0x6A, 0x35, 0x09, 0xC6, 0x5A, 0x2D, 0x38, 0x50, 0x57, 0xC7, 0xEE, 0x0B, 0xFD, 0x19,
    0xCB, 0x9C, 0xB4, 0x47, 0xEC, 0xB4, 0x27, 0x64, 0xD2, 0xA6, 0x5D, 0x65, 0x16, 0x8A, 0xBC, 0x06,
    0xF3, 0x6A, 0xDF, 0xA9, 0x26, 0xA3, 0xCA, 0x04, 0x64, 0x37, 0x40, 0x5E, 0x00, 0x73, 0xB3, 0xEB,
    0x4F, 0xA3, 0x31, 0xD1, 0xE8, 0xCE, 0x88, 0xD4, 0xEC, 0x90, 0x9A, 0x73, 0xF9, 0xCA, 0xB6, 0xC3,
    0x9C, 0x05, 0x1D, 0x28, 0x2A, 0xC0, 0xF2, 0x90, 0x86, 0xD8, 0x3D, 0xC4, 0x4C, 0x28, 0x77, 0x14,
    0x42, 0xFE, 0x45, 0xEA, 0x32, 0xEF, 0x1D, 0xAB, 0xFF, 0x75, 0x10, 0x9F, 0x44, 0x4E, 0xA6, 0x39,
    0x07, 0xD2, 0xD6, 0xB5, 0xD2, 0x49, 0xA7, 0xC1, 0x07, 0x11, 0xF1, 0xEE, 0xEB, 0xAD, 0x00, 0xE6,
    0x58, 0x56, 0x37, 0x80, 0x0A, 0x94, 0xEF, 0x94, 0xCA, 0x0F, 0x2A, 0x37, 0x9A, 0x5C, 0xA8, 0x98,
    0x5A, 0xA5, 0x55, 0xB1, 0xB7, 0xD2, 0xEE, 0x0B, 0x16, 0x3B, 0x63, 0xAD, 0xD6, 0x41, 0xF3, 0x2E,
    0x56, 0x37, 0x82, 0xD7, 0xBF, 0xC7, 0xD0, 0x48, 0xD4, 0x97, 0xBC, 0xF1, 0x0E, 0x9A, 0xA7, 0x65,
    0x6A, 0xA3, 0xB6, 0x8F, 0x45, 0x88, 0x5D, 0xC4, 0x21, 0x44, 0x9C, 0xF4, 0x28, 0xE2, 0x28, 0xE9,
    0x9D, 0xD1, 0x10, 0xAB, 0x81, 0x74, 0x17, 0x51, 0x2A, 0x32, 0xFB, 0xF1, 0x41, 0x8F, 0x0B, 0x8C,
    0x0A, 0x95, 0x0F, 0x40, 0x40, 0xCA, 0xD4, 0x46, 0x6D, 0xB5, 0x8E, 0xD6, 0x55, 0x1F, 0xEA, 0xAB,
    0x8B, 0x7C, 0xDD, 0xA5, 0x7E, 0xE8, 0x64, 0x34, 0xD0, 0xE5, 0x4C, 0x5D, 0xC1, 0xB2, 0xBB, 0xA0,
    0xE9, 0xE6, 0x6F, 0x59, 0x6D, 0x94, 0xBB, 0x79, 0x6A, 0xA3, 0xB6, 0xDB, 0x3A, 0x5A, 0x37, 0xF3,
    0x83, 0xFA, 0x62, 0xE5, 0x5D, 0xEA, 0xBD, 0x33, 0x7D, 0xB8, 0x46, 0x2B, 0x61, 0xBE, 0xDB, 0x6A,
    0x5A, 0xF3, 0x13, 0x29, 0xE7, 0x33, 0x61, 0xAE, 0x5D, 0xA3, 0x30, 0xE9, 0x6D, 0x2A, 0xF9, 0x83,
    0x3E, 0x78, 0x89, 0x8D, 0x8D, 0x9D, 0x97, 0xC8, 0x73, 0x23, 0xF6, 0xE1, 0x7C, 0x6F, 0x30, 0x6D,
    0x51, 0xFF, 0x40, 0x14, 0x32, 0x0B, 0xA9, 0x8D, 0x56, 0xDB, 0xA7, 0x46, 0x5B, 0xD4, 0xA9, 0x9D,
    0x4B, 0xBA, 0x44, 0xB7, 0x46, 0xD2, 0x7F, 0x23, 0xF9, 0xBF, 0x5D, 0xC7, 0xBE, 0x5E, 0xF3, 0xA7,
    0xBE, 0x8E, 0xBC, 0xAF, 0xB3, 0xFF, 0x84, 0xBC, 0x86, 0x39, 0x30, 0x13, 0x9A, 0xCF, 0x06, 0x7E,
    0xEE, 0xD7, 0xBC, 0xA9, 0x17, 0xAC, 0xC5, 0xE7, 0x24, 0x75, 0x47, 0x92, 0xFE, 0x90, 0xA5, 0xD0,
    0xA8, 0x5F, 0x29, 0xCF, 0xDB, 0x05, 0xA9, 0xD8, 0xB3, 0xEA, 0xF1, 0x7E, 0x10, 0xD6, 0x8C, 0x5C,
    0x09, 0xF3, 0x1D, 0xCD, 0x2E, 0x7F, 0x62, 0xE4, 0x5A, 0xC8, 0x0F, 0xB8, 0x56, 0x7B, 0x2D, 0xA7,
    0xF2, 0x1B, 0xF9, 0xCD, 0xE0, 0x29, 0x3F, 0xFD, 0x43, 0xEE, 0x64, 0x19, 0xDD, 0x97, 0x49, 0x65,
    0xBC, 0x15, 0x27, 0x12, 0xAB, 0x24, 0x83, 0x48, 0x6A, 0x45, 0xB4, 0x9B, 0xA8, 0xB7, 0xD2, 0x40,
    0x76, 0x2C, 0x14, 0xA1, 0x27, 0x4E, 0x77, 0x3D, 0xF1, 0x05, 0x91, 0x2B, 0x61, 0xAC, 0xBC, 0xDF,
    0x52, 0x02, 0xCA, 0x6E, 0xE6, 0x42, 0xE7, 0x18, 0x06, 0xB1, 0x6F, 0x29, 0x26, 0x34, 0x20, 0x73,
    0xB1, 0x1B, 0x6F, 0x5E, 0xE8, 0x10, 0xB2, 0x24, 0xFB, 0xDC, 0xCD, 0xC2, 0x78, 0x53, 0xAC, 0x46,
    0x95, 0x21, 0x24, 0xA5, 0xA0, 0x09, 0x26, 0x6A, 0x1C, 0x86, 0xA9, 0x52, 0xD7, 0x84, 0x78, 0xCF,
    0x6A, 0x22, 0x95, 0x26, 0xE6, 0x6D, 0xAE, 0x03, 0x4C, 0x8B, 0x42, 0xDE, 0xE2, 0x6F, 0xC0, 0x7B,
    0xC0, 0x58, 0x48, 0x7A, 0xE5, 0x23, 0xA1, 0x12, 0x3B, 0x23, 0xF9, 0xD1, 0xEA, 0x35, 0xBB, 0x87,
    0x09, 0xA1, 0x12, 0x7C, 0xDB, 0x44, 0x6F, 0xDA, 0x26, 0xF9, 0xD7, 0xB6, 0x31, 0x7F, 0xD9, 0x36,
    0x79, 0xD6, 0x36, 0x33, 0x61, 0x99, 0xB5, 0x57, 0x4E, 0x06, 0xDF, 0x56, 0x68, 0x05, 0x24, 0x2D,
    0x00, 0x18, 0x66, 0x88, 0x85, 0x0E, 0x1C, 0x89, 0xFD, 0x70, 0x38, 0x70, 0x7C, 0x96, 0xEF, 0x91,
    0x8B, 0x30, 0x46, 0xD3, 0x6F, 0x3C, 0x30, 0xA6, 0x56, 0x7B, 0xD2, 0x70, 0x4A, 0x1B, 0x18, 0xC3,
    0x4C, 0x10, 0x63, 0x22, 0x65, 0x91, 0x63, 0x64, 0x12, 0x16, 0x52, 0x2F, 0xD7, 0xC9, 0x8C, 0x51,
    0x61, 0xC9, 0x7D, 0x26, 0x61, 0xFF, 0x75, 0xE2, 0x5A, 0x48, 0x7A, 0xC6, 0x85, 0xB8, 0xBA, 0x86,
    0x51, 0x83, 0x82, 0x27, 0xEF, 0x7D, 0x5D, 0xF5, 0x6F, 0xEC, 0xDF, 0xF6, 0x5F, 0xF7, 0xBF, 0xEF,
    0xFF, 0xE7, 0x77, 0xBF, 0xEF, 0xC7, 0xAF, 0xFF, 0xBD, 0x1F, 0x17, 0xBF, 0xEA, 0xC7, 0xEA, 0xA7,
    0xFD, 0x98, 0x27, 0xFD, 0xF8, 0x7D, 0xE1, 0x7B, 0x02, 0x6F, 0x69, 0xC8, 0xDA, 0x87, 0x78, 0xFB,
    0x40, 0x92, 0x9D, 0xE4, 0x76, 0x50, 0xD7, 0xE7, 0xD6, 0xF0, 0xF6, 0x52, 0x3A, 0x46, 0xF3, 0xB5,
    0x5C, 0xED, 0xF6, 0x03, 0xB8, 0x4A, 0x7C, 0x2B, 0x33, 0xB2, 0xF7, 0xA6, 0xC9, 0x5F, 0xD3, 0xF8,
    0x0D, 0x8B, 0xF6, 0xB3, 0xFA, 0x9A, 0x2C, 0x0C, 0xD8, 0x1E, 0x18, 0xB4, 0x29, 0x5A, 0xBE, 0x90,
    0x10, 0xA2, 0xF6, 0x4D, 0x31, 0xBE, 0x63, 0xC0, 0x36, 0x90, 0x68, 0xB8, 0xE9, 0x0B, 0x0A, 0xB2,
    0xBA, 0x3C, 0x28, 0xEB, 0x0E, 0xF6, 0x4B, 0x22, 0x0A, 0xD2, 0x56, 0xEC, 0x6A, 0xB5, 0xD7, 0x30,
    0xE5, 0xBD, 0xEF, 0x15, 0x72, 0x78, 0x5F, 0x1A, 0x58, 0xCE, 0x61, 0xCC, 0xC3, 0x20, 0xB7, 0xCF,
    0xDA, 0xD4, 0x26, 0x36, 0x6B, 0x93, 0xC1, 0x48, 0x4E, 0x1E, 0xFE, 0x82, 0x4B, 0x8D, 0x0C, 0x4B,
    0x28, 0x1D, 0xE4, 0x82, 0xE9, 0x21, 0xB3, 0x42, 0x0B, 0x06, 0x28, 0x84, 0x12, 0x8A, 0xB5, 0x30,
    0x00, 0xA9, 0xBD, 0x47, 0xF6, 0x1F, 0xBF, 0xEE, 0x8B, 0x37, 0xDE, 0x95, 0xA6, 0x9F, 0x9A, 0xD4,
    0x36, 0xCB, 0xD4, 0xCE, 0x94, 0x97, 0x07, 0xEC, 0xF3, 0xB4, 0x5C, 0xED, 0xD4, 0x5E, 0xEB, 0x69,
    0xFD, 0x87, 0xD8, 0x86, 0x75, 0x9B, 0xF4, 0x69, 0x6F, 0x5A, 0x0D, 0xF2, 0xAC, 0x1B, 0x98, 0x8F,
    0x90, 0x0F, 0x60, 0x6C, 0x68, 0x6B, 0x39, 0xC1, 0x74, 0x85, 0x96, 0xA7, 0xD6, 0x6C, 0x43, 0x4E,
    0x45, 0x34, 0x76, 0xE4, 0xBC, 0x2F, 0xA7, 0x86, 0x4D, 0x4B, 0x0C, 0x0F, 0xD1, 0x09, 0xD7, 0x2C,
    0x28, 0xFC, 0x7F, 0x93, 0x6E, 0x0C, 0x70, 0x9F, 0x4B, 0x39, 0xD7, 0xF7, 0x65, 0xE1, 0xFD, 0x5A,
    0xD1, 0x7D, 0x9E, 0x21, 0x07, 0x91, 0x1A, 0xC8, 0x8E, 0x65, 0xB5, 0x06, 0x54, 0xA0, 0xB9, 0x2B,
    0x0B, 0x3F, 0xA8, 0xAC, 0x35, 0x79, 0xAD, 0x92, 0x3F, 0x20, 0xD7, 0x3B, 0x13, 0x35, 0x6E, 0xA0,
    0x39, 0x66, 0xB1, 0x11, 0xBC, 0x6D, 0x9A, 0xD4, 0x35, 0x4D, 0x24, 0x30, 0x06, 0x74, 0x5F, 0xF2,
    0xB4, 0x4C, 0x6D, 0x26, 0xE0, 0x98, 0x7D, 0x67, 0x38, 0x71, 0x2D, 0x14, 0x42, 0x1E, 0xD0, 0xFD,
    0x83, 0x8E, 0x2F, 0xF2, 0x2D, 0xC6, 0x4F, 0x54, 0xF5, 0x97, 0xA1, 0x59, 0x98, 0x1A, 0x32, 0x2B,
    0x85, 0x01, 0xB2, 0x40, 0x88, 0xBA, 0x6A, 0xA7, 0xF6, 0x5A, 0x8F, 0x4B, 0x91, 0xCB, 0xD4, 0xBB,
    0x4B, 0xF3, 0xF9, 0x78, 0x69, 0x58, 0x5E, 0xE6, 0x34, 0xC2, 0x6C, 0xB1, 0x09, 0x5C, 0xBE, 0x10,
    0x72, 0x85, 0x46, 0xCB, 0xB7, 0x76, 0x89, 0xD8, 0x47, 0x2B, 0x8D, 0xA6, 0x76, 0x3B, 0xBD, 0x6E,
    0x13, 0x9B, 0xF3, 0x16, 0x4D, 0x6B, 0xBE, 0x96, 0xD3, 0x24, 0x1A, 0x8A, 0x6D, 0xEC, 0x12, 0x9B,
    0xF4, 0x89, 0xAD, 0xAC, 0x20, 0x36, 0x7C, 0x0F, 0x68, 0x84, 0xB9, 0x60, 0x84, 0xB4, 0x85, 0x58,
    0xD8, 0x7D, 0x9E, 0xD3, 0x81, 0x46, 0xE3, 0x9C, 0x78, 0xAA, 0x74, 0x0B, 0x70, 0x16, 0x9F, 0x89,
    0x45, 0xD1, 0x41, 0xAC, 0x12, 0xD2, 0xCA, 0x2F, 0x37, 0x24, 0xBF, 0xF6, 0x7D, 0x32, 0xA5, 0x2E,
    0x19, 0xF4, 0x4C, 0x99, 0x84, 0xE5, 0x53, 0x80, 0x23, 0xC2, 0xDA, 0x46, 0x4F, 0x04, 0x49, 0x4F,
    0x66, 0x31, 0xF0, 0x09, 0xFC, 0x08, 0x00, 0xDE, 0x6F, 0x80, 0x73, 0x18, 0x6A, 0x2F, 0xC8, 0xEA,
    0xD9, 0xED, 0x88, 0xB8, 0x67, 0x25, 0xBC, 0x2B, 0xD4, 0xF2, 0xD9, 0x37, 0x52, 0xD7, 0x4B, 0x5E,
    0x3A, 0x98, 0x9A, 0xDA, 0x00, 0xA6, 0x85, 0x74, 0xF3, 0x05, 0x3A, 0xE2, 0xE3, 0x0F, 0xFE, 0x71,
    0x37, 0x2A, 0xC6, 0xFD, 0x90, 0xC8, 0x15, 0x62, 0xA7, 0xFF, 0x70, 0xAD, 0x47, 0x01, 0x54, 0xB5,
    0xC0, 0x9D, 0x8F, 0xF7, 0x01, 0x8A, 0xA7, 0xE3, 0xC5, 0xA7, 0x10, 0xD6, 0x49, 0x7E, 0xB3, 0x46,
    0xB7, 0xE7, 0xF2, 0x09, 0x13, 0xD1, 0x5A, 0xF4, 0x60, 0xE9, 0x6E, 0x92, 0x1F, 0xBC, 0xEF, 0x6F,
    0xAC, 0xBC, 0xAB, 0xBC, 0x4D, 0xB4, 0x6E, 0x90, 0x7E, 0x79, 0x57, 0x56, 0x7A, 0xFD, 0xAC, 0xBC,
    0xC8, 0x32, 0x6F, 0x45, 0x52, 0xBB, 0x95, 0xB4, 0x15, 0xC9, 0x6A, 0x11, 0x83, 0x14, 0x6C, 0x10,
    0x93, 0x11, 0x31, 0xBE, 0x8C, 0x87, 0x07, 0xF0, 0x43, 0x08, 0x89, 0xC3, 0xB5, 0xA4, 0xF3, 0x23,
    0x24, 0xCF, 0xAF, 0x85, 0xE1, 0xD1, 0x0B, 0xF5, 0xBF, 0xBE, 0xC5, 0x85, 0x1A, 0xED, 0x2E, 0x80,
    0x1C, 0xD8, 0xF7, 0xD9, 0x3F, 0xE3, 0xF6, 0xF3, 0xAC, 0x21, 0xD9, 0xE1, 0x1A, 0x46, 0x23, 0x5C,
    0x08, 0xDF, 0xE7, 0x2C, 0x43, 0xC5, 0xC7, 0xD7, 0x2B, 0xCE, 0x3F, 0x2C, 0xF8, 0x36, 0x43, 0xAD,
    0xFD, 0x30, 0x8D, 0x1C, 0x0E, 0xB9, 0x3F, 0x9F, 0x17, 0xEF, 0xE7, 0xF3, 0x94, 0xA9, 0x11, 0x76,
    0xDD, 0xE4, 0x93, 0xE6, 0xF3, 0xEE, 0x0E, 0x25, 0xE3, 0xE1, 0x02, 0x8E, 0x03, 0xA0, 0x70, 0xA2,
    0x2E, 0xE6, 0x90, 0xF3, 0xAF, 0x1B, 0xF0, 0xE2, 0xF6, 0xF7, 0x5E, 0x81, 0x4E, 0x1A, 0x38, 0x6D,
    0x71, 0xF0, 0x10, 0x2B, 0xBF, 0x51, 0x74, 0xFF, 0x69, 0x78, 0xEF, 0x94, 0x87, 0x7D, 0xDD, 0x28,
    0x27, 0xEB, 0x2E, 0xBC, 0x57, 0x4E, 0x8E, 0x7F, 0xAF, 0x56, 0xAF, 0xD1, 0xF2, 0xEB, 0x5A, 0x2F,
    0xE8, 0xDB, 0x31, 0xF5, 0x70, 0x8A, 0x83, 0x19, 0x3F, 0x4B, 0xE5, 0xA1, 0x9A, 0xF0, 0x7E, 0x40,
    0x99, 0xE0, 0x3E, 0xAB, 0x81, 0x37, 0x7E, 0xCD, 0x86, 0x57, 0x07, 0x23, 0x06, 0x73, 0x0B, 0x28,
    0xB9, 0x50, 0x08, 0x73, 0xC8, 0xD6, 0xC2, 0xA0, 0x96, 0x49, 0x2F, 0xA6, 0xA9, 0x35, 0xF5, 0x94,
    0xB5, 0xA6, 0x9D, 0x4C, 0x9D, 0xDA, 0xC9, 0x90, 0xD8, 0x29, 0x27, 0xE9, 0x27, 0x9D, 0x63, 0x98,
    0x4A, 0x22, 0x37, 0x35, 0x61, 0xC9, 0x4A, 0x25, 0x24, 0x93, 0x41, 0x4A, 0xC5, 0xA4, 0x20, 0x55,
    0xE3, 0x6D, 0x5D, 0xF5, 0x62, 0xB7, 0xFE, 0xD4, 0xF3, 0x4D, 0xA9, 0x02, 0xF0, 0xC9, 0x91, 0xCC,
    0xF4, 0xCE, 0xFC, 0x44, 0x2F, 0xC4, 0x3C, 0x1E, 0x4A, 0x4C, 0x3C, 0xCC, 0x30, 0x3F, 0x19, 0x2E,
    0xC9, 0xFE, 0x6E, 0xD8, 0x3D, 0xE5, 0x26, 0x2A, 0x92, 0x9C, 0xB4, 0xA0, 0x43, 0x4D, 0x82, 0xF1,
    0x85, 0x56, 0x2B, 0x25, 0xFA, 0xF5, 0xEA, 0xA5, 0x07, 0xE2, 0x63, 0x39, 0xE3, 0xFA, 0x4A, 0x1D,
    0xAD, 0x46, 0x30, 0xF5, 0x1D, 0xBE, 0xFD, 0xE3, 0xB5, 0xFA, 0xE2, 0x0E, 0x13, 0xA6, 0x0D, 0xFF,
    0xAE, 0x4A, 0xB8, 0x12, 0xD6, 0xC2, 0x88, 0x5E, 0xD7, 0x93, 0xB8, 0x98, 0xB6, 0xE3, 0x39, 0x14,
    0xDD, 0xD7, 0x3C, 0x41, 0xCA, 0x22, 0xB1, 0x41, 0xBF, 0x8D, 0x30, 0x17, 0x72, 0x37, 0x91, 0x39,
    0xE0, 0x0E, 0x33, 0x4C, 0x3D, 0xA3, 0x60, 0x46, 0x23, 0x8C, 0xCC, 0xC4, 0xEF, 0x2C, 0xD5, 0xAB,
    0xAA, 0x46, 0xD1, 0xFD, 0x59, 0x32, 0x84, 0x32, 0x3A, 0xA1, 0x14, 0x8A, 0x61, 0x46, 0x36, 0x40,
    0x7C, 0x04, 0x84, 0xB5, 0x84, 0xC8, 0xED, 0x66, 0xD1, 0xC2, 0xDA, 0xE3, 0xA7, 0x39, 0xCD, 0xA7,
    0x95, 0x50, 0x0A, 0x1D, 0x0B, 0xEF, 0x14, 0xDD, 0x17, 0xAE, 0x84, 0x39, 0x5B, 0x1B, 0xCC, 0xC1,
    0xE5, 0x1F, 0x6F, 0x1A, 0x78, 0xD5, 0xDC, 0x3E, 0x26, 0x4B, 0xF9, 0x3F, 0x95, 0x82, 0xD4, 0xF9,
    0x67, 0xAD, 0xDF, 0x2B, 0xBA, 0x2F, 0x79, 0x93, 0xD0, 0xD0, 0x30, 0x17, 0x72, 0x21, 0xDB, 0xCE,
    0xDC, 0xFA, 0x35, 0xA6, 0x16, 0x29, 0xA0, 0xA1, 0x54, 0xE9, 0x54, 0x26, 0x91, 0xC8, 0x89, 0x24,
    0x83, 0x48, 0xDA, 0x8B, 0x64, 0x16, 0xF1, 0x46, 0x10, 0x49, 0xB6, 0x5A, 0x60, 0x77, 0x26, 0xC1,
    0x98, 0xF1, 0xD6, 0xC1, 0x95, 0x4A, 0xD1, 0x8B, 0x64, 0xFD, 0x6A, 0xCD, 0x1C, 0x91, 0x66, 0x6F,
    0x12, 0x0F, 0xFB, 0xBA, 0xA6, 0xDE, 0x5D, 0x41, 0x2A, 0x9A, 0x7C, 0xC0, 0xE9, 0xA4, 0xB2, 0xA8,
    0xD5, 0xDF, 0x53, 0x27, 0xAF, 0x95, 0xC7, 0xEC, 0x26, 0xE5, 0x78, 0x1C, 0xF9, 0x8E, 0x27, 0x3B,
    0x94, 0x13, 0xE5, 0x93, 0x72, 0xDF, 0x97, 0xF7, 0x81, 0x89, 0x53, 0xAC, 0x7C, 0xA0, 0xE3, 0x71,
    0x1A, 0xFC, 0x26, 0x30, 0x72, 0xC8, 0xC2, 0x07, 0x1A, 0x4E, 0x73, 0xAE, 0xE5, 0x9E, 0x54, 0x7C,
    0x70, 0xFF, 0x76, 0x7E, 0x74, 0x76, 0x42, 0x39, 0x1E, 0x32, 0x07, 0x5F, 0xAF, 0xEF, 0xF9, 0x9A,
    0x8B, 0xB6, 0x05, 0x14, 0xB2, 0xA1, 0x0C, 0x4B, 0x1C, 0xC9, 0x10, 0x8D, 0x61, 0xD9, 0x83, 0x75,
    0x6A, 0xE1, 0x4A, 0x8A, 0x28, 0x72, 0xC0, 0x5C, 0x03, 0x59, 0x58, 0x32, 0x79, 0xFA, 0x52, 0xD2,
    0xDB, 0x59, 0x1F, 0x7D, 0xF3, 0x25, 0xB1, 0xA9, 0x7C, 0x77, 0xC3, 0x1D, 0xC9, 0x7D, 0xF1, 0xEE,
    0xE1, 0x4B, 0xFA, 0x20, 0x47, 0xED, 0x0E, 0xAB, 0x3C, 0x89, 0x0B, 0xED, 0x1E, 0xA0, 0x53, 0xB3,
    0x72, 0xDB, 0xEE, 0x02, 0x30, 0x5F, 0xDE, 0x2E, 0xF5, 0x38, 0xC1, 0x7B, 0x17, 0xE4, 0xC3, 0xB5,
    0x5B, 0x1F, 0x33, 0x94, 0xE3, 0x76, 0xEF, 0x9B, 0x7C, 0xA5, 0x89, 0x89, 0x44, 0xBB, 0xEF, 0xF0,
    0xC6, 0x46, 0x27, 0xB9, 0xCC, 0x73, 0x20, 0xBF, 0x02, 0xB2, 0x7D, 0x6B, 0x49, 0x27, 0xC0, 0x68,
    0xB2, 0xA8, 0xF6, 0x6F, 0x7B, 0x68, 0x64, 0xD5, 0x99, 0x72, 0x92, 0x3E, 0x1A, 0x31, 0x96, 0x35,
    0x39, 0x54, 0xC3, 0x3C, 0x0C, 0xEE, 0x88, 0x8F, 0xE5, 0x5B, 0xCE, 0xCE, 0x6C, 0x2A, 0xA2, 0x0D,
    0xF0, 0xE2, 0x10, 0x0D, 0x81, 0xEF, 0xA2, 0x14, 0xE6, 0x42, 0xD1, 0x66, 0x7D, 0xE6, 0x7D, 0x1F,
    0xAD, 0xDE, 0xF4, 0x90, 0x3C, 0xC4, 0x26, 0xC0, 0xC5, 0x21, 0x13, 0x39, 0x0F, 0xD1, 0x09, 0xD7,
    0x2C, 0xA8, 0xB6, 0x33, 0x38, 0x39, 0x70, 0x87, 0x49, 0x79, 0xF2, 0x22, 0x5A, 0xF6, 0x13, 0x57,
    0xEE, 0xA8, 0x84, 0xFC, 0x1F, 0xFE, 0x62, 0xBB, 0x88, 0x26, 0x6D, 0x75, 0x48, 0xFA, 0x0E, 0xC4,
    0xB7, 0xDC, 0x9B, 0x59, 0xFA, 0x38, 0xD0, 0x09, 0xD7, 0x1F, 0xEF, 0x67, 0x97, 0xFE, 0x0A, 0x24,
    0x7D, 0x0B, 0x81, 0x06, 0x9E, 0x38, 0xE2, 0x4A, 0x1F, 0x1D, 0x71, 0x29, 0x33, 0xE0, 0x41, 0x8A,
    0x81, 0x99, 0xBF, 0x61, 0xDE, 0x2E, 0x98, 0xA3, 0xDD, 0xA9, 0x79, 0xF2, 0x10, 0xFF, 0xDC, 0xAF,
    0xF4, 0x01, 0x80, 0x4B, 0x7A, 0xD0, 0x47, 0x34, 0x66, 0x59, 0x0D, 0xB9, 0x0F, 0x97, 0xF5, 0xC1,
    0xE7, 0x3B, 0x78, 0x8D, 0xE5, 0xC9, 0x6D, 0x39, 0xE3, 0xC2, 0xC6, 0xE1, 0x1B, 0x5D, 0xCF, 0xE3,
    0x7D, 0xFF, 0xA4, 0xDF, 0xCD, 0x5B, 0x63, 0x00, 0x69, 0xFB, 0x82, 0xC4, 0x5E, 0xA0, 0x23, 0x5E,
    0xFC, 0x08, 0x45, 0xCF, 0xFE, 0xF3, 0xAC, 0x75, 0xBB, 0x2B, 0xB5, 0x7F, 0x65, 0xF6, 0x3D, 0x10,
    0x7C, 0xD7, 0x67, 0x17, 0xBB, 0x2B, 0x12, 0xF7, 0x0A, 0xDD, 0x02, 0xE7, 0x39, 0xAB, 0xCC, 0x7B,
    0x30, 0x5B, 0x29, 0x81, 0x0B, 0x95, 0x52, 0x65, 0xA6, 0xD2, 0xA8, 0xBC, 0x54, 0x71, 0x22, 0x91,
    0xAB, 0x3C, 0xF1, 0x20, 0xA2, 0x51, 0x15, 0xED, 0xF4, 0x49, 0x55, 0x4C, 0x5B, 0x8A, 0x20, 0x92,
    0xAB, 0x5C, 0xA8, 0x94, 0x88, 0x5D, 0xA3, 0x12, 0x4F, 0xD9, 0x88, 0xF1, 0xC5, 0x86, 0x32, 0x9B,
    0x72, 0x3E, 0x4D, 0x86, 0xB4, 0x15, 0x0F, 0x49, 0x4B, 0xDC, 0x27, 0x96, 0x78, 0xDB, 0x37, 0x89,
    0x54, 0xBE, 0x87, 0xAB, 0x58, 0xE4, 0x65, 0x3C, 0x44, 0xBC, 0x4C, 0x5C, 0x56, 0x77, 0x7F, 0xB8,
    0xCC, 0xA9, 0xD6, 0xD5, 0x0D, 0x3A, 0xAD, 0x08, 0x40, 0x56, 0x7F, 0x42, 0xBA, 0x7D, 0xB5, 0xEA,
    0xF2, 0xE8, 0xD5, 0xAA, 0xF3, 0xBF, 0x47, 0x0E, 0x10, 0xF7, 0xFB, 0xA9, 0x90, 0x8B, 0xFD, 0x54,
    0xC8, 0x59, 0xE6, 0x46, 0x59, 0x8C, 0x24, 0xDE, 0x63, 0xFA, 0xDC, 0x16, 0x24, 0x43, 0x29, 0x75,
    0x3F, 0x82, 0x91, 0xC0, 0xC4, 0x3B, 0xA7, 0x29, 0xE2, 0xFB, 0x53, 0x0D, 0x8B, 0xD7, 0xB7, 0xFE,
    0x8C, 0xF8, 0x43, 0xFC, 0x01, 0xCA, 0x61, 0x7B, 0x9C, 0xB6, 0x31, 0xAF, 0x0F, 0x57, 0xBC, 0x5E,
    0x73, 0xFF, 0xE2, 0xFE, 0xCE, 0xA3, 0xE1, 0xE9, 0x16, 0x9C, 0x33, 0x06, 0x9E, 0xBE, 0x8B, 0xCE,
    0xFD, 0x56, 0xE1, 0xA9, 0xE3, 0x3C, 0x67, 0x71, 0x39, 0xF5, 0x6B, 0x14, 0xF8, 0x70, 0x6F, 0x2B,
    0xA7, 0x7E, 0x42, 0x81, 0xF3, 0xCC, 0x26, 0x9E, 0x7A, 0x5B, 0xFF, 0xEC, 0xED, 0xB6, 0xFB, 0xD9,
    0xEE, 0xF3, 0xB5, 0xFD, 0xD4, 0x92, 0xC8, 0xB9, 0xDF, 0x18, 0x3C, 0x75, 0x9C, 0x67, 0x2C, 0x62,
    0xFF, 0xBF, 0x9A, 0x05, 0x8D, 0x64, 0xAB, 0x00, 0x1F, 0xEA, 0xAD, 0xF7, 0x13, 0xC7, 0x38, 0xFB,
    0x4C, 0xF5, 0x89, 0xFF, 0xD5, 0xF9, 0xCF, 0xE7, 0xF4, 0x71, 0xCE, 0x7F, 0x4E, 0x10, 0x81, 0xF9,
    0xA9, 0x25, 0x17, 0x83, 0xD2, 0xC0, 0xE5, 0xC7, 0xF0, 0xB3, 0x1F, 0x7D, 0xB0, 0x73, 0x7B, 0xF4,
    0x78, 0xE7, 0x3F, 0xC7, 0x10, 0x8F, 0xC7, 0xFB, 0xF1, 0xF8, 0xDC, 0xEF, 0x35, 0x66, 0x5F, 0x8D,
    0x98, 0x5F, 0x4E, 0xE8, 0xF6, 0xF0, 0xF3, 0x9C, 0x17, 0x01, 0x4E, 0x5C, 0x0B, 0x67, 0x7F, 0x2F,
    0xF0, 0xC4, 0x71, 0x9E, 0xB5, 0x44, 0xFF, 0x7F, 0xCD, 0x9A, 0x31, 0x6C, 0xDC, 0xBC, 0x19, 0x86,
    0x1F, 0x89, 0x8E, 0x55, 0x58, 0x4D, 0x98, 0xB1, 0x43, 0x1A, 0xED, 0x40, 0x63, 0xAD, 0x1D, 0x4E,
    0x77, 0x6A, 0x77, 0xA0, 0xD9, 0xA7, 0xEE, 0x8B, 0xC7, 0x66, 0x38, 0xD7, 0xEC, 0xDA, 0x2C, 0xD9,
    0xA7, 0xEC, 0x53, 0x86, 0x0C, 0x1E, 0xAE, 0x31, 0x81, 0x0E, 0x1D, 0x2B, 0xA0, 0x3B, 0xA0, 0x26,
    0x3B, 0xC0, 0x02, 0x1A, 0x14, 0x40, 0x0E, 0x2B, 0xFA, 0x88, 0x30, 0xF7, 0xFF, 0xCA, 0xD9, 0x7F,
    0x4C, 0x5D, 0x22, 0xE0, 0x35, 0xCF, 0xB2, 0x8E, 0x2F, 0x9F, 0x8F, 0xE4, 0xF7, 0x49, 0x90, 0x11,
    0x1D, 0x90, 0x0D, 0x40, 0x3E, 0x00, 0xF2, 0x1C, 0x28, 0x4E, 0x81, 0xD3, 0x02, 0xA8, 0x64, 0x0D,
    0x8B, 0x5C, 0xC1, 0x26, 0xD3, 0xD0, 0x89, 0x06, 0x8C, 0x68, 0x49, 0x4C, 0x62, 0x10, 0xD6, 0xDE,
    0xFC, 0xE8, 0xC9, 0x34, 0x1B, 0x72, 0xC5, 0x1A, 0x59, 0x53, 0x51, 0xC0, 0x8A, 0x12, 0x0A, 0x96,
    0xB8, 0x33, 0xE1, 0x48, 0x0D, 0x38, 0x4B, 0xFF, 0xE9, 0xAA, 0x25, 0xB3, 0xD7, 0x48, 0x55, 0xD6,
    0x8F, 0x90, 0x0A, 0x72, 0x0D, 0x99, 0x4E, 0xAE, 0xAC, 0x96, 0xD6, 0xEA, 0xB2, 0xCE, 0xF4, 0x92,
    0x4C, 0x57, 0xB8, 0x56, 0x8E, 0xBF, 0xFF, 0x65, 0x3C, 0xFF, 0x61, 0x48, 0x6D, 0x3D, 0x00, 0x00,
    0xDB, 0xFE, 0x0B, 0xED, 0x5A, 0x8F, 0x90, 0x5F, 0x03, 0x3C, 0x03, 0x58, 0x00, 0xBC, 0x05, 0x78,
    0x0D, 0x00, 0x1C, 0x84, 0x77, 0xD5, 0xC0, 0xCA, 0x00, 0x06, 0xD2, 0x06, 0x84, 0x06, 0x81, 0x3F,
    0xEE, 0x8D, 0x7D, 0x04, 0x50, 0x00, 0x2C, 0x01, 0xD6, 0x00, 0x06, 0x44, 0xFF, 0x0A, 0xE4, 0xB5,
    0x27, 0xE1, 0x45, 0xA6, 0xE1, 0xCF, 0x89, 0x02, 0x38, 0x24, 0x3B, 0x00, 0x74, 0x90, 0x18, 0x10,
    0x0D, 0x64, 0x8A, 0xF2, 0x5F, 0x70, 0x61, 0xA0, 0xEB, 0x11, 0x4D, 0x85, 0xA8, 0x1F, 0x46, 0x89,
    0xC5, 0x11, 0xC0, 0x29, 0x80, 0x04, 0x67, 0x04, 0x08, 0x0D, 0xF0, 0x9F, 0x9E, 0x1F, 0x20, 0x16,
    0x47, 0xC0, 0xC2, 0x0F, 0x51, 0xFA, 0x01, 0xA6, 0x2F, 0x0D, 0x14, 0x03, 0x54, 0x4B, 0xE8, 0x64,
    0x4D, 0x23, 0xC2, 0xFE, 0x28, 0x7B, 0x12, 0x6B, 0x6B, 0xD1, 0xE6, 0x8D, 0x50, 0xA2, 0x85, 0xD4,
    0x40, 0x62, 0x38, 0xB3, 0xC6, 0x79, 0xE6, 0x4D, 0x62, 0xA4, 0x1A, 0x55, 0xBB, 0x56, 0x8C, 0xBF,
    0xFF, 0x76, 0x3C, 0xDF, 0x5B, 0xAE, 0x9A, 0x15, 0xC8, 0xC1, 0x33, 0xC3, 0xEF, 0x00, 0x7E, 0x0F,
    0xA2, 0x37, 0x3F, 0xC4, 0x92, 0xB8, 0x68, 0x46, 0xED, 0xEE, 0x87, 0xF2, 0x9F, 0xB3, 0x2C, 0x09,
    0xCA, 0x57, 0x0A, 0xAC, 0x6D, 0xE0, 0xD5, 0x45, 0x8D, 0x67, 0xFC, 0xBC, 0x1A, 0xCA, 0x12, 0x58,
    0xE7, 0xDF, 0x25, 0x0C, 0xC9, 0xF5, 0x31, 0x99, 0xB5, 0xA4, 0xC7, 0x3D, 0x00, 0x94, 0x7A, 0x1B,
    0x82, 0x8F, 0xDB, 0x10, 0xA4, 0x91, 0x42, 0xF0, 0x25, 0x6E, 0x01, 0xAC, 0x23, 0xCE, 0x7A, 0x84,
    0xA4, 0x1F, 0xB8, 0xBB, 0x09, 0xEE, 0xD8, 0x05, 0x81, 0x90, 0x23, 0x16, 0x00, 0x97, 0x00, 0x06,
    0x78, 0xAE, 0x95, 0x83, 0xD2, 0x70, 0xEE, 0x40, 0x4B, 0x0B, 0x64, 0x3D, 0x07, 0x0F, 0x52, 0xED,
    0x77, 0x45, 0x0B, 0x42, 0x43, 0x5E, 0x93, 0x9E, 0x3C, 0x20, 0x53, 0x4F, 0x11, 0xED, 0x39, 0xD8,
    0x1E, 0xCA, 0x26, 0x4E, 0x7C, 0x12, 0x80, 0xC2, 0x47, 0x68, 0x6B, 0x47, 0xDA, 0x00, 0xCF, 0x9B,
    0x10, 0x0B, 0xFD, 0xFD, 0x62, 0xF1, 0x18, 0xE8, 0x81, 0x75, 0x48, 0x99, 0x69, 0x36, 0x53, 0x2C,
    0x64, 0x07, 0xC8, 0x61, 0xF7, 0x1E, 0xC1, 0xFC, 0x38, 0xB1, 0xB8, 0xD0, 0xDB, 0xAC, 0x99, 0x36,
    0x61, 0x5D, 0x1C, 0x4F, 0xC4, 0x62, 0xAE, 0x94, 0xF9, 0x1A, 0x1D, 0x7B, 0x7B, 0x44, 0x48, 0x99,
    0x19, 0x27, 0x3E, 0x04, 0xEB, 0xB8, 0x21, 0x00, 0xE0, 0x4D, 0xAA, 0xE1, 0xD2, 0x31, 0x57, 0x52,
    0x41, 0x11, 0x95, 0x39, 0x42, 0xDE, 0x04, 0xC4, 0x88, 0x26, 0xF4, 0x29, 0xA9, 0x59, 0x83, 0xED,
    0xA0, 0x6C, 0x66, 0xCB, 0x9D, 0x17, 0xD6, 0x6A, 0xA7, 0x35, 0x30, 0x2D, 0xDC, 0x35, 0xCA, 0xE9,
    0x96, 0x6B, 0xB4, 0x13, 0xFE, 0xA0, 0x00, 0x56, 0xCE, 0x07, 0x28, 0x3B, 0x52, 0x6B, 0xC9, 0xDA,
    0x42, 0xCB, 0x5A, 0xB4, 0xA7, 0x24, 0xA6, 0x82, 0x6E, 0x65, 0xED, 0x8D, 0x2A, 0xC0, 0xA9, 0xDC,
    0x0E, 0xAD, 0xC9, 0xDB, 0xBC, 0x4D, 0x47, 0x3F, 0xCA, 0x30, 0x2F, 0x64, 0x0D, 0xE4, 0xED, 0xB6,
    0xBD, 0xD2, 0xA3, 0x5A, 0x48, 0xFC, 0xBE, 0xC9, 0xD4, 0x28, 0x00, 0xE2, 0xF3, 0x94, 0x06, 0xCA,
    0x0E, 0x78, 0x1B, 0xEE, 0x6C, 0x42, 0x99, 0xBD, 0x17, 0x5B, 0xFA, 0xF1, 0x57, 0x48, 0x7B, 0xCD,
    0x83, 0xB0, 0xFE, 0xE6, 0x61, 0x78, 0xF7, 0x47, 0xB7, 0x26, 0xEB, 0xF4, 0x0F, 0xD7, 0x51, 0xC6,
    0xCD, 0x54, 0x41, 0x5B, 0xFD, 0x1D, 0x6C, 0x43, 0xFA, 0x3F, 0x43, 0xA6, 0xD7, 0x64, 0x3C, 0x99,
    0x8F, 0x07, 0x1E, 0xFB, 0x53, 0xBD, 0x7F, 0x02, 0xD1, 0xC8, 0xF7, 0x8A, 0x55, 0x07, 0x9B, 0x35,
    0x89, 0x29, 0x48, 0xD4, 0x71, 0x14, 0xD6, 0x23, 0x6F, 0x54, 0x01, 0x05, 0x38, 0x52, 0xC4, 0x9F,
    0x5A, 0x76, 0xBC, 0x74, 0x16, 0x96, 0xBD, 0xB5, 0xE6, 0x46, 0xC0, 0x57, 0x65, 0x6D, 0xEB, 0x74,
    0xCB, 0x35, 0xC6, 0x09, 0x60, 0x33, 0xE9, 0x1F, 0x9F, 0x35, 0x6C, 0x2C, 0x5F, 0x90, 0x56, 0x2F,
    0x0F, 0x37, 0xA7, 0x53, 0x1B, 0x4D, 0xFE, 0x37, 0xFE, 0x9C, 0xFA, 0x7D, 0x97, 0xDF, 0xEC, 0xBB,
    0x0E, 0x00, 0x56, 0xCA, 0x73, 0x76, 0x81, 0xF3, 0x50, 0x7B, 0x51, 0xFA, 0xB9, 0xFC, 0xC7, 0x86,
    0xC4, 0x94, 0x24, 0x3A, 0x0E, 0xE3, 0x41, 0x99, 0xA6, 0x72, 0xBE, 0x8C, 0xBF, 0x46, 0xF7, 0xD7,
    0x83, 0xDD, 0xFB, 0x28, 0x4E, 0x00, 0xE0, 0xCA, 0x5A, 0xED, 0x44, 0x09, 0xF7, 0x50, 0xE8, 0xC7,
    0x6E, 0xE3, 0x4A, 0xAA, 0x7F, 0xE6, 0x05, 0x60, 0xAD, 0xD3, 0x2F, 0xEB, 0xDB, 0x8E, 0xFD, 0x3A,
    0xC5, 0x1E, 0x6B, 0x88, 0xB7, 0x9F, 0x97, 0x92, 0xF0, 0x79, 0x05, 0x10, 0x65, 0xDC, 0xD3, 0x3E,
    0x67, 0xDB, 0x39, 0xCE, 0xFD, 0x1C, 0x97, 0x24, 0x66, 0x09, 0x5D, 0x35, 0x6A, 0x01, 0xFD, 0x7A,
    0xAB, 0xC1, 0xAB, 0x77, 0xE7, 0xDC, 0xDF, 0xDC, 0x35, 0xEE, 0x5A, 0xF7, 0x1D, 0xF7, 0x5D, 0xD7,
    0x87, 0xEB, 0xEB, 0xF3, 0x91, 0x6B, 0x90, 0x8D, 0x6B, 0x83, 0x47, 0x33, 0x7A, 0x10, 0xD6, 0xD1,
    0x4F, 0xE5, 0xCE, 0xBB, 0xBF, 0xE7, 0xCD, 0xFE, 0xFE, 0x26, 0x6B, 0x7D, 0xAA, 0x80, 0xF8, 0x3C,
    0x7B, 0xBD, 0xE0, 0xBE, 0x6C, 0x53, 0xF5, 0xB1, 0x66, 0xD5, 0xC1, 0xE5, 0x9A, 0xA4, 0x0D, 0xFB,
    0x31, 0x3E, 0xDB, 0x9D, 0xFD, 0xA3, 0xB0, 0x3A, 0xA3, 0x4B, 0x60, 0x01, 0x3C, 0x05, 0x24, 0xA1,
    0x3E, 0xCE, 0xCF, 0xBA, 0xCF, 0x3F, 0x3E, 0x2B, 0xAC, 0xCC, 0xB6, 0x63, 0xDE, 0x00, 0x2D, 0xF2,
    0x83, 0x3E, 0x14, 0x27, 0xAC, 0xB6, 0x50, 0x3B, 0xF5, 0xF9, 0xBD, 0x9A, 0x83, 0xF3, 0xAB, 0x35,
    0x72, 0xE3, 0x6B, 0xE4, 0x9C, 0x9C, 0xB7, 0x7A, 0x9F, 0xC4, 0x60, 0xDC, 0x5F, 0x1F, 0xE7, 0xCF,
    0x9D, 0xFB, 0xFC, 0xE3, 0xE7, 0x55, 0xBF, 0x4B, 0x76, 0x1E, 0x19, 0x04, 0x0B, 0xF0, 0x3A, 0xB3,
    0xC3, 0xF8, 0xFD, 0x6E, 0x1C, 0xB3, 0x1A, 0xC7, 0xDE, 0x78, 0x5E, 0x13, 0x78, 0xBD, 0x76, 0x79,
    0xFB, 0xAF, 0xF0, 0x4E, 0xFB, 0x65, 0xBC, 0x00, 0xAF, 0x33, 0xDB, 0x8F, 0xD7, 0x9A, 0xBC, 0x19,
    0xFD, 0x10, 0x8D, 0xE7, 0x33, 0x77, 0xE2, 0xF3, 0x0F, 0x04, 0x2C, 0x01, 0x09, 0xE4, 0x0A, 0x84,
    0x9A, 0x8F, 0x65, 0xDA, 0x2F, 0x0A, 0xCB, 0x44, 0x0D, 0x5A, 0x90, 0xAA, 0x79, 0x38, 0x26, 0xEB,
    0x5D, 0x24, 0x8E, 0x77, 0xC7, 0xB8, 0xCF, 0xFC, 0x6D, 0x00, 0x66, 0x5C, 0x57, 0xC1, 0x27, 0xCE,
    0xB8, 0x67, 0x1C, 0xEB, 0xF4, 0x3E, 0x24, 0xCE, 0xB8, 0x27, 0xFA, 0xDE, 0x90, 0xE9, 0x6F, 0xD5,
    0x9A, 0x5C, 0x57, 0x48, 0x55, 0xD6, 0x17, 0x48, 0x7B, 0x4D, 0x62, 0x5B, 0xA6, 0xEE, 0x29, 0xD7,
    0x48, 0x75, 0x17, 0x2D, 0x46, 0x2D, 0x47, 0x95, 0xEA, 0x42, 0x49, 0xFB, 0x6F, 0x95, 0x7E, 0x92,
    0x6A, 0xB7, 0x3F, 0xDF, 0xEE, 0x79, 0x6E, 0x88, 0xCD, 0xB3, 0xFF, 0xB9, 0xE1, 0xBE, 0x6C, 0x75,
    0xC8, 0x73, 0xB9, 0x02, 0x09, 0xFC, 0x9A, 0x67, 0xB0, 0xD5, 0x86, 0x6C, 0xB8, 0x07, 0x8B, 0xAA,
    0x90, 0xF5, 0x0E, 0x0B, 0x35, 0x88, 0x16, 0x32, 0x0D, 0xCE, 0xBE, 0x00, 0x9E, 0x84, 0xB5, 0xBC,
    0x46, 0xF6, 0xDF, 0xCC, 0xF2, 0x18, 0x12, 0x03, 0xF4, 0x84, 0xD7, 0xAA, 0x8F, 0x66, 0x64, 0x99,
    0xF2, 0x7B, 0x18, 0x87, 0x65, 0x62, 0x7D, 0x3D, 0xE3, 0x64, 0x26, 0x8E, 0xE9, 0xF5, 0x15, 0x85,
    0x23, 0xED, 0x7F, 0x43, 0x6E, 0x07, 0xD2, 0xCC, 0x00, 0xF3, 0xCD, 0x85, 0xF7, 0xE1, 0x38, 0x33,
    0x51, 0xC6, 0x3D, 0xDF, 0x58, 0xA7, 0xF3, 0x13, 0x4C, 0xC4, 0x3B, 0x52, 0xAE, 0xFA, 0xF2, 0xBD,
    0x9E, 0xFA, 0xFC, 0x5E, 0xAF, 0x05, 0x68, 0x21, 0x1C, 0x4B, 0x5C, 0x67, 0x50, 0x8E, 0x0D, 0xD5,
    0x36, 0x33, 0x8B, 0x36, 0xE9, 0x48, 0x3A, 0x61, 0x60, 0xC8, 0x34, 0x9C, 0x4B, 0x05, 0x65, 0x01,
    0xC8, 0xBF, 0x02, 0xF9, 0x10, 0x5E, 0x40, 0xDC, 0xED, 0xC7, 0xF4, 0x3D, 0x09, 0x21, 0x97, 0x71,
    0xB9, 0x84, 0xAE, 0xD8, 0xD6, 0xA5, 0x26, 0x57, 0x99, 0x16, 0x3A, 0x57, 0xA2, 0x95, 0x24, 0xA6,
    0x80, 0xAE, 0x82, 0xCB, 0x05, 0x2C, 0x2E, 0xA1, 0x32, 0x50, 0x18, 0x7C, 0x1D, 0x09, 0xF9, 0xAB,
    0x04, 0x2A, 0x28, 0x87, 0x51, 0xED, 0x81, 0xB8, 0xA6, 0x5F, 0xCA, 0xC4, 0x02, 0x12, 0x2D, 0x55,
    0x66, 0xCA, 0x41, 0xB4, 0x65, 0xCB, 0xED, 0xFF, 0xC5, 0x74, 0x20, 0xE6, 0xC9, 0xFB, 0xB2, 0x79,
    0xE7, 0x92, 0xD5, 0xC4, 0xBB, 0x48, 0x38, 0x24, 0xF5, 0xA7, 0xF0, 0x94, 0x37, 0x27, 0xE9, 0xFF,
    0x01, 0xB5, 0x91, 0x01, 0x8A, 0xEA, 0x30, 0x10, 0x86, 0xBF, 0xB6, 0x40, 0x84, 0x02, 0x73, 0x83,
    0x17, 0x2F, 0x50, 0x73, 0x01, 0xB5, 0x39, 0x96, 0x80, 0xD2, 0xBC, 0x3B, 0x09, 0x08, 0x3C, 0x9E,
    0x73, 0x84, 0x1C, 0x21, 0xEC, 0x09, 0x0A, 0x08, 0xDB, 0x85, 0x6A, 0xB7, 0x86, 0x45, 0x56, 0xD8,
    0x05, 0x80, 0xDD, 0x09, 0xFF, 0x4F, 0x66, 0xE6, 0x0B, 0x93, 0x90, 0x6E, 0x9A, 0x86, 0xBB, 0xA6,
    0x39, 0x62, 0x36, 0xFA, 0x32, 0x55, 0xD1, 0x44, 0x51, 0xAB, 0x2E, 0xB4, 0x1E, 0x24, 0x59, 0xB5,
    0xC1, 0xF9, 0x96, 0x0D, 0x6B, 0x76, 0x40, 0xDD, 0x4B, 0x12, 0x95, 0x60, 0xBD, 0xCB, 0xB5, 0x32,
    0xD5, 0xBE, 0x8A, 0xE2, 0x8D, 0x5A, 0x44, 0xDB, 0x59, 0x5B, 0x5C, 0xF8, 0x4F, 0xEB, 0xAF, 0x74,
    0xC5, 0x08, 0x80, 0x8D, 0x1D, 0x4E, 0xCF, 0xB9, 0xD6, 0x32, 0xB2, 0x65, 0x60, 0x5F, 0xF4, 0xFC,
    0x2B, 0x13, 0xC7, 0x2A, 0x3E, 0x31, 0xEE, 0x3B, 0xE6, 0x0F, 0x5F, 0x2A, 0x5F, 0x7E, 0x56, 0xCE,
    0x7F, 0x59, 0x8F, 0x59, 0x3F, 0x78, 0xC6, 0xA6, 0x6E, 0x9C, 0xF2, 0xEA, 0x46, 0x97, 0x0E, 0xB5,
    0x0E, 0x67, 0x79, 0x19, 0xEF, 0xBA, 0xEF, 0xED, 0x05, 0xE8, 0xAE, 0xC0, 0x60, 0x81, 0x5E, 0xB2,
    0xE5, 0x34, 0x37, 0xD8, 0x63, 0x2F, 0xF5, 0x00, 0xC5, 0xCD, 0x83, 0x8B, 0x60, 0xDE, 0x00, 0xF1,
    0x00, 0xEE, 0xEF, 0x0D, 0xA6, 0xD7, 0x29, 0x94, 0xA9, 0x33, 0x5A, 0x6A, 0x53, 0xC6, 0x6C, 0x73,
    0x5A, 0x69, 0x6E, 0x64, 0xA4, 0xF6, 0xE2, 0x05, 0xC1, 0xB2, 0xA2, 0xC9, 0x7F, 0x0A, 0x52, 0xA9,
    0x35, 0xBA, 0x32, 0xA1, 0xA9, 0xC3, 0x5A, 0xFC, 0x5A, 0xD8, 0x0B, 0x3B, 0xCB, 0x69, 0x05, 0xC0,
    0x62, 0xC6, 0x06, 0x93, 0x9C, 0xB6, 0xB4, 0x38, 0x35, 0x89, 0x81, 0x0D, 0x8B, 0xE5, 0x6C, 0x36,
    0x98, 0x54, 0x8C, 0x1C, 0x38, 0x14, 0xA3, 0x49, 0x36, 0x6C, 0x58, 0x02, 0x98, 0x00, 0x08, 0x1F,
    0xEF, 0xCE, 0x33, 0x38, 0x01, 0xF4, 0x40, 0x99, 0x80, 0x4A, 0x81, 0xDA, 0xF3, 0x29, 0x32, 0x75,
    0x7C, 0x50, 0xF1, 0x89, 0x12, 0x80, 0xE6, 0x81, 0xBD, 0x03, 0xDD, 0x90, 0x81, 0x46, 0x05, 0x41,
    0x14, 0x86, 0xBF, 0x7B, 0x07, 0x43, 0x83, 0x81, 0x80, 0xDB, 0xD8, 0x00, 0xE1, 0xAE, 0x00, 0x36,
    0x66, 0x34, 0x2F, 0xD2, 0x5B, 0x0C, 0x16, 0xD2, 0x3C, 0xD2, 0x22, 0x04, 0x34, 0x8F, 0x10, 0x01,
    0x88, 0x00, 0x48, 0x2C, 0x60, 0xA2, 0x6C, 0xE7, 0x08, 0x20, 0x02, 0x20, 0x7E, 0xC7, 0x9E, 0xB3,
    0xBF, 0xEF, 0x3F, 0x73, 0x6C, 0x27, 0x78, 0x26, 0x9B, 0x67, 0x53, 0x8B, 0x69, 0xE5, 0xB9, 0x49,
    0x95, 0x6F, 0x99, 0xC8, 0x5C, 0xFE, 0x72, 0x0B, 0xEF, 0xEC, 0x5E, 0x30, 0x37, 0x9C, 0x04, 0xCE,
    0x02, 0x53, 0x60, 0x09, 0x3C, 0x6E, 0x8D, 0x80, 0xE8, 0x72, 0xE3, 0x08, 0x93, 0x8A, 0xAB, 0xCE,
    0x85, 0x07, 0x9B, 0xB1, 0x55, 0x6A, 0xF4, 0x1C, 0x3A, 0x3C, 0x60, 0x1A, 0x1E, 0x02, 0xA4, 0x2F,
    0x92, 0xD7, 0xAC, 0xD9, 0xB4, 0xC9, 0xD4, 0x51, 0x23, 0xB8, 0xDB, 0x6A, 0xB1, 0xB5, 0x78, 0x18,
    0x60, 0x84, 0x08, 0xF7, 0xB0, 0xB2, 0x7B, 0xC5, 0x34, 0x25, 0xB9, 0x8E, 0x38, 0xA3, 0x00, 0x75,
    0x2B, 0xDC, 0x27, 0xC9, 0x09, 0xA4, 0x89, 0xA2, 0xCB, 0xEE, 0x43, 0x0C, 0x82, 0x65, 0xB6, 0xB9,
    0x08, 0xD9, 0xD6, 0xE4, 0xAB, 0x7B, 0xCB, 0x78, 0x38, 0x2A, 0xCA, 0x3E, 0xF1, 0xE7, 0x33, 0xF7,
    0x2B, 0xE3, 0xCA, 0xF9, 0x02, 0xBF, 0xE9, 0x7A, 0x6B, 0x12, 0x11, 0x07, 0x4E, 0x1D, 0x38, 0x25,
    0x33, 0x42, 0x61, 0xDF, 0xB4, 0x4B, 0x88, 0xA1, 0x1E, 0xD4, 0x80, 0xF6, 0x0E, 0x02, 0xA6, 0xC3,
    0xCF, 0x29, 0x64, 0xD5, 0x81, 0xE1, 0xBF, 0x5C, 0xF2, 0x1B, 0x9D, 0x93, 0x01, 0x84, 0x24, 0x47,
    0x14, 0x86, 0xFF, 0xE9, 0x0A, 0x15, 0x9A, 0x2D, 0x00, 0x9C, 0xCD, 0x00, 0xC0, 0xD2, 0x01, 0x0C,
    0x7A, 0x6E, 0x1A, 0x08, 0x82, 0x00, 0x00, 0x70, 0x00, 0x90, 0xC3, 0x61, 0x50, 0xBB, 0xD5, 0x2E,
    0x08, 0x8E, 0x2C, 0x00, 0x38, 0x07, 0x00, 0x11, 0x27, 0x82, 0x26, 0xC3, 0x94, 0x2C, 0x0E, 0xA0,
    0xDD, 0x02, 0x40, 0x8B, 0x05, 0xE0, 0x2A, 0x52, 0x68, 0x32, 0x3B, 0x95, 0xFF, 0x75, 0xD9, 0xE9,
    0x95, 0x9C, 0x90, 0x6B, 0xBE, 0x4F, 0xBF, 0x57, 0xEF, 0x3D, 0xDB, 0x53, 0x6F, 0x71, 0x5E, 0x03,
    0x17, 0xAB, 0x8C, 0x1B, 0xA1, 0xD2, 0x11, 0xE6, 0xE0, 0x9A, 0x6A, 0xF5, 0xAB, 0x5F, 0xAF, 0x7E,
    0xEE, 0xED, 0x8B, 0x80, 0x8E, 0x8C, 0xCF, 0x07, 0xC4, 0xB7, 0x42, 0x8F, 0xF8, 0x87, 0xE0, 0x11,
    0x7F, 0xF7, 0xE8, 0xC8, 0xE5, 0xAD, 0xC7, 0xD3, 0xDB, 0x9B, 0xBE, 0xBA, 0xF9, 0xDE, 0x9B, 0xDB,
    0x37, 0x8D, 0xCC, 0x50, 0xE9, 0x0E, 0xEA, 0x5D, 0x03, 0xF5, 0x0A, 0x13, 0x78, 0x72, 0x04, 0x52,
    0xEA, 0x55, 0xD4, 0xB1, 0xF4, 0xF8, 0xC5, 0xB4, 0x80, 0x69, 0x66, 0x5C, 0x3A, 0x4C, 0xA8, 0x9E,
    0xF5, 0xC3, 0x1C, 0x17, 0x03, 0xA6, 0x9C, 0xD4, 0x6F, 0x40, 0x52, 0x1A, 0x05, 0x1D, 0xB1, 0x85,
    0x3E, 0x9C, 0xF4, 0x93, 0xE8, 0x8D, 0xE8, 0x5A, 0xF4, 0xAA, 0xDD, 0x62, 0xF3, 0x5D, 0x4A, 0xED,
    0x24, 0xFD, 0x72, 0x60, 0xAE, 0x0D, 0xCC, 0xA5, 0xE8, 0xDA, 0x4D, 0x1A, 0x5D, 0xAB, 0xDB, 0x5A,
    0x72, 0x6B, 0xD1, 0x17, 0x22, 0x33, 0xA9, 0xA3, 0xF4, 0x48, 0xA9, 0x11, 0xFB, 0x11, 0xC0, 0x3E,
    0x51, 0xDD, 0xB2, 0xA5, 0xB4, 0x7F, 0x90, 0xF2, 0xA7, 0xF0, 0xB7, 0x7B, 0x9E, 0x5E, 0x1F, 0x59,
    0x67, 0x3E, 0x63, 0xC7, 0x92, 0xB9, 0xD1, 0xB4, 0xE8, 0xAC, 0x1E, 0xD0, 0x3D, 0x2D, 0x46, 0x9E,
    0xE2, 0x0A, 0x9D, 0x69, 0x97, 0xE8, 0x4A, 0x6F, 0xD8, 0x1B, 0x2A, 0x74, 0x8B, 0xC4, 0x36, 0x7C,
    0x7B, 0x27, 0xDF, 0x5E, 0x3F, 0x52, 0xF9, 0x11, 0xB9, 0xC4, 0x4F, 0x70, 0x69, 0x9F, 0xDA, 0xF2,
    0x2B, 0xCB, 0xDC, 0xD7, 0x17, 0xCC, 0x5D, 0x5F, 0x6C, 0x5A, 0x77, 0x7D, 0xBE, 0x69, 0xF5, 0x0F,
    0x67, 0x35, 0xF4, 0xEB, 0x49, 0x66, 0x05, 0xFD, 0x63, 0xC9, 0xEF, 0xD8, 0x95, 0x1D, 0xD4, 0x41,
    0x8F, 0x50, 0x23, 0xE5, 0x8E, 0xB0, 0x2E, 0xF5, 0xD6, 0x16, 0xC1, 0x5A, 0x44, 0x6B, 0xED, 0xD6,
    0xFE, 0x8F, 0xA7, 0xCB, 0x4D, 0x6C, 0x96, 0x21, 0x1C, 0x06, 0x98, 0x4C, 0x95, 0x82, 0xF0, 0x10,
    0x17, 0xC7, 0x6F, 0xB0, 0x4C, 0x1F, 0xB0, 0x69, 0x1C, 0x2C, 0x96, 0xD8, 0xC1, 0x9C, 0x90, 0x58,
    0xF2, 0x72, 0x2E, 0x75, 0x0F, 0xCF, 0x3E, 0x25, 0x2F, 0xC0, 0xDD, 0xE5, 0xDD, 0xEB, 0xAB, 0xA6,
    0x82, 0xF6, 0x6B, 0xA8, 0xDE, 0x02, 0xEC, 0x9D, 0xD6, 0x66, 0x62, 0x04, 0xC8, 0x1C, 0xCB, 0x99,
    0x25, 0x52, 0x2B, 0x3D, 0xD2, 0x2B, 0x33, 0xA6, 0x59, 0x3D, 0x2E, 0x45, 0x07, 0xAA, 0x08, 0x94,
    0xEE, 0x29, 0xD3, 0x4E, 0xA5, 0xD4, 0xA5, 0x68, 0xA4, 0xDE, 0x87, 0x69, 0xA9, 0x52, 0x16, 0x43,
    0x39, 0x38, 0x88, 0xAE, 0x44, 0x55, 0x43, 0x19, 0x4F, 0xA9, 0x81, 0x5A, 0x44, 0x0A, 0x3B, 0xD1,
    0x26, 0x5F, 0xCC, 0x24, 0x14, 0x01, 0xF8, 0xB7, 0x9E, 0x53, 0x7F, 0x05, 0x8A, 0x15, 0x70, 0x51,
    0x5E, 0x98, 0x2B, 0x5E, 0xFE, 0x33, 0x07, 0xE6, 0x3E, 0x3A, 0x00, 0x28, 0xD3, 0x51, 0x94, 0x7A,
    0x94, 0x9E, 0xB1, 0xFC, 0xEB, 0x4C, 0x7F, 0x69, 0x3B, 0x89, 0xA1, 0x85, 0xE8, 0x71, 0x4E, 0x4A,
    0xA4, 0x38, 0xB7, 0xE5, 0x01, 0x1E, 0xFF, 0x21, 0xA0, 0x46, 0x66, 0x05, 0x54, 0x23, 0x8A, 0x94,
    0xA0, 0x87, 0xBD, 0x37, 0xCD, 0x9F, 0x43, 0x85, 0x61, 0x58, 0x2F, 0x7A, 0xD4, 0x42, 0xE1, 0x61,
    0x95, 0xD0, 0x92, 0x14, 0xAC, 0x4E, 0xA1, 0x2E, 0x11, 0x6A, 0x83, 0xB0, 0x26, 0xD5, 0xD9, 0x22,
    0x98, 0xD7, 0xFC, 0xA9, 0xEF, 0x97, 0x5E, 0x66, 0x60, 0x13, 0xA7, 0x91, 0xD8, 0x92, 0x17, 0xE4,
    0xC9, 0x3D, 0xB0, 0x90, 0xCB, 0x56, 0x51, 0x0F, 0x40, 0xB3, 0x08, 0x00, 0x20, 0xE2, 0xDB, 0xFC,
    0x05, 0xC0, 0x15, 0x80, 0x22, 0x52, 0x4B, 0x06, 0xF3, 0x41, 0x31, 0x40, 0xEE, 0xE4, 0xA4, 0x80,
    0x2F, 0xB1, 0x18, 0x8B, 0x83, 0xAC, 0x11, 0x8F, 0xCA, 0x23, 0x00, 0xBC, 0x25, 0x81, 0x30, 0xE1,
    0x62, 0xDE, 0xA9, 0xF7, 0x1F, 0x9A, 0x4A, 0xBD, 0xF3, 0xB5, 0xBA, 0xE9, 0xE5, 0x6F, 0xEF, 0x74,
    0x83, 0x58, 0x22, 0x63, 0xC8, 0x19, 0x39, 0x07, 0x46, 0xD2, 0x5D, 0x00, 0xB6, 0x06, 0xD6, 0x2B,
    0xDE, 0xFD, 0x96, 0x3B, 0x15, 0xF3, 0x4E, 0x21, 0xDD, 0x9D, 0xC6, 0x2E, 0x08, 0x77, 0xF6, 0x20,
    0x20, 0x3F, 0x73, 0x5C, 0x7A, 0x7C, 0x0A, 0x8E, 0xBD, 0x02, 0x8A, 0x70, 0xDA, 0xEA, 0x53, 0x8E,
    0xEF, 0x40, 0x0D, 0x7E, 0x2B, 0x73, 0x01, 0xEE, 0xD8, 0xE4, 0x9F, 0xA8, 0x6A, 0x72, 0xBF, 0x92,
    0x1E, 0x96, 0xCD, 0x49, 0xD9, 0x79, 0xCC, 0x7C, 0x4E, 0x76, 0x28, 0x52, 0x24, 0x0D, 0x96, 0x8C,
    0x1D, 0xE3, 0x67, 0xA7, 0x18, 0xD6, 0x91, 0x67, 0x01, 0x3B, 0xD6, 0x8F, 0x45, 0x58, 0x84, 0x22,
    0xA8, 0xA1, 0x08, 0xF9, 0x1E, 0xA5, 0x4F, 0xA7, 0x23, 0x49, 0xBD, 0xE6, 0x62, 0x69, 0x8F, 0x91,
    0xEC, 0x88, 0x15, 0xE4, 0x3D, 0xE7, 0x8A, 0xB8, 0x67, 0xCD, 0x3E, 0x1D, 0x1B, 0xC6, 0x10, 0xF8,
    0x3E, 0x91, 0xE3, 0x99, 0xE2, 0xD6, 0x9F, 0x70, 0xA9, 0x27, 0xF7, 0xB0, 0xA8, 0x88, 0x69, 0x65,
    0xA5, 0x67, 0x24, 0xAE, 0x78, 0x1E, 0x73, 0x0D, 0x96, 0xCC, 0xA9, 0x9E, 0x0C, 0x8F, 0xE8, 0x25,
    0xEF, 0x52, 0x9A, 0xEA, 0x1E, 0xCF, 0xFE, 0x1B, 0x9D, 0x95, 0x81, 0x86, 0x03, 0x57, 0x14, 0x86,
    0xBF, 0xCD, 0xAC, 0x66, 0x63, 0x56, 0x67, 0x51, 0x2C, 0x65, 0x02, 0xC5, 0xA2, 0xC9, 0x02, 0x14,
    0x49, 0x32, 0xF4, 0x45, 0xFA, 0x02, 0x05, 0x60, 0x69, 0xB2, 0x19, 0x05, 0x28, 0xD5, 0x87, 0xE8,
    0x23, 0x04, 0xC5, 0x6A, 0xE6, 0x09, 0x6A, 0x56, 0x5F, 0x60, 0x15, 0xA0, 0xB4, 0x53, 0x86, 0x16,
    0xE9, 0x4E, 0xCF, 0xA7, 0xB1, 0x89, 0xED, 0xDA, 0x48, 0xAF, 0x9C, 0x63, 0xEE, 0xBD, 0xFF, 0x39,
    0xE7, 0xFF, 0xE7, 0x1C, 0x19, 0x5C, 0x5C, 0xEA, 0x66, 0xBA, 0x2D, 0x90, 0x34, 0x40, 0x56, 0x02,
    0xF3, 0xAE, 0xEB, 0x4A, 0x5D, 0xE9, 0x16, 0x2F, 0x84, 0x08, 0x7E, 0x09, 0xC3, 0x35, 0x10, 0x5C,
    0x40, 0x57, 0x93, 0x74, 0x2D, 0xD9, 0x4F, 0x4B, 0xE6, 0x1F, 0x0E, 0x8B, 0x4F, 0xF3, 0x3E, 0xE4,
    0x9C, 0x6E, 0xFB, 0xAC, 0x0C, 0x0B, 0xA0, 0x5F, 0x03, 0x67, 0x2D, 0xC0, 0x12, 0x09, 0x15, 0xBA,
    0xC2, 0xED, 0xEE, 0x42, 0x88, 0xE0, 0x5D, 0x18, 0xF0, 0xBF, 0x2A, 0xCB, 0x58, 0xE6, 0x2A, 0x50,
    0x89, 0x8A, 0x54, 0xB6, 0x4F, 0x7A, 0x93, 0x00, 0x0F, 0x59, 0x45, 0xAF, 0x4D, 0x1A, 0xD2, 0x9A,
    0x2D, 0xB7, 0xC4, 0x6F, 0x13, 0x84, 0x2A, 0x5D, 0xE5, 0x16, 0x2F, 0x10, 0x82, 0x60, 0xC3, 0xDE,
    0x7A, 0x57, 0xBF, 0xB7, 0x64, 0xDF, 0x2E, 0x99, 0xE5, 0xC3, 0xE2, 0xE6, 0x9D, 0x77, 0xE5, 0x9D,
    0x18, 0xB1, 0xC6, 0x1C, 0xB2, 0x5A, 0x75, 0xD5, 0xBF, 0x56, 0xC0, 0x57, 0x4F, 0x70, 0xF7, 0x57,
    0xD8, 0x2C, 0x2C, 0x2B, 0xB9, 0x4B, 0x9E, 0xF8, 0x84, 0x38, 0x60, 0xB6, 0x6B, 0x69, 0x1C, 0xE0,
    0x01, 0x53, 0xE0, 0x22, 0x24, 0x3E, 0x6B, 0x40, 0x58, 0xF2, 0x1B, 0xC1, 0x86, 0xA8, 0x14, 0x90,
    0x3C, 0xA0, 0x79, 0x84, 0x0C, 0x0C, 0x35, 0xC2, 0x48, 0x33, 0xB8, 0xBD, 0xD0, 0xDE, 0xCA, 0xEA,
    0x81, 0x31, 0xC6, 0x9A, 0xC3, 0x5C, 0xE6, 0x34, 0xB7, 0x35, 0xF6, 0xF5, 0x0C, 0x9F, 0xBE, 0xCA,
    0x2C, 0x57, 0x39, 0xCB, 0x5D, 0x0D, 0x6A, 0x51, 0x53, 0x68, 0xDB, 0xEB, 0x84, 0xE4, 0x3B, 0xDD,
    0xD6, 0xC6, 0xAF, 0xB0, 0x60, 0xC1, 0x25, 0x69, 0xC9, 0x8C, 0x7E, 0xC5, 0x96, 0x7E, 0x99, 0x34,
    0x71, 0x16, 0x29, 0x56, 0x8E, 0xCA, 0x56, 0xF7, 0xC4, 0x91, 0x01, 0xFE, 0x1E, 0x48, 0x55, 0x30,
    0x34, 0xB9, 0xC4, 0x58, 0x30, 0x80, 0x3B, 0x47, 0x6A, 0xE1, 0x70, 0x4D, 0x1D, 0xB3, 0xDB, 0x82,
    0x25, 0xA9, 0xA3, 0x77, 0xB6, 0x39, 0x3E, 0x7F, 0xAE, 0x6B, 0x31, 0x42, 0x44, 0x08, 0x50, 0x49,
    0xD7, 0x68, 0xF1, 0xDC, 0xC4, 0x59, 0x13, 0x77, 0x0D, 0xCB, 0xB0, 0xEB, 0x30, 0x8E, 0x99, 0xF5,
    0xFE, 0xFB, 0xCA, 0x37, 0xA1, 0x51, 0x5B, 0xC7, 0xF3, 0x9A, 0x19, 0xEB, 0xB8, 0x5B, 0x07, 0x66,
    0x1D, 0xD8, 0x35, 0xBC, 0x6B, 0xC7, 0x6A, 0xCA, 0x4B, 0x7E, 0xF2, 0x94, 0xAF, 0xBC, 0xF7, 0x1A,
    0xD4, 0xA5, 0x3E, 0x75, 0xEE, 0xF4, 0x9A, 0xF7, 0x98, 0xC9, 0x4B, 0x7E, 0xF2, 0x94, 0xEF, 0x81,
    0x06, 0xF5, 0x70, 0x38, 0x76, 0xEA, 0x75, 0xB1, 0x8A, 0x4D, 0xAF, 0xDB, 0x42, 0x5A, 0xAF, 0x20,
    0xB3, 0xF3, 0x63, 0x9B, 0x3E, 0x22, 0xA9, 0x98, 0xD0, 0x2B, 0xC3, 0xC1, 0xDE, 0x5D, 0x4D, 0xCE,
    0xE1, 0x87, 0x49, 0x0E, 0xF7, 0x93, 0x25, 0x0C, 0xBF, 0xB4, 0x0B, 0x9D, 0x74, 0x5F, 0x7A, 0xC7,
    0x47, 0xC4, 0x76, 0x53, 0x42, 0xDA, 0x35, 0xF6, 0xE7, 0xC1, 0xF6, 0x8F, 0xED, 0x7C, 0x06, 0x6B,
    0xDD, 0x17, 0xA4, 0x05, 0xBC, 0x72, 0xE7, 0xBA, 0x3C, 0xFD, 0xBC, 0x22, 0xFB, 0x26, 0xE8, 0x26,
    0xBF, 0xDE, 0x03, 0x9D, 0x0D, 0x99, 0xDB, 0x19, 0x15, 0xD0, 0xC3, 0x33, 0x4B, 0xE9, 0xAE, 0x3A,
    0xA0, 0xFD, 0xB3, 0x0A, 0x49, 0x7F, 0x34, 0xA4, 0x65, 0xB3, 0x60, 0x48, 0x33, 0x66, 0x44, 0x93,
    0x31, 0x31, 0x6B, 0xB8, 0x7E, 0xF9, 0xDA, 0x79, 0x31, 0x42, 0xB1, 0xF8, 0xB7, 0x52, 0xB1, 0x20,
    0x69, 0x3F, 0x68, 0x61, 0xA3, 0x90, 0x8F, 0x9F, 0x61, 0xEE, 0x83, 0x2E, 0x00, 0x8F, 0x05, 0xFC,
    0xF8, 0x73, 0x4D, 0xEF, 0x97, 0xC7, 0x96, 0xF4, 0xEB, 0x7A, 0x42, 0xD6, 0xAB, 0x73, 0x46, 0xBD,
    0xFA, 0xB0, 0xC6, 0x67, 0x6F, 0xD4, 0x98, 0x5A, 0x63, 0x08, 0x63, 0xB2, 0x7D, 0x8D, 0xAE, 0xAB,
    0xA2, 0xC6, 0xDF, 0xA7, 0xFE, 0x23, 0x5F, 0x7A, 0x31, 0x13, 0xB2, 0x0D, 0x70, 0xD2, 0x0C, 0x4E,
    0xFC, 0x9E, 0x9C, 0xF8, 0x55, 0x92, 0x95, 0x85, 0x2C, 0x69, 0xF1, 0x13, 0xBF, 0x13, 0xFF, 0x00,
    0xB5, 0xD2, 0x21, 0x8C, 0xD4, 0x4C, 0x18, 0xC6, 0xF1, 0xDF, 0xB6, 0xA2, 0xA2, 0xC9, 0x37, 0x3E,
    0x5F, 0x72, 0x6B, 0x31, 0x6C, 0x0D, 0xF2, 0x0A, 0xF5, 0x06, 0xEF, 0x7D, 0xCE, 0x27, 0x7B, 0xD9,
    0x7A, 0x85, 0x4F, 0x40, 0xE1, 0xD5, 0x89, 0x15, 0x1B, 0xB6, 0x5E, 0xD5, 0x61, 0x2B, 0xB0, 0x24,
    0x15, 0x2B, 0x0A, 0x39, 0x18, 0x3A, 0xB7, 0xA5, 0x09, 0x04, 0x09, 0xE2, 0xFF, 0xA6, 0x79, 0xDE,
    0x67, 0xFE, 0x99, 0xA4, 0xE3, 0x03, 0x42, 0x4F, 0x76, 0x41, 0x8D, 0xC0, 0xE1, 0x63, 0x97, 0xC5,
    0xAF, 0x7D, 0xD9, 0x6F, 0xC7, 0xD0, 0xE4, 0xE3, 0xCE, 0xE6, 0x52, 0xF3, 0x3B, 0x29, 0x4F, 0xFB,
    0x61, 0xEE, 0xCD, 0xFD, 0xD8, 0xB8, 0x9B, 0xAE, 0xAE, 0xED, 0x48, 0x35, 0x53, 0x5F, 0xD8, 0x9F,
    0x38, 0xEE, 0xD3, 0x89, 0xB9, 0xBD, 0x93, 0x0D, 0x5B, 0x79, 0x1F, 0x9A, 0xA2, 0x0B, 0x6D, 0xD9,
    0xCD, 0xB3, 0xC9, 0xFB, 0x39, 0x19, 0x2A, 0xD9, 0xF8, 0xF2, 0xEA, 0x9D, 0x4E, 0x9C, 0xCE, 0x31,
    0x3E, 0x2E, 0x74, 0x89, 0xA3, 0xE2, 0xAF, 0xF0, 0x2A, 0xC6, 0xCB, 0x13, 0x08, 0x2D, 0x45, 0x4F,
    0x36, 0x62, 0xC2, 0x3D, 0x2A, 0x84, 0x8E, 0x7C, 0x60, 0x73, 0xC1, 0x31, 0x91, 0xBE, 0x53, 0x76,
    0xDD, 0x55, 0x4B, 0x77, 0x4A, 0x67, 0x93, 0xE3, 0xEA, 0x4A, 0xCE, 0xE4, 0x5E, 0x98, 0x12, 0x28,
    0x5A, 0x04, 0xB8, 0x81, 0x5B, 0x8B, 0xD4, 0x88, 0x6C, 0x40, 0xDE, 0xA1, 0x6C, 0x00, 0xD6, 0xD6,
    0xC3, 0xDA, 0xEA, 0x7F, 0x69, 0x05, 0x78, 0xBE, 0xD6, 0x10, 0xD6, 0x78, 0x0B, 0x3B, 0xA8, 0x1D,
    0x06, 0x7B, 0x87, 0xD1, 0x91, 0xD1, 0x85, 0x8B, 0x91, 0xE3, 0x66, 0x64, 0x9F, 0x8C, 0xB7, 0xC9,
    0x58, 0x17, 0x1D, 0xBB, 0xB2, 0x25, 0x24, 0x49, 0x78, 0x8D, 0xF2, 0x1D, 0x8A, 0xCF, 0xC8, 0x1F,
    0x97, 0x51, 0x4C, 0xD9, 0xA4, 0x8A, 0x65, 0x54, 0x97, 0x6F, 0x43, 0x7B, 0xCC, 0x3F, 0x15, 0xDD,
    0x6C, 0xCA, 0x97, 0x91, 0x3F, 0x14, 0xDD, 0xFD, 0x7F, 0x75, 0x68, 0xAB, 0xC7, 0x2A, 0x2A, 0xC7,
    0x62, 0x62, 0x13, 0x27, 0xC5, 0x4C, 0x99, 0xB4, 0xFF, 0x86, 0x18, 0x89, 0x4F, 0xB7, 0xF3, 0xA2,
    0x8A, 0xFD, 0x54, 0x97, 0x71, 0x7C, 0xE6, 0xD0, 0x02, 0x7F, 0xCA, 0x03, 0x6E, 0x70, 0x6B, 0xFD,
    0x43, 0xD9, 0x40, 0xDE, 0xB9, 0xDE, 0xD3, 0x9A, 0x7B, 0xC0, 0x48, 0xDE, 0x03, 0x64, 0x1D, 0x55,
    0xA7, 0xF8, 0xDE, 0x38, 0x0C, 0xCA, 0x6F, 0x1C, 0xDE, 0x70, 0xC2, 0xB9, 0x61, 0x3B, 0xB1, 0x39,
    0xF7, 0xD2, 0x82, 0x73, 0x47, 0x31, 0xA3, 0x81, 0x9F, 0xAF, 0x18, 0xDE, 0x2F, 0xFD, 0x2A, 0xF5,
    0x63, 0xCB, 0xF6, 0xCB, 0xD2, 0x2F, 0x67, 0xEE, 0x92, 0x9F, 0xD9, 0xF3, 0x7F, 0xF2, 0xB7, 0x1C,
    0x01, 0x58, 0x3D, 0x3F, 0x00, 0x63, 0xFC, 0xDF, 0xFC, 0x81, 0xFD, 0x7F, 0xFB, 0x07, 0x7E, 0x07,
    0x66, 0x20, 0x66, 0x60, 0x80, 0xE1, 0xFF, 0xFF, 0xFF, 0x3F, 0x00, 0x61, 0xA0, 0x38, 0xC9, 0x98,
    0xF1, 0xFF, 0xE1, 0x07, 0xEC, 0x40, 0x8C, 0x2E, 0xFE, 0x1F, 0x28, 0x06, 0xC4, 0x64, 0x99, 0x09,
    0x00,
};

static const EpdGlyph terminalmono_14_regularGlyphs[] = {
    { 0, 0, 0, 0, 0, 0, 0 }, // U+0000
    { 0, 0, 280, 0, 0, 0, 0 }, // U+000D
    { 0, 0, 280, 0, 0, 0, 0 }, // U+0020
    { 5, 20, 280, 6, 20, 25, 0 }, // !
    { 8, 9, 280, 5, 21, 18, 25 }, // "
    { 17, 20, 280, 0, 20, 85, 43 }, // #
    { 16, 26, 280, 1, 23, 104, 128 }, // $
    { 17, 20, 280, 0, 20, 85, 232 }, // %
    { 17, 20, 280, 0, 20, 85, 317 }, // &
    { 3, 9, 280, 7, 21, 7, 402 }, // '
    { 10, 26, 280, 5, 22, 65, 409 }, // (
    { 9, 26, 280, 3, 22, 59, 474 }, // )
    { 16, 15, 280, 1, 16, 60, 533 }, // *
    { 15, 16, 280, 1, 17, 60, 593 }, // +
    { 7, 8, 280, 5, 4, 14, 653 }, // ,
    { 9, 2, 280, 4, 10, 5, 667 }, // -
    { 5, 4, 280, 6, 4, 5, 672 }, // .
    { 13, 26, 280, 2, 22, 85, 677 }, // /
    { 15, 20, 280, 1, 20, 75, 762 }, // 0
    { 16, 20, 280, 1, 20, 80, 837 }, // 1
    { 15, 20, 280, 1, 20, 75, 917 }, // 2
    { 15, 20, 280, 1, 20, 75, 992 }, // 3
    { 17, 20, 280, 0, 20, 85, 1067 }, // 4
    { 14, 20, 280, 2, 20, 70, 1152 }, // 5
    { 15, 20, 280, 1, 20, 75, 1222 }, // 6
    { 15, 20, 280, 1, 20, 75, 1297 }, // 7
    { 15, 20, 280, 1, 20, 75, 1372 }, // 8
    { 15, 20, 280, 1, 20, 75, 1447 }, // 9
    { 5, 15, 280, 6, 15, 19, 1522 }, // :
    { 7, 19, 280, 5, 15, 34, 1541 }, // ;
    { 13, 17, 280, 2, 17, 56, 1575 }, // <
    { 15, 8, 280, 1, 13, 30, 1631 }, // =
    { 13, 17, 280, 2, 17, 56, 1661 }, // >
    { 13, 20, 280, 2, 20, 65, 1717 }, // ?
    { 15, 23, 280, 1, 20, 87, 1782 }, // @
    { 17, 20, 280, 0, 20, 85, 1869 }, // A
    { 14, 20, 280, 2, 20, 70, 1954 }, // B
    { 14, 20, 280, 2, 20, 70, 2024 }, // C
    { 14, 20, 280, 2, 20, 70, 2094 }, // D
    { 14, 20, 280, 2, 20, 70, 2164 }, // E
    { 14, 20, 280, 2, 20, 70, 2234 }, // F
    { 15, 20, 280, 1, 20, 75, 2304 }, // G
    { 14, 20, 280, 2, 20, 70, 2379 }, // H
    { 13, 20, 280, 2, 20, 65, 2449 }, // I
    { 12, 20, 280, 2, 20, 60, 2514 }, // J
    { 15, 20, 280, 2, 20, 75, 2574 }, // K
    { 13, 20, 280, 3, 20, 65, 2649 }, // L
    { 15, 20, 280, 1, 20, 75, 2714 }, // M
    { 14, 20, 280, 2, 20, 70, 2789 }, // N
    { 15, 20, 280, 1, 20, 75, 2859 }, // O
    { 14, 20, 280, 2, 20, 70, 2934 }, // P
    { 15, 25, 280, 1, 20, 94, 3004 }, // Q
    { 14, 20, 280, 2, 20, 70, 3098 }, // R
    { 15, 20, 280, 1, 20, 75, 3168 }, // S
    { 17, 20, 280, 0, 20, 85, 3243 }, // T
    { 14, 20, 280, 2, 20, 70, 3328 }, // U
    { 16, 20, 280, 1, 20, 80, 3398 }, // V
    { 16, 20, 280, 1, 20, 80, 3478 }, // W
    { 17, 20, 280, 0, 20, 85, 3558 }, // X
    { 17, 20, 280, 0, 20, 85, 3643 }, // Y
    { 16, 20, 280, 1, 20, 80, 3728 }, // Z
    { 9, 26, 280, 6, 22, 59, 3808 }, // [
    { 13, 26, 280, 2, 22, 85, 3867 }, // <backslash>
    { 9, 26, 280, 2, 22, 59, 3952 }, // ]
    { 16, 12, 280, 1, 20, 48, 4011 }, // ^
    { 15, 2, 280, 1, -3, 8, 4059 }, // _
    { 5, 6, 280, 5, 23, 8, 4067 }, // `
    { 15, 15, 280, 1, 15, 57, 4075 }, // a
    { 14, 21, 280, 2, 21, 74, 4132 }, // b
    { 13, 15, 280, 2, 15, 49, 4206 }, // c
    { 14, 21, 280, 1, 21, 74, 4255 }, // d
    { 15, 15, 280, 1, 15, 57, 4329 }, // e
    { 14, 21, 280, 2, 21, 74, 4386 }, // f
    { 16, 23, 280, 1, 17, 92, 4460 }, // g
    { 13, 21, 280, 2, 21, 69, 4552 }, // h
    { 13, 21, 280, 3, 21, 69, 4621 }, // i
    { 12, 27, 280, 2, 21, 81, 4690 }, // j
    { 14, 21, 280, 3, 21, 74, 4771 }, // k
    { 14, 21, 280, 2, 21, 74, 4845 }, // l
    { 15, 15, 280, 1, 15, 57, 4919 }, // m
    { 13, 15, 280, 2, 15, 49, 4976 }, // n
    { 15, 15, 280, 1, 15, 57, 5025 }, // o
    { 14, 21, 280, 2, 15, 74, 5082 }, // p
    { 14, 21, 280, 1, 15, 74, 5156 }, // q
    { 15, 15, 280, 2, 15, 57, 5230 }, // r
    { 15, 15, 280, 1, 15, 57, 5287 }, // s
    { 15, 20, 280, 1, 20, 75, 5344 }, // t
    { 13, 15, 280, 2, 15, 49, 5419 }, // u
    { 15, 15, 280, 1, 15, 57, 5468 }, // v
    { 17, 15, 280, 0, 15, 64, 5525 }, // w
    { 15, 15, 280, 1, 15, 57, 5589 }, // x
    { 15, 21, 280, 1, 15, 79, 5646 }, // y
    { 13, 15, 280, 2, 15, 49, 5725 }, // z
    { 12, 26, 280, 3, 22, 78, 5774 }, // {
    { 3, 26, 280, 7, 22, 20, 5852 }, // |
    { 12, 26, 280, 3, 22, 78, 5872 }, // }
    { 15, 6, 280, 1, 12, 23, 5950 }, // ~
    { 0, 0, 280, 0, 0, 0, 0 }, // U+00A0
    { 5, 21, 280, 6, 15, 27, 0 }, // U+00A1
    { 13, 21, 280, 2, 18, 69, 27 }, // U+00A2
    { 15, 20, 280, 1, 20, 75, 96 }, // U+00A3
    { 14, 19, 280, 2, 20, 67, 171 }, // U+00A4
    { 17, 20, 280, 0, 20, 85, 238 }, // U+00A5
    { 3, 26, 280, 7, 22, 20, 323 }, // U+00A6
    { 14, 25, 280, 2, 20, 88, 343 }, // U+00A7
    { 10, 3, 280, 4, 21, 8, 431 }, // U+00A8
    { 18, 19, 280, 0, 20, 86, 439 }, // U+00A9
    { 10, 10, 280, 4, 20, 25, 525 }, // U+00AA
    { 14, 12, 280, 2, 14, 42, 550 }, // U+00AB
    { 15, 8, 280, 1, 10, 30, 592 }, // U+00AC
    { 9, 2, 280, 4, 10, 5, 622 }, // U+00AD
    { 11, 10, 280, 3, 20, 28, 627 }, // U+00AE
    { 9, 2, 280, 4, 20, 5, 655 }, // U+00AF
    { 11, 9, 280, 3, 20, 25, 660 }, // U+00B0
    { 15, 18, 280, 1, 18, 68, 685 }, // U+00B1
    { 9, 11, 280, 4, 20, 25, 753 }, // U+00B2
    { 9, 11, 280, 4, 20, 25, 778 }, // U+00B3
    { 5, 6, 280, 7, 23, 8, 803 }, // U+00B4
    { 13, 21, 280, 2, 15, 69, 811 }, // U+00B5
    { 14, 24, 280, 1, 20, 84, 880 }, // U+00B6
    { 5, 4, 280, 6, 11, 5, 964 }, // U+00B7
    { 7, 6, 280, 6, 1, 11, 969 }, // U+00B8
    { 9, 11, 280, 4, 20, 25, 980 }, // U+00B9
    { 10, 10, 280, 4, 20, 25, 1005 }, // U+00BA
    { 15, 12, 280, 1, 14, 45, 1030 }, // U+00BB
    { 17, 20, 280, 0, 20, 85, 1075 }, // U+00BC
    { 17, 20, 280, 0, 20, 85, 1160 }, // U+00BD
    { 17, 20, 280, 0, 20, 85, 1245 }, // U+00BE
    { 14, 21, 280, 2, 15, 74, 1330 }, // U+00BF
    { 17, 28, 280, 0, 28, 119, 1404 }, // U+00C0
    { 17, 28, 280, 0, 28, 119, 1523 }, // U+00C1
    { 17, 27, 280, 0, 27, 115, 1642 }, // U+00C2
    { 17, 26, 280, 0, 26, 111, 1757 }, // U+00C3
    { 17, 26, 280, 0, 26, 111, 1868 }, // U+00C4
    { 17, 27, 280, 0, 27, 115, 1979 }, // U+00C5
    { 17, 20, 280, 0, 20, 85, 2094 }, // U+00C6
    { 14, 25, 280, 2, 20, 88, 2179 }, // U+00C7
    { 14, 28, 280, 2, 28, 98, 2267 }, // U+00C8
    { 14, 28, 280, 2, 28, 98, 2365 }, // U+00C9
    { 14, 27, 280, 2, 27, 95, 2463 }, // U+00CA
    { 14, 26, 280, 2, 26, 91, 2558 }, // U+00CB
    { 13, 28, 280, 2, 28, 91, 2649 }, // U+00CC
    { 13, 28, 280, 2, 28, 91, 2740 }, // U+00CD
    { 13, 27, 280, 2, 27, 88, 2831 }, // U+00CE
    { 13, 26, 280, 2, 26, 85, 2919 }, // U+00CF
    { 16, 20, 280, 0, 20, 80, 3004 }, // U+00D0
    { 14, 26, 280, 2, 26, 91, 3084 }, // U+00D1
    { 15, 28, 280, 1, 28, 105, 3175 }, // U+00D2
    { 15, 28, 280, 1, 28, 105, 3280 }, // U+00D3
    { 15, 27, 280, 1, 27, 102, 3385 }, // U+00D4
    { 15, 26, 280, 1, 26, 98, 3487 }, // U+00D5
    { 15, 26, 280, 1, 26, 98, 3585 }, // U+00D6
    { 13, 13, 280, 2, 15, 43, 3683 }, // U+00D7
    { 16, 22, 280, 1, 21, 88, 3726 }, // U+00D8
    { 14, 28, 280, 2, 28, 98, 3814 }, // U+00D9
    { 14, 28, 280, 2, 28, 98, 3912 }, // U+00DA
    { 14, 27, 280, 2, 27, 95, 4010 }, // U+00DB
    { 14, 26, 280, 2, 26, 91, 4105 }, // U+00DC
    { 17, 28, 280, 0, 28, 119, 4196 }, // U+00DD
    { 14, 20, 280, 2, 20, 70, 4315 }, // U+00DE
    { 15, 27, 280, 2, 21, 102, 4385 }, // U+00DF
    { 15, 23, 280, 1, 23, 87, 4487 }, // U+00E0
    { 15, 23, 280, 1, 23, 87, 4574 }, // U+00E1
    { 15, 22, 280, 1, 22, 83, 4661 }, // U+00E2
    { 15, 20, 280, 1, 20, 75, 4744 }, // U+00E3
    { 15, 21, 280, 1, 21, 79, 4819 }, // U+00E4
    { 15, 23, 280, 1, 23, 87, 4898 }, // U+00E5
    { 17, 15, 280, 0, 15, 64, 4985 }, // U+00E6
    { 13, 20, 280, 2, 15, 65, 5049 }, // U+00E7
    { 15, 23, 280, 1, 23, 87, 5114 }, // U+00E8
    { 15, 23, 280, 1, 23, 87, 5201 }, // U+00E9
    { 15, 22, 280, 1, 22, 83, 5288 }, // U+00EA
    { 15, 21, 280, 1, 21, 79, 5371 }, // U+00EB
    { 13, 23, 280, 3, 23, 75, 5450 }, // U+00EC
    { 13, 23, 280, 3, 23, 75, 5525 }, // U+00ED
    { 13, 22, 280, 3, 22, 72, 5600 }, // U+00EE
    { 13, 21, 280, 3, 21, 69, 5672 }, // U+00EF
    { 15, 22, 280, 1, 22, 83, 5741 }, // U+00F0
    { 13, 20, 280, 2, 20, 65, 5824 }, // U+00F1
    { 15, 23, 280, 1, 23, 87, 5889 }, // U+00F2
    { 15, 23, 280, 1, 23, 87, 5976 }, // U+00F3
    { 15, 22, 280, 1, 22, 83, 6063 }, // U+00F4
    { 15, 20, 280, 1, 20, 75, 6146 }, // U+00F5
    { 15, 21, 280, 1, 21, 79, 6221 }, // U+00F6
    { 15, 14, 280, 1, 16, 53, 6300 }, // U+00F7
    { 16, 17, 280, 1, 16, 68, 6353 }, // U+00F8
    { 13, 23, 280, 2, 23, 75, 6421 }, // U+00F9
    { 13, 23, 280, 2, 23, 75, 6496 }, // U+00FA
    { 13, 22, 280, 2, 22, 72, 6571 }, // U+00FB
    { 13, 21, 280, 2, 21, 69, 6643 }, // U+00FC
    { 15, 29, 280, 1, 23, 109, 6712 }, // U+00FD
    { 14, 27, 280, 2, 21, 95, 6821 }, // U+00FE
    { 15, 27, 280, 1, 21, 102, 6916 }, // U+00FF
    { 17, 25, 280, 0, 25, 107, 0 }, // U+0100
    { 15, 20, 280, 1, 20, 75, 107 }, // U+0101
    { 17, 28, 280, 0, 28, 119, 182 }, // U+0102
    { 15, 23, 280, 1, 23, 87, 301 }, // U+0103
    { 18, 26, 280, 0, 20, 117, 388 }, // U+0104
    { 16, 21, 280, 1, 15, 84, 505 }, // U+0105
    { 14, 28, 280, 2, 28, 98, 589 }, // U+0106
    { 13, 23, 280, 2, 23, 75, 687 }, // U+0107
    { 14, 27, 280, 2, 27, 95, 762 }, // U+0108
    { 13, 22, 280, 2, 22, 72, 857 }, // U+0109
    { 14, 26, 280, 2, 26, 91, 929 }, // U+010A
    { 13, 21, 280, 2, 21, 69, 1020 }, // U+010B
    { 14, 27, 280, 2, 27, 95, 1089 }, // U+010C
    { 13, 22, 280, 2, 22, 72, 1184 }, // U+010D
    { 14, 27, 280, 2, 27, 95, 1256 }, // U+010E
    { 18, 21, 280, 1, 21, 95, 1351 }, // U+010F
    { 16, 20, 280, 0, 20, 80, 1446 }, // U+0110
    { 16, 21, 280, 1, 21, 84, 1526 }, // U+0111
    { 14, 25, 280, 2, 25, 88, 1610 }, // U+0112
    { 15, 20, 280, 1, 20, 75, 1698 }, // U+0113
    { 14, 28, 280, 2, 28, 98, 1773 }, // U+0114
    { 15, 23, 280, 1, 23, 87, 1871 }, // U+0115
    { 14, 26, 280, 2, 26, 91, 1958 }, // U+0116
    { 15, 21, 280, 1, 21, 79, 2049 }, // U+0117
    { 14, 26, 280, 2, 20, 91, 2128 }, // U+0118
    { 15, 21, 280, 1, 15, 79, 2219 }, // U+0119
    { 14, 27, 280, 2, 27, 95, 2298 }, // U+011A
    { 15, 22, 280, 1, 22, 83, 2393 }, // U+011B
    { 15, 27, 280, 1, 27, 102, 2476 }, // U+011C
    { 16, 28, 280, 1, 22, 112, 2578 }, // U+011D
    { 15, 28, 280, 1, 28, 105, 2690 }, // U+011E
    { 16, 29, 280, 1, 23, 116, 2795 }, // U+011F
    { 15, 26, 280, 1, 26, 98, 2911 }, // U+0120
    { 16, 27, 280, 1, 21, 108, 3009 }, // U+0121
    { 15, 28, 280, 1, 20, 105, 3117 }, // U+0122
    { 16, 29, 280, 1, 23, 116, 3222 }, // U+0123
    { 14, 27, 280, 2, 27, 95, 3338 }, // U+0124
    { 16, 27, 280, -1, 27, 108, 3433 }, // U+0125
    { 18, 20, 280, 0, 20, 90, 3541 }, // U+0126
    { 15, 21, 280, 0, 21, 79, 3631 }, // U+0127
    { 13, 26, 280, 2, 26, 85, 3710 }, // U+0128
    { 13, 20, 280, 3, 20, 65, 3795 }, // U+0129
    { 13, 25, 280, 2, 25, 82, 3860 }, // U+012A
    { 13, 20, 280, 3, 20, 65, 3942 }, // U+012B
    { 13, 28, 280, 2, 28, 91, 4007 }, // U+012C
    { 13, 23, 280, 3, 23, 75, 4098 }, // U+012D
    { 14, 26, 280, 2, 20, 91, 4173 }, // U+012E
    { 14, 27, 280, 3, 21, 95, 4264 }, // U+012F
    { 13, 26, 280, 2, 26, 85, 4359 }, // U+0130
    { 13, 15, 280, 3, 15, 49, 4444 }, // U+0131
    { 13, 20, 280, 2, 20, 65, 4493 }, // U+0132
    { 14, 27, 280, 2, 21, 95, 4558 }, // U+0133
    { 12, 27, 280, 2, 27, 81, 4653 }, // U+0134
    { 15, 28, 280, 2, 22, 105, 4734 }, // U+0135
    { 15, 28, 280, 2, 20, 105, 4839 }, // U+0136
    { 14, 29, 280, 3, 21, 102, 4944 }, // U+0137
    { 14, 15, 280, 3, 15, 53, 5046 }, // U+0138
    { 13, 28, 280, 3, 28, 91, 5099 }, // U+0139
    { 14, 28, 280, 2, 28, 98, 5190 }, // U+013A
    { 13, 28, 280, 3, 20, 91, 5288 }, // U+013B
    { 14, 29, 280, 2, 21, 102, 5379 }, // U+013C
    { 13, 22, 280, 3, 22, 72, 5481 }, // U+013D
    { 14, 22, 280, 2, 22, 77, 5553 }, // U+013E
    { 13, 20, 280, 3, 20, 65, 5630 }, // U+013F
    { 15, 21, 280, 2, 21, 79, 5695 }, // U+0140
    { 15, 20, 280, 1, 20, 75, 5774 }, // U+0141
    { 14, 21, 280, 2, 21, 74, 5849 }, // U+0142
    { 14, 28, 280, 2, 28, 98, 5923 }, // U+0143
    { 13, 23, 280, 2, 23, 75, 6021 }, // U+0144
    { 14, 28, 280, 2, 20, 98, 6096 }, // U+0145
    { 13, 23, 280, 2, 15, 75, 6194 }, // U+0146
    { 14, 27, 280, 2, 27, 95, 6269 }, // U+0147
    { 13, 22, 280, 2, 22, 72, 6364 }, // U+0148
    { 15, 21, 280, 0, 21, 79, 6436 }, // U+0149
    { 14, 26, 280, 2, 20, 91, 6515 }, // U+014A
    { 13, 21, 280, 2, 15, 69, 6606 }, // U+014B
    { 15, 25, 280, 1, 25, 94, 6675 }, // U+014C
    { 15, 20, 280, 1, 20, 75, 6769 }, // U+014D
    { 15, 28, 280, 1, 28, 105, 6844 }, // U+014E
    { 15, 23, 280, 1, 23, 87, 6949 }, // U+014F
    { 15, 28, 280, 1, 28, 105, 7036 }, // U+0150
    { 15, 23, 280, 1, 23, 87, 7141 }, // U+0151
    { 16, 20, 280, 1, 20, 80, 7228 }, // U+0152
    { 17, 15, 280, 0, 15, 64, 7308 }, // U+0153
    { 14, 28, 280, 2, 28, 98, 7372 }, // U+0154
    { 15, 23, 280, 2, 23, 87, 7470 }, // U+0155
    { 14, 28, 280, 2, 20, 98, 7557 }, // U+0156
    { 15, 23, 280, 2, 15, 87, 7655 }, // U+0157
    { 14, 27, 280, 2, 27, 95, 7742 }, // U+0158
    { 15, 22, 280, 2, 22, 83, 7837 }, // U+0159
    { 15, 28, 280, 1, 28, 105, 7920 }, // U+015A
    { 15, 23, 280, 1, 23, 87, 8025 }, // U+015B
    { 15, 27, 280, 1, 27, 102, 8112 }, // U+015C
    { 15, 22, 280, 1, 22, 83, 8214 }, // U+015D
    { 15, 25, 280, 1, 20, 94, 8297 }, // U+015E
    { 15, 20, 280, 1, 15, 75, 8391 }, // U+015F
    { 15, 27, 280, 1, 27, 102, 8466 }, // U+0160
    { 15, 22, 280, 1, 22, 83, 8568 }, // U+0161
    { 17, 26, 280, 0, 20, 111, 8651 }, // U+0162
    { 15, 26, 280, 1, 20, 98, 8762 }, // U+0163
    { 17, 27, 280, 0, 27, 115, 8860 }, // U+0164
    { 15, 23, 280, 1, 23, 87, 8975 }, // U+0165
    { 17, 20, 280, 0, 20, 85, 9062 }, // U+0166
    { 15, 20, 280, 1, 20, 75, 9147 }, // U+0167
    { 14, 26, 280, 2, 26, 91, 9222 }, // U+0168
    { 13, 20, 280, 2, 20, 65, 9313 }, // U+0169
    { 14, 25, 280, 2, 25, 88, 9378 }, // U+016A
    { 13, 20, 280, 2, 20, 65, 9466 }, // U+016B
    { 14, 28, 280, 2, 28, 98, 9531 }, // U+016C
    { 13, 23, 280, 2, 23, 75, 9629 }, // U+016D
    { 14, 27, 280, 2, 27, 95, 9704 }, // U+016E
    { 13, 23, 280, 2, 23, 75, 9799 }, // U+016F
    { 14, 28, 280, 2, 28, 98, 9874 }, // U+0170
    { 13, 23, 280, 2, 23, 75, 9972 }, // U+0171
    { 14, 26, 280, 2, 20, 91, 10047 }, // U+0172
    { 14, 21, 280, 2, 15, 74, 10138 }, // U+0173
    { 16, 27, 280, 1, 27, 108, 10212 }, // U+0174
    { 17, 22, 280, 0, 22, 94, 10320 }, // U+0175
    { 17, 27, 280, 0, 27, 115, 10414 }, // U+0176
    { 15, 28, 280, 1, 22, 105, 10529 }, // U+0177
    { 17, 26, 280, 0, 26, 111, 10634 }, // U+0178
    { 16, 28, 280, 1, 28, 112, 10745 }, // U+0179
    { 13, 23, 280, 2, 23, 75, 10857 }, // U+017A
    { 16, 26, 280, 1, 26, 104, 10932 }, // U+017B
    { 13, 21, 280, 2, 21, 69, 11036 }, // U+017C
    { 16, 27, 280, 1, 27, 108, 11105 }, // U+017D
    { 13, 22, 280, 2, 22, 72, 11213 }, // U+017E
    { 14, 21, 280, 2, 21, 74, 11285 }, // U+017F
    { 15, 23, 280, 1, 23, 87, 0 }, // U+01A0
    { 15, 18, 280, 1, 18, 68, 87 }, // U+01A1
    { 16, 23, 280, 2, 23, 92, 155 }, // U+01AF
    { 16, 18, 280, 2, 18, 72, 247 }, // U+01B0
    { 17, 27, 280, 0, 27, 115, 319 }, // U+01CD
    { 15, 22, 280, 1, 22, 83, 434 }, // U+01CE
    { 13, 27, 280, 2, 27, 88, 517 }, // U+01CF
    { 13, 22, 280, 3, 22, 72, 605 }, // U+01D0
    { 15, 27, 280, 1, 27, 102, 677 }, // U+01D1
    { 15, 22, 280, 1, 22, 83, 779 }, // U+01D2
    { 14, 27, 280, 2, 27, 95, 862 }, // U+01D3
    { 13, 22, 280, 2, 22, 72, 957 }, // U+01D4
    { 14, 29, 280, 2, 29, 102, 1029 }, // U+01D5
    { 13, 24, 280, 2, 24, 78, 1131 }, // U+01D6
    { 14, 31, 280, 2, 31, 109, 1209 }, // U+01D7
    { 13, 26, 280, 2, 26, 85, 1318 }, // U+01D8
    { 14, 32, 280, 2, 32, 112, 1403 }, // U+01D9
    { 13, 27, 280, 2, 27, 88, 1515 }, // U+01DA
    { 14, 31, 280, 2, 31, 109, 1603 }, // U+01DB
    { 13, 26, 280, 2, 26, 85, 1712 }, // U+01DC
    { 17, 32, 280, 0, 32, 136, 1797 }, // U+01FA
    { 15, 28, 280, 1, 28, 105, 1933 }, // U+01FB
    { 17, 28, 280, 0, 28, 119, 2038 }, // U+01FC
    { 17, 23, 280, 0, 23, 98, 2157 }, // U+01FD
    { 16, 29, 280, 1, 28, 116, 2255 }, // U+01FE
    { 16, 24, 280, 1, 23, 96, 2371 }, // U+01FF
    { 15, 28, 280, 1, 20, 105, 2467 }, // U+0218
    { 15, 23, 280, 1, 15, 87, 2572 }, // U+0219
    { 17, 28, 280, 0, 20, 119, 2659 }, // U+021A
    { 15, 28, 280, 1, 20, 105, 2778 }, // U+021B
    { 6, 6, 0, -4, 23, 9, 0 }, // U+0300
    { 6, 6, 0, -2, 23, 9, 9 }, // U+0301
    { 10, 5, 0, -5, 22, 13, 18 }, // U+0302
    { 10, 3, 0, -5, 20, 8, 31 }, // U+0303
    { 10, 2, 0, -5, 20, 5, 39 }, // U+0304
    { 10, 6, 0, -5, 23, 15, 44 }, // U+0306
    { 4, 3, 0, -2, 21, 3, 59 }, // U+0307
    { 10, 3, 0, -5, 21, 8, 62 }, // U+0308
    { 6, 6, 0, -3, 23, 9, 70 }, // U+0309
    { 8, 6, 0, -4, 23, 12, 79 }, // U+030A
    { 10, 6, 0, -4, 23, 15, 91 }, // U+030B
    { 10, 5, 0, -5, 22, 13, 106 }, // U+030C
    { 5, 6, 0, -2, 23, 8, 119 }, // U+0312
    { 4, 6, 0, 0, 22, 6, 127 }, // U+0315
    { 6, 5, 0, -3, 18, 8, 133 }, // U+031B
    { 4, 3, 0, -2, -2, 3, 141 }, // U+0323
    { 5, 6, 0, -3, -2, 8, 144 }, // U+0326
    { 7, 6, 0, -3, 1, 11, 152 }, // U+0327
    { 7, 6, 0, -6, 0, 11, 163 }, // U+0328
    { 14, 28, 280, 2, 28, 98, 0 }, // U+0400
    { 14, 26, 280, 2, 26, 91, 98 }, // U+0401
    { 17, 25, 280, 0, 20, 107, 189 }, // U+0402
    { 13, 28, 280, 3, 28, 91, 296 }, // U+0403
    { 15, 20, 280, 1, 20, 75, 387 }, // U+0404
    { 15, 20, 280, 1, 20, 75, 462 }, // U+0405
    { 13, 20, 280, 2, 20, 65, 537 }, // U+0406
    { 13, 26, 280, 2, 26, 85, 602 }, // U+0407
    { 12, 20, 280, 2, 20, 60, 687 }, // U+0408
    { 19, 20, 280, -1, 20, 95, 747 }, // U+0409
    { 17, 20, 280, 1, 20, 85, 842 }, // U+040A
    { 17, 20, 280, 0, 20, 85, 927 }, // U+040B
    { 14, 28, 280, 2, 28, 98, 1012 }, // U+040C
    { 14, 28, 280, 2, 28, 98, 1110 }, // U+040D
    { 16, 28, 280, 1, 28, 112, 1208 }, // U+040E
    { 13, 24, 280, 2, 20, 78, 1320 }, // U+040F
    { 17, 20, 280, 0, 20, 85, 1398 }, // U+0410
    { 14, 20, 280, 2, 20, 70, 1483 }, // U+0411
    { 14, 20, 280, 2, 20, 70, 1553 }, // U+0412
    { 13, 20, 280, 3, 20, 65, 1623 }, // U+0413
    { 17, 24, 280, 0, 20, 102, 1688 }, // U+0414
    { 14, 20, 280, 2, 20, 70, 1790 }, // U+0415
    { 18, 20, 280, 0, 20, 90, 1860 }, // U+0416
    { 15, 20, 280, 1, 20, 75, 1950 }, // U+0417
    { 14, 20, 280, 2, 20, 70, 2025 }, // U+0418
    { 14, 28, 280, 2, 28, 98, 2095 }, // U+0419
    { 14, 20, 280, 2, 20, 70, 2193 }, // U+041A
    { 16, 20, 280, 0, 20, 80, 2263 }, // U+041B
    { 15, 20, 280, 1, 20, 75, 2343 }, // U+041C
    { 14, 20, 280, 2, 20, 70, 2418 }, // U+041D
    { 15, 20, 280, 1, 20, 75, 2488 }, // U+041E
    { 13, 20, 280, 2, 20, 65, 2563 }, // U+041F
    { 14, 20, 280, 2, 20, 70, 2628 }, // U+0420
    { 14, 20, 280, 2, 20, 70, 2698 }, // U+0421
    { 17, 20, 280, 0, 20, 85, 2768 }, // U+0422
    { 16, 20, 280, 1, 20, 80, 2853 }, // U+0423
    { 17, 22, 280, 0, 21, 94, 2933 }, // U+0424
    { 17, 20, 280, 0, 20, 85, 3027 }, // U+0425
    { 15, 24, 280, 2, 20, 90, 3112 }, // U+0426
    { 14, 20, 280, 1, 20, 70, 3202 }, // U+0427
    { 16, 20, 280, 1, 20, 80, 3272 }, // U+0428
    { 17, 24, 280, 1, 20, 102, 3352 }, // U+0429
    { 17, 20, 280, 0, 20, 85, 3454 }, // U+042A
    { 16, 20, 280, 1, 20, 80, 3539 }, // U+042B
    { 14, 20, 280, 2, 20, 70, 3619 }, // U+042C
    { 15, 20, 280, 1, 20, 75, 3689 }, // U+042D
    { 16, 20, 280, 1, 20, 80, 3764 }, // U+042E
    { 14, 20, 280, 1, 20, 70, 3844 }, // U+042F
    { 15, 15, 280, 1, 15, 57, 3914 }, // U+0430
    { 14, 21, 280, 2, 21, 74, 3971 }, // U+0431
    { 13, 15, 280, 3, 15, 49, 4045 }, // U+0432
    { 12, 15, 280, 3, 15, 45, 4094 }, // U+0433
    { 17, 19, 280, 0, 15, 81, 4139 }, // U+0434
    { 15, 15, 280, 1, 15, 57, 4220 }, // U+0435
    { 17, 15, 280, 0, 15, 64, 4277 }, // U+0436
    { 14, 15, 280, 1, 15, 53, 4341 }, // U+0437
    { 13, 15, 280, 2, 15, 49, 4394 }, // U+0438
    { 13, 23, 280, 2, 23, 75, 4443 }, // U+0439
    { 13, 15, 280, 3, 15, 49, 4518 }, // U+043A
    { 15, 15, 280, 0, 15, 57, 4567 }, // U+043B
    { 14, 15, 280, 2, 15, 53, 4624 }, // U+043C
    { 13, 15, 280, 2, 15, 49, 4677 }, // U+043D
    { 15, 15, 280, 1, 15, 57, 4726 }, // U+043E
    { 13, 15, 280, 2, 15, 49, 4783 }, // U+043F
    { 14, 21, 280, 2, 15, 74, 4832 }, // U+0440
    { 13, 15, 280, 2, 15, 49, 4906 }, // U+0441
    { 14, 15, 280, 2, 15, 53, 4955 }, // U+0442
    { 15, 21, 280, 1, 15, 79, 5008 }, // U+0443
    { 16, 26, 280, 1, 20, 104, 5087 }, // U+0444
    { 15, 15, 280, 1, 15, 57, 5191 }, // U+0445
    { 15, 19, 280, 2, 15, 72, 5248 }, // U+0446
    { 13, 15, 280, 2, 15, 49, 5320 }, // U+0447
    { 15, 15, 280, 1, 15, 57, 5369 }, // U+0448
    { 17, 19, 280, 1, 15, 81, 5426 }, // U+0449
    { 17, 15, 280, 0, 15, 64, 5507 }, // U+044A
    { 15, 15, 280, 1, 15, 57, 5571 }, // U+044B
    { 13, 15, 280, 3, 15, 49, 5628 }, // U+044C
    { 13, 15, 280, 2, 15, 49, 5677 }, // U+044D
    { 16, 15, 280, 1, 15, 60, 5726 }, // U+044E
    { 14, 15, 280, 1, 15, 53, 5786 }, // U+044F
    { 15, 23, 280, 1, 23, 87, 5839 }, // U+0450
    { 15, 21, 280, 1, 21, 79, 5926 }, // U+0451
    { 15, 27, 280, 0, 21, 102, 6005 }, // U+0452
    { 12, 23, 280, 3, 23, 69, 6107 }, // U+0453
    { 13, 15, 280, 2, 15, 49, 6176 }, // U+0454
    { 15, 15, 280, 1, 15, 57, 6225 }, // U+0455
    { 13, 21, 280, 3, 21, 69, 6282 }, // U+0456
    { 13, 21, 280, 3, 21, 69, 6351 }, // U+0457
    { 12, 27, 280, 2, 21, 81, 6420 }, // U+0458
    { 17, 15, 280, 0, 15, 64, 6501 }, // U+0459
    { 16, 15, 280, 1, 15, 60, 6565 }, // U+045A
    { 15, 21, 280, 0, 21, 79, 6625 }, // U+045B
    { 13, 23, 280, 3, 23, 75, 6704 }, // U+045C
    { 13, 23, 280, 2, 23, 75, 6779 }, // U+045D
    { 15, 29, 280, 1, 23, 109, 6854 }, // U+045E
    { 13, 19, 280, 2, 15, 62, 6963 }, // U+045F
    { 15, 20, 280, 1, 20, 75, 7025 }, // U+0472
    { 15, 15, 280, 1, 15, 57, 7100 }, // U+0473
    { 13, 24, 280, 3, 24, 78, 7157 }, // U+0490
    { 12, 19, 280, 3, 19, 57, 7235 }, // U+0491
    { 15, 20, 280, 1, 20, 75, 7292 }, // U+0492
    { 15, 15, 280, 1, 15, 57, 7367 }, // U+0493
    { 14, 25, 280, 2, 20, 88, 7424 }, // U+0494
    { 13, 21, 280, 3, 15, 69, 7512 }, // U+0495
    { 20, 24, 280, -1, 20, 120, 7581 }, // U+0496
    { 18, 19, 280, 0, 15, 86, 7701 }, // U+0497
    { 15, 24, 280, 1, 20, 90, 7787 }, // U+0498
    { 14, 19, 280, 1, 15, 67, 7877 }, // U+0499
    { 15, 24, 280, 2, 20, 90, 7944 }, // U+049A
    { 14, 20, 280, 2, 15, 70, 8034 }, // U+049B
    { 16, 20, 280, 1, 20, 80, 8104 }, // U+049C
    { 15, 15, 280, 2, 15, 57, 8184 }, // U+049D
    { 18, 20, 280, 0, 20, 90, 8241 }, // U+04A0
    { 17, 15, 280, 0, 15, 64, 8331 }, // U+04A1
    { 15, 24, 280, 2, 20, 90, 8395 }, // U+04A2
    { 15, 19, 280, 2, 15, 72, 8485 }, // U+04A3
    { 16, 20, 280, 1, 20, 80, 8557 }, // U+04A4
    { 16, 15, 280, 1, 15, 60, 8637 }, // U+04A5
    { 14, 24, 280, 2, 20, 84, 8697 }, // U+04AA
    { 13, 19, 280, 2, 15, 62, 8781 }, // U+04AB
    { 17, 20, 280, 0, 20, 85, 8843 }, // U+04AE
    { 15, 21, 280, 1, 15, 79, 8928 }, // U+04AF
    { 17, 20, 280, 0, 20, 85, 9007 }, // U+04B0
    { 15, 21, 280, 1, 15, 79, 9092 }, // U+04B1
    { 18, 24, 280, 0, 20, 108, 9171 }, // U+04B2
    { 16, 19, 280, 1, 15, 76, 9279 }, // U+04B3
    { 16, 24, 280, 1, 20, 96, 9355 }, // U+04B6
    { 15, 19, 280, 2, 15, 72, 9451 }, // U+04B7
    { 14, 20, 280, 1, 20, 70, 9523 }, // U+04B8
    { 13, 15, 280, 2, 15, 49, 9593 }, // U+04B9
    { 14, 20, 280, 2, 20, 70, 9642 }, // U+04BA
    { 13, 21, 280, 2, 21, 69, 9712 }, // U+04BB
    { 13, 20, 280, 2, 20, 65, 9781 }, // U+04C0
    { 18, 28, 280, 0, 28, 126, 9846 }, // U+04C1
    { 17, 23, 280, 0, 23, 98, 9972 }, // U+04C2
    { 14, 21, 280, 2, 21, 74, 10070 }, // U+04CF
    { 17, 28, 280, 0, 28, 119, 10144 }, // U+04D0
    { 15, 23, 280, 1, 23, 87, 10263 }, // U+04D1
    { 17, 26, 280, 0, 26, 111, 10350 }, // U+04D2
    { 15, 21, 280, 1, 21, 79, 10461 }, // U+04D3
    { 17, 20, 280, 0, 20, 85, 10540 }, // U+04D4
    { 17, 15, 280, 0, 15, 64, 10625 }, // U+04D5
    { 14, 28, 280, 2, 28, 98, 10689 }, // U+04D6
    { 15, 23, 280, 1, 23, 87, 10787 }, // U+04D7
    { 15, 20, 280, 1, 20, 75, 10874 }, // U+04D8
    { 15, 15, 280, 1, 15, 57, 10949 }, // U+04D9
    { 18, 26, 280, 0, 26, 117, 11006 }, // U+04DC
    { 17, 21, 280, 0, 21, 90, 11123 }, // U+04DD
    { 15, 26, 280, 1, 26, 98, 11213 }, // U+04DE
    { 14, 21, 280, 1, 21, 74, 11311 }, // U+04DF
    { 14, 25, 280, 2, 25, 88, 11385 }, // U+04E2
    { 13, 20, 280, 2, 20, 65, 11473 }, // U+04E3
    { 14, 26, 280, 2, 26, 91, 11538 }, // U+04E4
    { 13, 21, 280, 2, 21, 69, 11629 }, // U+04E5
    { 15, 26, 280, 1, 26, 98, 11698 }, // U+04E6
    { 15, 21, 280, 1, 21, 79, 11796 }, // U+04E7
    { 15, 20, 280, 1, 20, 75, 11875 }, // U+04E8
    { 15, 15, 280, 1, 15, 57, 11950 }, // U+04E9
    { 16, 25, 280, 1, 25, 100, 12007 }, // U+04EE
    { 15, 26, 280, 1, 20, 98, 12107 }, // U+04EF
    { 16, 26, 280, 1, 26, 104, 12205 }, // U+04F0
    { 15, 27, 280, 1, 21, 102, 12309 }, // U+04F1
    { 16, 28, 280, 1, 28, 112, 12411 }, // U+04F2
    { 15, 29, 280, 1, 23, 109, 12523 }, // U+04F3
    { 14, 26, 280, 1, 26, 91, 12632 }, // U+04F4
    { 13, 21, 280, 2, 21, 69, 12723 }, // U+04F5
    { 16, 26, 280, 1, 26, 104, 12792 }, // U+04F8
    { 15, 21, 280, 1, 21, 79, 12896 }, // U+04F9
    { 17, 25, 280, 0, 20, 107, 0 }, // U+1EA0
    { 15, 20, 280, 1, 15, 75, 107 }, // U+1EA1
    { 17, 27, 280, 0, 27, 115, 182 }, // U+1EA2
    { 15, 23, 280, 1, 23, 87, 297 }, // U+1EA3
    { 17, 32, 280, 0, 32, 136, 384 }, // U+1EA4
    { 15, 27, 280, 1, 27, 102, 520 }, // U+1EA5
    { 17, 32, 280, 0, 32, 136, 622 }, // U+1EA6
    { 16, 27, 280, 0, 27, 108, 758 }, // U+1EA7
    { 17, 31, 280, 0, 31, 132, 866 }, // U+1EA8
    { 15, 27, 280, 1, 27, 102, 998 }, // U+1EA9
    { 17, 31, 280, 0, 31, 132, 1100 }, // U+1EAA
    { 15, 26, 280, 1, 26, 98, 1232 }, // U+1EAB
    { 17, 32, 280, 0, 27, 136, 1330 }, // U+1EAC
    { 15, 27, 280, 1, 22, 102, 1466 }, // U+1EAD
    { 17, 32, 280, 0, 32, 136, 1568 }, // U+1EAE
    { 15, 27, 280, 1, 27, 102, 1704 }, // U+1EAF
    { 17, 32, 280, 0, 32, 136, 1806 }, // U+1EB0
    { 15, 27, 280, 1, 27, 102, 1942 }, // U+1EB1
    { 17, 32, 280, 0, 32, 136, 2044 }, // U+1EB2
    { 15, 27, 280, 1, 27, 102, 2180 }, // U+1EB3
    { 17, 31, 280, 0, 31, 132, 2282 }, // U+1EB4
    { 15, 26, 280, 1, 26, 98, 2414 }, // U+1EB5
    { 17, 33, 280, 0, 28, 141, 2512 }, // U+1EB6
    { 15, 28, 280, 1, 23, 105, 2653 }, // U+1EB7
    { 14, 25, 280, 2, 20, 88, 2758 }, // U+1EB8
    { 15, 20, 280, 1, 15, 75, 2846 }, // U+1EB9
    { 14, 27, 280, 2, 27, 95, 2921 }, // U+1EBA
    { 15, 23, 280, 1, 23, 87, 3016 }, // U+1EBB
    { 14, 26, 280, 2, 26, 91, 3103 }, // U+1EBC
    { 15, 20, 280, 1, 20, 75, 3194 }, // U+1EBD
    { 15, 32, 280, 2, 32, 120, 3269 }, // U+1EBE
    { 16, 27, 280, 1, 27, 108, 3389 }, // U+1EBF
    { 15, 32, 280, 1, 32, 120, 3497 }, // U+1EC0
    { 15, 27, 280, 1, 27, 102, 3617 }, // U+1EC1
    { 14, 31, 280, 2, 31, 109, 3719 }, // U+1EC2
    { 15, 27, 280, 1, 27, 102, 3828 }, // U+1EC3
    { 14, 31, 280, 2, 31, 109, 3930 }, // U+1EC4
    { 15, 26, 280, 1, 26, 98, 4039 }, // U+1EC5
    { 14, 32, 280, 2, 27, 112, 4137 }, // U+1EC6
    { 15, 27, 280, 1, 22, 102, 4249 }, // U+1EC7
    { 13, 27, 280, 2, 27, 88, 4351 }, // U+1EC8
    { 13, 23, 280, 3, 23, 75, 4439 }, // U+1EC9
    { 13, 25, 280, 2, 20, 82, 4514 }, // U+1ECA
    { 13, 26, 280, 3, 21, 85, 4596 }, // U+1ECB
    { 15, 25, 280, 1, 20, 94, 4681 }, // U+1ECC
    { 15, 20, 280, 1, 15, 75, 4775 }, // U+1ECD
    { 15, 27, 280, 1, 27, 102, 4850 }, // U+1ECE
    { 15, 23, 280, 1, 23, 87, 4952 }, // U+1ECF
    { 16, 32, 280, 1, 32, 128, 5039 }, // U+1ED0
    { 16, 27, 280, 1, 27, 108, 5167 }, // U+1ED1
    { 15, 32, 280, 1, 32, 120, 5275 }, // U+1ED2
    { 15, 27, 280, 1, 27, 102, 5395 }, // U+1ED3
    { 15, 31, 280, 1, 31, 117, 5497 }, // U+1ED4
    { 15, 27, 280, 1, 27, 102, 5614 }, // U+1ED5
    { 15, 31, 280, 1, 31, 117, 5716 }, // U+1ED6
    { 15, 26, 280, 1, 26, 98, 5833 }, // U+1ED7
    { 15, 32, 280, 1, 27, 120, 5931 }, // U+1ED8
    { 15, 27, 280, 1, 22, 102, 6051 }, // U+1ED9
    { 15, 28, 280, 1, 28, 105, 6153 }, // U+1EDA
    { 15, 23, 280, 1, 23, 87, 6258 }, // U+1EDB
    { 15, 28, 280, 1, 28, 105, 6345 }, // U+1EDC
    { 15, 23, 280, 1, 23, 87, 6450 }, // U+1EDD
    { 15, 27, 280, 1, 27, 102, 6537 }, // U+1EDE
    { 15, 23, 280, 1, 23, 87, 6639 }, // U+1EDF
    { 15, 26, 280, 1, 26, 98, 6726 }, // U+1EE0
    { 15, 20, 280, 1, 20, 75, 6824 }, // U+1EE1
    { 15, 28, 280, 1, 23, 105, 6899 }, // U+1EE2
    { 15, 23, 280, 1, 18, 87, 7004 }, // U+1EE3
    { 14, 25, 280, 2, 20, 88, 7091 }, // U+1EE4
    { 13, 20, 280, 2, 15, 65, 7179 }, // U+1EE5
    { 14, 27, 280, 2, 27, 95, 7244 }, // U+1EE6
    { 13, 23, 280, 2, 23, 75, 7339 }, // U+1EE7
    { 16, 28, 280, 2, 28, 112, 7414 }, // U+1EE8
    { 16, 23, 280, 2, 23, 92, 7526 }, // U+1EE9
    { 16, 28, 280, 2, 28, 112, 7618 }, // U+1EEA
    { 16, 23, 280, 2, 23, 92, 7730 }, // U+1EEB
    { 16, 27, 280, 2, 27, 108, 7822 }, // U+1EEC
    { 16, 23, 280, 2, 23, 92, 7930 }, // U+1EED
    { 16, 26, 280, 2, 26, 104, 8022 }, // U+1EEE
    { 16, 20, 280, 2, 20, 80, 8126 }, // U+1EEF
    { 16, 28, 280, 2, 23, 112, 8206 }, // U+1EF0
    { 16, 23, 280, 2, 18, 92, 8318 }, // U+1EF1
    { 17, 28, 280, 0, 28, 119, 8410 }, // U+1EF2
    { 15, 29, 280, 1, 23, 109, 8529 }, // U+1EF3
    { 17, 25, 280, 0, 20, 107, 8638 }, // U+1EF4
    { 15, 21, 280, 1, 15, 79, 8745 }, // U+1EF5
    { 17, 27, 280, 0, 27, 115, 8824 }, // U+1EF6
    { 15, 29, 280, 1, 23, 109, 8939 }, // U+1EF7
    { 17, 26, 280, 0, 26, 111, 9048 }, // U+1EF8
    { 15, 26, 280, 1, 20, 98, 9159 }, // U+1EF9
    { 15, 2, 280, 1, 10, 8, 0 }, // U+2013
    { 18, 2, 280, 0, 10, 9, 8 }, // U+2014
    { 6, 9, 280, 5, 21, 14, 17 }, // U+2018
    { 6, 9, 280, 6, 21, 14, 31 }, // U+2019
    { 7, 8, 280, 5, 4, 14, 45 }, // U+201A
    { 13, 9, 280, 2, 21, 30, 59 }, // U+201C
    { 13, 9, 280, 3, 21, 30, 89 }, // U+201D
    { 13, 8, 280, 3, 4, 26, 119 }, // U+201E
    { 14, 27, 280, 2, 21, 95, 145 }, // U+2020
    { 14, 27, 280, 2, 21, 95, 240 }, // U+2021
    { 8, 7, 280, 5, 12, 14, 335 }, // U+2022
    { 16, 4, 280, 1, 4, 16, 349 }, // U+2026
    { 18, 20, 280, 0, 20, 90, 365 }, // U+2030
    { 5, 10, 280, 6, 20, 13, 455 }, // U+2032
    { 10, 10, 280, 4, 20, 25, 468 }, // U+2033
    { 8, 12, 280, 4, 14, 24, 493 }, // U+2039
    { 8, 12, 280, 5, 14, 24, 517 }, // U+203A
    { 17, 20, 280, 0, 20, 85, 541 }, // U+2044
    { 9, 11, 280, 4, 20, 25, 0 }, // U+2070
    { 10, 11, 280, 4, 20, 28, 25 }, // U+2074
    { 9, 11, 280, 4, 20, 25, 53 }, // U+2075
    { 9, 11, 280, 4, 20, 25, 78 }, // U+2076
    { 9, 11, 280, 4, 20, 25, 103 }, // U+2077
    { 9, 11, 280, 4, 20, 25, 128 }, // U+2078
    { 9, 11, 280, 4, 20, 25, 153 }, // U+2079
    { 9, 11, 280, 4, 11, 25, 178 }, // U+2080
    { 9, 11, 280, 4, 11, 25, 203 }, // U+2081
    { 9, 11, 280, 4, 11, 25, 228 }, // U+2082
    { 9, 11, 280, 4, 11, 25, 253 }, // U+2083
    { 10, 11, 280, 4, 11, 28, 278 }, // U+2084
    { 9, 11, 280, 4, 11, 25, 306 }, // U+2085
    { 9, 11, 280, 4, 11, 25, 331 }, // U+2086
    { 9, 11, 280, 4, 11, 25, 356 }, // U+2087
    { 9, 11, 280, 4, 11, 25, 381 }, // U+2088
    { 9, 11, 280, 4, 11, 25, 406 }, // U+2089
    { 14, 26, 280, 2, 23, 91, 0 }, // U+20A1
    { 15, 20, 280, 1, 20, 75, 91 }, // U+20A4
    { 17, 20, 280, 0, 20, 85, 166 }, // U+20A6
    { 17, 20, 280, 1, 20, 85, 251 }, // U+20A8
    { 17, 20, 280, 0, 20, 85, 336 }, // U+20A9
    { 15, 20, 280, 1, 20, 75, 421 }, // U+20AA
    { 15, 21, 280, 2, 21, 79, 496 }, // U+20AB
    { 14, 20, 280, 2, 20, 70, 575 }, // U+20AC
    { 17, 20, 280, 0, 20, 85, 645 }, // U+20AD
    { 17, 20, 280, 0, 20, 85, 730 }, // U+20AE
    { 17, 20, 280, 0, 20, 85, 815 }, // U+20B1
    { 15, 26, 280, 1, 23, 98, 900 }, // U+20B2
    { 17, 20, 280, 0, 20, 85, 998 }, // U+20B4
    { 14, 26, 280, 2, 23, 91, 1083 }, // U+20B5
    { 16, 20, 280, 1, 20, 80, 1174 }, // U+20B8
    { 16, 20, 280, 1, 20, 80, 1254 }, // U+20B9
    { 16, 20, 280, 1, 20, 80, 1334 }, // U+20BA
    { 16, 20, 280, 1, 20, 80, 1414 }, // U+20BD
    { 14, 26, 280, 2, 23, 91, 1494 }, // U+20BF
    { 17, 14, 280, 0, 17, 60, 0 }, // U+2190
    { 13, 20, 280, 2, 20, 65, 60 }, // U+2191
    { 17, 14, 280, 0, 17, 60, 125 }, // U+2192
    { 13, 20, 280, 2, 20, 65, 185 }, // U+2193
    { 18, 14, 280, 0, 17, 63, 250 }, // U+2194
    { 13, 20, 280, 2, 20, 65, 313 }, // U+2195
    { 16, 15, 280, 1, 18, 60, 378 }, // U+2196
    { 16, 15, 280, 0, 18, 60, 438 }, // U+2197
    { 16, 15, 280, 0, 18, 60, 498 }, // U+2198
    { 16, 15, 280, 1, 18, 60, 558 }, // U+2199
    { 17, 17, 280, 0, 18, 73, 618 }, // U+21A9
    { 17, 17, 280, 0, 18, 73, 691 }, // U+21AA
    { 15, 21, 280, 1, 21, 79, 764 }, // U+21B0
    { 15, 21, 280, 2, 21, 79, 843 }, // U+21B1
    { 15, 21, 280, 1, 20, 79, 922 }, // U+21B2
    { 15, 21, 280, 2, 20, 79, 1001 }, // U+21B3
    { 18, 18, 280, 0, 19, 81, 1080 }, // U+21B6
    { 18, 18, 280, 0, 19, 81, 1161 }, // U+21B7
    { 17, 20, 280, 0, 20, 85, 1242 }, // U+21BA
    { 17, 20, 280, 0, 20, 85, 1327 }, // U+21BB
    { 17, 22, 280, 0, 21, 94, 1412 }, // U+21C4
    { 17, 22, 280, 0, 21, 94, 1506 }, // U+21C6
    { 15, 20, 280, 1, 20, 75, 0 }, // U+2202
    { 16, 20, 280, 1, 20, 80, 75 }, // U+2206
    { 14, 20, 280, 2, 20, 70, 155 }, // U+220F
    { 15, 26, 280, 1, 20, 98, 225 }, // U+2211
    { 15, 2, 280, 1, 10, 8, 323 }, // U+2212
    { 17, 20, 280, 0, 20, 85, 331 }, // U+2215
    { 17, 20, 280, 0, 20, 85, 416 }, // U+221A
    { 18, 10, 280, 0, 14, 45, 501 }, // U+221E
    { 15, 27, 280, 1, 21, 102, 546 }, // U+222B
    { 15, 10, 280, 1, 14, 38, 648 }, // U+2248
    { 15, 14, 280, 1, 16, 53, 686 }, // U+2260
    { 13, 18, 280, 2, 18, 59, 739 }, // U+2264
    { 13, 18, 280, 2, 18, 59, 798 }, // U+2265
    { 15, 21, 280, 1, 21, 79, 0 }, // U+FB01
    { 14, 21, 280, 1, 21, 74, 79 }, // U+FB02
};

static const EpdUnicodeInterval terminalmono_14_regularIntervals[] = {
    { 0x0, 0x0, 0x0 },
    { 0xD, 0xD, 0x1 },
    { 0x20, 0x7E, 0x2 },
    { 0xA0, 0x17F, 0x61 },
    { 0x1A0, 0x1A1, 0x141 },
    { 0x1AF, 0x1B0, 0x143 },
    { 0x1CD, 0x1DC, 0x145 },
    { 0x1FA, 0x1FF, 0x155 },
    { 0x218, 0x21B, 0x15B },
    { 0x300, 0x304, 0x15F },
    { 0x306, 0x30C, 0x164 },
    { 0x312, 0x312, 0x16B },
    { 0x315, 0x315, 0x16C },
    { 0x31B, 0x31B, 0x16D },
    { 0x323, 0x323, 0x16E },
    { 0x326, 0x328, 0x16F },
    { 0x400, 0x45F, 0x172 },
    { 0x472, 0x473, 0x1D2 },
    { 0x490, 0x49D, 0x1D4 },
    { 0x4A0, 0x4A5, 0x1E2 },
    { 0x4AA, 0x4AB, 0x1E8 },
    { 0x4AE, 0x4B3, 0x1EA },
    { 0x4B6, 0x4BB, 0x1F0 },
    { 0x4C0, 0x4C2, 0x1F6 },
    { 0x4CF, 0x4D9, 0x1F9 },
    { 0x4DC, 0x4DF, 0x204 },
    { 0x4E2, 0x4E9, 0x208 },
    { 0x4EE, 0x4F5, 0x210 },
    { 0x4F8, 0x4F9, 0x218 },
    { 0x1EA0, 0x1EF9, 0x21A },
    { 0x2013, 0x2014, 0x274 },
    { 0x2018, 0x201A, 0x276 },
    { 0x201C, 0x201E, 0x279 },
    { 0x2020, 0x2022, 0x27C },
    { 0x2026, 0x2026, 0x27F },
    { 0x2030, 0x2030, 0x280 },
    { 0x2032, 0x2033, 0x281 },
    { 0x2039, 0x203A, 0x283 },
    { 0x2044, 0x2044, 0x285 },
    { 0x2070, 0x2070, 0x286 },
    { 0x2074, 0x2079, 0x287 },
    { 0x2080, 0x2089, 0x28D },
    { 0x20A1, 0x20A1, 0x297 },
    { 0x20A4, 0x20A4, 0x298 },
    { 0x20A6, 0x20A6, 0x299 },
    { 0x20A8, 0x20AE, 0x29A },
    { 0x20B1, 0x20B2, 0x2A1 },
    { 0x20B4, 0x20B5, 0x2A3 },
    { 0x20B8, 0x20BA, 0x2A5 },
    { 0x20BD, 0x20BD, 0x2A8 },
    { 0x20BF, 0x20BF, 0x2A9 },
    { 0x2190, 0x2199, 0x2AA },
    { 0x21A9, 0x21AA, 0x2B4 },
    { 0x21B0, 0x21B3, 0x2B6 },
    { 0x21B6, 0x21B7, 0x2BA },
    { 0x21BA, 0x21BB, 0x2BC },
    { 0x21C4, 0x21C4, 0x2BE },
    { 0x21C6, 0x21C6, 0x2BF },
    { 0x2202, 0x2202, 0x2C0 },
    { 0x2206, 0x2206, 0x2C1 },
    { 0x220F, 0x220F, 0x2C2 },
    { 0x2211, 0x2212, 0x2C3 },
    { 0x2215, 0x2215, 0x2C5 },
    { 0x221A, 0x221A, 0x2C6 },
    { 0x221E, 0x221E, 0x2C7 },
    { 0x222B, 0x222B, 0x2C8 },
    { 0x2248, 0x2248, 0x2C9 },
    { 0x2260, 0x2260, 0x2CA },
    { 0x2264, 0x2265, 0x2CB },
    { 0xFB01, 0xFB02, 0x2CD },
};

static const EpdFontGroup terminalmono_14_regularGroups[] = {
    { 0, 2445, 6695, 97, 0 },
    { 2445, 2064, 7957, 96, 97 },
    { 4509, 2620, 12692, 128, 193 },
    { 7129, 895, 3238, 30, 321 },
    { 8024, 183, 208, 19, 351 },
    { 8207, 3401, 14435, 168, 370 },
    { 11608, 1369, 10104, 90, 538 },
    { 12977, 297, 718, 18, 628 },
    { 13274, 224, 561, 17, 646 },
    { 13498, 798, 1760, 19, 663 },
    { 14296, 632, 1796, 22, 682 },
    { 14928, 389, 950, 13, 704 },
    { 15317, 44, 168, 2, 717 },
};

static const EpdFontData terminalmono_14_regular = {
    terminalmono_14_regularBitmaps,
    terminalmono_14_regularGlyphs,
    terminalmono_14_regularIntervals,
    70,
    38,
    30,
    -9,
    true,
    terminalmono_14_regularGroups,
    13,
    nullptr,
    nullptr,
    nullptr,
    nullptr,
    nullptr,
    nullptr,
    nullptr,
    nullptr,
    nullptr,
    nullptr,
    nullptr,
    0,
    0,
    0,
    0,
    nullptr,
    0,
};
