/**
 * generated by fontconvert.py
 * name: terminalmono_20_regular
 * size: 20
 * mode: 2-bit  compressed: true
 * Command used: fontconvert.py terminalmono_20_regular 20 ../builtinFonts/source/IBMPlexMono/IBMPlexMono-Regular.ttf --2bit --compress --zopfli
 */
#pragma once
#include "EpdFontData.h"

static const uint8_t terminalmono_20_regularBitmaps[23886] = {
    0xCD, 0x9A, 0xC7, 0xBA, 0xE4, 0x48, 0x56, 0xC7, 0x8F, 0xA4, 0xA6, 0x35, 0xB4, 0xF8, 0xBE, 0xC0,
    0xBB, 0x36, 0x7A, 0x83, 0x11, 0x6E, 0x3B, 0x15, 0x81, 0x5F, 0x76, 0xAF, 0xB1, 0x5B, 0x7C, 0xBD,
    0x40, 0x4F, 0x85, 0x7A, 0xC5, 0x72, 0xEA, 0x0D, 0x98, 0x1D, 0x6E, 0x89, 0x87, 0xBA, 0x57, 0x81,
    0x5F, 0x8E, 0xF0, 0x1E, 0x84, 0xF7, 0x10, 0x74, 0xEB, 0xA3, 0x55, 0x8C, 0xA4, 0xC3, 0xF9, 0x9F,
    0x48, 0x65, 0x2A, 0xB3, 0xB2, 0x6E, 0x7B, 0xA3, 0x9B, 0xF9, 0x53, 0xDE, 0xD0, 0x71, 0x71, 0xC2,
    0x28, 0x14, 0x99, 0x75, 0xBF, 0xFF, 0x33, 0xE9, 0x2F, 0x98, 0x50, 0xC9, 0x5F, 0xD9, 0xCA, 0x9F,
    0x2B, 0x1C, 0x1D, 0x8F, 0x7A, 0xF0, 0xA3, 0x9F, 0xE4, 0x6F, 0xAC, 0x87, 0xDB, 0x6C, 0xBE, 0xFB,
    0xF5, 0x83, 0xF4, 0x53, 0xA2, 0x11, 0x1A, 0x07, 0xC5, 0xD6, 0xE2, 0xD4, 0x38, 0x2B, 0x24, 0x4B,
    0x87, 0x93, 0x4F, 0xA7, 0x07, 0x42, 0xC1, 0x0D, 0x4E, 0xB7, 0x34, 0xE3, 0x74, 0x83, 0x93, 0xE1,
    0x99, 0x98, 0x5B, 0x39, 0x65, 0xE9, 0x94, 0xCB, 0x89, 0xB2, 0x29, 0x1F, 0x45, 0x22, 0x1F, 0x8B,
    0x28, 0xA7, 0xE2, 0x70, 0x8A, 0xE5, 0xE1, 0x34, 0x10, 0x79, 0x1E, 0x2A, 0x9E, 0x71, 0x32, 0x7A,
    0xEA, 0x71, 0x22, 0x54, 0x8B, 0x70, 0xAA, 0x5B, 0x3D, 0x35, 0xAD, 0x06, 0xD6, 0xEC, 0x03, 0xBB,
    0x88, 0x4F, 0x03, 0xF3, 0x08, 0x0C, 0xA2, 0xEE, 0x2A, 0x9F, 0xE5, 0xC7, 0x10, 0x62, 0xEE, 0x49,
    0xC2, 0x13, 0x47, 0xD5, 0x5A, 0x7F, 0x37, 0x93, 0x89, 0xC6, 0x75, 0xA1, 0x09, 0xC6, 0x35, 0xD4,
    0xB4, 0xC6, 0x3D, 0x43, 0x56, 0x48, 0x07, 0xA2, 0x1C, 0xE9, 0x04, 0xCD, 0x02, 0x96, 0xCC, 0xC2,
    0x8C, 0x79, 0x45, 0x38, 0xCC, 0x83, 0x9C, 0xEE, 0xF3, 0x2C, 0x34, 0x62, 0x4D, 0xE8, 0xBA, 0x16,
    0xB4, 0x01, 0xAC, 0xCF, 0xF8, 0xA2, 0xD2, 0x3B, 0x5C, 0xF5, 0x62, 0x93, 0x5D, 0x8D, 0x18, 0x60,
    0x13, 0x16, 0x3A, 0x58, 0x43, 0x9C, 0x77, 0xD4, 0xC2, 0x0F, 0xA8, 0x6F, 0xC1, 0x0B, 0x1A, 0xC2,
    0x30, 0x13, 0xCD, 0xD4, 0xF4, 0xBE, 0xCD, 0x26, 0x29, 0x36, 0xA1, 0x88, 0x72, 0xAA, 0x42, 0x35,
    0xD0, 0x3D, 0xAA, 0x7A, 0x13, 0xF4, 0xD4, 0x38, 0x2D, 0xB4, 0xA4, 0x22, 0x37, 0xA4, 0x0A, 0xDA,
    0x6C, 0x2C, 0x2D, 0x04, 0x63, 0xF9, 0x67, 0x49, 0xDC, 0x0F, 0x74, 0x76, 0x64, 0xDC, 0x0A, 0x3E,
    0x6B, 0x18, 0x32, 0xD1, 0x22, 0xC2, 0xAA, 0xEF, 0xBE, 0x79, 0x45, 0x9B, 0xCC, 0x64, 0xD1, 0x18,
    0xE2, 0x1B, 0x46, 0x27, 0xF9, 0x48, 0xB3, 0x9E, 0x24, 0x0E, 0x14, 0x4A, 0x1C, 0x10, 0x91, 0x46,
    0x86, 0x82, 0xC4, 0x01, 0xF5, 0xBA, 0x25, 0x18, 0xB3, 0x07, 0xD3, 0x39, 0x3F, 0x44, 0xAD, 0x60,
    0x17, 0x55, 0x47, 0x29, 0x72, 0x57, 0x88, 0x60, 0xA0, 0x62, 0xA4, 0xE7, 0x08, 0x66, 0xE8, 0xC8,
    0x11, 0xCC, 0x67, 0x30, 0x5B, 0x40, 0xEA, 0x94, 0x36, 0x80, 0x3E, 0x92, 0x9F, 0x72, 0x9E, 0x84,
    0xE6, 0x7F, 0x57, 0x61, 0xD3, 0x77, 0xEE, 0x06, 0x3D, 0x25, 0x3C, 0x12, 0x41, 0x13, 0x1F, 0xD1,
    0x2A, 0xB6, 0x67, 0x21, 0xF1, 0x04, 0xFA, 0x11, 0xAC, 0x23, 0xCC, 0x18, 0xD1, 0x0B, 0xF4, 0xC9,
    0x85, 0xEC, 0x98, 0x4D, 0x1D, 0x32, 0x13, 0x6D, 0x28, 0x98, 0x83, 0x89, 0x74, 0xFF, 0x31, 0x95,
    0xD3, 0x7C, 0x3A, 0x64, 0xB4, 0x78, 0x09, 0x61, 0x26, 0x2A, 0x23, 0x72, 0x81, 0xEE, 0x88, 0xF1,
    0x80, 0xA6, 0x20, 0x4D, 0x68, 0x44, 0xA6, 0xD2, 0x25, 0xD3, 0x22, 0x4F, 0x48, 0xD2, 0xE9, 0xED,
    0xAF, 0xBF, 0xF7, 0x32, 0xD0, 0x81, 0x2E, 0x6C, 0xC0, 0x16, 0x6C, 0xC2, 0xB6, 0xFA, 0x50, 0x5F,
    0x16, 0x02, 0x01, 0x31, 0x20, 0x16, 0xB5, 0xA0, 0x45, 0xC3, 0x21, 0x53, 0xCB, 0xC1, 0x50, 0xDD,
    0x5E, 0x18, 0x98, 0x0E, 0x46, 0x3E, 0x2D, 0xEF, 0x7B, 0x17, 0x1E, 0xF5, 0xDD, 0x5E, 0xBC, 0xDD,
    0x79, 0x0D, 0xA0, 0x03, 0x5D, 0xD8, 0x98, 0xCE, 0x2B, 0x0C, 0x5F, 0x10, 0x59, 0x10, 0x83, 0xC6,
    0xA2, 0x31, 0xA5, 0x40, 0xEF, 0xE6, 0x33, 0xE0, 0x2B, 0xCD, 0x43, 0x13, 0x9E, 0x8F, 0x76, 0x7D,
    0xF9, 0x77, 0x38, 0x3E, 0xCF, 0x72, 0xF4, 0x32, 0xB6, 0xD0, 0xFF, 0xB2, 0x4E, 0x5B, 0xDC, 0x8F,
    0x20, 0xCF, 0xDA, 0x11, 0x58, 0x58, 0x46, 0x8B, 0x24, 0xC9, 0x94, 0x88, 0x7E, 0x50, 0x45, 0xF4,
    0x89, 0x62, 0xD6, 0x00, 0x27, 0x18, 0xA5, 0x57, 0x52, 0xD4, 0xEF, 0x98, 0x1E, 0xDE, 0xDB, 0x3D,
    0xDF, 0x9D, 0x9D, 0x92, 0xA9, 0x5C, 0xA9, 0x9A, 0xC9, 0xC8, 0x6B, 0x24, 0x13, 0xA9, 0x1E, 0xA8,
    0x09, 0x64, 0xE5, 0xE5, 0x20, 0xF1, 0x40, 0x7D, 0xB5, 0xDB, 0x7B, 0x3F, 0x73, 0x6F, 0x5D, 0x5F,
    0x81, 0xFC, 0x6A, 0xA6, 0x34, 0xCB, 0xDA, 0x22, 0x50, 0x57, 0x03, 0xA9, 0x31, 0x32, 0x20, 0x1F,
    0x37, 0x85, 0x72, 0x50, 0x05, 0xC5, 0x93, 0x0A, 0x37, 0x47, 0xAD, 0xE9, 0xA8, 0x70, 0xC5, 0x8D,
    0x25, 0xE0, 0x52, 0xE1, 0xBA, 0x9B, 0x7A, 0xEF, 0x06, 0x32, 0xFC, 0x0F, 0x69, 0x8A, 0x14, 0x6A,
    0x53, 0x16, 0xAB, 0xBB, 0x1F, 0xA9, 0x1A, 0xA9, 0x9C, 0xD1, 0x37, 0xB2, 0x45, 0x55, 0x56, 0xB2,
    0xED, 0xD6, 0x7B, 0x31, 0xAF, 0x83, 0x1E, 0x6C, 0xBB, 0x03, 0xBD, 0xB3, 0xA1, 0x23, 0x0E, 0x97,
    0xD4, 0x72, 0x95, 0xF1, 0xCA, 0xA4, 0x9B, 0xEC, 0x24, 0x9B, 0x8D, 0xDA, 0x57, 0x5F, 0xC9, 0x6F,
    0x8A, 0x21, 0xC5, 0xB3, 0xC5, 0x86, 0x38, 0xC1, 0x41, 0x58, 0x29, 0x1B, 0x65, 0xF7, 0x37, 0x03,
    0x8A, 0x8D, 0xB0, 0x5A, 0xC0, 0x66, 0x04, 0xBB, 0x1E, 0xB4, 0x0E, 0x7C, 0x91, 0x40, 0xFA, 0x80,
    0x59, 0xB3, 0x1C, 0x61, 0x4F, 0x7A, 0x56, 0x23, 0xF4, 0xBC, 0x22, 0x42, 0x14, 0x54, 0x0B, 0x66,
    0x40, 0x23, 0xE9, 0x9D, 0x50, 0xEB, 0x62, 0x46, 0x56, 0xF3, 0x99, 0xCA, 0x6D, 0xB2, 0xDC, 0x33,
    0x9F, 0xC1, 0x42, 0x59, 0x8E, 0xA0, 0x89, 0xA7, 0x99, 0x94, 0x1D, 0x2E, 0xAE, 0x5A, 0x3C, 0x81,
    0xB6, 0x87, 0xA6, 0x16, 0x97, 0xAA, 0x53, 0x47, 0xB0, 0x6B, 0x61, 0x2A, 0xC9, 0x8D, 0x49, 0x4E,
    0xA9, 0xA3, 0x65, 0x4F, 0x89, 0xF6, 0x1F, 0xB4, 0x97, 0x53, 0x81, 0xBC, 0x1B, 0x84, 0x5A, 0x0F,
    0x12, 0x69, 0x85, 0x40, 0x33, 0x8D, 0x67, 0x8F, 0x62, 0xDA, 0x22, 0xF2, 0x81, 0x0C, 0xAF, 0x24,
    0x18, 0x01, 0x4E, 0x77, 0x40, 0x8D, 0xFA, 0x58, 0x8D, 0x05, 0x58, 0x4F, 0xF8, 0x04, 0xF0, 0x00,
    0x57, 0xBB, 0x20, 0x3E, 0xEC, 0x24, 0xDE, 0x2A, 0xE4, 0x28, 0xDD, 0xB3, 0x9F, 0xE7, 0x87, 0x1A,
    0x65, 0x04, 0x19, 0xCC, 0x94, 0xC5, 0x9B, 0x60, 0xF5, 0xF7, 0x60, 0xFD, 0x9B, 0xA0, 0xFD, 0x56,
    0xF0, 0xB6, 0xD0, 0x09, 0x16, 0x2C, 0x46, 0xB0, 0x1A, 0x40, 0x13, 0x40, 0xEB, 0x40, 0x4F, 0xE0,
    0x0C, 0xE6, 0x23, 0x58, 0x46, 0xD0, 0x04, 0xB0, 0x69, 0x41, 0x4F, 0x60, 0x87, 0x74, 0x4C, 0x7B,
    0x92, 0x96, 0xDF, 0x4D, 0x23, 0x82, 0x71, 0x87, 0xB0, 0x1F, 0xA1, 0x97, 0x68, 0xDC, 0x11, 0xDF,
    0xCC, 0x03, 0x35, 0x48, 0x9F, 0xF5, 0xCC, 0xC1, 0x4E, 0x59, 0x17, 0x6D, 0x20, 0x33, 0x7E, 0x81,
    0x58, 0x3D, 0xE6, 0x3A, 0x5B, 0xCE, 0x31, 0x7F, 0x02, 0x17, 0x10, 0xEE, 0xD4, 0x89, 0x70, 0x6C,
    0x26, 0xEA, 0x06, 0xA4, 0xAF, 0xCD, 0x98, 0x97, 0x2D, 0x7D, 0xA5, 0x26, 0xBD, 0x19, 0x40, 0x86,
    0xDB, 0x62, 0x39, 0x75, 0x83, 0xA6, 0x07, 0xBD, 0x03, 0xD7, 0x5D, 0x77, 0x1B, 0xC1, 0x2A, 0x82,
    0xA6, 0xF7, 0x8F, 0x91, 0x66, 0xF4, 0xDC, 0xE6, 0x27, 0x98, 0x23, 0xD9, 0x5B, 0x57, 0xCF, 0x68,
    0x95, 0x7C, 0xD5, 0x6E, 0xC8, 0xE4, 0x5B, 0x18, 0xF1, 0x69, 0x34, 0x3F, 0xC1, 0x06, 0x57, 0xC9,
    0xA4, 0xF1, 0x2D, 0x5A, 0x18, 0xD9, 0x54, 0x4F, 0x3A, 0xB2, 0x07, 0x1D, 0xD9, 0x2E, 0x8D, 0xEC,
    0x34, 0x93, 0xBB, 0x33, 0x12, 0x74, 0xC1, 0x15, 0xCC, 0x66, 0xB0, 0x50, 0x96, 0xFB, 0x20, 0x07,
    0xB0, 0x09, 0xA0, 0x6D, 0x41, 0x0F, 0x10, 0x1F, 0x07, 0x12, 0x94, 0xC0, 0xBB, 0x95, 0xDC, 0x75,
    0xA5, 0xE9, 0x09, 0xA5, 0x1E, 0x7C, 0x96, 0xFF, 0x45, 0xD8, 0x61, 0xD8, 0x14, 0x8C, 0xCC, 0x98,
    0x85, 0x24, 0x33, 0x35, 0x32, 0xA3, 0x76, 0x59, 0xF3, 0xD3, 0x1D, 0xD8, 0x28, 0x6B, 0xE1, 0x02,
    0x63, 0xC8, 0xC3, 0x02, 0xE1, 0x64, 0x81, 0x0C, 0x2F, 0xC9, 0x5A, 0x8F, 0x36, 0xAB, 0x27, 0xDC,
    0x7D, 0xB2, 0x6D, 0xC6, 0xDD, 0xCD, 0xB2, 0x61, 0xCF, 0x54, 0xAE, 0x32, 0xCE, 0x8A, 0x3C, 0x6B,
    0x0C, 0x8B, 0x2E, 0x53, 0x47, 0xB5, 0x16, 0xB6, 0x38, 0x75, 0x64, 0xEB, 0xD0, 0x16, 0x31, 0xF5,
    0xB2, 0xBA, 0x7A, 0x4C, 0x2D, 0xA2, 0xB1, 0x2D, 0xFB, 0xD9, 0x3D, 0xF1, 0xBC, 0x4D, 0xD5, 0x8B,
    0xB6, 0xB8, 0x43, 0x1D, 0xD9, 0x99, 0x95, 0xEA, 0x0E, 0x75, 0x5F, 0x3A, 0xF8, 0x1A, 0x57, 0xCC,
    0xCA, 0xAF, 0xED, 0xE7, 0xAD, 0xDD, 0x8C, 0x55, 0xF7, 0xA0, 0x6F, 0x41, 0x3E, 0x25, 0x37, 0x5D,
    0xF4, 0x01, 0x3A, 0x7C, 0x9C, 0xC8, 0xCE, 0xEE, 0xAD, 0x57, 0x8F, 0xBD, 0x44, 0x39, 0xA1, 0xCE,
    0xF5, 0x8A, 0x17, 0x2A, 0x3F, 0xD1, 0xDD, 0xC7, 0xDB, 0xBC, 0xD9, 0xE3, 0xF8, 0x6A, 0x00, 0xF6,
    0x2A, 0xC0, 0x8F, 0xD0, 0xC4, 0xFA, 0x62, 0x46, 0xB8, 0x3D, 0xC1, 0x1D, 0x65, 0xE8, 0xC6, 0x66,
    0xC5, 0xF5, 0x08, 0xB8, 0x23, 0x46, 0x81, 0x61, 0x81, 0x8A, 0x20, 0x3C, 0x55, 0x13, 0xDA, 0x85,
    0xD4, 0x94, 0x4A, 0x6D, 0xE6, 0x49, 0xF1, 0xD5, 0x57, 0x16, 0x34, 0x6F, 0xE3, 0x78, 0x52, 0xEB,
    0x15, 0xD2, 0xF5, 0x9F, 0x66, 0x1D, 0xD0, 0x6A, 0xB0, 0x13, 0x76, 0xA3, 0x46, 0x73, 0x0C, 0xAC,
    0x59, 0x4E, 0x81, 0x41, 0xAA, 0x04, 0x0A, 0xA0, 0x99, 0xAE, 0x56, 0x14, 0x06, 0x60, 0x0A, 0x46,
    0x61, 0x7E, 0x73, 0xA4, 0x2E, 0xA9, 0xC2, 0xCC, 0xC3, 0x9C, 0xBA, 0x61, 0x6B, 0x1E, 0x53, 0xD7,
    0xDB, 0x9E, 0x4C, 0x14, 0xB9, 0x2A, 0x76, 0x18, 0xBA, 0x5F, 0x78, 0xE8, 0x1B, 0x25, 0x50, 0xC5,
    0x6D, 0x60, 0xF9, 0xA0, 0x2D, 0x43, 0x05, 0x4F, 0x40, 0xAB, 0x52, 0x17, 0xB8, 0x7E, 0x68, 0xC4,
    0x66, 0x05, 0xF8, 0x88, 0x55, 0x2F, 0xEC, 0xD7, 0x37, 0xEE, 0xB0, 0x9E, 0xC8, 0xD1, 0xF7, 0xE1,
    0xBD, 0x98, 0xA9, 0x12, 0xCF, 0x8B, 0xCE, 0x4F, 0xB7, 0x54, 0xA7, 0xB5, 0x88, 0x2B, 0x27, 0x8B,
    0x31, 0xC0, 0x60, 0xC7, 0x5E, 0xB8, 0x66, 0x4C, 0x56, 0xE7, 0x1F, 0x9F, 0xE3, 0xC1, 0xC8, 0x17,
    0x89, 0xF1, 0x2A, 0x21, 0x03, 0x4E, 0x42, 0x68, 0x75, 0x72, 0xE6, 0x9F, 0x05, 0xBD, 0xDA, 0xAC,
    0x17, 0x8B, 0x27, 0xB0, 0x57, 0x48, 0x3D, 0x92, 0x7A, 0x47, 0x22, 0x4E, 0xE3, 0x22, 0x43, 0x0E,
    0xB7, 0x11, 0x5C, 0x2B, 0xB3, 0x0E, 0xC4, 0xCC, 0x0B, 0x8E, 0xA0, 0x9F, 0x40, 0x9E, 0xC1, 0x39,
    0xDD, 0x15, 0x6E, 0x85, 0xF9, 0xE4, 0x35, 0x59, 0xD6, 0x6D, 0xEB, 0xEE, 0x6A, 0x68, 0x82, 0xAE,
    0xBE, 0x61, 0x2D, 0xE8, 0x12, 0x29, 0xC0, 0x9D, 0x6D, 0x4B, 0xD0, 0x21, 0xB1, 0x9D, 0xBA, 0x5E,
    0x75, 0xEC, 0x2E, 0x98, 0x01, 0x31, 0x4F, 0xAC, 0x54, 0x08, 0x39, 0xD1, 0x95, 0x23, 0x54, 0x54,
    0xF1, 0x60, 0x04, 0xC3, 0xDA, 0x24, 0xE3, 0xC9, 0x51, 0x54, 0xA7, 0x63, 0xA7, 0x35, 0xF1, 0x98,
    0xE2, 0x05, 0x2B, 0xC0, 0x98, 0xAE, 0xFC, 0xE0, 0x21, 0xEA, 0x21, 0x23, 0x28, 0xA6, 0x27, 0xA1,
    0x17, 0x54, 0xC4, 0x87, 0x4D, 0x77, 0x3A, 0x1A, 0xA8, 0x55, 0x6D, 0x16, 0x64, 0x8B, 0x80, 0x56,
    0x80, 0x8F, 0x58, 0xF5, 0x82, 0x8A, 0xA8, 0x30, 0xD4, 0x06, 0xA0, 0x85, 0x15, 0x24, 0xF1, 0x31,
    0xF2, 0x8D, 0x84, 0xC2, 0x64, 0x14, 0xB5, 0x87, 0xCF, 0x63, 0x2A, 0xC6, 0x64, 0x5B, 0x6A, 0x16,
    0x8C, 0x66, 0xC4, 0xF4, 0x44, 0x5F, 0x2E, 0xB9, 0xDA, 0xDD, 0x24, 0x12, 0xDB, 0xB7, 0xCD, 0x9D,
    0x6E, 0xAD, 0x4C, 0x36, 0x93, 0xFD, 0xE4, 0x2B, 0xF9, 0xD5, 0x18, 0xB6, 0x78, 0x34, 0xB6, 0x14,
    0xA7, 0x95, 0xB0, 0x81, 0x09, 0x60, 0x31, 0x9B, 0x71, 0x10, 0xDB, 0xCD, 0x20, 0xA8, 0xA2, 0xA0,
    0x98, 0x74, 0xED, 0x28, 0xC8, 0x00, 0x5A, 0x80, 0xF5, 0x1C, 0x7C, 0x8E, 0xF5, 0x1C, 0xCB, 0xA6,
    0x9B, 0x03, 0xB0, 0xA7, 0x96, 0xE1, 0x03, 0xDE, 0xE0, 0xF7, 0x18, 0x41, 0x0B, 0xF0, 0xBC, 0x03,
    0x26, 0x93, 0x77, 0x04, 0xA8, 0x8D, 0x3B, 0xBC, 0x2B, 0x03, 0xF3, 0x39, 0x96, 0x1D, 0xDE, 0x95,
    0xBD, 0xB8, 0x03, 0xCA, 0xDE, 0x0B, 0x28, 0xC3, 0x5C, 0x83, 0xA9, 0x46, 0x67, 0x9A, 0x82, 0x5D,
    0x33, 0x56, 0x13, 0x15, 0xB3, 0x89, 0xD2, 0xD2, 0xE8, 0x06, 0x37, 0x8D, 0xE0, 0x8B, 0x6D, 0xBB,
    0x69, 0x78, 0xDA, 0xD0, 0xED, 0x50, 0x31, 0xEF, 0x00, 0x09, 0xAF, 0x70, 0x02, 0x0B, 0xC0, 0x40,
    0x07, 0x53, 0x6C, 0x70, 0xE3, 0x87, 0x0F, 0x16, 0x6F, 0xF7, 0x3D, 0x56, 0x7F, 0x9E, 0x3C, 0x8F,
    0x9E, 0x9E, 0xE5, 0xD6, 0x77, 0xB8, 0x19, 0xBF, 0x27, 0x30, 0xF3, 0x0E, 0xEF, 0xD9, 0x1E, 0x06,
    0xE3, 0x74, 0x82, 0x3E, 0x16, 0x7C, 0xB8, 0xB8, 0x88, 0xA0, 0x10, 0x84, 0x13, 0x30, 0x5A, 0x3F,
    0x40, 0xDC, 0x62, 0x4A, 0xE8, 0x30, 0x3B, 0xD8, 0x40, 0x9D, 0x6B, 0xC6, 0x67, 0x19, 0x43, 0x7E,
    0xA6, 0x3C, 0x2D, 0x87, 0xD7, 0xD4, 0x19, 0xBA, 0x56, 0x98, 0xAF, 0x24, 0x2C, 0x67, 0xD0, 0x44,
    0xD0, 0x06, 0x90, 0x9D, 0x30, 0x57, 0xC9, 0x6A, 0x02, 0xEB, 0x08, 0xDA, 0x00, 0x32, 0x09, 0x8B,
    0x05, 0xAC, 0x66, 0xB0, 0x5E, 0x40, 0xCF, 0xE0, 0xEA, 0x21, 0x33, 0x37, 0xBD, 0x30, 0x1A, 0x68,
    0x85, 0x12, 0x16, 0x1C, 0x14, 0x60, 0x59, 0xD9, 0xB5, 0x27, 0x5F, 0x75, 0x04, 0xAB, 0x11, 0x2C,
    0x66, 0x30, 0x5B, 0x41, 0x62, 0x07, 0xDA, 0xB0, 0x0A, 0xE9, 0x23, 0x85, 0x6E, 0x3F, 0x9D, 0x60,
    0x07, 0x04, 0x87, 0x07, 0x14, 0xE1, 0x48, 0x85, 0x70, 0xA6, 0x52, 0x69, 0x84, 0xB7, 0x54, 0x0B,
    0x2D, 0x35, 0xDE, 0xD9, 0x46, 0x3E, 0x38, 0x6B, 0xC2, 0x0D, 0xD8, 0xCF, 0xC2, 0xF2, 0x6F, 0x27,
    0x61, 0xF1, 0x46, 0x14, 0xE6, 0x0C, 0x12, 0xF7, 0x60, 0x17, 0x40, 0xEF, 0x40, 0x4B, 0xE0, 0x4B,
    0xCA, 0x2F, 0x52, 0x3E, 0xA3, 0xA4, 0x77, 0xC1, 0x6E, 0xA0, 0x6C, 0xEE, 0x22, 0x30, 0x02, 0xF3,
    0x86, 0xDB, 0x15, 0xF0, 0x80, 0x75, 0x82, 0x26, 0x08, 0x4C, 0x2F, 0xA8, 0x06, 0x41, 0x19, 0x05,
    0xC5, 0x28, 0xC8, 0x67, 0x01, 0x2D, 0xC0, 0x2D, 0xE0, 0x01, 0xFB, 0x9A, 0xA0, 0xFE, 0x75, 0x81,
    0xF9, 0x3D, 0x41, 0xF5, 0x3F, 0x82, 0x42, 0xF1, 0x58, 0x90, 0x2D, 0x02, 0x62, 0xA0, 0x03, 0xEC,
    0x11, 0xF5, 0x7C, 0x65, 0x37, 0x88, 0x75, 0x37, 0x68, 0xBA, 0xB6, 0x1B, 0xD4, 0xE9, 0x24, 0x86,
    0xB4, 0x5C, 0xEE, 0x06, 0x29, 0xC3, 0x9D, 0x6C, 0xBD, 0x32, 0xE9, 0x26, 0xAA, 0xCD, 0xF3, 0xDD,
    0x20, 0xF5, 0x5B, 0xF0, 0xF5, 0xDD, 0xA0, 0xE3, 0xDD, 0xB1, 0xDD, 0xE6, 0xEF, 0x7A, 0x12, 0x14,
    0xB3, 0x20, 0x5B, 0x04, 0xB4, 0x1E, 0xC1, 0xFB, 0x7F, 0xF5, 0xAA, 0xCA, 0x41, 0x03, 0xBA, 0x9B,
    0x95, 0xE9, 0xBD, 0xDD, 0x00, 0xDE, 0xCF, 0xF4, 0x81, 0xEF, 0x7B, 0xFA, 0x90, 0x2E, 0x77, 0x78,
    0x20, 0x84, 0xCE, 0x75, 0x36, 0x3C, 0x09, 0x8D, 0x32, 0x17, 0x6A, 0x62, 0x40, 0x6E, 0x95, 0x91,
    0x34, 0x73, 0x60, 0x31, 0x83, 0xD9, 0x02, 0xD2, 0xBA, 0x23, 0x5F, 0x96, 0xA8, 0x8C, 0xCA, 0x43,
    0x57, 0xED, 0x0C, 0x27, 0x9B, 0x68, 0x4E, 0xD7, 0x04, 0xD0, 0x0C, 0x60, 0x15, 0xC1, 0x62, 0x06,
    0xB3, 0x05, 0x24, 0x56, 0xDA, 0x16, 0x6C, 0x7A, 0xD0, 0x44, 0xB0, 0xDC, 0x45, 0x02, 0xA1, 0xAC,
    0x5B, 0x9D, 0xB6, 0xC2, 0xA8, 0xB5, 0x5E, 0x91, 0x01, 0xB9, 0x1D, 0xEA, 0x64, 0xD7, 0x63, 0xE2,
    0x33, 0xEA, 0x43, 0xCE, 0xBD, 0x72, 0x50, 0x46, 0xB0, 0x1A, 0xC1, 0x62, 0x05, 0x73, 0x7E, 0xEC,
    0x74, 0x19, 0x0E, 0x6B, 0x95, 0x5A, 0xA3, 0xEF, 0x16, 0x6B, 0xC7, 0xA7, 0x37, 0xF2, 0x01, 0xAC,
    0x37, 0x2B, 0x3B, 0x96, 0x4A, 0xD4, 0xA7, 0xE9, 0x9B, 0x11, 0x92, 0x15, 0xBB, 0x92, 0x1D, 0x96,
    0xD5, 0xA8, 0x0C, 0x72, 0x48, 0x79, 0xF7, 0x7F, 0x44, 0x8C, 0x63, 0xDE, 0x33, 0xC5, 0xF5, 0xF1,
    0xA4, 0xDE, 0xC5, 0x3F, 0x58, 0xEC, 0x1E, 0x08, 0xD0, 0xAA, 0xA3, 0x6D, 0xA9, 0x8C, 0x0D, 0x9E,
    0x21, 0xCD, 0x44, 0x5D, 0xAF, 0xCF, 0x95, 0xDB, 0x26, 0xE1, 0x40, 0xDE, 0xA9, 0x60, 0x4B, 0x10,
    0x0A, 0x78, 0x06, 0x49, 0x4F, 0x25, 0x66, 0x10, 0xA2, 0xB1, 0x8F, 0x0F, 0x3B, 0xC5, 0xA8, 0x1D,
    0x0A, 0x9D, 0x40, 0x3C, 0xA1, 0x2A, 0xE8, 0x56, 0xAB, 0xBE, 0xF0, 0xAF, 0x16, 0x7A, 0x31, 0xA6,
    0x62, 0x10, 0x6E, 0xCB, 0xA4, 0x9E, 0x4C, 0x25, 0xB3, 0x70, 0xA1, 0x8E, 0xF4, 0xD9, 0x0A, 0xE1,
    0x91, 0xC6, 0x7C, 0x7C, 0xFE, 0xA2, 0x65, 0x01, 0x79, 0x06, 0xBB, 0x09, 0xB4, 0xA3, 0x52, 0x8C,
    0x3D, 0x80, 0xD8, 0x94, 0xE8, 0x55, 0x51, 0xA9, 0x46, 0xF6, 0x2C, 0xE2, 0xC6, 0x7A, 0x10, 0xBA,
    0x26, 0x16, 0xB1, 0x71, 0x36, 0x71, 0x14, 0xB6, 0x0F, 0xA6, 0x72, 0xA8, 0xDB, 0x47, 0x33, 0x38,
    0x3F, 0x12, 0x86, 0xE9, 0xA6, 0xEC, 0x4D, 0x98, 0x1E, 0x54, 0xBD, 0xF9, 0xF5, 0xF1, 0x9E, 0xF0,
    0x37, 0xA2, 0x15, 0xFE, 0x66, 0x6C, 0x4C, 0x30, 0xBF, 0x39, 0xD4, 0x2F, 0x07, 0xF3, 0xBB, 0x7D,
    0xFD, 0x99, 0x50, 0xFD, 0x45, 0x30, 0x9F, 0x0B, 0xD5, 0xDF, 0x24, 0xEA, 0x8B, 0xDB, 0x12, 0x2F,
    0x57, 0x80, 0xB4, 0xD1, 0x59, 0x54, 0x73, 0xAA, 0x51, 0xFD, 0xA8, 0x99, 0xEC, 0x35, 0x39, 0x6D,
    0xBE, 0xE8, 0x30, 0x63, 0x24, 0x10, 0x89, 0x9D, 0xB6, 0x24, 0x1B, 0x4D, 0x7E, 0x39, 0x42, 0x51,
    0x1B, 0x53, 0x84, 0x16, 0xD0, 0xCF, 0xA0, 0x8D, 0x60, 0xA3, 0xB4, 0xD3, 0xF1, 0x6A, 0xB6, 0x30,
    0x6D, 0x8D, 0x68, 0x34, 0xB7, 0x35, 0x1A, 0x0E, 0xF9, 0xDF, 0x9E, 0x4C, 0xB5, 0xA5, 0xF0, 0x81,
    0xBA, 0x34, 0x31, 0x04, 0x44, 0x55, 0x0F, 0x56, 0x9B, 0xA3, 0x43, 0x1F, 0x98, 0xF1, 0x59, 0xA4,
    0x71, 0x21, 0xD3, 0xDD, 0x46, 0xC8, 0x63, 0xCC, 0x8B, 0x15, 0x44, 0x8C, 0x12, 0x46, 0x25, 0x60,
    0x44, 0x8C, 0xC3, 0x8A, 0xC8, 0xC3, 0x8C, 0xD8, 0xC6, 0x75, 0x91, 0x47, 0x1C, 0x87, 0x5D, 0xEB,
    0x34, 0x21, 0x60, 0xD9, 0xAE, 0x4B, 0xA8, 0x56, 0xA3, 0x66, 0x90, 0xEA, 0x15, 0xA4, 0x6A, 0x06,
    0xA9, 0x18, 0xDF, 0xDF, 0xD3, 0xB5, 0xCD, 0x50, 0xED, 0x4C, 0xBB, 0xCD, 0xC9, 0x09, 0x4C, 0x11,
    0x36, 0xD7, 0x37, 0xD7, 0xAA, 0x11, 0xAC, 0x07, 0xD0, 0x86, 0x77, 0xAB, 0x6F, 0x2E, 0xF5, 0x89,
    0x71, 0x84, 0x3D, 0x3B, 0x66, 0xDA, 0xDE, 0x37, 0x44, 0x1F, 0xE9, 0x7B, 0x1F, 0x8B, 0xD5, 0xDA,
    0xB9, 0x6D, 0xF9, 0x6D, 0x80, 0xF2, 0xF8, 0x75, 0x5D, 0x3E, 0x0A, 0x32, 0xCD, 0xC3, 0x0C, 0xDC,
    0x00, 0xF6, 0x88, 0xBA, 0xDD, 0x54, 0xAA, 0x1E, 0x7A, 0x51, 0xF5, 0xAE, 0xA8, 0x3C, 0x00, 0x4E,
    0xAE, 0xCC, 0x53, 0x5D, 0xA9, 0x0A, 0x70, 0xAE, 0x72, 0xE9, 0x0A, 0x2A, 0x80, 0x65, 0x0E, 0xDB,
    0x1B, 0x97, 0x3F, 0xCA, 0xF7, 0x79, 0x2C, 0xCD, 0x6E, 0x13, 0xAA, 0x3B, 0x6D, 0x3F, 0x15, 0x53,
    0x47, 0xDB, 0xB4, 0xB8, 0xDF, 0x6C, 0xB2, 0x0E, 0xC9, 0xEB, 0xB4, 0xCF, 0xE9, 0xEE, 0x52, 0x3E,
    0xE9, 0xBF, 0x11, 0x97, 0x0E, 0x1B, 0x49, 0xF0, 0x32, 0xA4, 0x1D, 0xAB, 0x1A, 0xA6, 0xFA, 0xA7,
    0xED, 0x6B, 0x8A, 0x04, 0xD9, 0xB6, 0x0E, 0xF8, 0x7A, 0x27, 0x9B, 0xE8, 0x11, 0x7D, 0x13, 0x76,
    0x1C, 0xB5, 0xE1, 0x17, 0xD1, 0xD3, 0xA1, 0x82, 0x4D, 0xC7, 0x80, 0xBB, 0xB2, 0x18, 0x2F, 0xDD,
    0x61, 0x67, 0xAD, 0xBC, 0xE0, 0xF3, 0xCC, 0x78, 0x48, 0x00, 0x8D, 0xB2, 0x19, 0x51, 0x6E, 0x83,
    0xD2, 0x9D, 0xB1, 0xD2, 0xF2, 0xE7, 0x21, 0x93, 0xBD, 0xA1, 0xF2, 0xBF, 0xC7, 0x41, 0x74, 0x5B,
    0x0E, 0xF8, 0xD9, 0x81, 0x0D, 0xEF, 0x70, 0xA5, 0xD8, 0xFD, 0x03, 0xD9, 0xEF, 0x44, 0x07, 0xFD,
    0x7E, 0xE4, 0xF4, 0x86, 0x7C, 0xB4, 0x03, 0x19, 0xCC, 0x9A, 0x69, 0xE9, 0x0A, 0xD0, 0x02, 0xAC,
    0x77, 0x62, 0x51, 0x61, 0x55, 0x53, 0x03, 0x6A, 0x4A, 0x8D, 0xAA, 0x79, 0x75, 0x94, 0xBE, 0x83,
    0xB4, 0x9C, 0x76, 0xF4, 0xDA, 0x62, 0xD5, 0x25, 0x10, 0x6E, 0x93, 0xA2, 0x36, 0xEC, 0x77, 0x22,
    0xEE, 0x82, 0x8A, 0x40, 0xB8, 0x15, 0xB5, 0x1C, 0x37, 0x83, 0x72, 0x2C, 0xC5, 0xD4, 0x00, 0xA3,
    0x41, 0xCC, 0xAF, 0xC9, 0x11, 0x8E, 0xF9, 0x6D, 0xE3, 0xF9, 0x55, 0xD0, 0xF1, 0x30, 0x17, 0xCC,
    0xD3, 0x5C, 0xAD, 0xF4, 0xA3, 0x33, 0x2C, 0xCF, 0x4D, 0x38, 0xEE, 0x6B, 0x39, 0x91, 0xF3, 0x74,
    0x17, 0x54, 0x44, 0x85, 0x55, 0x4D, 0x0D, 0xA8, 0x29, 0x35, 0xAA, 0xE6, 0x93, 0xA3, 0xAC, 0x7B,
    0x72, 0x6D, 0xDE, 0xC4, 0xB4, 0x11, 0xAC, 0x6B, 0x9B, 0xB4, 0x36, 0xEF, 0xA8, 0xD9, 0x7F, 0x15,
    0xA2, 0xB3, 0xEF, 0x19, 0xF7, 0xEB, 0xE4, 0xF6, 0x7C, 0x7F, 0xEF, 0xEB, 0x30, 0x6B, 0x66, 0x0B,
    0x2C, 0x3F, 0x3F, 0xAB, 0x97, 0xA8, 0x1E, 0x45, 0x2C, 0x4B, 0x4B, 0x81, 0x0A, 0xEE, 0x2D, 0xC0,
    0xC0, 0x5D, 0x19, 0xE2, 0xF3, 0x43, 0xCB, 0xDE, 0x47, 0x5C, 0x6C, 0xED, 0xA0, 0x94, 0x75, 0xFA,
    0x39, 0x32, 0xE7, 0x7F, 0x76, 0x1A, 0x6C, 0xBB, 0x25, 0x6C, 0x25, 0x4D, 0x18, 0x5E, 0x55, 0xC4,
    0x80, 0x36, 0x83, 0xA4, 0xFC, 0x8C, 0xA9, 0xBC, 0xD0, 0xC1, 0x94, 0x89, 0xFC, 0xA0, 0xA3, 0x18,
    0xE3, 0x1B, 0x7D, 0x04, 0xCD, 0x41, 0x10, 0x48, 0xF3, 0xE3, 0x36, 0xE5, 0x89, 0x41, 0x30, 0x67,
    0xC6, 0x65, 0xE1, 0x4A, 0xA5, 0x0E, 0x77, 0x2C, 0x27, 0xEE, 0x07, 0xAB, 0xE9, 0x05, 0x2B, 0x4C,
    0x12, 0xF8, 0xFC, 0x0F, 0x92, 0xD0, 0x50, 0x6B, 0x83, 0x14, 0x02, 0x31, 0xF8, 0xC3, 0xBC, 0xBA,
    0x77, 0xB8, 0x1B, 0x94, 0x73, 0x4B, 0x4B, 0xCD, 0x23, 0x2D, 0xE8, 0xC0, 0xCB, 0xCF, 0xE7, 0x4C,
    0x6B, 0x4B, 0xBE, 0x65, 0xCC, 0x49, 0x2B, 0x1A, 0x76, 0x81, 0xB3, 0xF7, 0x07, 0x44, 0xB7, 0x5A,
    0x45, 0x07, 0xB4, 0xE9, 0x13, 0xCA, 0x9E, 0x7E, 0x74, 0xBC, 0xEE, 0x01, 0xE1, 0xF7, 0x0F, 0x57,
    0x3A, 0x40, 0xB6, 0x68, 0xC3, 0xEF, 0x81, 0xB2, 0xA7, 0x1E, 0x16, 0x5A, 0x27, 0xC8, 0xF1, 0x91,
    0xA0, 0x61, 0x9E, 0x80, 0x08, 0xB4, 0x69, 0x95, 0xF2, 0x6E, 0x58, 0x4D, 0x60, 0xD3, 0x83, 0x9D,
    0x4B, 0xFB, 0xF3, 0x42, 0x33, 0x82, 0xB6, 0x07, 0xD9, 0x09, 0xA5, 0x58, 0x68, 0x46, 0xD0, 0x4E,
    0x20, 0x2F, 0xE0, 0xC8, 0x60, 0x6F, 0x03, 0xD4, 0xEB, 0x41, 0x48, 0xD5, 0x61, 0xFD, 0x0A, 0x12,
    0x2B, 0x7D, 0x7B, 0xF2, 0x62, 0x22, 0x58, 0xCC, 0x60, 0xB6, 0xAA, 0x9D, 0x1D, 0x88, 0x3E, 0x42,
    0x5C, 0x74, 0x8E, 0x9B, 0x7A, 0x90, 0xF4, 0xDC, 0xD8, 0xC9, 0x32, 0xDD, 0xF0, 0xD2, 0xB1, 0xBB,
    0x6D, 0xD7, 0xC1, 0xB7, 0x1D, 0xF9, 0xB6, 0x09, 0xB7, 0x64, 0x5D, 0x1D, 0x6E, 0xC8, 0x92, 0xF9,
    0x00, 0xF9, 0xE1, 0x0E, 0xD7, 0xAB, 0xBF, 0x8B, 0x6A, 0x22, 0x55, 0xBB, 0xDB, 0x45, 0x83, 0xEF,
    0x0D, 0xAF, 0x7C, 0x73, 0xFE, 0x14, 0x26, 0xC9, 0xA4, 0x95, 0x2C, 0x24, 0x6B, 0x6A, 0xF9, 0xCA,
    0xFE, 0xD6, 0x87, 0xBC, 0x52, 0x80, 0xDC, 0xDB, 0xC1, 0x87, 0x7C, 0xDB, 0x26, 0x7A, 0x5B, 0x60,
    0x8E, 0x25, 0x3B, 0xA1, 0x55, 0x62, 0x1D, 0x58, 0xBE, 0x81, 0x16, 0x2C, 0xDF, 0x24, 0x70, 0xDA,
    0x31, 0xBE, 0x2F, 0x64, 0x39, 0xC6, 0x3D, 0x77, 0xBF, 0xB3, 0x68, 0x29, 0xD7, 0x92, 0x72, 0xA1,
    0xE7, 0x17, 0x5D, 0x81, 0xFE, 0xFC, 0xF9, 0x56, 0x4A, 0x04, 0xAB, 0x05, 0x2C, 0x78, 0x7D, 0x98,
    0xCC, 0xB5, 0x92, 0x5B, 0x68, 0x89, 0xA1, 0xB4, 0xAE, 0xCE, 0xD7, 0xDD, 0x14, 0xE5, 0xE9, 0x39,
    0x65, 0x23, 0x16, 0x56, 0xAA, 0xC5, 0xF2, 0xBC, 0xFB, 0xAD, 0x47, 0x7F, 0xFC, 0x49, 0xF2, 0x0C,
    0xDC, 0xCD, 0x0C, 0xF4, 0x08, 0x3A, 0xEC, 0x99, 0xAE, 0x7E, 0x90, 0xEC, 0xD4, 0x8B, 0x55, 0x56,
    0x42, 0x8B, 0x5C, 0xBE, 0x77, 0xB8, 0x23, 0x02, 0x76, 0x67, 0x06, 0xAA, 0xA3, 0x79, 0x9C, 0x7D,
    0x3E, 0x96, 0xCC, 0xFF, 0x1C, 0x33, 0xE6, 0x1F, 0x8F, 0xD4, 0x3C, 0x2E, 0xE3, 0xFE, 0x37, 0x87,
    0xF5, 0x7E, 0x14, 0x62, 0x1B, 0x1E, 0x8D, 0x9A, 0xEB, 0xCA, 0xA5, 0xC0, 0x07, 0x5D, 0xBF, 0x5C,
    0xFC, 0x40, 0x20, 0x68, 0xFA, 0x93, 0x11, 0x5D, 0xFD, 0x3D, 0x10, 0x62, 0x7A, 0x12, 0xF6, 0xB3,
    0x50, 0xBE, 0x40, 0x10, 0x16, 0xAF, 0x8F, 0xE0, 0x9B, 0xF1, 0xF8, 0x1B, 0x0B, 0xE2, 0x1E, 0xEC,
    0xC4, 0xC0, 0x0D, 0x1E, 0xC9, 0x67, 0x61, 0xA4, 0xE9, 0x01, 0x35, 0x31, 0x9B, 0xEE, 0x91, 0x8D,
    0xD9, 0x68, 0xE9, 0x53, 0x63, 0x2E, 0x7C, 0x75, 0xCA, 0xA3, 0xF0, 0x51, 0x11, 0x1B, 0xFA, 0xE5,
    0x57, 0x8B, 0x58, 0xBB, 0xE9, 0xD5, 0x62, 0xA8, 0xDD, 0xF8, 0xA9, 0x62, 0x30, 0xAF, 0xC5, 0x7B,
    0x65, 0x2F, 0xFC, 0x64, 0x19, 0x64, 0x77, 0xA7, 0xA9, 0x42, 0x25, 0xFB, 0x3A, 0x60, 0x6F, 0x5E,
    0x0E, 0xE5, 0x1F, 0x04, 0xF3, 0x99, 0xB6, 0xFC, 0x13, 0xA1, 0x2B, 0xFE, 0x3D, 0x54, 0x9F, 0x73,
    0xC5, 0x7F, 0xB7, 0xE5, 0xDF, 0x50, 0x81, 0x25, 0x12, 0xE5, 0x4C, 0xC2, 0x4C, 0xB8, 0x92, 0xDE,
    0xA2, 0xD0, 0x07, 0xB3, 0x05, 0x43, 0xA2, 0x98, 0x28, 0x5F, 0x0E, 0xDB, 0x23, 0x0D, 0xEA, 0xD8,
    0x22, 0x51, 0x4D, 0xAF, 0x9B, 0x22, 0xAF, 0xCF, 0xC2, 0x82, 0xB5, 0x2E, 0x5B, 0x2D, 0x40, 0x06,
    0x73, 0x2D, 0x2F, 0x3F, 0x3F, 0x41, 0xF2, 0xEF, 0x20, 0xD9, 0x04, 0x16, 0x7A, 0xDD, 0x4E, 0x58,
    0xC5, 0x86, 0x4E, 0x96, 0x78, 0xDC, 0xC0, 0x87, 0xBA, 0xA7, 0xEC, 0xE0, 0xDD, 0x75, 0x2A, 0x7C,
    0xD9, 0x22, 0xAB, 0xB6, 0x88, 0xA4, 0xFD, 0xD8, 0x16, 0xE3, 0xA9, 0x2D, 0xCC, 0xA0, 0x02, 0xA9,
    0x15, 0x5A, 0x28, 0x6A, 0x9C, 0xAD, 0xD7, 0x56, 0x58, 0x4E, 0xAD, 0xF0, 0xFA, 0x74, 0xCC, 0xBF,
    0x46, 0xB8, 0xCF, 0x3F, 0xAA, 0x07, 0xDA, 0xDD, 0xC8, 0x5A, 0x80, 0x6C, 0x06, 0x8B, 0xD3, 0x0C,
    0xD1, 0xF0, 0xA0, 0x0C, 0xE0, 0x4A, 0x4F, 0x7E, 0x5F, 0x0C, 0x87, 0x40, 0xDA, 0x78, 0xC2, 0xBA,
    0x6E, 0xD9, 0xE6, 0x98, 0x7A, 0xD8, 0x1C, 0x31, 0x8C, 0xCE, 0xD7, 0x45, 0xAB, 0xF1, 0x4C, 0xF4,
    0xF2, 0xCB, 0xD1, 0x1C, 0xC3, 0xA4, 0x02, 0x8C, 0x02, 0xBA, 0x57, 0xB0, 0xDB, 0x35, 0xC8, 0xA7,
    0xF3, 0x9D, 0x8C, 0xC6, 0x6D, 0xB0, 0xB8, 0xAA, 0x2B, 0xC9, 0x11, 0x70, 0x80, 0x4E, 0x34, 0xEB,
    0x4E, 0xF8, 0xFA, 0x0F, 0x96, 0x8B, 0x71, 0xFF, 0xFB, 0xE1, 0x3B, 0x70, 0x0C, 0x17, 0x81, 0xCF,
    0x6F, 0xEB, 0xE8, 0x78, 0x40, 0x24, 0xB3, 0x42, 0x63, 0xBF, 0x82, 0x47, 0x5B, 0x24, 0xF9, 0x79,
    0x24, 0x8D, 0x86, 0x7E, 0x8E, 0x46, 0xA7, 0x7C, 0x04, 0x41, 0x5E, 0xA0, 0x9F, 0x6A, 0x94, 0x59,
    0x07, 0x5C, 0xD9, 0xE3, 0xA9, 0xFA, 0x2B, 0x3B, 0x3B, 0x8F, 0xAE, 0xC6, 0xB2, 0x45, 0x3A, 0x01,
    0x43, 0x6A, 0xC9, 0xE7, 0x5C, 0x21, 0x1F, 0x4D, 0x30, 0x52, 0x6A, 0xDA, 0xFA, 0xD7, 0x57, 0x49,
    0xA1, 0xC5, 0x10, 0xA2, 0x7B, 0x54, 0x0F, 0xB7, 0xF4, 0x69, 0xAA, 0x78, 0x16, 0x7B, 0x39, 0x8F,
    0xF4, 0x23, 0xDA, 0xD0, 0xFF, 0x0F, 0xDD, 0x9B, 0x37, 0x94, 0xDD, 0x48, 0x76, 0x40, 0x2F, 0x80,
    0x11, 0xB1, 0x1A, 0x68, 0xA6, 0xE4, 0xDD, 0x18, 0x28, 0x93, 0x17, 0xE4, 0x3D, 0x59, 0x58, 0x1F,
    0x4A, 0x79, 0x20, 0x9F, 0x53, 0x99, 0x1C, 0x49, 0x40, 0x3E, 0xED, 0x3C, 0xD9, 0xCD, 0xE3, 0x0D,
    0xC9, 0x46, 0x6D, 0x2A, 0x8B, 0x3D, 0xCA, 0xE4, 0x06, 0xE7, 0x68, 0x4D, 0xB8, 0x90, 0x04, 0x1D,
    0xA1, 0xCF, 0x00, 0x78, 0xC2, 0x7B, 0x35, 0xBF, 0xFF, 0x6F, 0x4E, 0x8B, 0x4B, 0x8E, 0x6D, 0x4E,
    0xF5, 0xC1, 0xAD, 0xFF, 0x81, 0x67, 0xE1, 0xFE, 0xAB, 0x02, 0xBA, 0x1C, 0x9A, 0xA9, 0x99, 0xF7,
    0xBF, 0xA9, 0x1C, 0xB8, 0x6C, 0x59, 0x9D, 0xD5, 0x79, 0x9B, 0xB7, 0x45, 0x5B, 0x04, 0x17, 0xFF,
    0x7A, 0xD7, 0x97, 0x8F, 0xFD, 0xBD, 0xD8, 0xC2, 0x7D, 0x78, 0x1C, 0xB7, 0x64, 0x80, 0x46, 0x36,
    0x12, 0x11, 0x69, 0xF3, 0xF5, 0x7E, 0x35, 0xB8, 0xF1, 0x76, 0x31, 0x96, 0xE1, 0x76, 0xD6, 0xFB,
    0xF6, 0x36, 0xF8, 0x7A, 0x47, 0xC3, 0x93, 0x60, 0x22, 0x2A, 0x5C, 0xEF, 0x6A, 0xC9, 0xB8, 0x1B,
    0xC8, 0x27, 0x35, 0x35, 0xA6, 0x22, 0x12, 0x68, 0x44, 0xD4, 0xD1, 0x97, 0xB9, 0x36, 0x02, 0xBA,
    0x0D, 0x70, 0x12, 0x03, 0x91, 0x85, 0x44, 0xCE, 0x72, 0x21, 0x5B, 0xA0, 0x0B, 0xF9, 0x04, 0x25,
    0xC5, 0x08, 0x2F, 0xE0, 0x76, 0x72, 0x85, 0x85, 0x31, 0x37, 0x66, 0x93, 0x32, 0x5D, 0x94, 0x22,
    0xB2, 0x5E, 0x25, 0x1D, 0x3C, 0xC6, 0x73, 0xE3, 0xAA, 0x48, 0x4C, 0x2B, 0x9B, 0x95, 0x95, 0x59,
    0xF3, 0xC1, 0x28, 0x7B, 0x6B, 0x4F, 0x89, 0xB6, 0x57, 0x81, 0xE1, 0x5C, 0x9D, 0xF9, 0x9A, 0x6C,
    0xAA, 0x02, 0xC5, 0xE0, 0xBE, 0x26, 0x9F, 0x0B, 0xB9, 0x8A, 0x64, 0x3B, 0xC8, 0xD7, 0x44, 0x5A,
    0x37, 0x52, 0x85, 0x32, 0xE0, 0x06, 0x15, 0x19, 0x7D, 0x4B, 0x7E, 0x2D, 0x6C, 0xAB, 0xC9, 0x99,
    0x86, 0xE9, 0x9A, 0x15, 0xB3, 0x67, 0x96, 0xCD, 0x87, 0x79, 0x33, 0xBF, 0x16, 0x01, 0x97, 0x81,
    0x0A, 0xE5, 0x00, 0xC9, 0x6A, 0x3B, 0x24, 0x5B, 0x2C, 0x93, 0x7C, 0xB2, 0x9D, 0xE1, 0x46, 0xD8,
    0xA0, 0xEC, 0x2D, 0x6D, 0xDF, 0xDA, 0xD2, 0x00, 0x65, 0xC0, 0xF6, 0xFB, 0x60, 0xC9, 0xE7, 0xA3,
    0x65, 0x9F, 0x2D, 0xF9, 0x88, 0x5A, 0x72, 0x3D, 0x40, 0x57, 0xC5, 0xDD, 0xD0, 0xD4, 0xA0, 0x01,
    0xC9, 0xF8, 0x58, 0x17, 0x77, 0xFB, 0x33, 0x77, 0xD7, 0x1B, 0x5B, 0xAE, 0x36, 0x62, 0x7B, 0xDB,
    0x6A, 0x3B, 0x91, 0x1A, 0x91, 0x3A, 0x11, 0x91, 0x90, 0xAD, 0xDC, 0x6D, 0x8B, 0x91, 0x14, 0x0B,
    0xF9, 0x04, 0x23, 0x90, 0xAF, 0x40, 0x2A, 0x03, 0xD0, 0xC9, 0x99, 0xAA, 0xAD, 0x64, 0xC3, 0x5D,
    0x09, 0xAE, 0x4D, 0xBA, 0xD1, 0x83, 0x9B, 0x1A, 0xCD, 0xDA, 0x76, 0x6A, 0x07, 0xC9, 0xD2, 0xD4,
    0x24, 0xB3, 0xEF, 0xC9, 0xC6, 0x72, 0x25, 0x1F, 0x0A, 0xB9, 0x28, 0xD5, 0xD1, 0x0C, 0x85, 0x2C,
    0x40, 0x29, 0xA8, 0xB1, 0x16, 0xB0, 0x9D, 0x73, 0xEA, 0x35, 0xA9, 0xF5, 0xE8, 0x4D, 0x7A, 0xE4,
    0x45, 0x84, 0xD4, 0xD4, 0x7E, 0x74, 0x6B, 0xF1, 0x75, 0x53, 0x77, 0x41, 0x82, 0x2E, 0xFA, 0x19,
    0xEE, 0x6E, 0x3B, 0xC8, 0x45, 0x26, 0xC0, 0x0F, 0x89, 0x00, 0x2B, 0x94, 0xEA, 0x18, 0x5D, 0x8A,
    0x00, 0x2C, 0xB8, 0xBA, 0x58, 0xB9, 0x4F, 0x45, 0x23, 0x6D, 0xC5, 0x6D, 0xD6, 0xA2, 0x77, 0xF5,
    0xBD, 0x74, 0xCC, 0x46, 0xD7, 0x3E, 0xCC, 0x86, 0xA4, 0x2D, 0xC2, 0x9C, 0xF7, 0xB0, 0x77, 0x45,
    0x0F, 0xF9, 0xB5, 0xDD, 0x41, 0x64, 0x57, 0x20, 0x14, 0x61, 0x57, 0x4F, 0x77, 0x75, 0x35, 0x36,
    0xB8, 0x3A, 0x9A, 0x3E, 0x38, 0x8A, 0x6E, 0x0F, 0x41, 0xC4, 0x90, 0x62, 0x80, 0xC7, 0x70, 0x63,
    0xF0, 0x74, 0x03, 0x85, 0xAC, 0x94, 0x6D, 0xC3, 0x8B, 0xB8, 0x16, 0x5C, 0xD0, 0x25, 0xE9, 0x24,
    0x38, 0xD1, 0x3C, 0x5D, 0xB8, 0x83, 0x2D, 0x9A, 0x73, 0x28, 0xE5, 0xCD, 0xE9, 0x96, 0x7C, 0x62,
    0x82, 0x96, 0xEF, 0x25, 0xEB, 0xB9, 0x47, 0x39, 0xA4, 0x0B, 0x4D, 0x5B, 0x4C, 0xA9, 0xE0, 0xFB,
    0x62, 0x41, 0x5A, 0x3F, 0xE6, 0x1B, 0xBB, 0x81, 0x39, 0x9E, 0xD3, 0x06, 0xFB, 0x6A, 0x1B, 0x4C,
    0xC4, 0x84, 0x4D, 0xCD, 0x0C, 0x98, 0x29, 0x33, 0xDA, 0xC8, 0xDE, 0x8E, 0x00, 0xF0, 0x4F, 0x09,
    0x1A, 0x91, 0xF6, 0xB0, 0xF0, 0xCA, 0x05, 0x20, 0xD2, 0x93, 0x4D, 0xB7, 0x26, 0x4D, 0xED, 0x1E,
    0xAF, 0x97, 0xF3, 0xEB, 0xFC, 0x6A, 0xB9, 0x3A, 0x7E, 0xF5, 0xB5, 0x97, 0x0D, 0x45, 0x1D, 0xBF,
    0x96, 0xB3, 0xE3, 0xF5, 0xD7, 0x7E, 0xFC, 0x75, 0x5C, 0xCD, 0xBD, 0xA8, 0x61, 0xBA, 0xBC, 0xB2,
    0x9A, 0xD9, 0xFA, 0xB0, 0x70, 0xF7, 0xCB, 0x64, 0x22, 0xB8, 0xA1, 0x0C, 0x55, 0x9B, 0x8F, 0x9E,
    0x74, 0x7A, 0x40, 0x32, 0x3F, 0x02, 0x5B, 0xF4, 0xB3, 0xAE, 0xD3, 0x6D, 0x2A, 0xA3, 0xB2, 0xAA,
    0x03, 0xDF, 0x85, 0x05, 0xFA, 0x4C, 0xB4, 0x5D, 0xD0, 0x9E, 0xF2, 0x59, 0x2D, 0x5C, 0xDF, 0xAE,
    0xB3, 0x9C, 0xC8, 0x19, 0x4E, 0x66, 0xAA, 0x7A, 0xE5, 0x0E, 0x77, 0xA2, 0xBE, 0x2D, 0xF7, 0x81,
    0x25, 0x9E, 0x4A, 0x2E, 0xD8, 0xAA, 0x64, 0x86, 0x62, 0x80, 0xAA, 0x06, 0x2F, 0x52, 0xEB, 0x72,
    0xD0, 0xF7, 0xF5, 0xCA, 0xC7, 0x54, 0xFF, 0xB0, 0x24, 0x0B, 0x48, 0x0F, 0x32, 0x00, 0x8F, 0x2E,
    0xED, 0xFE, 0x10, 0x9E, 0xA6, 0x3E, 0xA7, 0x94, 0x99, 0x74, 0xD7, 0x05, 0x86, 0x74, 0xC9, 0xE6,
    0x62, 0x74, 0xA1, 0x6A, 0x3D, 0xAF, 0xDA, 0x79, 0x1B, 0xDE, 0x35, 0xB6, 0x4B, 0x08, 0x54, 0x41,
    0x5A, 0xEE, 0x06, 0x99, 0x6E, 0xBD, 0x11, 0x44, 0xE4, 0x37, 0xC3, 0x2A, 0xEB, 0x2E, 0x57, 0x7D,
    0xD9, 0x84, 0xE1, 0x29, 0x40, 0x2A, 0xA2, 0x96, 0x8C, 0xA2, 0xCC, 0x44, 0x7A, 0x4F, 0x61, 0x2C,
    0x8D, 0x95, 0xD1, 0x3F, 0x91, 0x95, 0xB1, 0x3C, 0xD1, 0xCD, 0x8C, 0x44, 0x56, 0xC6, 0xD4, 0x48,
    0xF1, 0xBE, 0xF2, 0xB4, 0x20, 0x49, 0x06, 0xD2, 0x9E, 0xAC, 0x27, 0x93, 0xD6, 0x6E, 0x64, 0xC3,
    0x4B, 0xF9, 0xE0, 0x25, 0xE4, 0x1B, 0x34, 0x2D, 0xB9, 0xB4, 0x34, 0x6F, 0xB4, 0xDC, 0x76, 0x2D,
    0x3C, 0xE5, 0x52, 0x89, 0xB4, 0xBA, 0x70, 0x77, 0xBA, 0xBC, 0x74, 0xCA, 0x7A, 0xB7, 0x4A, 0xA6,
    0x97, 0x8F, 0x2E, 0x93, 0x2D, 0xF6, 0x39, 0x1B, 0x75, 0xDB, 0xF1, 0xD2, 0x99, 0xF8, 0x4E, 0x52,
    0xE0, 0x8E, 0x06, 0x85, 0x6F, 0xF3, 0x09, 0xDC, 0x98, 0x6E, 0x90, 0xAD, 0x74, 0x2D, 0x89, 0xD4,
    0xD5, 0x08, 0xCD, 0x50, 0x2C, 0x50, 0x4E, 0xA9, 0x40, 0x3E, 0x73, 0xA0, 0xAD, 0xB1, 0xAD, 0x6B,
    0x94, 0x8C, 0x5A, 0x66, 0xE1, 0x60, 0x2D, 0x5A, 0x8E, 0x5E, 0xE8, 0x6A, 0xF0, 0x94, 0x52, 0xC3,
    0x03, 0xFC, 0xE7, 0x6A, 0x58, 0xF8, 0xDE, 0xB2, 0x26, 0x9D, 0x60, 0xEF, 0xB2, 0xD1, 0xBA, 0xA2,
    0xB7, 0xCE, 0x05, 0xEB, 0x3C, 0xD6, 0x3D, 0x88, 0xDD, 0x62, 0x5D, 0x32, 0x5B, 0x67, 0xF2, 0x22,
    0x10, 0xBB, 0xAB, 0x2D, 0x9B, 0x95, 0xB8, 0x19, 0xB5, 0xFB, 0x13, 0x33, 0xE4, 0x03, 0xF7, 0x66,
    0xD4, 0xEE, 0x38, 0x43, 0xD9, 0xA6, 0xC3, 0x0C, 0x5E, 0xEF, 0xFD, 0xF0, 0x08, 0xC7, 0x0C, 0x0B,
    0x3F, 0xCE, 0xAC, 0xE1, 0x78, 0xAD, 0xF4, 0x06, 0xEB, 0x34, 0x0E, 0x66, 0xCA, 0xD6, 0x3A, 0x8F,
    0x75, 0x1F, 0x68, 0x2A, 0x5D, 0xAF, 0xCC, 0xC4, 0x52, 0x71, 0xFD, 0xAA, 0xA9, 0x38, 0x35, 0xA3,
    0x76, 0xEF, 0x60, 0xA1, 0xDD, 0xC7, 0xCC, 0x2F, 0x9A, 0x8A, 0x79, 0x5F, 0x6C, 0xB3, 0x86, 0xF3,
    0xC0, 0x52, 0x4F, 0x63, 0xEA, 0xAE, 0x37, 0x79, 0x27, 0x82, 0xC7, 0xBA, 0x24, 0xDE, 0xF7, 0x9C,
    0x98, 0x68, 0xF9, 0xF1, 0x45, 0x75, 0x5F, 0xE0, 0xA1, 0xE9, 0xF2, 0xD0, 0x8C, 0x25, 0x93, 0xA5,
    0xD2, 0x9D, 0x99, 0xCB, 0x6E, 0x30, 0x5F, 0xC9, 0x62, 0xA9, 0x70, 0x8F, 0x05, 0x5E, 0xE5, 0xBE,
    0xA6, 0xE2, 0x3F, 0xBE, 0xA8, 0xBC, 0x19, 0x83, 0x54, 0xDA, 0x0F, 0xF6, 0xA8, 0xD8, 0x61, 0x49,
    0x24, 0xD8, 0xB5, 0x6D, 0xB0, 0xAF, 0x71, 0xC3, 0xF5, 0xCD, 0xBF, 0x1D, 0xB7, 0x04, 0x68, 0x44,
    0xF5, 0xBF, 0x12, 0x0B, 0x24, 0xDC, 0x70, 0xA8, 0x66, 0x7C, 0xAB, 0xA8, 0x23, 0x92, 0x33, 0xDF,
    0x92, 0x2D, 0x3E, 0x90, 0x4F, 0x55, 0x8F, 0x1B, 0xDD, 0x05, 0x5D, 0x9F, 0x89, 0x48, 0x8D, 0x15,
    0xD5, 0xAF, 0xC8, 0x19, 0x87, 0xF6, 0xFB, 0xC7, 0x1D, 0x90, 0x2C, 0x27, 0xF5, 0xB5, 0x37, 0x5A,
    0x26, 0x14, 0xC1, 0x84, 0xAE, 0x0F, 0x16, 0x3F, 0x1A, 0x27, 0x65, 0x63, 0x86, 0xC4, 0x0C, 0x2D,
    0xAB, 0xD9, 0x54, 0x73, 0xE9, 0xDC, 0x58, 0x05, 0xA9, 0x11, 0x5A, 0xED, 0x4C, 0x31, 0x68, 0xDC,
    0xAE, 0x2F, 0x77, 0x96, 0xC1, 0x0D, 0x9A, 0x47, 0x31, 0xDA, 0xF5, 0xA9, 0xAC, 0xB3, 0x09, 0x3A,
    0xB2, 0x05, 0x36, 0xD2, 0x9D, 0x2B, 0xC9, 0x6A, 0x43, 0x9D, 0x2D, 0x56, 0x9D, 0x91, 0x75, 0x3E,
    0xA9, 0x8A, 0x29, 0xBE, 0x65, 0xA4, 0xEC, 0xC1, 0x45, 0xE3, 0xD1, 0xD1, 0x68, 0x4E, 0xA7, 0x0E,
    0xD4, 0xDC, 0xA1, 0xFD, 0xA2, 0xB1, 0x33, 0x6E, 0xC7, 0x01, 0x48, 0x36, 0x2A, 0x8B, 0x41, 0xE9,
    0x82, 0x32, 0xE7, 0xA3, 0x90, 0x75, 0x8C, 0xB6, 0x5B, 0x80, 0x74, 0xDB, 0xD0, 0x4D, 0x2A, 0xA6,
    0xE3, 0x4D, 0xF3, 0x3B, 0xC2, 0xB7, 0x40, 0xFF, 0xFC, 0x67, 0x9A, 0xCF, 0xFC, 0x00, 0x94, 0x72,
    0xA6, 0x2A, 0x56, 0xF6, 0xDE, 0x2E, 0x64, 0x80, 0xEF, 0x3C, 0x5E, 0x6B, 0xCF, 0x7D, 0x8E, 0xAE,
    0x77, 0x01, 0xAA, 0xD1, 0x8F, 0x57, 0x68, 0xEB, 0x3F, 0x2A, 0x39, 0x52, 0x0D, 0x87, 0x08, 0xAD,
    0x4E, 0x80, 0xAC, 0x77, 0xCA, 0xE0, 0xEA, 0x4B, 0xDA, 0x1A, 0xDB, 0x1A, 0x25, 0x4D, 0xEB, 0xF9,
    0xCE, 0x5A, 0x4D, 0xE0, 0x8D, 0x4D, 0xA7, 0x3C, 0x57, 0x01, 0x56, 0xE3, 0xA2, 0x4C, 0x66, 0x65,
    0x36, 0x19, 0xA3, 0xBA, 0xB1, 0x18, 0x94, 0xAE, 0x37, 0x06, 0x65, 0xD5, 0x7A, 0x59, 0xF0, 0xB5,
    0x11, 0x65, 0x83, 0xAE, 0x3F, 0x37, 0x6A, 0x80, 0x24, 0xC6, 0xD4, 0x98, 0xCD, 0xD8, 0x44, 0x85,
    0xB2, 0x18, 0x95, 0x6E, 0x30, 0xF6, 0xCA, 0x32, 0xE0, 0x65, 0xAB, 0x8C, 0xBE, 0x55, 0x92, 0x74,
    0x17, 0x80, 0x13, 0x09, 0x36, 0xB8, 0x18, 0x41, 0xCE, 0x5E, 0x59, 0xC8, 0x56, 0x92, 0x8D, 0xDC,
    0x76, 0x91, 0xB3, 0xDD, 0xE5, 0xB4, 0xD8, 0x52, 0x0B, 0x40, 0x65, 0xF4, 0x91, 0xED, 0x53, 0xF3,
    0x44, 0xB7, 0x34, 0x46, 0x9B, 0xD1, 0xBE, 0xF9, 0x8A, 0x7E, 0x63, 0x0C, 0x31, 0x1E, 0x8B, 0xAD,
    0x25, 0xC6, 0x09, 0xA5, 0x82, 0x9F, 0x30, 0x56, 0xB3, 0x92, 0xCE, 0xE8, 0x15, 0x9F, 0x57, 0x26,
    0xB2, 0x42, 0x1C, 0xBC, 0xC5, 0x96, 0xD7, 0x57, 0xE6, 0x0B, 0xF2, 0xE3, 0xCC, 0xC9, 0xA2, 0xB8,
    0xAF, 0xF8, 0x21, 0x1E, 0x6F, 0x5E, 0x44, 0x96, 0x13, 0xA8, 0x91, 0x67, 0x83, 0x88, 0x4C, 0x47,
    0xBC, 0x33, 0x03, 0xCB, 0x11, 0xC4, 0x96, 0xB5, 0x60, 0x07, 0x06, 0x37, 0x1E, 0x76, 0xA4, 0x89,
    0x37, 0x97, 0x19, 0xFD, 0xDE, 0x73, 0x90, 0x4C, 0x2A, 0x35, 0x14, 0x12, 0xA0, 0xFC, 0xFA, 0x08,
    0xFE, 0xCF, 0x67, 0x58, 0xD9, 0x48, 0xED, 0xD4, 0x3D, 0xE3, 0x9B, 0x6F, 0x7E, 0x0A, 0xE7, 0x3C,
    0x22, 0x91, 0x54, 0x76, 0x7C, 0x42, 0xE2, 0x27, 0xCE, 0x59, 0x01, 0x9E, 0x97, 0xB3, 0x29, 0x57,
    0xF8, 0xF6, 0x70, 0x1E, 0x15, 0xC3, 0xA1, 0x7C, 0xB2, 0xC1, 0x03, 0x0F, 0x15, 0x3F, 0x7B, 0xED,
    0x24, 0xC4, 0x7C, 0x04, 0xAC, 0xF0, 0x41, 0xE2, 0x9A, 0x08, 0x8E, 0x97, 0x46, 0x31, 0x5E, 0x2D,
    0xAA, 0x2F, 0xAB, 0xE1, 0xC5, 0x2A, 0xE5, 0xE7, 0x20, 0x99, 0x4C, 0x88, 0x97, 0x06, 0xD5, 0xD7,
    0x07, 0x68, 0x3E, 0x69, 0x41, 0xAD, 0x76, 0x57, 0x87, 0xC0, 0x4B, 0x37, 0x3F, 0x85, 0x95, 0x85,
    0x54, 0x32, 0x39, 0x81, 0xAD, 0xB3, 0x76, 0xE3, 0xA3, 0xB7, 0xDF, 0xEC, 0x9D, 0x32, 0x18, 0x97,
    0x9D, 0xE4, 0xA2, 0xA4, 0x6B, 0x95, 0x55, 0x50, 0xBA, 0x41, 0x59, 0x8C, 0xCA, 0xDC, 0x98, 0x4D,
    0xC6, 0x39, 0xD2, 0x8B, 0x0C, 0x6F, 0x71, 0x89, 0xB4, 0xF5, 0x91, 0xF3, 0xDB, 0x38, 0x1D, 0xED,
    0x14, 0x46, 0xB3, 0x6F, 0xBE, 0xCC, 0xAF, 0xC5, 0x60, 0xF1, 0x1C, 0x63, 0xDB, 0x80, 0xA6, 0x4D,
    0x49, 0xE4, 0xC2, 0x61, 0x83, 0xC3, 0xAC, 0xEF, 0x36, 0x92, 0xBA, 0x98, 0xB8, 0xAE, 0x75, 0x03,
    0xC9, 0xD2, 0x8D, 0x8A, 0x49, 0xB1, 0x1C, 0x70, 0xBE, 0x29, 0x1A, 0x85, 0xAF, 0x77, 0x54, 0x61,
    0x87, 0xEB, 0x77, 0x14, 0xC3, 0x8E, 0x7C, 0xDC, 0x91, 0x4D, 0x3B, 0xD2, 0x65, 0x07, 0xAB, 0xE2,
    0x5C, 0xD1, 0x28, 0xFC, 0x9F, 0xEE, 0x28, 0xBF, 0xB8, 0xC3, 0x7D, 0x69, 0x47, 0xF1, 0x9F, 0x3B,
    0x32, 0xC3, 0xC5, 0x8E, 0x64, 0xDD, 0x81, 0x28, 0x3A, 0x85, 0xBF, 0x44, 0xB9, 0x10, 0x5B, 0x12,
    0x94, 0x6E, 0x38, 0x3E, 0x51, 0x4A, 0x67, 0x25, 0x8B, 0xF1, 0x81, 0xB1, 0x32, 0xBE, 0xC4, 0xB5,
    0x2D, 0x95, 0x2F, 0x63, 0xA5, 0x17, 0x20, 0x36, 0x7D, 0x2C, 0xF5, 0xDD, 0x91, 0x62, 0x26, 0x5F,
    0xD4, 0x70, 0xB2, 0x52, 0x06, 0xD8, 0xF0, 0x2D, 0x74, 0xF8, 0x1A, 0x9A, 0x5A, 0xE9, 0xEB, 0x86,
    0x9D, 0x6D, 0x77, 0x64, 0x78, 0x22, 0xDB, 0xC6, 0x18, 0x75, 0x23, 0xA3, 0xCD, 0xCA, 0xEC, 0x9B,
    0xAF, 0xE8, 0x37, 0xC6, 0x10, 0xE3, 0x89, 0xB1, 0xC5, 0x38, 0x8F, 0x6D, 0x38, 0x19, 0xB5, 0xCE,
    0xCA, 0x62, 0x3C, 0x8E, 0x5A, 0xAB, 0x56, 0xE9, 0x15, 0xBC, 0xFA, 0x91, 0xC8, 0x5A, 0x82, 0x7D,
    0x1E, 0x81, 0xE2, 0xCD, 0x19, 0x28, 0xFB, 0x8D, 0x83, 0xC1, 0xD5, 0xD2, 0xFE, 0x49, 0xB2, 0xFA,
    0xF9, 0xCF, 0xB4, 0x1C, 0x68, 0xA1, 0xD9, 0x3E, 0x19, 0x0E, 0x5B, 0xA7, 0x4A, 0x5A, 0xF8, 0xF5,
    0x74, 0x25, 0xB6, 0xE7, 0x3D, 0x47, 0x53, 0x01, 0xBA, 0x20, 0xE1, 0x94, 0xB6, 0xFE, 0x23, 0x92,
    0xA3, 0x15, 0xA1, 0x6D, 0x55, 0x93, 0x8D, 0xDE, 0xA6, 0xE0, 0x26, 0x7C, 0xC8, 0x56, 0x04, 0xE4,
    0x93, 0x0B, 0xF8, 0x37, 0x6C, 0x78, 0x12, 0x20, 0x13, 0x14, 0x35, 0x38, 0x35, 0xE1, 0xFF, 0x71,
    0x02, 0xC9, 0x56, 0xB2, 0x05, 0xA9, 0xDD, 0x88, 0xEF, 0x7D, 0xC0, 0x8D, 0x15, 0x64, 0xC3, 0x0B,
    0x40, 0xCB, 0x65, 0xCB, 0x7A, 0xE8, 0x2E, 0xF2, 0x91, 0x42, 0xE4, 0x8D, 0xDE, 0xCA, 0xB4, 0x80,
    0xF4, 0xAF, 0x08, 0xE9, 0x46, 0x22, 0x64, 0xF3, 0xCE, 0x3A, 0x1F, 0xC9, 0xA4, 0x75, 0x03, 0x85,
    0x04, 0xD7, 0xE3, 0xDE, 0xE8, 0x77, 0xFA, 0x5F, 0xD3, 0xC1, 0xED, 0x03, 0x1B, 0x8B, 0x2E, 0xCA,
    0x74, 0xDA, 0x7D, 0x84, 0x7C, 0x54, 0xBA, 0xA0, 0xAC, 0x5A, 0xA5, 0x47, 0xB9, 0xE2, 0x86, 0xF2,
    0x8B, 0xF3, 0x4E, 0xF7, 0x4F, 0x23, 0xAE, 0x77, 0xFF, 0xD2, 0x2B, 0x25, 0xE8, 0xC0, 0x58, 0xC0,
    0xB7, 0xD9, 0x06, 0x4D, 0xFD, 0x96, 0xDF, 0x3D, 0x86, 0x45, 0x83, 0x92, 0x69, 0x77, 0x27, 0x12,
    0x74, 0xAF, 0x5F, 0x40, 0xC9, 0xB1, 0xBD, 0x9B, 0x22, 0xB2, 0x83, 0x74, 0x79, 0x7F, 0x31, 0x37,
    0x90, 0x45, 0xD8, 0xA0, 0x38, 0x3E, 0xEF, 0xB7, 0x23, 0x39, 0xD3, 0xF5, 0x79, 0x7C, 0x7C, 0x26,
    0x1B, 0xBC, 0x22, 0x03, 0xCF, 0x5E, 0x44, 0xDE, 0xE4, 0x64, 0x9E, 0xBE, 0x88, 0xBC, 0xB1, 0x29,
    0x3C, 0xB9, 0x88, 0xBC, 0xE1, 0xD1, 0x1F, 0xDB, 0xCB, 0x46, 0xAA, 0xC0, 0x71, 0x2A, 0x84, 0xCE,
    0xC8, 0xC2, 0x49, 0xAD, 0x93, 0x8D, 0xC7, 0x5A, 0xE8, 0xDA, 0xE6, 0x83, 0x69, 0x96, 0x03, 0x24,
    0x1B, 0x6E, 0x3C, 0x4C, 0x96, 0xDA, 0xEB, 0x26, 0x2B, 0xB6, 0x46, 0xA0, 0xEA, 0xA1, 0xAB, 0xF1,
    0xAD, 0x69, 0x74, 0xA0, 0x1A, 0x1B, 0xBA, 0x3D, 0x5B, 0xD0, 0xF8, 0xF3, 0x09, 0xCD, 0x4A, 0xE5,
    0x61, 0x2B, 0xCD, 0x61, 0xD3, 0xB4, 0xE6, 0x43, 0x94, 0x94, 0x9B, 0x92, 0x62, 0x51, 0x92, 0x4D,
    0xEF, 0x69, 0xF7, 0x34, 0x63, 0xD5, 0x59, 0x21, 0xAD, 0x62, 0xF4, 0x35, 0xA5, 0xED, 0xF3, 0x65,
    0x07, 0xAB, 0x62, 0xBB, 0x84, 0x5C, 0xFD, 0xBA, 0x9A, 0x9C, 0x69, 0x98, 0xEE, 0xC1, 0xCA, 0xFC,
    0x64, 0x97, 0xE4, 0xB2, 0x00, 0x95, 0xD1, 0x1B, 0xCF, 0xE1, 0x1B, 0xB2, 0x53, 0x17, 0x57, 0x78,
    0x0E, 0xB9, 0xD1, 0xF5, 0x4A, 0xDF, 0x2A, 0x3B, 0x76, 0x26, 0x8B, 0x32, 0x9B, 0x94, 0x6E, 0x50,
    0x56, 0x41, 0xD9, 0xA0, 0x5C, 0x95, 0xC9, 0x56, 0x2B, 0x65, 0x33, 0x8A, 0x59, 0xB8, 0x3B, 0x29,
    0xB3, 0x45, 0xC9, 0x66, 0xEC, 0xAE, 0x90, 0x4B, 0x8A, 0x71, 0x05, 0x93, 0xC7, 0x74, 0x71, 0x22,
    0xBD, 0x72, 0x43, 0x79, 0xC6, 0xA1, 0xE5, 0xAD, 0xB2, 0x7A, 0x9A, 0xC2, 0xFB, 0x87, 0xB8, 0xB6,
    0x15, 0x66, 0xAD, 0x93, 0x95, 0x38, 0xF4, 0x40, 0x1F, 0x51, 0x05, 0xCA, 0x5E, 0xED, 0xE5, 0xF5,
    0x95, 0x17, 0xC4, 0x8E, 0x7C, 0x45, 0x64, 0x24, 0x15, 0xA5, 0x33, 0x56, 0x93, 0xAE, 0xF7, 0xC1,
    0x58, 0x5F, 0x61, 0x61, 0xEB, 0x5F, 0x51, 0x99, 0xE4, 0xBF, 0x4D, 0xFE, 0x4B, 0x12, 0x52, 0x91,
    0x56, 0x02, 0x77, 0x2F, 0x74, 0x5B, 0x6C, 0xA4, 0xAD, 0x32, 0x9B, 0x9E, 0x54, 0x42, 0x3F, 0xBC,
    0xE9, 0xB9, 0xA4, 0x12, 0x4F, 0xC4, 0x1E, 0x70, 0x3A, 0x29, 0x86, 0xFF, 0xF3, 0x05, 0xD8, 0xD8,
    0xEC, 0xB0, 0x54, 0x35, 0x9C, 0xF1, 0xE2, 0x8D, 0x8D, 0xBF, 0x3A, 0x4B, 0x01, 0x59, 0x8B, 0xD6,
    0x62, 0x68, 0x49, 0x87, 0x46, 0x80, 0x36, 0x9F, 0x6F, 0x6C, 0xCC, 0xE7, 0x9C, 0x63, 0xF3, 0x77,
    0x07, 0x72, 0xCE, 0x86, 0xB5, 0x1B, 0x1B, 0xB3, 0xDD, 0x25, 0x28, 0xA4, 0x07, 0xCA, 0x4F, 0x8C,
    0x36, 0x1F, 0x3E, 0x03, 0x77, 0x78, 0x78, 0xA0, 0xAD, 0x39, 0x6C, 0x35, 0x49, 0xD3, 0xBA, 0x79,
    0xB9, 0xDC, 0x1D, 0x12, 0x7B, 0x76, 0xB1, 0x38, 0xB1, 0x0A, 0xD8, 0xCB, 0x4C, 0xD9, 0x37, 0xE7,
    0xC9, 0x8A, 0xC7, 0x4D, 0xDC, 0xE1, 0x75, 0xB5, 0x52, 0xC5, 0xBA, 0xB2, 0x04, 0xF2, 0xBD, 0xAB,
    0x8F, 0x9D, 0x05, 0xDE, 0x89, 0x76, 0x85, 0x58, 0x57, 0x89, 0x0C, 0x80, 0xEF, 0x73, 0xED, 0x1A,
    0xAC, 0x3B, 0xD7, 0x88, 0xBE, 0x73, 0xEF, 0x8A, 0x09, 0xCF, 0x03, 0x5E, 0x5E, 0x38, 0xC7, 0xB7,
    0xF7, 0xB6, 0x74, 0xC1, 0xCB, 0xE4, 0x65, 0xC2, 0xC9, 0x50, 0x4A, 0x4F, 0x2A, 0x75, 0xBA, 0x1D,
    0xDE, 0xCD, 0xF5, 0x12, 0x1F, 0x09, 0x69, 0x65, 0xDC, 0xF4, 0x6E, 0x8C, 0xAF, 0x8A, 0x66, 0xC3,
    0xF1, 0x51, 0x7D, 0xC3, 0x93, 0x60, 0x22, 0x2A, 0xDC, 0x96, 0x81, 0x74, 0x74, 0x23, 0xF9, 0x94,
    0xEF, 0xA6, 0x06, 0x35, 0x1A, 0x68, 0x64, 0x3B, 0xBC, 0x9B, 0xFB, 0x87, 0x00, 0x5F, 0x50, 0x58,
    0xF4, 0xB7, 0x66, 0x80, 0x05, 0xB2, 0x3F, 0x9D, 0xA1, 0x90, 0x09, 0x12, 0x69, 0x89, 0x8D, 0xA4,
    0x57, 0xBA, 0x51, 0x99, 0x9F, 0xBC, 0x7A, 0xCB, 0x6A, 0x6C, 0x8C, 0x55, 0xFD, 0x84, 0xE9, 0x92,
    0xA4, 0x7B, 0xFB, 0x30, 0xAC, 0xD2, 0xE8, 0xE2, 0xB3, 0x49, 0x88, 0xC3, 0xB0, 0x8E, 0xAA, 0x85,
    0xC6, 0xF2, 0xF0, 0x78, 0xDB, 0xBF, 0x57, 0x68, 0x3E, 0x8C, 0x26, 0x79, 0xFA, 0x60, 0xE7, 0x27,
    0x29, 0x26, 0x92, 0x55, 0x2D, 0xBF, 0xB2, 0x98, 0x97, 0xD1, 0x3C, 0xB6, 0xEA, 0x7D, 0xE6, 0xD8,
    0x86, 0xC7, 0xDF, 0x02, 0xCE, 0xC7, 0x68, 0xC3, 0xEC, 0x9D, 0xDC, 0xC1, 0x5F, 0xBB, 0xC1, 0xB9,
    0x9C, 0x4C, 0x6D, 0xE4, 0x6F, 0x2E, 0xD7, 0x4E, 0x6D, 0xFC, 0x2C, 0x59, 0x7D, 0x53, 0xE3, 0xB7,
    0x71, 0xF2, 0xD5, 0x61, 0x7C, 0xDB, 0x98, 0xA9, 0x1B, 0x7E, 0xFE, 0xE4, 0xC7, 0x97, 0x81, 0x87,
    0xC3, 0xA9, 0x93, 0xDA, 0xD6, 0x45, 0xF1, 0xE0, 0xFA, 0xDF, 0xFC, 0x4E, 0xB6, 0x53, 0xC0, 0xF9,
    0x7B, 0x8A, 0x4E, 0x44, 0x96, 0x23, 0x88, 0x2D, 0x3D, 0xB3, 0x1A, 0xE5, 0x72, 0x78, 0x19, 0x0E,
    0x49, 0x7B, 0x2B, 0x4F, 0x6E, 0x44, 0xA4, 0x56, 0x83, 0x58, 0x09, 0xE2, 0xE2, 0x63, 0xB9, 0x25,
    0x16, 0x9D, 0xB1, 0xFC, 0xF8, 0x3C, 0x2F, 0x7E, 0xC8, 0xF1, 0x9D, 0x73, 0x4E, 0x22, 0x1F, 0x97,
    0x08, 0xFB, 0x0A, 0x7C, 0xF8, 0xC7, 0x37, 0x01, 0xBA, 0xBE, 0x68, 0xA1, 0x9C, 0x9B, 0x00, 0x69,
    0x74, 0xDB, 0x8C, 0xC6, 0x09, 0xC8, 0x4C, 0xCE, 0x8D, 0xA2, 0x6C, 0x7D, 0xAB, 0x3A, 0xAE, 0x3F,
    0x14, 0xAC, 0xB7, 0xE4, 0xCF, 0x27, 0x68, 0xE4, 0x7F, 0x16, 0x12, 0x91, 0x75, 0x25, 0xDB, 0xEA,
    0xEA, 0x1C, 0x37, 0x92, 0x09, 0x65, 0x0F, 0x62, 0x27, 0x79, 0x87, 0x6F, 0x8F, 0x13, 0x62, 0xFF,
    0x0F, 0xA3, 0x4C, 0x94, 0x37, 0xDD, 0xD5, 0xEC, 0x2C, 0x66, 0x73, 0x22, 0xB9, 0x9C, 0xE6, 0xAA,
    0xE3, 0x34, 0x17, 0xC9, 0xC6, 0xC7, 0xC8, 0xE5, 0xCB, 0xB7, 0x71, 0x22, 0x1B, 0xEE, 0x13, 0xB2,
    0xF0, 0x4D, 0x94, 0x03, 0x8F, 0xB5, 0x35, 0x95, 0x96, 0xB5, 0x94, 0x89, 0xD5, 0xCB, 0xC6, 0xFA,
    0x85, 0x54, 0xD8, 0x5A, 0x9A, 0x56, 0xA0, 0x8A, 0xEF, 0xEA, 0xAE, 0xE0, 0xFA, 0xF7, 0x06, 0xEF,
    0xDB, 0xA3, 0x01, 0xDB, 0x0F, 0x23, 0xC5, 0xC9, 0xBD, 0x2A, 0x8E, 0xC4, 0xFC, 0xC9, 0xBD, 0xEA,
    0x69, 0xF7, 0xF0, 0x79, 0xB4, 0x10, 0xAD, 0x99, 0xE5, 0xF7, 0x7E, 0xC2, 0xFF, 0xA6, 0xE5, 0xF2,
    0xF4, 0xD3, 0xF8, 0x37, 0x32, 0xFE, 0x27, 0x4F, 0xCE, 0xDF, 0xCC, 0x98, 0x7D, 0xDD, 0x3C, 0xFE,
    0xFB, 0x6C, 0x6B, 0xE0, 0x06, 0x9F, 0x27, 0x31, 0x40, 0x09, 0x57, 0x69, 0xEB, 0x9F, 0xE1, 0x1F,
    0x1C, 0xB8, 0xBE, 0x3D, 0xB5, 0xFD, 0xA4, 0x87, 0x6E, 0xCE, 0x6C, 0x78, 0xF1, 0x8F, 0x01, 0x6F,
    0x23, 0x06, 0x39, 0x2B, 0x36, 0xD2, 0xD5, 0x26, 0xBA, 0x27, 0x32, 0xA9, 0x8B, 0x11, 0x67, 0x13,
    0xEC, 0xBE, 0x0C, 0xAE, 0xE7, 0x91, 0xDB, 0x99, 0x4E, 0xAE, 0x77, 0x7D, 0x3E, 0x28, 0xCB, 0x56,
    0xE9, 0x51, 0x2E, 0xEC, 0x5B, 0xFF, 0x63, 0xA4, 0x0C, 0x85, 0x04, 0xAA, 0x76, 0x57, 0xC7, 0xDB,
    0xA8, 0x41, 0x48, 0x76, 0xCB, 0x0B, 0x59, 0x9C, 0x36, 0xFF, 0x5B, 0xD1, 0xED, 0x75, 0x77, 0x71,
    0xDD, 0xBD, 0xA9, 0xB8, 0x3A, 0x6D, 0xEE, 0x1E, 0x9B, 0x36, 0x5F, 0xAE, 0x9F, 0x36, 0xF7, 0x90,
    0x8F, 0xEF, 0x1E, 0xF5, 0x25, 0x02, 0xC5, 0x58, 0x0D, 0x94, 0xA3, 0xBB, 0x48, 0xDE, 0x1C, 0x73,
    0x91, 0xAF, 0x8D, 0x89, 0xC8, 0x5F, 0x8F, 0x54, 0x17, 0xF9, 0xF8, 0xF6, 0x39, 0xF1, 0xFE, 0xCA,
    0x9C, 0xF8, 0xA3, 0xE3, 0x9C, 0xF8, 0x87, 0x1D, 0x69, 0x26, 0x80, 0x3B, 0x4E, 0x78, 0x7F, 0x76,
    0x82, 0x45, 0xCB, 0xC7, 0x11, 0x4F, 0x12, 0x78, 0xE9, 0x43, 0x8E, 0x6F, 0x4D, 0xD6, 0x93, 0x89,
    0x6C, 0xFB, 0x6A, 0xED, 0x43, 0x8D, 0xEA, 0xBD, 0xFA, 0x5D, 0xEA, 0xEC, 0xAC, 0x38, 0x3E, 0x64,
    0x6B, 0xE2, 0x43, 0x3C, 0x3B, 0x5D, 0x16, 0xB5, 0x95, 0xCE, 0x76, 0x9D, 0x4D, 0xFA, 0x21, 0x1F,
    0x49, 0x16, 0xDC, 0x60, 0x02, 0x41, 0x85, 0xAB, 0xD6, 0x14, 0x6B, 0x75, 0xD5, 0x98, 0xDB, 0x55,
    0xD9, 0x2F, 0x40, 0xFE, 0x5F, 0x33, 0x90, 0xFD, 0xAF, 0x15, 0xF6, 0xA2, 0x44, 0x7A, 0x65, 0x17,
    0x94, 0xCD, 0x49, 0x6C, 0x9D, 0x71, 0xBD, 0x76, 0x38, 0x59, 0xC9, 0x60, 0x0C, 0xCA, 0xCD, 0x74,
    0xEA, 0x67, 0x42, 0xF7, 0x65, 0xFC, 0x67, 0x45, 0xF0, 0xBF, 0x29, 0x12, 0xFC, 0x23, 0x9A, 0xD1,
    0x0F, 0xB8, 0xC9, 0x87, 0x38, 0xDD, 0x9C, 0x9C, 0xCC, 0x4D, 0x3F, 0x11, 0xAB, 0x09, 0x9B, 0x9A,
    0x19, 0x30, 0x53, 0x66, 0xD4, 0xCC, 0x9B, 0xA3, 0xA7, 0x8B, 0xEA, 0x89, 0x3F, 0x0B, 0x1F, 0x99,
    0xC3, 0xF4, 0x7F, 0xDD, 0x9C, 0x3F, 0x90, 0xE4, 0xC6, 0x75, 0xC6, 0x3F, 0xA0, 0x59, 0x8B, 0x22,
    0x21, 0x1A, 0x0A, 0x94, 0xB8, 0xCE, 0x65, 0x24, 0x0C, 0x18, 0xD8, 0x86, 0x02, 0x06, 0x0A, 0xC4,
    0x43, 0x4B, 0x0A, 0x1C, 0x32, 0x2F, 0x27, 0x0E, 0x9C, 0xB9, 0x54, 0xC7, 0x40, 0x21, 0x79, 0x00,
    0x9D, 0x38, 0xD4, 0xE6, 0x11, 0xF3, 0xC8, 0x81, 0x02, 0x07, 0xBC, 0x05, 0x24, 0x05, 0x0E, 0x05,
    0xCA, 0x81, 0x03, 0x05, 0x44, 0xC0, 0x2A, 0x05, 0x0A, 0x08, 0x5B, 0x28, 0x13, 0x2B, 0x02, 0x78,
    0xEA, 0xEF, 0xF5, 0x62, 0x80, 0xDD, 0x99, 0xDB, 0xD3, 0xED, 0xED, 0xDE, 0xCE, 0xB2, 0xEB, 0xEA,
    0x87, 0x3D, 0x4C, 0xE3, 0xFD, 0xED, 0x46, 0x03, 0x3D, 0xDD, 0x83, 0x54, 0xA4, 0xC1, 0x96, 0x2F,
    0x2A, 0x79, 0xA7, 0xEC, 0xC9, 0x62, 0x20, 0x65, 0x24, 0xC7, 0xC9, 0x21, 0x18, 0xCF, 0x1C, 0xC3,
    0xA1, 0x70, 0x34, 0x7D, 0x6E, 0x81, 0xA8, 0xCB, 0x4B, 0x20, 0x6E, 0xB3, 0x1A, 0x48, 0x9A, 0xD4,
    0x31, 0xAD, 0x93, 0x16, 0xC8, 0xEA, 0xB8, 0x03, 0xF2, 0x32, 0x22, 0xAD, 0xE9, 0x81, 0x0A, 0x66,
    0x04, 0x66, 0x84, 0x8E, 0x13, 0x02, 0xF7, 0x4F, 0x44, 0x66, 0x18, 0x47, 0xF1, 0xB4, 0x51, 0xCF,
    0x4B, 0xF4, 0xC2, 0x0B, 0x21, 0x69, 0x03, 0x24, 0x5E, 0xB8, 0x57, 0xD4, 0xA9, 0xD2, 0xBE, 0x02,
    0x28, 0x8E, 0x97, 0x62, 0xCB, 0x17, 0x94, 0x58, 0x4E, 0x1D, 0x2B, 0x99, 0xA0, 0x1A, 0x2D, 0x92,
    0x73, 0x54, 0x35, 0x9C, 0x16, 0xA7, 0x2E, 0xB2, 0xA0, 0x6A, 0x20, 0xBA, 0xC2, 0x47, 0x22, 0x1D,
    0x42, 0x21, 0x13, 0x65, 0xD6, 0xF3, 0x7C, 0x5E, 0x2B, 0xED, 0x25, 0xC6, 0x7A, 0xFE, 0x11, 0xEB,
    0x04, 0x7F, 0xD4, 0xFA, 0x9F, 0x4B, 0x1D, 0x8A, 0x94, 0x52, 0xE3, 0xC9, 0x39, 0x3F, 0x7B, 0x03,
    0xB0, 0xC0, 0x63, 0x04, 0x74, 0x13, 0xC6, 0x31, 0xAD, 0xE3, 0x96, 0x0E, 0xD2, 0x4D, 0x43, 0xAB,
    0x10, 0xD0, 0x42, 0x20, 0x6B, 0xBF, 0x05, 0x39, 0x02, 0x3D, 0x0E, 0x3B, 0x24, 0x16, 0xC1, 0x80,
    0xCC, 0x52, 0x32, 0x6D, 0xAB, 0x7E, 0x34, 0x39, 0xE6, 0x32, 0x38, 0x26, 0xD2, 0x81, 0x5E, 0xDB,
    0x63, 0xCD, 0xDA, 0x91, 0xC5, 0xBC, 0x79, 0x4E, 0xCC, 0x87, 0x5D, 0xCC, 0x11, 0xB6, 0x64, 0x6A,
    0xC9, 0x67, 0x44, 0xD0, 0x93, 0x61, 0xA7, 0x1C, 0xDE, 0x55, 0x0F, 0x66, 0x32, 0x1B, 0xEE, 0x25,
    0xC2, 0xBF, 0xBD, 0x1A, 0x61, 0x20, 0x25, 0x82, 0x81, 0x8C, 0x1A, 0x32, 0x29, 0xBD, 0x13, 0xCA,
    0x4F, 0x58, 0x27, 0x91, 0xD6, 0x31, 0x94, 0x12, 0x4B, 0xF9, 0x81, 0xB2, 0xB0, 0xE4, 0x4C, 0x04,
    0x23, 0x69, 0x7A, 0x32, 0x6A, 0xC9, 0xA4, 0x26, 0x4F, 0x0E, 0xB7, 0xAE, 0xA0, 0x3A, 0x57, 0xB9,
    0x52, 0x03, 0x05, 0xBD, 0x80, 0x9C, 0x3E, 0x1A, 0x61, 0x26, 0x04, 0x33, 0x22, 0x4D, 0x50, 0xA2,
    0xC9, 0x4A, 0x1A, 0xE0, 0x7B, 0x48, 0x55, 0x56, 0xA6, 0xCC, 0x3D, 0xCB, 0xBF, 0x98, 0x9B, 0x6B,
    0x53, 0xA5, 0x97, 0xE9, 0xE5, 0x7B, 0x5D, 0x5E, 0xAF, 0xDA, 0xB0, 0xD8, 0xA3, 0xB6, 0xA9, 0x9D,
    0x4B, 0x09, 0x1B, 0x07, 0x33, 0x80, 0x89, 0x57, 0x29, 0x8B, 0xD8, 0x7C, 0x97, 0xEE, 0x77, 0xB1,
    0x57, 0x4E, 0x18, 0xBB, 0x5C, 0x7C, 0x0B, 0x2B, 0xCD, 0x8C, 0xA2, 0x49, 0x3A, 0x27, 0xC1, 0x99,
    0x62, 0x5A, 0xB5, 0x30, 0xB7, 0x0E, 0x05, 0xAE, 0x83, 0x56, 0x61, 0xE5, 0xD2, 0x5D, 0x16, 0x76,
    0x4E, 0x40, 0xD4, 0x47, 0x4E, 0x54, 0x4B, 0xA1, 0x35, 0x72, 0x99, 0x2F, 0x14, 0x21, 0xD3, 0x0C,
    0x54, 0xA3, 0x43, 0x30, 0x8B, 0xEF, 0x19, 0x25, 0x8D, 0xD5, 0x26, 0xAC, 0x6D, 0xFF, 0x6D, 0xA0,
    0x79, 0xF8, 0x39, 0x09, 0xA4, 0x64, 0xBF, 0x61, 0x97, 0xFC, 0x86, 0x3D, 0xF5, 0x57, 0x23, 0x2F,
    0xAA, 0xF4, 0x76, 0x57, 0xE2, 0x53, 0xBC, 0x75, 0xDF, 0x99, 0x48, 0x1C, 0x96, 0x7C, 0xE4, 0xCA,
    0x4C, 0xA9, 0xE7, 0xB5, 0x3C, 0xFC, 0x7E, 0x71, 0xE6, 0x13, 0x41, 0xD4, 0x04, 0x05, 0x57, 0xD0,
    0x72, 0xCF, 0xE1, 0x7F, 0x13, 0x38, 0x65, 0x83, 0x0F, 0x7B, 0xFA, 0x15, 0xB7, 0xEC, 0x08, 0x19,
    0x0D, 0x9D, 0xAA, 0xA5, 0x83, 0x68, 0x42, 0x1E, 0x7E, 0x12, 0xFE, 0x19, 0x27, 0x08, 0x46, 0xA4,
    0x25, 0x2A, 0x14, 0xDA, 0x11, 0xB4, 0x4B, 0x68, 0xE7, 0xD0, 0x9C, 0xDC, 0x6F, 0x26, 0x8C, 0xC5,
    0x3B, 0x74, 0x6A, 0x84, 0xE9, 0x4D, 0x8F, 0x60, 0x62, 0xFB, 0x2F, 0x8A, 0x1A, 0xC8, 0x84, 0xEE,
    0x8E, 0xB8, 0x5A, 0x72, 0x91, 0x92, 0x18, 0x08, 0x71, 0x3A, 0x02, 0xA9, 0x9D, 0xA2, 0xAC, 0x75,
    0x88, 0x3B, 0x07, 0x33, 0x38, 0x84, 0xA3, 0x43, 0x40, 0x60, 0x22, 0xE6, 0xCB, 0x90, 0x15, 0x07,
    0x3E, 0x9D, 0x96, 0x6B, 0x43, 0xC2, 0x0C, 0x2A, 0x59, 0x75, 0xA8, 0x36, 0xD5, 0xBB, 0x58, 0x50,
    0xFA, 0xB1, 0x3B, 0xE9, 0x2E, 0x1D, 0x5A, 0x7F, 0x68, 0xF4, 0xA0, 0x99, 0x5B, 0x0F, 0xA5, 0x3F,
    0x58, 0x3D, 0x38, 0xC4, 0xB3, 0x1E, 0x2A, 0xF9, 0xAD, 0x3B, 0x84, 0x22, 0xFF, 0xE7, 0x0E, 0xD1,
    0x8C, 0xA7, 0x03, 0x98, 0xE7, 0xC4, 0x1D, 0xD2, 0x46, 0x07, 0x96, 0xAC, 0xD6, 0x0B, 0xF2, 0xF2,
    0x66, 0x07, 0x5E, 0xBE, 0x0A, 0xA3, 0xE8, 0x55, 0x11, 0xD5, 0xAE, 0x46, 0xAC, 0x26, 0xCD, 0x4A,
    0x69, 0x95, 0xA3, 0x23, 0x22, 0x21, 0x51, 0x95, 0x64, 0x56, 0x93, 0x49, 0x4B, 0xC6, 0x1D, 0x19,
    0x29, 0x4D, 0xAF, 0x1C, 0x3C, 0x73, 0x27, 0xE0, 0x82, 0xA3, 0xA7, 0x9E, 0xF7, 0x1C, 0xF6, 0xD8,
    0xAF, 0x72, 0x62, 0x65, 0xD2, 0xAE, 0xBA, 0x54, 0x6F, 0x24, 0xDE, 0x9E, 0xD5, 0xB6, 0x19, 0x5A,
    0xC6, 0x2B, 0xCC, 0x44, 0xBA, 0x2D, 0x0F, 0xD4, 0x79, 0x34, 0x93, 0x95, 0xB4, 0x23, 0x8C, 0xC8,
    0x30, 0x3A, 0xDF, 0xF1, 0xD3, 0x11, 0x6C, 0xB0, 0xA3, 0x86, 0x6C, 0x04, 0x5B, 0x83, 0xA3, 0x65,
    0xFD, 0x02, 0x2F, 0xA6, 0xD6, 0xD4, 0xAB, 0x16, 0x09, 0x2A, 0x4D, 0x25, 0x2F, 0x5A, 0x54, 0xE3,
    0xA2, 0x5D, 0x64, 0xDE, 0xE0, 0xB9, 0x85, 0xED, 0x6E, 0x5C, 0x41, 0x35, 0x78, 0x39, 0x88, 0x48,
    0xBF, 0xE2, 0x66, 0x02, 0xC6, 0x15, 0xBE, 0xFD, 0x6F, 0xF9, 0x82, 0x12, 0x54, 0x5F, 0x3A, 0x66,
    0xCB, 0xBB, 0x61, 0x03, 0x23, 0x36, 0xE3, 0xAD, 0x81, 0xAD, 0x81, 0xBD, 0x65, 0xD2, 0xDB, 0x5C,
    0xC5, 0x31, 0x1A, 0x85, 0xEA, 0xCC, 0x55, 0xA9, 0xD8, 0x2D, 0xD5, 0x16, 0x28, 0xB5, 0xE6, 0xF6,
    0xE6, 0xF8, 0x7D, 0xC4, 0xBC, 0x8D, 0x50, 0x32, 0x6F, 0x88, 0xB2, 0xE4, 0xBE, 0xA4, 0xF6, 0x01,
    0x2C, 0x6F, 0xF8, 0x57, 0x9F, 0xB0, 0x47, 0x0E, 0x8C, 0xDA, 0xAA, 0x7E, 0x3C, 0xF9, 0xD7, 0x1E,
    0xFF, 0x2C, 0x1B, 0x8A, 0x3D, 0xFE, 0xD8, 0x7F, 0x17, 0x01, 0x80, 0x01, 0x51, 0x0D, 0x3C, 0x43,
    0xE2, 0x58, 0x68, 0x30, 0xF2, 0xBA, 0x02, 0xFD, 0x98, 0x1C, 0x23, 0x51, 0x8F, 0xAB, 0xD3, 0xE3,
    0xCD, 0xC6, 0x8C, 0x8B, 0x78, 0x1B, 0x22, 0x24, 0x30, 0x3F, 0x90, 0xF6, 0xBF, 0x78, 0x2D, 0xB5,
    0xB2, 0x59, 0xFF, 0xCE, 0xED, 0x31, 0xF7, 0x82, 0xA3, 0x0C, 0xA5, 0x7F, 0x0D, 0xD6, 0xD1, 0xF1,
    0x99, 0xBE, 0x1A, 0xEB, 0xA9, 0xDD, 0x8B, 0xB1, 0xB6, 0xE7, 0xAC, 0x7F, 0x1D, 0xC1, 0xFB, 0x19,
    0xA2, 0x25, 0x78, 0xE9, 0x36, 0x78, 0xFA, 0x0C, 0x2B, 0xEB, 0xFB, 0x70, 0xDC, 0x92, 0x99, 0x25,
    0x1F, 0x13, 0xF8, 0x58, 0x59, 0x44, 0x64, 0xCE, 0xFA, 0x88, 0x66, 0x87, 0x53, 0xBC, 0x89, 0xB0,
    0x67, 0xCD, 0x09, 0x67, 0x40, 0xFE, 0x63, 0x0E, 0xC3, 0xBF, 0xEB, 0x80, 0x58, 0xEA, 0x07, 0x72,
    0xB7, 0x79, 0x0F, 0xA1, 0x65, 0x6C, 0x93, 0x9A, 0x15, 0x58, 0x25, 0x6D, 0xE9, 0x5A, 0xF4, 0x8D,
    0xA6, 0x4E, 0x3A, 0xDF, 0xF6, 0x8F, 0xF7, 0x3E, 0x53, 0xE9, 0xD3, 0x6E, 0x77, 0x61, 0x71, 0xD2,
    0x0A, 0x90, 0x97, 0x79, 0x89, 0x67, 0xBC, 0xFE, 0x1D, 0x7A, 0x77, 0xD5, 0x6A, 0xF9, 0x52, 0x45,
    0x58, 0xB5, 0x99, 0x26, 0xF7, 0xF1, 0x00, 0x33, 0x26, 0x1D, 0x82, 0x99, 0x9A, 0x9F, 0x65, 0x0E,
    0xDF, 0x3D, 0xF4, 0x40, 0x5C, 0x6D, 0x10, 0x8B, 0x6C, 0x01, 0x14, 0x85, 0xC2, 0x3A, 0xE4, 0x8A,
    0x12, 0xA8, 0x28, 0x4A, 0x92, 0x16, 0x81, 0x50, 0x87, 0x38, 0x6D, 0x4F, 0x8A, 0x40, 0x64, 0x2A,
    0x50, 0x48, 0x5F, 0xE0, 0x44, 0xCA, 0xE2, 0x22, 0xBC, 0x46, 0x43, 0x1D, 0x7F, 0x33, 0x38, 0xA6,
    0x9F, 0x4F, 0x8E, 0x39, 0x28, 0x6C, 0xD4, 0xD4, 0x7C, 0x08, 0x63, 0x71, 0xA0, 0x84, 0x1A, 0xF7,
    0x5C, 0x29, 0xA4, 0x99, 0xA1, 0x29, 0xE0, 0xBF, 0xB8, 0x83, 0x19, 0xE0, 0xB4, 0x87, 0xE3, 0x25,
    0xFA, 0xF3, 0x46, 0xEB, 0x04, 0xB3, 0xCE, 0x7C, 0x16, 0xDA, 0x0B, 0x92, 0x8B, 0xE7, 0xC2, 0x16,
    0xAE, 0xC2, 0x3A, 0xA5, 0x13, 0x37, 0x64, 0xD4, 0x2F, 0x0A, 0x5B, 0xC0, 0x71, 0x46, 0xE4, 0x28,
    0x65, 0xDA, 0x00, 0x4F, 0xEA, 0x5C, 0x13, 0x46, 0xC6, 0x6D, 0x6E, 0xF5, 0xEF, 0x2F, 0x11, 0x54,
    0x75, 0xAA, 0x29, 0x36, 0x0E, 0x03, 0xF0, 0xAF, 0x32, 0xAB, 0x17, 0x01, 0xF0, 0x19, 0x4C, 0xE3,
    0x87, 0xB7, 0x9C, 0xE9, 0xCE, 0x9A, 0xC2, 0x7A, 0xF5, 0x46, 0x06, 0x9F, 0xD5, 0xA3, 0xCF, 0xDB,
    0x76, 0xA0, 0xD6, 0x2C, 0x2D, 0x6D, 0xBC, 0xA4, 0xD8, 0xF4, 0x62, 0xA0, 0xEE, 0x55, 0x6D, 0x89,
    0x6F, 0x4D, 0xF6, 0xF2, 0x72, 0xC9, 0x8F, 0x10, 0x15, 0xC1, 0x73, 0x2C, 0xC7, 0xDF, 0xD7, 0x8A,
    0x75, 0x60, 0xDF, 0x52, 0xCF, 0xAF, 0x45, 0x3D, 0x33, 0x3B, 0x86, 0xF2, 0x7B, 0xBB, 0x3C, 0x08,
    0x6B, 0xB2, 0x5E, 0x2E, 0x4F, 0xDD, 0x3D, 0xE4, 0xE9, 0xF8, 0x42, 0x7F, 0xB5, 0x54, 0xB5, 0x83,
    0x58, 0x62, 0x79, 0x5E, 0x0C, 0xC6, 0x05, 0xE1, 0xEE, 0x29, 0x01, 0x86, 0x5C, 0x62, 0xA4, 0x4C,
    0x9A, 0x75, 0x90, 0xC8, 0x95, 0x85, 0xB2, 0xAA, 0xBF, 0x35, 0xD9, 0x33, 0xC2, 0x5A, 0xD4, 0x97,
    0x7D, 0x45, 0xD5, 0x3F, 0x19, 0x80, 0x09, 0x13, 0x0D, 0xCA, 0x81, 0x1A, 0x6F, 0xEF, 0x45, 0x13,
    0xCE, 0xEA, 0x57, 0x82, 0x88, 0x6C, 0xF0, 0xCA, 0xF2, 0xF4, 0xC6, 0xA0, 0x23, 0xB3, 0x1F, 0x9A,
    0xFD, 0xD8, 0xAC, 0x0F, 0x19, 0x25, 0xFC, 0xE8, 0x7C, 0x68, 0x78, 0xCE, 0xED, 0xCD, 0x58, 0xB5,
    0x8E, 0xFF, 0x28, 0x93, 0xE3, 0x07, 0x3A, 0x91, 0xF4, 0x53, 0x36, 0x87, 0xFC, 0x53, 0xA4, 0x2D,
    0xF2, 0x9A, 0xE9, 0x74, 0x6A, 0x23, 0x47, 0xAB, 0x31, 0xBC, 0x7D, 0x3A, 0x8F, 0xA9, 0xE5, 0xE0,
    0xA1, 0x12, 0x96, 0xFA, 0xF2, 0x61, 0xAD, 0xF2, 0xC2, 0x03, 0xEB, 0xEF, 0x1D, 0xF8, 0xD9, 0x9D,
    0x1C, 0xE8, 0x12, 0xB0, 0x25, 0x1D, 0xA8, 0x2F, 0x71, 0xAF, 0x0E, 0x19, 0xCF, 0x64, 0x21, 0x8D,
    0x23, 0xDB, 0xB2, 0xF9, 0xFF, 0x26, 0x1E, 0x61, 0xFE, 0xC4, 0x0E, 0x64, 0x46, 0xA0, 0xD2, 0x1E,
    0x53, 0x68, 0xFD, 0xDC, 0xDE, 0x05, 0x51, 0x94, 0x21, 0x02, 0x39, 0x4F, 0x60, 0xB4, 0x4B, 0x35,
    0xD5, 0x8C, 0xC0, 0xC6, 0x3D, 0x0E, 0x95, 0x82, 0x1D, 0x6E, 0x05, 0x30, 0x01, 0xAF, 0x13, 0xFB,
    0x16, 0x64, 0xA7, 0x21, 0x20, 0x53, 0x5C, 0x1A, 0x6D, 0x20, 0x6D, 0x21, 0x40, 0x19, 0x0D, 0x7B,
    0x7D, 0x5D, 0xE6, 0x2D, 0x80, 0xB3, 0x5B, 0xC5, 0x95, 0x3B, 0x01, 0xEF, 0xE3, 0x58, 0xC1, 0xF2,
    0x40, 0xC2, 0xE9, 0x80, 0x15, 0x6B, 0xB9, 0xD7, 0x70, 0xC2, 0xE2, 0x0D, 0x98, 0x16, 0x29, 0x4C,
    0x87, 0x1C, 0xC1, 0xC8, 0x3A, 0xC2, 0x9E, 0x97, 0x4B, 0x0F, 0xA4, 0xD2, 0x00, 0xE1, 0x7C, 0xFC,
    0xD1, 0x5D, 0xE7, 0xDB, 0xFC, 0x4A, 0x83, 0x09, 0x05, 0xD7, 0x19, 0xAC, 0xF3, 0x6D, 0x9D, 0x2E,
    0x32, 0xB8, 0xDF, 0x60, 0x1F, 0x63, 0xD4, 0xC2, 0xD6, 0x21, 0x83, 0x2B, 0xBB, 0xC9, 0x11, 0xA3,
    0xE8, 0xDF, 0x59, 0x16, 0xA3, 0x3C, 0xE9, 0xBD, 0x47, 0xA1, 0x58, 0xA2, 0x24, 0xAC, 0x3A, 0x78,
    0x34, 0xAD, 0x58, 0x1F, 0xD1, 0xB6, 0xD3, 0x3A, 0xC3, 0x95, 0x69, 0x9D, 0xD9, 0x21, 0x1B, 0x10,
    0xD0, 0x1F, 0x23, 0x5B, 0xF0, 0xDC, 0xC3, 0xB8, 0x83, 0xBC, 0xDE, 0x98, 0xEA, 0x63, 0xC4, 0x6D,
    0x03, 0x78, 0x0E, 0x32, 0x8B, 0xA8, 0xCB, 0x6B, 0x24, 0x5D, 0xDE, 0x22, 0x6B, 0x93, 0xF3, 0xA0,
    0xAA, 0x23, 0x11, 0x41, 0xA0, 0xA1, 0x7F, 0x24, 0x25, 0xB2, 0x12, 0x71, 0x5B, 0xB4, 0x48, 0x87,
    0xCA, 0x55, 0x19, 0xF4, 0x2F, 0x3D, 0x87, 0xE7, 0x95, 0x8C, 0x4F, 0x5A, 0xAF, 0x0D, 0xC0, 0x61,
    0xB4, 0xC8, 0x45, 0x1A, 0xA2, 0x74, 0x98, 0x6E, 0xB0, 0x68, 0x40, 0xC7, 0xDF, 0x15, 0x00, 0xD2,
    0x3B, 0xC4, 0x19, 0x03, 0x57, 0x01, 0x79, 0x9D, 0xD7, 0xA8, 0x6C, 0xD6, 0x9F, 0x08, 0x12, 0x76,
    0xB2, 0x50, 0xDF, 0x23, 0xB2, 0xD9, 0x9B, 0x44, 0x26, 0x6A, 0x8C, 0xBE, 0x13, 0xA0, 0x88, 0x7A,
    0x20, 0x18, 0x83, 0x51, 0x6F, 0x20, 0x05, 0x10, 0xD4, 0xF8, 0xCE, 0xE1, 0xE9, 0xF5, 0xF1, 0x12,
    0x59, 0x8E, 0x8A, 0x99, 0xC8, 0x40, 0xAE, 0x93, 0x7B, 0x85, 0x4E, 0x9A, 0x38, 0x86, 0x33, 0x1C,
    0xA3, 0x91, 0x4C, 0x3A, 0x32, 0xAF, 0x49, 0xB1, 0x8E, 0xEE, 0x43, 0xC7, 0x78, 0x20, 0xD3, 0x8E,
    0xCC, 0x6B, 0x52, 0xE0, 0x68, 0x26, 0x32, 0x1E, 0xC9, 0x74, 0x22, 0x0B, 0x21, 0xE7, 0x82, 0x75,
    0xC6, 0xAC, 0x71, 0xEC, 0x92, 0xCE, 0xB1, 0x8E, 0x28, 0xC1, 0xF2, 0x02, 0x4A, 0x56, 0x56, 0xE5,
    0xAA, 0x2B, 0xED, 0xC8, 0xB8, 0x27, 0xCD, 0x48, 0x06, 0x33, 0x09, 0xB1, 0x24, 0x75, 0xEE, 0x15,
    0x0A, 0xD0, 0x1A, 0x4A, 0x6C, 0x17, 0x4C, 0x91, 0x03, 0x19, 0xAE, 0xAB, 0xC4, 0x2A, 0xE0, 0x66,
    0x8C, 0x07, 0x32, 0x6B, 0xC8, 0xCA, 0x3A, 0x9A, 0x09, 0x8E, 0x49, 0x4F, 0xE6, 0x0D, 0x29, 0xD6,
    0x51, 0xA3, 0x51, 0x25, 0x3D, 0x99, 0x0F, 0xA4, 0x4C, 0x64, 0x2F, 0x64, 0x93, 0xD7, 0x8E, 0x36,
    0x6D, 0x1D, 0x9D, 0xA3, 0xA4, 0x19, 0x49, 0x88, 0xB2, 0x28, 0x57, 0x2D, 0x49, 0x47, 0x9A, 0x91,
    0x0C, 0xE6, 0xC3, 0xD3, 0x5A, 0xA4, 0x99, 0x94, 0xA3, 0x72, 0x20, 0xA3, 0x6E, 0xFB, 0xBE, 0xAC,
    0xAC, 0xBD, 0x17, 0xD1, 0x40, 0xA6, 0xED, 0xA2, 0x8B, 0x82, 0x1D, 0xA3, 0x81, 0xF4, 0x56, 0x15,
    0xA5, 0xA3, 0xEA, 0xAB, 0xA2, 0x81, 0x4C, 0x95, 0xC5, 0x44, 0xCE, 0x42, 0xF6, 0xEA, 0x45, 0xA3,
    0xF5, 0x6D, 0x3C, 0x40, 0xA3, 0xB1, 0xF5, 0xA2, 0x26, 0xB3, 0x96, 0x4C, 0xFA, 0x8D, 0x17, 0x02,
    0x5F, 0xDA, 0x65, 0x70, 0x52, 0xAB, 0xA3, 0xDD, 0x72, 0xAF, 0x74, 0xB7, 0xDC, 0xEB, 0x4D, 0xEC,
    0x97, 0xBC, 0xBC, 0x57, 0xEC, 0x7F, 0x2B, 0x00, 0x5F, 0x4C, 0xB9, 0x5B, 0xB3, 0xD6, 0x5E, 0x5A,
    0xB3, 0x76, 0x46, 0x8C, 0xC4, 0x87, 0x58, 0x0B, 0x5B, 0xC4, 0x16, 0xC0, 0xBD, 0x61, 0x6F, 0x68,
    0xD4, 0x66, 0x76, 0xAF, 0x10, 0x57, 0x9A, 0x15, 0xB8, 0x52, 0xE2, 0x91, 0x18, 0x1C, 0x12, 0x1F,
    0xF0, 0xB5, 0xE9, 0x10, 0xA5, 0x43, 0x76, 0xDC, 0x21, 0x3E, 0xD8, 0x89, 0xCD, 0x44, 0x8C, 0xC4,
    0xB0, 0xF4, 0x08, 0x45, 0xDC, 0x10, 0xB5, 0x83, 0x76, 0xC9, 0x70, 0x02, 0xE6, 0x70, 0xDC, 0x61,
    0x20, 0x7A, 0x07, 0xD3, 0x29, 0xEE, 0x25, 0x47, 0x2E, 0xC4, 0x66, 0x22, 0x46, 0x05, 0x30, 0x99,
    0x81, 0xE8, 0x89, 0x6E, 0x87, 0xF6, 0xC1, 0xB5, 0xE7, 0x70, 0x74, 0x30, 0xE2, 0x10, 0x11, 0x86,
    0x08, 0xC7, 0x57, 0x8D, 0x15, 0x80, 0x2D, 0x81, 0xDB, 0x63, 0x61, 0x49, 0xA9, 0xAF, 0xB2, 0xB0,
    0x2F, 0x2B, 0x4D, 0xA3, 0xB7, 0xA5, 0x77, 0xE7, 0x55, 0x79, 0x62, 0x1D, 0x83, 0x8A, 0x7C, 0x22,
    0x8E, 0x22, 0xE7, 0xC0, 0x23, 0x9D, 0x89, 0x2D, 0xE4, 0x14, 0x8E, 0x5A, 0xF3, 0x5F, 0x5E, 0x56,
    0xB2, 0xC6, 0x76, 0xCB, 0xDB, 0xB8, 0x01, 0x04, 0x9F, 0x3A, 0x3C, 0x69, 0x29, 0xBD, 0x55, 0x23,
    0x4F, 0xC4, 0xD9, 0x98, 0x51, 0x5E, 0xF6, 0xA5, 0xC3, 0x5F, 0xDF, 0xAC, 0x4D, 0xDE, 0x70, 0xD4,
    0xD0, 0x52, 0xB5, 0x08, 0xC6, 0xAA, 0x23, 0x7A, 0x62, 0x5C, 0x70, 0x36, 0x13, 0x05, 0x91, 0x5B,
    0x87, 0xAC, 0x76, 0x48, 0x1A, 0x87, 0xB8, 0x75, 0x88, 0x3A, 0x07, 0xD3, 0x3B, 0x84, 0xA3, 0x03,
    0x26, 0xE2, 0x8C, 0x28, 0x88, 0xFC, 0x13, 0x87, 0xF4, 0x97, 0x0E, 0xC9, 0xE7, 0x0E, 0xF1, 0xFF,
    0x3A, 0x18, 0xC5, 0xB9, 0x43, 0x30, 0x39, 0x40, 0x88, 0x8A, 0xC8, 0x77, 0x48, 0x17, 0x67, 0xFE,
    0x0A, 0xBB, 0xD1, 0xBB, 0x74, 0x28, 0x16, 0xF7, 0x83, 0x61, 0x79, 0xEB, 0x0E, 0x1A, 0x5C, 0x2D,
    0x53, 0x28, 0x25, 0xA6, 0x54, 0x7A, 0x4C, 0xB9, 0xCC, 0x98, 0x7E, 0x11, 0x0A, 0xE6, 0x12, 0x45,
    0x29, 0x0C, 0xC7, 0x4C, 0x81, 0x13, 0x90, 0x34, 0xB7, 0x83, 0x23, 0x0C, 0xDD, 0x0D, 0x06, 0x82,
    0xD7, 0x1D, 0xB5, 0x97, 0x1C, 0x7F, 0xED, 0x32, 0xE5, 0xD2, 0xE0, 0x6D, 0x9D, 0xB1, 0xF7, 0xDF,
    0xA6, 0xF8, 0xEF, 0x55, 0xB2, 0x2F, 0xDA, 0x8B, 0xEF, 0x5A, 0x8C, 0x1C, 0x7F, 0xCB, 0x0E, 0xD7,
    0x85, 0xB5, 0x83, 0xE1, 0x10, 0x4B, 0x5F, 0x8B, 0x6A, 0xB7, 0xB0, 0x76, 0xBA, 0xEF, 0xF6, 0x6C,
    0xD7, 0xF7, 0x93, 0x33, 0xE5, 0x33, 0xE5, 0xB8, 0xE1, 0xA0, 0xFC, 0x8F, 0x3D, 0x23, 0xBD, 0x95,
    0xDE, 0x4C, 0x6F, 0xA7, 0x37, 0x14, 0x6A, 0x29, 0xD4, 0x54, 0xA8, 0x96, 0xBB, 0xE0, 0xAB, 0xA5,
    0x7A, 0x70, 0x08, 0xD6, 0x54, 0x57, 0xB7, 0xD3, 0x13, 0x83, 0x43, 0x18, 0x02, 0x11, 0xE9, 0x89,
    0x96, 0x28, 0x97, 0x04, 0x0F, 0x6B, 0x82, 0xED, 0x9D, 0x76, 0xBD, 0x83, 0xA8, 0x43, 0x11, 0x51,
    0x58, 0x87, 0x41, 0x27, 0xD3, 0xEC, 0x65, 0x5E, 0x5F, 0x42, 0xD9, 0x5F, 0x4E, 0xF4, 0xA4, 0x63,
    0xAF, 0x8E, 0xF4, 0x5B, 0xD9, 0xC0, 0x2F, 0x27, 0x9A, 0xF5, 0x5E, 0x5E, 0x21, 0xA7, 0x58, 0x4B,
    0xE6, 0xB6, 0x80, 0x63, 0x59, 0xAD, 0xAC, 0xAF, 0x65, 0x59, 0x28, 0xFD, 0xB5, 0x9E, 0x5E, 0x66,
    0xA6, 0xF2, 0xBD, 0x2E, 0xAF, 0xD7, 0xDB, 0xA0, 0xF6, 0x2C, 0xB6, 0xD1, 0xCE, 0xDB, 0xF0, 0x6E,
    0xB6, 0x99, 0xF3, 0x6E, 0x5D, 0x2C, 0xA5, 0xDA, 0xCF, 0x90, 0x6F, 0x17, 0x4B, 0x91, 0xF6, 0x39,
    0xF4, 0x35, 0xFD, 0x55, 0x5E, 0x82, 0x97, 0xA6, 0x92, 0x0F, 0xDA, 0xBC, 0xBF, 0x62, 0x65, 0x7F,
    0x69, 0xE9, 0xBA, 0x62, 0xE5, 0xE1, 0xE7, 0xE8, 0xE6, 0xFE, 0x1E, 0x51, 0xD6, 0x96, 0xF2, 0x5E,
    0x70, 0xEA, 0xE8, 0xC6, 0x14, 0xC7, 0x31, 0xEA, 0x96, 0x7D, 0x08, 0xA6, 0x4B, 0x4B, 0x20, 0xF6,
    0x8B, 0x0B, 0xCA, 0x8F, 0x1D, 0x63, 0xBC, 0xFB, 0xF0, 0x73, 0x77, 0x73, 0xAF, 0x8F, 0x30, 0x83,
    0x41, 0x25, 0x32, 0x20, 0x15, 0xB2, 0x22, 0x43, 0x29, 0x27, 0xD0, 0x7D, 0xC7, 0xA4, 0x23, 0xD3,
    0x86, 0xCC, 0x6A, 0x32, 0x2F, 0x95, 0x56, 0x09, 0xB2, 0xB8, 0x4C, 0x91, 0x6E, 0xCB, 0xED, 0xA7,
    0xB9, 0xA7, 0x55, 0x96, 0xAB, 0xCC, 0xB4, 0x59, 0x75, 0x79, 0xBD, 0xDE, 0x06, 0x54, 0xB2, 0xDA,
    0xE6, 0xED, 0x7C, 0xD2, 0x04, 0x55, 0x89, 0x50, 0x86, 0x58, 0x3A, 0x44, 0x32, 0xA7, 0xC2, 0xE6,
    0x91, 0x3F, 0x66, 0xFB, 0x28, 0x93, 0x11, 0x8F, 0xFD, 0x16, 0xA5, 0xCC, 0xEF, 0xA8, 0x4E, 0x2F,
    0x0E, 0xB6, 0xD8, 0x1D, 0x44, 0x64, 0xFF, 0xD0, 0x01, 0xB8, 0x38, 0xE4, 0xBB, 0x43, 0x8F, 0xEF,
    0x51, 0xD8, 0x80, 0xDC, 0x8B, 0x7E, 0x4A, 0x45, 0xC5, 0x8F, 0x46, 0x44, 0x32, 0x65, 0xD2, 0x7B,
    0x23, 0x5A, 0xA0, 0x68, 0x82, 0xD9, 0xAE, 0x29, 0x3D, 0x5D, 0x57, 0x1D, 0xC4, 0x1D, 0x99, 0xD4,
    0xEB, 0xE2, 0xD1, 0x9C, 0xC0, 0x67, 0xCA, 0xC3, 0x4D, 0x22, 0xA7, 0x97, 0xA4, 0x94, 0xCA, 0x8E,
    0xF1, 0x4A, 0x07, 0xD2, 0x8C, 0x64, 0x30, 0x91, 0x98, 0x37, 0x94, 0xAB, 0x67, 0x82, 0x69, 0xAD,
    0x9F, 0x0E, 0x2A, 0xA7, 0x5D, 0x65, 0x7E, 0xC9, 0x1C, 0x64, 0x35, 0x99, 0xB4, 0x64, 0xDC, 0x91,
    0x66, 0x24, 0x83, 0x89, 0x84, 0x28, 0xF3, 0x92, 0xCC, 0x1A, 0x32, 0xE9, 0xC8, 0x68, 0x63, 0x09,
    0x04, 0x07, 0x37, 0xDF, 0xCA, 0xDE, 0xE6, 0xDB, 0xEE, 0x45, 0x9B, 0x6F, 0x45, 0xBA, 0x48, 0xAC,
    0x63, 0xAE, 0x14, 0x71, 0x9A, 0xFE, 0xC8, 0xD6, 0x19, 0x7D, 0x0D, 0x72, 0xD8, 0xB0, 0xBB, 0x15,
    0x8A, 0x2B, 0xFD, 0x96, 0x0F, 0x35, 0xF2, 0x6B, 0x09, 0x44, 0x39, 0x93, 0xE1, 0xDE, 0x04, 0xB7,
    0xE9, 0x94, 0x2D, 0x19, 0x35, 0x47, 0x12, 0xF3, 0x03, 0x25, 0xE9, 0x95, 0x1D, 0x99, 0xB6, 0xCA,
    0xED, 0x66, 0x46, 0xAB, 0x24, 0xF0, 0x58, 0xA9, 0xDF, 0x90, 0x85, 0x03, 0x32, 0x4D, 0xC1, 0x19,
    0x3F, 0xFD, 0xB7, 0x91, 0x12, 0xFE, 0xD0, 0x51, 0xAF, 0x34, 0xCB, 0x77, 0xD5, 0x0F, 0xBE, 0xAF,
    0xBD, 0x45, 0x67, 0x91, 0x95, 0xBA, 0x7F, 0xB4, 0x8D, 0x5B, 0xE8, 0x2E, 0xC1, 0x65, 0x53, 0x35,
    0x8A, 0x6B, 0xF6, 0x8F, 0x1E, 0x55, 0xAE, 0x7F, 0xA0, 0xAC, 0x94, 0x33, 0x11, 0x8E, 0x6B, 0x03,
    0x8D, 0x37, 0x1B, 0xF5, 0xA3, 0xE7, 0x6D, 0x65, 0x99, 0x2D, 0x90, 0xA9, 0xCC, 0x8B, 0x9F, 0x48,
    0xB0, 0x27, 0x52, 0xD2, 0x7C, 0xDD, 0x35, 0x8A, 0xC4, 0x26, 0x5E, 0x4A, 0xA3, 0x6C, 0x95, 0x5E,
    0x7A, 0x4F, 0x1A, 0xAF, 0x55, 0xCE, 0x2D, 0xED, 0x10, 0x4A, 0x8B, 0xBD, 0x85, 0xFF, 0x24, 0xB3,
    0x2A, 0x96, 0x72, 0x5D, 0xB9, 0x99, 0xAE, 0x52, 0x76, 0x8C, 0x94, 0xCC, 0x6B, 0xD6, 0x64, 0x3D,
    0x6B, 0xC6, 0x62, 0x23, 0xB1, 0x81, 0x88, 0x30, 0xA9, 0x6C, 0x4B, 0x08, 0xAB, 0x3F, 0x61, 0x2D,
    0xED, 0xC6, 0xD3, 0xE1, 0xBA, 0xD1, 0xE1, 0x6F, 0x70, 0xB0, 0x9C, 0x2C, 0x4F, 0xF6, 0x25, 0x42,
    0x8D, 0x67, 0x34, 0xE1, 0xD1, 0xA4, 0x52, 0x7E, 0xE1, 0x3D, 0x25, 0x57, 0x4F, 0x27, 0xD2, 0xC8,
    0x7C, 0xAA, 0xC9, 0xA0, 0x43, 0x8F, 0xBC, 0x8F, 0x27, 0xD5, 0xA8, 0xA6, 0xCC, 0x9B, 0x34, 0x14,
    0x78, 0x4B, 0x99, 0x35, 0x4C, 0x49, 0xEA, 0x24, 0x73, 0x98, 0xD3, 0xFA, 0x95, 0x48, 0x43, 0xED,
    0xE7, 0x6A, 0x61, 0x47, 0xAA, 0x80, 0x70, 0xA6, 0x80, 0xA8, 0x2F, 0x2C, 0x15, 0x27, 0xCD, 0x32,
    0x74, 0x7E, 0x07, 0x68, 0xBE, 0x05, 0x59, 0x93, 0x9A, 0xCA, 0xF6, 0xF7, 0x3D, 0xD8, 0x7C, 0xB7,
    0xEF, 0xE1, 0xFB, 0x30, 0xF6, 0x58, 0x33, 0x75, 0x77, 0xD1, 0xE6, 0x22, 0x60, 0xF5, 0xF2, 0xA6,
    0xD1, 0x0E, 0x7D, 0xB4, 0x0B, 0x1F, 0x6D, 0x2F, 0x2C, 0xB1, 0x4A, 0x28, 0xA7, 0xCD, 0xB3, 0x44,
    0x5A, 0x3A, 0xFC, 0x2C, 0xB3, 0x1A, 0x1A, 0x7F, 0x7F, 0x3B, 0x96, 0xBE, 0xF0, 0xF7, 0x04, 0x7E,
    0xA8, 0xCC, 0x07, 0x32, 0x98, 0xD6, 0x71, 0xA9, 0x39, 0x53, 0x95, 0xA3, 0xCA, 0x6D, 0xA1, 0xFD,
    0x62, 0xD7, 0x47, 0x92, 0x9A, 0xE6, 0x45, 0x5D, 0x6E, 0x39, 0x52, 0xCF, 0x4B, 0x9F, 0xD2, 0xFE,
    0xF5, 0xF0, 0xFB, 0xCE, 0x7B, 0x30, 0x57, 0xB7, 0x6D, 0x35, 0xD3, 0xAE, 0x1F, 0xAD, 0xDB, 0xB6,
    0x8E, 0xB4, 0xEF, 0x08, 0xCB, 0xB8, 0xA5, 0xD7, 0x79, 0xAC, 0x8C, 0xCB, 0x4D, 0x0F, 0x9A, 0x37,
    0x7D, 0x27, 0x29, 0x99, 0x8C, 0xB4, 0x5C, 0xFB, 0xCE, 0x40, 0x8E, 0x78, 0x21, 0x03, 0xB2, 0xA0,
    0xEF, 0xF5, 0x96, 0x77, 0xBF, 0xDE, 0xA6, 0x52, 0x2D, 0xB9, 0x32, 0x56, 0xE2, 0x6F, 0xA1, 0x9D,
    0x6D, 0xDB, 0xCD, 0xCE, 0x48, 0xE4, 0x44, 0x5B, 0x68, 0x93, 0x9A, 0xD4, 0xEB, 0x76, 0xF9, 0x21,
    0x99, 0xDC, 0x9A, 0x6E, 0x19, 0x95, 0xA2, 0x3E, 0x2F, 0xFF, 0x82, 0x5E, 0xF6, 0xF0, 0xF2, 0x8E,
    0x60, 0x5E, 0x19, 0x8E, 0x0E, 0xE3, 0x05, 0x07, 0x65, 0xAF, 0xEC, 0x3C, 0x8F, 0x2E, 0xB3, 0xB7,
    0x15, 0x6D, 0xBF, 0x87, 0x65, 0xCB, 0xDB, 0x8F, 0xF6, 0x5D, 0xF6, 0x1A, 0xBD, 0xCB, 0x6D, 0x79,
    0x0B, 0xB1, 0x7D, 0xA9, 0x9D, 0x06, 0xBA, 0x21, 0xE6, 0x6E, 0x31, 0x14, 0x80, 0xF1, 0xD0, 0x75,
    0x9F, 0xBA, 0xDB, 0x25, 0x6B, 0x90, 0x74, 0xC9, 0x80, 0xAA, 0x61, 0xDA, 0xCA, 0x80, 0xC3, 0x1A,
    0x1E, 0xE9, 0x84, 0x4A, 0x19, 0x20, 0x94, 0x21, 0x41, 0xA4, 0xD6, 0xD7, 0xB4, 0x1E, 0xFB, 0xD6,
    0xE7, 0x70, 0x52, 0x5E, 0x1D, 0x76, 0x07, 0x5D, 0xBB, 0xD9, 0x22, 0xED, 0x92, 0xF3, 0xE0, 0x9B,
    0xCE, 0x29, 0xFF, 0x7D, 0x17, 0x88, 0xFC, 0x7B, 0x87, 0xEC, 0x3C, 0xEA, 0x0E, 0xEC, 0x34, 0x78,
    0x18, 0xE1, 0xBC, 0xDE, 0xF0, 0xFB, 0x0A, 0xE7, 0x0D, 0x77, 0x1A, 0x1C, 0x5D, 0x74, 0xF7, 0xFD,
    0x58, 0x56, 0x1B, 0x15, 0x5B, 0x3F, 0xEE, 0x39, 0xD8, 0x6A, 0x81, 0x2E, 0xCF, 0xCD, 0x7E, 0xD2,
    0x01, 0xEF, 0xC3, 0xE1, 0x87, 0xE8, 0x15, 0xFA, 0x5F, 0xFD, 0x40, 0xAB, 0xD0, 0xDC, 0xA3, 0x8E,
    0xF8, 0xD6, 0x19, 0xD3, 0x5E, 0x58, 0xFF, 0x11, 0x7A, 0xC5, 0xE2, 0x8C, 0x59, 0x9D, 0xB9, 0xC7,
    0xB0, 0xFB, 0xD2, 0x9C, 0x58, 0xFF, 0xC5, 0x80, 0xE9, 0xD2, 0xDA, 0xEF, 0xAE, 0x4C, 0xEA, 0xA7,
    0x40, 0x86, 0x11, 0x78, 0x1C, 0xF4, 0xC0, 0xDF, 0xE1, 0xD3, 0xE3, 0x6F, 0xE8, 0x5A, 0x82, 0xE6,
    0x2D, 0xD6, 0x4F, 0x1A, 0x56, 0xAD, 0xFD, 0x86, 0x51, 0x5D, 0x23, 0x9E, 0xD3, 0x99, 0x8F, 0xC3,
    0x8E, 0xD3, 0xDA, 0xA7, 0xF7, 0xDB, 0xDA, 0xD5, 0xC1, 0x3B, 0xC6, 0xB5, 0xA1, 0xAB, 0x75, 0xDC,
    0x5A, 0x42, 0xD7, 0x2F, 0x8B, 0x11, 0x9F, 0xAE, 0x6B, 0x7B, 0x88, 0x96, 0xE8, 0x3E, 0x04, 0x42,
    0x19, 0x01, 0x3C, 0x69, 0x5F, 0x6B, 0x98, 0xD4, 0x86, 0xB4, 0x71, 0xF0, 0x3F, 0x58, 0xEA, 0x10,
    0xB5, 0x44, 0x43, 0xB4, 0x1F, 0x2E, 0xBF, 0x75, 0x50, 0xB4, 0x07, 0x27, 0x7D, 0xF2, 0x72, 0x37,
    0xE9, 0x63, 0xAF, 0x99, 0xF4, 0xF1, 0x2E, 0x7B, 0x16, 0xAA, 0x47, 0xD9, 0xE7, 0x57, 0x68, 0xBA,
    0x85, 0x69, 0xEB, 0x68, 0xB3, 0xCE, 0x74, 0x99, 0xCD, 0x3D, 0x7B, 0xC7, 0xF2, 0xE9, 0x10, 0xB5,
    0x69, 0xF9, 0xD9, 0x48, 0x8E, 0x9F, 0x39, 0xD6, 0xC3, 0xB3, 0xA8, 0x49, 0xEA, 0xE1, 0x69, 0xDC,
    0x24, 0xBF, 0xEC, 0x1F, 0x3B, 0xFE, 0xAA, 0xCB, 0x1D, 0x7F, 0xDD, 0x65, 0x49, 0x9D, 0xFC, 0xBA,
    0x4D, 0x3F, 0xA8, 0x93, 0xFF, 0x6A, 0xD2, 0x9F, 0xD7, 0xF1, 0xEF, 0xEA, 0xE4, 0x37, 0x75, 0xFC,
    0x85, 0xA7, 0xFE, 0x93, 0x32, 0xE2, 0x3F, 0x6B, 0x48, 0x2C, 0xB4, 0xAF, 0xE2, 0xE9, 0x33, 0x67,
    0x39, 0x46, 0xC7, 0x0E, 0xCE, 0xDF, 0xAC, 0x0B, 0x86, 0xC7, 0x4E, 0x5A, 0xD0, 0xE7, 0x78, 0xBF,
    0x0F, 0x1D, 0x3F, 0x1A, 0xC2, 0xCE, 0xF1, 0x33, 0xE7, 0x0B, 0xFE, 0xF3, 0x23, 0xD3, 0xA5, 0x76,
    0xF8, 0xC8, 0xB4, 0xA9, 0xED, 0xDF, 0x37, 0x6D, 0xF2, 0x49, 0xF7, 0x38, 0x6A, 0x1C, 0xFF, 0x21,
    0xAA, 0x9D, 0x17, 0x59, 0x5C, 0xC7, 0xCE, 0x7E, 0xB2, 0x49, 0x3E, 0xA8, 0xA3, 0xFF, 0xAE, 0x93,
    0x9F, 0x97, 0xD1, 0xFF, 0x38, 0x5A, 0xF3, 0x87, 0x3A, 0xFE, 0x8D, 0x35, 0x5F, 0x95, 0xD1, 0x17,
    0x30, 0xB4, 0x1F, 0xA1, 0xC0, 0x31, 0x70, 0x9C, 0xD7, 0x5F, 0xAE, 0xCB, 0x84, 0x44, 0x55, 0x95,
    0x8E, 0xFE, 0xD7, 0xED, 0xFC, 0x2F, 0xDD, 0xD1, 0x15, 0xB0, 0x8E, 0xE1, 0x5B, 0xFA, 0xE1, 0x92,
    0xD7, 0x58, 0x16, 0xB6, 0x07, 0xB3, 0xBE, 0x66, 0x9B, 0x11, 0xD1, 0xC0, 0x58, 0x20, 0x9C, 0xA0,
    0x67, 0x04, 0xFA, 0x0E, 0x5D, 0x71, 0xD6, 0x5A, 0xAF, 0xA8, 0x00, 0x5E, 0xA1, 0x36, 0x74, 0x46,
    0x35, 0x0C, 0xAE, 0x3E, 0xBB, 0x0A, 0xEB, 0x03, 0xB3, 0x9F, 0xC4, 0x2F, 0x8A, 0x52, 0x75, 0x08,
    0x89, 0x74, 0x5E, 0xD7, 0x47, 0xD1, 0xC2, 0xDB, 0x3F, 0xEC, 0xCF, 0xE2, 0x35, 0xF3, 0x6E, 0x16,
    0x6F, 0xBA, 0x6E, 0x16, 0x8F, 0x1E, 0x65, 0xF5, 0xFA, 0xFD, 0x70, 0x01, 0x7A, 0x30, 0x33, 0x80,
    0x18, 0x75, 0x3F, 0xF2, 0x40, 0x25, 0xA6, 0xE7, 0x1F, 0x51, 0xC7, 0x91, 0x9F, 0x71, 0x9E, 0xB7,
    0xDF, 0xE4, 0xAB, 0x96, 0xAC, 0x2C, 0x74, 0x9A, 0x77, 0x22, 0x9B, 0xD1, 0x31, 0xD2, 0x5F, 0xBD,
    0x33, 0x5F, 0x77, 0x9B, 0xD9, 0x90, 0x86, 0xAC, 0x7C, 0x8C, 0x36, 0x73, 0xC1, 0x95, 0x72, 0x22,
    0x82, 0xAB, 0x9B, 0x15, 0x32, 0x69, 0x95, 0x35, 0x39, 0x3B, 0x68, 0x92, 0xD5, 0xD5, 0x31, 0x19,
    0xF7, 0x0E, 0xFE, 0x33, 0x2D, 0xDF, 0xF6, 0xCC, 0xDF, 0xDE, 0xAC, 0x7B, 0x21, 0xAE, 0xD8, 0x2D,
    0x77, 0x59, 0x09, 0xA6, 0x55, 0xA8, 0xF7, 0x34, 0x6B, 0xD6, 0xF4, 0x09, 0x61, 0xC6, 0x75, 0x06,
    0x2E, 0x6D, 0x7D, 0x88, 0x6F, 0x7A, 0x7D, 0x72, 0xF5, 0x7A, 0x08, 0x4B, 0xBD, 0xE5, 0xAB, 0xAC,
    0x92, 0xD5, 0xEF, 0xBF, 0x56, 0xA8, 0x51, 0xBB, 0x36, 0x61, 0xA1, 0x0D, 0x00, 0xD1, 0xB0, 0x78,
    0xA2, 0x56, 0x8A, 0xDA, 0x78, 0xB8, 0x6A, 0xDC, 0xAF, 0x55, 0xF7, 0xB7, 0x4F, 0xBE, 0xF8, 0xB7,
    0x4E, 0x1E, 0x7E, 0x36, 0xAE, 0xDF, 0x5E, 0x7A, 0xBF, 0xE1, 0x3F, 0x34, 0x45, 0x3B, 0xF3, 0xB2,
    0xAF, 0xF7, 0xA6, 0x68, 0x1F, 0x78, 0x12, 0x0E, 0x2E, 0xAA, 0xFD, 0x6A, 0x5D, 0x54, 0x7B, 0xEF,
    0x1D, 0x21, 0x16, 0x01, 0x72, 0x42, 0x88, 0x11, 0x78, 0x2E, 0x44, 0x2E, 0x01, 0xB8, 0x4D, 0xEC,
    0xAD, 0xB9, 0xFF, 0x33, 0xDD, 0x98, 0x31, 0x8C, 0xDD, 0xC4, 0x13, 0xC6, 0x3F, 0xDB, 0xD2, 0x59,
    0x8A, 0x95, 0x6C, 0x8A, 0x7F, 0xF1, 0x97, 0x4E, 0x8A, 0xFB, 0x06, 0x37, 0x14, 0x54, 0xD9, 0x15,
    0x94, 0x14, 0xF4, 0xA2, 0xAF, 0xD3, 0x4B, 0xE8, 0x6C, 0xD1, 0xA4, 0x4D, 0x5F, 0xD1, 0xD7, 0x94,
    0xC9, 0xB3, 0xA9, 0x29, 0x58, 0x44, 0x49, 0x71, 0x96, 0x40, 0xA2, 0x8C, 0x25, 0x2C, 0xE1, 0x47,
    0xD6, 0x1E, 0xF6, 0x1B, 0xDF, 0x8B, 0x93, 0xBB, 0x77, 0x11, 0x81, 0x24, 0xB9, 0x30, 0x3A, 0xFD,
    0xFC, 0x64, 0xEF, 0xEE, 0xCE, 0x37, 0xF3, 0x76, 0xE6, 0xF9, 0x00, 0xC0, 0x74, 0x47, 0x98, 0x8A,
    0x48, 0x87, 0x4A, 0x19, 0x21, 0x2E, 0x13, 0xF7, 0xA0, 0x47, 0x31, 0x21, 0x9F, 0x60, 0x7A, 0x24,
    0x01, 0x65, 0x07, 0x2C, 0xB0, 0x0D, 0xD0, 0xC2, 0x3A, 0xA0, 0x56, 0x5A, 0x57, 0x23, 0xB2, 0x69,
    0x37, 0x76, 0xAF, 0x64, 0x53, 0x2B, 0xD7, 0xB9, 0x2B, 0xD7, 0x35, 0x2B, 0x5D, 0x9F, 0x7B, 0xCD,
    0xBA, 0x6F, 0x00, 0x7D, 0x18, 0x40, 0x7F, 0x3C, 0xE8, 0x1B, 0x80, 0x54, 0x7E, 0x85, 0x5A, 0xD9,
    0x5C, 0xA5, 0xAA, 0x68, 0x54, 0x85, 0x43, 0xC4, 0x82, 0x6C, 0x71, 0x55, 0x54, 0x31, 0x22, 0x1B,
    0x61, 0x3C, 0x10, 0x74, 0x97, 0x1D, 0x55, 0x1C, 0xFC, 0x5F, 0xE9, 0xAE, 0xA5, 0x8E, 0xE4, 0xAC,
    0x56, 0x57, 0x98, 0x75, 0xB5, 0xA0, 0x2B, 0x5F, 0xE7, 0x5B, 0x36, 0x5C, 0xC7, 0x96, 0xA3, 0x56,
    0x7A, 0x32, 0xE0, 0x5D, 0x70, 0x42, 0x0D, 0x64, 0x07, 0x5A, 0xC7, 0x68, 0xD8, 0x06, 0xF9, 0x80,
    0xCA, 0xC3, 0x0C, 0x30, 0x13, 0x5A, 0x8F, 0x5C, 0x83, 0x97, 0x30, 0x6C, 0xC0, 0xA9, 0xF4, 0x50,
    0xCB, 0xFB, 0xEB, 0x68, 0x23, 0xC4, 0x2B, 0x1B, 0x72, 0xC0, 0x1B, 0xA0, 0xC3, 0xC6, 0x0E, 0xC5,
    0x80, 0xAA, 0x47, 0x39, 0xC0, 0xEC, 0x93, 0x67, 0x03, 0x3D, 0xFC, 0x6D, 0xA0, 0x87, 0x0F, 0x07,
    0xA0, 0xDA, 0xE7, 0x91, 0xB7, 0x01, 0xCF, 0x34, 0x31, 0xC0, 0xC6, 0x33, 0x41, 0xF9, 0xC8, 0x94,
    0xA5, 0x33, 0x55, 0xA0, 0x0D, 0xA4, 0x1D, 0x70, 0xD4, 0xEC, 0xA0, 0x1C, 0xC9, 0x7A, 0x22, 0x25,
    0x90, 0x61, 0x8E, 0x48, 0xC2, 0x0E, 0x8C, 0x5D, 0x1D, 0x99, 0x8D, 0xD6, 0xD1, 0x3F, 0xAE, 0x5C,
    0xF4, 0x55, 0xC7, 0xBD, 0xCA, 0xC8, 0xB2, 0x33, 0x3D, 0x50, 0x75, 0xC5, 0x00, 0xD8, 0x26, 0x27,
    0x5D, 0x36, 0x02, 0x2D, 0xB2, 0x00, 0x2C, 0x48, 0x23, 0x67, 0x24, 0xF1, 0x6F, 0xFD, 0x36, 0x46,
    0xCA, 0x4A, 0x97, 0x8F, 0x9C, 0xA2, 0x13, 0x2F, 0x16, 0x29, 0x3D, 0x60, 0xD6, 0xC5, 0xD7, 0x8D,
    0x06, 0xDD, 0x74, 0x6C, 0x01, 0x2E, 0xF7, 0x0D, 0x6E, 0x69, 0x2A, 0x2B, 0xC7, 0x95, 0xE9, 0x9B,
    0xFD, 0x3A, 0x44, 0x9A, 0x18, 0x18, 0xCD, 0x04, 0xBD, 0x15, 0x87, 0x63, 0x56, 0xC8, 0xA3, 0xC8,
    0x56, 0x66, 0xE8, 0xEE, 0x0E, 0x66, 0x8F, 0xB6, 0x43, 0xE9, 0x79, 0xDC, 0x72, 0xC7, 0x38, 0x73,
    0x8D, 0x4B, 0x3C, 0x15, 0x19, 0x90, 0x0A, 0x69, 0x94, 0xD5, 0xB8, 0xE6, 0x45, 0xE9, 0x5E, 0x62,
    0xA1, 0xF7, 0x4F, 0x39, 0x26, 0xF9, 0x5D, 0xC7, 0xFF, 0x28, 0x5D, 0x9C, 0xDB, 0x48, 0x87, 0x07,
    0x7B, 0x3E, 0xF3, 0xB8, 0xAD, 0xDF, 0x3B, 0x60, 0xC6, 0x0C, 0xD4, 0x9F, 0x4D, 0x40, 0x75, 0xDE,
    0xD3, 0xB9, 0x8E, 0x6E, 0xE1, 0xB2, 0xD5, 0x22, 0x32, 0x6D, 0x00, 0x67, 0xBD, 0x4B, 0x5C, 0xF5,
    0x80, 0x29, 0xD0, 0x0C, 0x68, 0x02, 0x18, 0x7F, 0x0D, 0xBF, 0x46, 0xFF, 0x68, 0xF0, 0x5B, 0x59,
    0x5E, 0x04, 0xB0, 0x7B, 0xA3, 0x68, 0x45, 0x24, 0x6C, 0xC0, 0xC7, 0xC8, 0x1C, 0x1D, 0x37, 0xDD,
    0xA1, 0x7E, 0x95, 0x9E, 0xDB, 0x16, 0x7F, 0x4C, 0xD0, 0xC2, 0x13, 0x09, 0xE9, 0x70, 0xCC, 0x58,
    0xBC, 0x0E, 0x85, 0x4C, 0x8B, 0x9A, 0x16, 0xDF, 0xB5, 0x10, 0xAF, 0x45, 0xF9, 0x6A, 0x03, 0x70,
    0xEF, 0xAB, 0x01, 0x5C, 0xAF, 0xF4, 0xD9, 0x3F, 0x51, 0xAA, 0xA5, 0x5C, 0xCB, 0xFA, 0x5A, 0xE2,
    0x5F, 0xB7, 0x49, 0xAC, 0x23, 0xD7, 0x59, 0x7F, 0xAB, 0x49, 0xBC, 0xFE, 0x61, 0xD0, 0x62, 0xFE,
    0x76, 0x31, 0x69, 0x7B, 0x50, 0x68, 0x8B, 0xD0, 0x0E, 0xA1, 0x0D, 0x42, 0xFB, 0x83, 0xB6, 0x07,
    0xED, 0x0E, 0xDA, 0x1C, 0xAE, 0x4A, 0x18, 0x81, 0xEA, 0x69, 0x0F, 0x98, 0x6B, 0x24, 0x68, 0x85,
    0xFF, 0xF7, 0x70, 0x07, 0x68, 0x7F, 0xD0, 0xF6, 0xA0, 0xDD, 0x41, 0x9B, 0x83, 0xF6, 0x06, 0xB6,
    0x06, 0x7E, 0x9A, 0xB1, 0x61, 0xB3, 0x24, 0xE0, 0x09, 0xB2, 0x25, 0x65, 0x21, 0x26, 0xF8, 0x89,
    0xF7, 0x6E, 0x7C, 0xC4, 0x5F, 0xA5, 0x68, 0x56, 0x1D, 0x11, 0xD9, 0xA6, 0x68, 0x7E, 0xBF, 0x09,
    0xC0, 0x6A, 0x59, 0x7F, 0xE8, 0x29, 0x86, 0x9F, 0xCA, 0x6E, 0x75, 0x04, 0x38, 0x23, 0x1E, 0x13,
    0x77, 0x3F, 0xE0, 0xA4, 0x1C, 0x54, 0xFA, 0x88, 0x42, 0x55, 0xF2, 0x53, 0xD5, 0x1C, 0x54, 0xAA,
    0x82, 0x49, 0x55, 0xDE, 0xE8, 0x44, 0x25, 0x3D, 0xEE, 0x5D, 0xFC, 0x50, 0x5C, 0x92, 0x00, 0xD8,
    0x87, 0x23, 0x50, 0x3E, 0xF5, 0xFA, 0xEB, 0x0E, 0x48, 0xE5, 0x43, 0x3F, 0x3D, 0x6A, 0xA9, 0xC7,
    0x3D, 0x16, 0xAD, 0x33, 0x60, 0x4E, 0xA9, 0xF2, 0xF3, 0xE1, 0x42, 0x65, 0x41, 0x95, 0xD9, 0x72,
    0xB3, 0x4F, 0x54, 0x02, 0x00, 0x25, 0x61, 0x9B, 0xC3, 0x59, 0x2A, 0xFA, 0xC3, 0xEB, 0x45, 0x32,
    0xFD, 0x87, 0x4E, 0x54, 0x45, 0x58, 0x77, 0x50, 0x69, 0xFC, 0x73, 0x95, 0x63, 0x04, 0xC2, 0x4D,
    0x3F, 0x51, 0x77, 0x41, 0x3B, 0x53, 0xCE, 0x44, 0x3A, 0x6E, 0xEF, 0x4E, 0x27, 0x0D, 0xB9, 0x5A,
    0xD5, 0x93, 0x12, 0x74, 0x88, 0xD5, 0x52, 0x62, 0xC8, 0xCE, 0xB8, 0x03, 0xF5, 0x8E, 0x3E, 0x5D,
    0x47, 0xEA, 0xAC, 0x0F, 0xFA, 0x5D, 0x06, 0x49, 0xB3, 0xBD, 0x15, 0x9B, 0x7E, 0x7B, 0x87, 0xBF,
    0x4F, 0xE0, 0xFF, 0x4A, 0xB5, 0x64, 0x71, 0x91, 0x85, 0x78, 0x0E, 0xF9, 0x94, 0xE3, 0x3F, 0xC2,
    0xA4, 0x03, 0x1F, 0x1F, 0xA8, 0x77, 0xF4, 0xE9, 0x61, 0x24, 0x67, 0xDD, 0xC0, 0x37, 0xA0, 0xE7,
    0x76, 0x47, 0x59, 0x75, 0xA4, 0x75, 0x64, 0x4B, 0x20, 0x40, 0xF3, 0xBC, 0x85, 0x26, 0xE9, 0x70,
    0xCC, 0x2A, 0x3D, 0x2C, 0x56, 0x59, 0xB7, 0xE4, 0x4E, 0x97, 0x99, 0x95, 0x81, 0x4C, 0x26, 0x32,
    0x1B, 0x95, 0x6B, 0xF0, 0x95, 0x45, 0x4F, 0x1A, 0xAF, 0xEC, 0xC8, 0xAA, 0xB1, 0x12, 0x60, 0x9D,
    0x12, 0x64, 0xAD, 0x4E, 0xED, 0x94, 0x1A, 0xAB, 0x44, 0x99, 0x2A, 0xB7, 0x7F, 0x20, 0x50, 0x32,
    0x69, 0x7A, 0xA5, 0x27, 0xCB, 0x0E, 0x56, 0x96, 0x4A, 0x69, 0x1B, 0xF2, 0xB2, 0xEA, 0x55, 0xB6,
    0x56, 0xB0, 0x4D, 0x38, 0x82, 0x32, 0x9D, 0xB0, 0x69, 0xBF, 0x4E, 0x3C, 0xED, 0x41, 0x9F, 0xA8,
    0x43, 0xC1, 0xC8, 0x80, 0x42, 0xC4, 0xCA, 0x84, 0xD2, 0xD7, 0xBB, 0x64, 0x86, 0x85, 0x19, 0x71,
    0x1F, 0xF7, 0xE8, 0x5C, 0x05, 0x0A, 0x46, 0xB9, 0x1E, 0xBC, 0xD2, 0x6D, 0x17, 0x95, 0xD2, 0x0A,
    0x2F, 0x85, 0xE8, 0xA5, 0x12, 0xAD, 0x3D, 0xD6, 0xEB, 0x11, 0xAD, 0xA1, 0x97, 0x1D, 0x73, 0xFB,
    0xBF, 0x78, 0x29, 0x46, 0x58, 0x9C, 0xE1, 0x4E, 0xD0, 0xD7, 0x82, 0xAF, 0x96, 0x34, 0xC0, 0xCA,
    0x18, 0xFF, 0x60, 0xA4, 0x2F, 0xC5, 0x23, 0x15, 0x97, 0x2E, 0xD8, 0xEC, 0x13, 0x65, 0xAB, 0x5C,
    0x88, 0x34, 0x6C, 0xD2, 0x8A, 0x9E, 0x34, 0x1D, 0x99, 0xE3, 0xAA, 0x65, 0x1E, 0x68, 0xF7, 0xB9,
    0x4A, 0x3B, 0xF7, 0x4C, 0xB4, 0x74, 0x10, 0x7F, 0x2A, 0x48, 0x17, 0x24, 0x82, 0x6C, 0x8A, 0x74,
    0xF1, 0x79, 0x26, 0x8D, 0xE9, 0x51, 0x48, 0x67, 0x3C, 0xCC, 0xB9, 0x8F, 0xB4, 0x5F, 0xF0, 0x30,
    0x9F, 0xE9, 0xD9, 0x0B, 0x64, 0x3A, 0x9A, 0xA1, 0xEA, 0xF2, 0x81, 0x34, 0x1D, 0x59, 0x35, 0xA4,
    0x05, 0x39, 0xC3, 0xF4, 0xE5, 0x77, 0x53, 0xA4, 0xF9, 0x69, 0x80, 0xF1, 0xE6, 0x67, 0x4F, 0x4A,
    0xC7, 0x42, 0x20, 0xCC, 0x12, 0x7B, 0x62, 0xED, 0x2E, 0xF6, 0x8D, 0x3E, 0x04, 0x3A, 0x45, 0xDD,
    0xE7, 0x74, 0xCA, 0x36, 0xED, 0x1E, 0x28, 0xB1, 0xD9, 0x9B, 0x89, 0x40, 0xC2, 0x08, 0x4C, 0x99,
    0x46, 0xE0, 0x87, 0x4E, 0x23, 0xE0, 0x20, 0x8F, 0x8A, 0x05, 0xE9, 0xAC, 0x9E, 0x8C, 0xC8, 0xC4,
    0x15, 0x03, 0x8C, 0x46, 0xC0, 0x96, 0x8C, 0xC0, 0x13, 0x13, 0x19, 0xF5, 0x7A, 0x13, 0x93, 0x48,
    0x96, 0x0D, 0x69, 0x41, 0x06, 0xC4, 0xA7, 0xBF, 0x0C, 0x28, 0xBB, 0x82, 0xEA, 0x9A, 0x38, 0x1D,
    0x56, 0x73, 0x26, 0x48, 0xE2, 0xCA, 0x01, 0xD9, 0xAA, 0xEB, 0x7B, 0xE1, 0x73, 0x47, 0x5D, 0xB7,
    0x5F, 0x72, 0xA9, 0x65, 0x51, 0xA9, 0x38, 0x06, 0x17, 0x15, 0xD0, 0x9D, 0x48, 0x93, 0x4F, 0x40,
    0xED, 0xCD, 0x00, 0x18, 0x67, 0x56, 0x55, 0x5E, 0xD9, 0x2B, 0x57, 0xB5, 0x23, 0x99, 0xAD, 0x51,
    0x90, 0xBD, 0xD3, 0x4A, 0xC4, 0xD5, 0x0A, 0x5D, 0x0D, 0x5F, 0x8A, 0x3E, 0xCA, 0xA5, 0xD1, 0xEA,
    0xDD, 0x91, 0xE5, 0xF3, 0x55, 0x36, 0xE6, 0x4A, 0x1E, 0xA0, 0xCA, 0x57, 0x23, 0x47, 0x16, 0xE2,
    0x72, 0x71, 0x3C, 0x9F, 0xB3, 0x16, 0x84, 0x01, 0x48, 0xDB, 0x3F, 0x71, 0xD4, 0x6C, 0xAF, 0xF4,
    0xCA, 0xAD, 0xF6, 0xA0, 0x26, 0xB0, 0x53, 0x3E, 0x56, 0x06, 0xE2, 0x44, 0x5F, 0x54, 0x6B, 0x91,
    0x06, 0xA9, 0x46, 0x26, 0x9F, 0x71, 0x3A, 0x6B, 0xA1, 0xFC, 0x76, 0xD5, 0x48, 0x6E, 0x1A, 0x67,
    0x32, 0x93, 0x85, 0x75, 0x56, 0x38, 0x0B, 0xA7, 0xAB, 0xBA, 0x93, 0x36, 0xA8, 0xF0, 0x85, 0x44,
    0xAB, 0xAC, 0x71, 0x4B, 0x59, 0x79, 0x60, 0x41, 0x19, 0x57, 0x0E, 0xC8, 0x75, 0x17, 0x9E, 0x4A,
    0xCF, 0xDD, 0xF7, 0x38, 0x6A, 0xD2, 0x28, 0xB7, 0xAF, 0x55, 0x32, 0x93, 0x69, 0x50, 0x4E, 0x64,
    0x36, 0x28, 0x29, 0x57, 0x68, 0xE1, 0x45, 0xAE, 0x5E, 0xDF, 0x54, 0x5E, 0xB5, 0x6A, 0xB8, 0x92,
    0xB5, 0x86, 0xAC, 0xB1, 0xF1, 0xC9, 0xE5, 0xDC, 0xBD, 0x9A, 0x09, 0x59, 0x4B, 0xB4, 0xEE, 0x45,
    0xAE, 0x4F, 0xDF, 0x26, 0x5B, 0xDD, 0xC5, 0x2A, 0x0B, 0xF2, 0x98, 0xB5, 0x9D, 0xF2, 0x72, 0x9A,
    0x31, 0xAF, 0xAE, 0x2B, 0x27, 0x32, 0x1D, 0x80, 0xBF, 0x00, 0x35, 0x4F, 0xC1, 0x4D, 0x03, 0x31,
    0x10, 0x9C, 0x3B, 0x23, 0x0E, 0xE9, 0x1E, 0xFE, 0x83, 0x90, 0x79, 0xE6, 0x81, 0x70, 0x07, 0xD9,
    0xEB, 0x08, 0x0A, 0x80, 0x78, 0x4B, 0x49, 0x19, 0x3C, 0x88, 0xEC, 0x12, 0xB6, 0x04, 0x97, 0xE0,
    0x47, 0x1E, 0x06, 0x39, 0x59, 0x7C, 0x27, 0x65, 0x66, 0x2C, 0x8D, 0x77, 0xF7, 0x31, 0x03, 0x3C,
    0x22, 0x80, 0xD8, 0xA5, 0x39, 0x9B, 0x32, 0x54, 0x1C, 0x81, 0x51, 0x4C, 0x9D, 0x8B, 0x15, 0xCF,
    0x84, 0x13, 0x76, 0x40, 0xC8, 0x18, 0xF4, 0x0C, 0xF3, 0xD7, 0x60, 0x73, 0x84, 0x67, 0x9F, 0x0E,
    0x98, 0xF3, 0x0E, 0x23, 0x8F, 0x17, 0xBC, 0x58, 0x95, 0x6F, 0x52, 0x6D, 0x6F, 0x93, 0x96, 0x07,
    0xBC, 0xB3, 0xDE, 0x70, 0x07, 0xE0, 0x13, 0x26, 0xF7, 0x63, 0xA1, 0xC5, 0x25, 0x27, 0x81, 0xAD,
    0x2A, 0x8C, 0x36, 0x20, 0x08, 0x3C, 0x87, 0x1C, 0x73, 0xC8, 0x9E, 0x57, 0x92, 0x04, 0x59, 0xDF,
    0xEA, 0x63, 0x8D, 0x1A, 0x15, 0x84, 0x2F, 0xB4, 0xB1, 0x0C, 0x72, 0x7F, 0x81, 0x53, 0xDE, 0x4F,
    0xF2, 0x33, 0xE6, 0x3A, 0x96, 0xAE, 0x6E, 0xFA, 0xB7, 0x0F, 0xFB, 0x6A, 0xC3, 0xD1, 0x2C, 0x43,
    0x9B, 0x8B, 0xA9, 0x56, 0xA6, 0xE2, 0xD9, 0x0A, 0xC1, 0xF1, 0x09, 0x84, 0x8A, 0x67, 0x7C, 0x60,
    0x87, 0x81, 0xD7, 0xD0, 0x3E, 0xF9, 0x64, 0x4B, 0x84, 0xB9, 0xB6, 0xAD, 0xD4, 0x56, 0xEE, 0x6C,
    0x8A, 0x29, 0xBD, 0x72, 0x76, 0x99, 0x84, 0x24, 0x72, 0x5C, 0x14, 0x8A, 0x2B, 0x2E, 0x68, 0xA8,
    0x40, 0xBB, 0x91, 0x1A, 0x9D, 0x7B, 0x6A, 0x59, 0xE9, 0xD9, 0x15, 0x57, 0xBC, 0xF8, 0x44, 0x4C,
    0x5B, 0x54, 0x93, 0x56, 0x4D, 0x8C, 0x49, 0x01, 0x97, 0x30, 0xA7, 0x57, 0x9B, 0x82, 0xF2, 0xD3,
    0x2F, 0x56, 0x10, 0x50, 0x31, 0x0B, 0xFC, 0x82, 0x3D, 0x70, 0x02, 0x0E, 0x13, 0x48, 0x79, 0xBE,
    0xE2, 0x1F, 0xED, 0x9C, 0x3F, 0x90, 0xE4, 0xBA, 0x71, 0xFF, 0x9B, 0xA4, 0x7E, 0xC7, 0x5F, 0x89,
    0xF6, 0xA3, 0x83, 0x17, 0xB8, 0xEA, 0xAA, 0x44, 0x87, 0x8A, 0x4C, 0x07, 0x2F, 0x16, 0xF1, 0xA4,
    0xC0, 0xA1, 0x15, 0x38, 0x53, 0x60, 0x07, 0xCE, 0x5F, 0x5E, 0x65, 0x3D, 0xD2, 0x79, 0xA0, 0x97,
    0x47, 0xCE, 0x9D, 0x2A, 0x70, 0xA0, 0x1B, 0xD2, 0x52, 0xA0, 0x50, 0x94, 0x9D, 0x97, 0x29, 0xD7,
    0x95, 0x53, 0xD1, 0x12, 0x65, 0x73, 0x25, 0x90, 0xED, 0xFE, 0x7E, 0x31, 0x37, 0xC3, 0xD9, 0xD9,
    0x5D, 0xCD, 0xDE, 0xDE, 0x9F, 0x59, 0x95, 0x71, 0x57, 0x9F, 0xDE, 0x01, 0x81, 0xEE, 0x1E, 0x10,
    0x24, 0xC0, 0x26, 0x30, 0xC2, 0x94, 0x3A, 0x43, 0xD9, 0x19, 0xF2, 0x1E, 0x1F, 0x47, 0x43, 0x32,
    0x19, 0xC4, 0x03, 0xDF, 0x07, 0xBE, 0x29, 0xB7, 0x53, 0xA5, 0xAA, 0x7E, 0x03, 0x28, 0x79, 0x14,
    0x50, 0x6D, 0x3A, 0xE2, 0xED, 0x14, 0xF8, 0x23, 0x64, 0x27, 0xAF, 0x24, 0xD2, 0x58, 0x0D, 0xDF,
    0xD6, 0xF0, 0x97, 0xE5, 0x2D, 0x82, 0x74, 0xF5, 0xDE, 0xB7, 0x86, 0x5E, 0xB6, 0x94, 0x64, 0x16,
    0x79, 0x14, 0x6F, 0xDA, 0xD9, 0xA8, 0xAA, 0x0D, 0xD9, 0x4B, 0xB2, 0xBA, 0x72, 0xC4, 0xD1, 0x74,
    0x06, 0x13, 0x0F, 0xC6, 0x64, 0xF4, 0x34, 0x8A, 0xDC, 0xC3, 0x54, 0x75, 0x26, 0x47, 0xB2, 0x91,
    0x90, 0x3E, 0x01, 0x8A, 0xCE, 0x50, 0x21, 0xAB, 0xC6, 0xC7, 0x05, 0x55, 0x66, 0x43, 0x32, 0xE2,
    0xAF, 0x5E, 0x6E, 0xA7, 0x5A, 0x55, 0xBB, 0x0D, 0x90, 0xF7, 0x51, 0x21, 0x51, 0x7B, 0x63, 0xCC,
    0x55, 0x3B, 0x7A, 0x37, 0x49, 0xA4, 0x5F, 0xBD, 0xF4, 0x92, 0x2C, 0x12, 0xAD, 0x92, 0x4D, 0x22,
    0xAD, 0xE4, 0x03, 0x4E, 0x70, 0xD1, 0x8B, 0x7C, 0x1A, 0x2E, 0xAA, 0x3D, 0xAB, 0xE6, 0x8C, 0x50,
    0xB0, 0xE5, 0x79, 0x99, 0x13, 0x0D, 0x45, 0x07, 0x9D, 0x41, 0x3F, 0x6D, 0x39, 0xDA, 0x0D, 0x3E,
    0x04, 0x7F, 0x82, 0x6F, 0xC1, 0x4F, 0x70, 0x75, 0x56, 0x99, 0xF9, 0xAA, 0xBA, 0x4A, 0xA2, 0xEE,
    0x85, 0x36, 0xE9, 0x6C, 0x85, 0xFB, 0x7C, 0xB4, 0xC2, 0x0E, 0xDA, 0x4C, 0xF6, 0xE4, 0x40, 0x8E,
    0x60, 0x36, 0x81, 0xC9, 0x0A, 0xC6, 0x7A, 0xE3, 0x4C, 0xB4, 0x0A, 0x6D, 0x19, 0xB5, 0xC9, 0xF7,
    0x94, 0x87, 0xD2, 0x70, 0x82, 0xEB, 0xE0, 0xDF, 0x56, 0xCB, 0x9E, 0x29, 0x09, 0xFF, 0xCB, 0xBE,
    0x9C, 0x50, 0x32, 0x53, 0x97, 0xAA, 0x8B, 0x54, 0x75, 0xE1, 0xD7, 0x1E, 0xCD, 0x40, 0xFB, 0xDB,
    0x70, 0xB2, 0xE7, 0x23, 0xD8, 0x3D, 0x3E, 0x28, 0xCE, 0x3C, 0x58, 0xC4, 0x4B, 0xAC, 0x89, 0x6E,
    0xC0, 0xBC, 0xF3, 0x74, 0x85, 0xDE, 0x27, 0x86, 0xEE, 0x08, 0x9C, 0x9E, 0xF7, 0x88, 0x1D, 0xFA,
    0x68, 0x2B, 0x52, 0x75, 0x55, 0x27, 0xAD, 0x2B, 0xA7, 0x17, 0x8A, 0x9E, 0x88, 0xF6, 0xD3, 0xC1,
    0x8E, 0xAD, 0x28, 0xA5, 0xDA, 0x9F, 0x8B, 0x2E, 0x7F, 0xA2, 0xD0, 0xAF, 0x82, 0xF0, 0x41, 0x68,
    0x38, 0xD6, 0x76, 0x14, 0x45, 0x2F, 0xA5, 0x89, 0x7C, 0x90, 0xB2, 0xC9, 0xFB, 0x6C, 0x7C, 0x23,
    0xAA, 0xBD, 0x70, 0x41, 0x08, 0x45, 0x2B, 0x2C, 0xB9, 0x0A, 0xEA, 0xC5, 0x5E, 0xA0, 0xA5, 0x9A,
    0x05, 0x3A, 0xAB, 0x41, 0x60, 0xA1, 0x72, 0x02, 0x7B, 0x8B, 0xC0, 0xF8, 0x3B, 0xA1, 0xBE, 0x16,
    0x45, 0x0A, 0xEC, 0x70, 0xD7, 0x2E, 0x47, 0x1C, 0x4D, 0x27, 0x30, 0x99, 0xC1, 0xD8, 0x3F, 0xC4,
    0x50, 0x26, 0x94, 0x67, 0x5D, 0xD3, 0x43, 0xEE, 0xF5, 0xBF, 0x87, 0x91, 0x65, 0x78, 0xBF, 0x23,
    0x0B, 0x52, 0xE6, 0xC0, 0x7C, 0xD8, 0xDC, 0x40, 0x1D, 0xB8, 0x03, 0xC4, 0x03, 0xF1, 0x04, 0xCA,
    0x3F, 0x02, 0x67, 0xA9, 0x15, 0x73, 0x0A, 0x4C, 0x27, 0x30, 0x1F, 0xC1, 0xA2, 0x07, 0xAB, 0x0E,
    0xAC, 0x1D, 0xA8, 0x62, 0x8C, 0x16, 0x30, 0xF1, 0x60, 0x3A, 0x81, 0xF9, 0x48, 0xF6, 0x20, 0xAC,
    0xB7, 0xAA, 0x02, 0x7A, 0x52, 0x5D, 0xC8, 0x07, 0x8B, 0xE1, 0x58, 0x1E, 0x75, 0xA1, 0xE7, 0xA8,
    0x53, 0x94, 0x6C, 0x1D, 0x58, 0x35, 0x60, 0xD9, 0x81, 0xB9, 0x82, 0x29, 0x19, 0xA9, 0x84, 0x94,
    0x1E, 0xEE, 0xFB, 0xBC, 0xAC, 0xB2, 0xE1, 0x30, 0x36, 0xF2, 0x2C, 0xFC, 0x08, 0xF8, 0xEC, 0xEE,
    0x6F, 0x0A, 0x65, 0x40, 0x0E, 0x14, 0x40, 0x05, 0xD4, 0xC0, 0x6A, 0x88, 0xBC, 0x21, 0xF9, 0x8D,
    0x21, 0xFD, 0x2F, 0x43, 0xFE, 0x73, 0x43, 0xF9, 0x2F, 0x86, 0xEA, 0xDB, 0x86, 0x36, 0x36, 0x2C,
    0x86, 0xD8, 0x1B, 0x92, 0x31, 0xF6, 0xBB, 0x6C, 0x30, 0xE4, 0x9D, 0xA1, 0x6C, 0x62, 0xFF, 0xAA,
    0x12, 0xC3, 0xCE, 0xB0, 0xF3, 0x86, 0x76, 0x06, 0x46, 0x60, 0x00, 0x3A, 0xC0, 0x01, 0x62, 0x90,
    0xFF, 0x27, 0x91, 0x13, 0xA9, 0x24, 0x99, 0x8C, 0x0E, 0xDF, 0xA0, 0xE8, 0xB2, 0x41, 0x70, 0x79,
    0x75, 0xEC, 0x46, 0x0E, 0x5F, 0x7A, 0xE1, 0xA9, 0x7D, 0x7D, 0xE7, 0xEC, 0x0C, 0xC5, 0x26, 0x8C,
    0x27, 0xD9, 0x98, 0xA3, 0xE2, 0x90, 0x41, 0x49, 0x8F, 0xDE, 0x58, 0x9A, 0x4F, 0x68, 0x25, 0x34,
    0x70, 0xCD, 0x06, 0x5E, 0x79, 0x32, 0x17, 0x54, 0xC3, 0xA1, 0xA2, 0x43, 0xB1, 0x7C, 0x48, 0x47,
    0x56, 0x1F, 0xA1, 0x2A, 0xEF, 0xE1, 0x18, 0x5B, 0xD5, 0xB3, 0x81, 0x57, 0xF6, 0xA6, 0xBA, 0xA5,
    0xB5, 0x15, 0x2C, 0x3C, 0x98, 0x93, 0xD9, 0x44, 0x8E, 0x20, 0xEC, 0x43, 0x29, 0x58, 0x82, 0x95,
    0xBA, 0x50, 0x09, 0x9C, 0xF6, 0x27, 0x60, 0xFE, 0xB8, 0x50, 0xD5, 0x0D, 0x78, 0x7D, 0x3C, 0x80,
    0x6A, 0x24, 0x27, 0xB0, 0x9E, 0x41, 0x0D, 0x07, 0x39, 0x23, 0xF3, 0x3B, 0x63, 0x3C, 0xD7, 0xC6,
    0x84, 0xF3, 0xDA, 0x74, 0x44, 0x93, 0x65, 0x18, 0xC5, 0x71, 0x6B, 0xEC, 0x78, 0x87, 0x1D, 0xD0,
    0x1A, 0x68, 0xA1, 0xAA, 0x49, 0x41, 0x97, 0x1C, 0x3A, 0xFF, 0x2A, 0xB1, 0x71, 0x91, 0xC8, 0xFE,
    0x87, 0x69, 0x87, 0x51, 0x03, 0x5D, 0x3A, 0xA1, 0x0A, 0x2B, 0xEE, 0x95, 0xE0, 0x34, 0xE7, 0x41,
    0x79, 0x30, 0x34, 0xD2, 0xE8, 0xD4, 0xC2, 0x01, 0xFF, 0xA4, 0x39, 0xA0, 0xEA, 0x0C, 0x68, 0x03,
    0x0C, 0x96, 0x57, 0x4C, 0x35, 0x94, 0x1A, 0x62, 0x20, 0x5A, 0x0C, 0x72, 0x8A, 0x08, 0xC0, 0x51,
    0x94, 0x63, 0x0D, 0xD6, 0x0D, 0x5A, 0x82, 0xBE, 0x01, 0x58, 0x01, 0x3A, 0x54, 0x43, 0x73, 0x3E,
    0x1A, 0x52, 0xAA, 0x9F, 0xCF, 0xC1, 0x03, 0x2C, 0x52, 0x77, 0xA8, 0x7B, 0x74, 0xAD, 0x3B, 0xF1,
    0x2A, 0x38, 0xB4, 0x02, 0x7A, 0xC0, 0xCA, 0x03, 0xF7, 0x3B, 0x74, 0x75, 0xB3, 0x64, 0x0E, 0x14,
    0x67, 0x62, 0x92, 0xEA, 0x1D, 0x88, 0x91, 0x22, 0x3D, 0x11, 0xD9, 0x89, 0xC8, 0x87, 0x20, 0x7A,
    0x8A, 0xA2, 0xA3, 0x28, 0x83, 0xA8, 0x1A, 0x8A, 0xDA, 0x51, 0x28, 0x33, 0xE2, 0x85, 0xA2, 0x56,
    0xA4, 0xDB, 0x82, 0x17, 0xCA, 0x25, 0xE2, 0xEA, 0x1E, 0x28, 0x79, 0x45, 0x56, 0xAE, 0x6A, 0x4C,
    0xD4, 0x52, 0x76, 0x26, 0x76, 0x52, 0x40, 0x2C, 0x92, 0x0F, 0xC9, 0x14, 0x79, 0xC9, 0xC6, 0x64,
    0x8A, 0xBD, 0xA4, 0x26, 0x30, 0x86, 0x4F, 0xF8, 0x27, 0xC9, 0x9C, 0x4C, 0x29, 0x6E, 0xED, 0xC9,
    0x94, 0x0F, 0x12, 0x2D, 0xE1, 0xE6, 0xB9, 0x26, 0x13, 0x2E, 0xFC, 0x36, 0x99, 0xCA, 0x26, 0x98,
    0x12, 0x3E, 0x0B, 0xF8, 0xBD, 0x61, 0x17, 0x8E, 0x59, 0x91, 0x85, 0x37, 0xEE, 0x7D, 0xF5, 0xC4,
    0x44, 0x36, 0x06, 0x9D, 0xD3, 0x1B, 0x43, 0x79, 0x30, 0x4B, 0x27, 0x96, 0xE0, 0xD2, 0x2A, 0x15,
    0x44, 0x2B, 0xC1, 0x5D, 0x57, 0x87, 0xF3, 0xAD, 0x10, 0xA6, 0xF4, 0x85, 0xDE, 0x04, 0x3B, 0x1D,
    0xEF, 0x28, 0xA6, 0x69, 0x75, 0x85, 0x69, 0x30, 0x37, 0x57, 0x89, 0x3B, 0x9C, 0x49, 0xA4, 0x96,
    0xAC, 0xC9, 0x76, 0xC3, 0x15, 0x88, 0x3D, 0x58, 0x4C, 0xEC, 0x90, 0x0D, 0xB8, 0x08, 0xA8, 0x03,
    0xF2, 0x5F, 0x7A, 0x50, 0x94, 0xAC, 0xDD, 0xE6, 0x31, 0xAC, 0x0B, 0xCC, 0x98, 0x13, 0x3A, 0x4F,
    0x39, 0x62, 0xCC, 0xCE, 0x57, 0xF7, 0x72, 0x91, 0x98, 0xFE, 0x48, 0x0D, 0xDF, 0xCC, 0xCF, 0xF9,
    0x1A, 0xC7, 0xE3, 0xEF, 0xCA, 0xA7, 0xBC, 0x70, 0xD8, 0x23, 0x30, 0xC7, 0xDA, 0xED, 0x1F, 0x64,
    0x2A, 0xB8, 0x5E, 0x28, 0x06, 0xC7, 0xD5, 0x5D, 0xFD, 0xBC, 0xE2, 0x99, 0x4D, 0xE9, 0x52, 0x55,
    0x1D, 0x4F, 0x39, 0x4A, 0xF6, 0x74, 0xDE, 0xFA, 0x3F, 0x80, 0x79, 0x60, 0x4F, 0x76, 0x60, 0x41,
    0x56, 0x0D, 0xE9, 0x40, 0x15, 0x63, 0xBC, 0x80, 0xEA, 0xC9, 0x91, 0x74, 0x60, 0x35, 0x88, 0xA8,
    0xAB, 0x46, 0x89, 0x8D, 0x93, 0x24, 0x46, 0x2F, 0x29, 0x99, 0x1B, 0x77, 0x52, 0x18, 0x2B, 0x29,
    0x6B, 0x57, 0x95, 0xF6, 0x87, 0xAB, 0xF2, 0xEE, 0x15, 0xD8, 0x7B, 0x63, 0xFA, 0x8B, 0xD9, 0x98,
    0xFC, 0x7A, 0x34, 0xC6, 0x0A, 0x8A, 0xF6, 0x60, 0xDB, 0x81, 0xB5, 0x03, 0x2B, 0x01, 0xBF, 0x41,
    0xFE, 0x11, 0xF9, 0x35, 0x52, 0xDE, 0x82, 0xEC, 0x0E, 0x4F, 0x82, 0xAA, 0x6E, 0xF1, 0x54, 0x7D,
    0x12, 0xEB, 0x6B, 0x61, 0xA8, 0xC5, 0x18, 0x42, 0x6F, 0xEA, 0xBE, 0x18, 0x25, 0x9B, 0x25, 0xF5,
    0xC2, 0xFB, 0x28, 0xA7, 0x90, 0x2B, 0xEF, 0x2A, 0x2D, 0x6F, 0xD8, 0xB5, 0x03, 0x2B, 0x57, 0x8B,
    0xB1, 0x69, 0x8F, 0xEC, 0x1E, 0x64, 0x53, 0x93, 0xA1, 0x6E, 0x60, 0xD0, 0x59, 0x52, 0x7F, 0xB0,
    0x15, 0xEC, 0x06, 0x1F, 0x82, 0x3F, 0xC1, 0xB7, 0xE0, 0xE7, 0xAD, 0xE9, 0xE2, 0xC7, 0x9F, 0xBF,
    0x56, 0x98, 0xC7, 0x18, 0xB4, 0x01, 0x30, 0xFF, 0x2B, 0x66, 0x43, 0xE2, 0x0D, 0xD1, 0x62, 0x90,
    0xF5, 0x00, 0xDD, 0x7E, 0xC4, 0x51, 0x96, 0x43, 0x0D, 0xD6, 0x05, 0x1A, 0xEA, 0x43, 0x91, 0xB7,
    0xC4, 0x59, 0xA0, 0x6F, 0x14, 0x39, 0x06, 0xFA, 0x36, 0x37, 0x94, 0xCA, 0xE5, 0x0C, 0xF4, 0x15,
    0xDB, 0x40, 0x5F, 0x60, 0x73, 0x31, 0x37, 0x75, 0x0B, 0x32, 0xE8, 0x0C, 0xFA, 0x83, 0xAD, 0x60,
    0x37, 0xF8, 0x40, 0x7F, 0x4E, 0x02, 0x7D, 0x8A, 0xE4, 0xB7, 0x0C, 0x3A, 0xAE, 0x91, 0xCF, 0xEC,
    0xE1, 0xEE, 0xFE, 0xEF, 0xF2, 0x82, 0xE1, 0x50, 0xC6, 0x6D, 0xC3, 0x53, 0x4E, 0xBA, 0xFE, 0xD5,
    0xBF, 0x6A, 0x93, 0x8F, 0x79, 0x5F, 0xF6, 0x0C, 0x3A, 0x8D, 0x88, 0x32, 0xA5, 0x63, 0xCD, 0x18,
    0x4D, 0x6B, 0x8C, 0x7D, 0xA0, 0xDE, 0xC3, 0x76, 0xC3, 0x50, 0x2B, 0x68, 0x08, 0xDA, 0x82, 0xE6,
    0x60, 0x25, 0x58, 0x0C, 0x21, 0x5F, 0x7A, 0xF2, 0x60, 0x6B, 0xA7, 0x73, 0x81, 0x76, 0x66, 0x73,
    0x95, 0x6C, 0xE7, 0xAA, 0xC1, 0x40, 0xA0, 0xF8, 0x1F, 0x2D, 0xF8, 0x18, 0x1A, 0x3F, 0x1B, 0x51,
    0x0C, 0xA7, 0x26, 0x9D, 0x50, 0x11, 0xCE, 0x58, 0xD2, 0x05, 0xAC, 0x37, 0xCF, 0x8E, 0x25, 0x59,
    0xCD, 0x87, 0xA3, 0xD1, 0xA2, 0x46, 0x38, 0x0C, 0x0D, 0x68, 0xCA, 0xC2, 0x5C, 0x86, 0xE6, 0xC3,
    0x08, 0x0A, 0x43, 0x6B, 0x18, 0x4A, 0x5D, 0x78, 0xFE, 0x83, 0x57, 0xC5, 0x00, 0x43, 0xD9, 0xD8,
    0x3A, 0x4E, 0x37, 0x78, 0x62, 0xAE, 0x94, 0x8C, 0xD0, 0x6D, 0xC9, 0x36, 0xFE, 0x3D, 0xAC, 0x8D,
    0xEB, 0xE3, 0x51, 0x39, 0xA0, 0x33, 0x94, 0xBD, 0x21, 0xBF, 0x91, 0x97, 0x6B, 0x8A, 0x93, 0x1E,
    0x01, 0xF2, 0x52, 0x5F, 0xB3, 0x8B, 0xBE, 0x05, 0x16, 0xBC, 0x9D, 0xE8, 0xAE, 0x93, 0x8A, 0x74,
    0xC2, 0x45, 0x56, 0x69, 0xE5, 0x3A, 0x79, 0xC7, 0x6D, 0x17, 0xE9, 0xF7, 0xB0, 0xD5, 0x19, 0xF2,
    0x54, 0x48, 0xF2, 0x44, 0xA1, 0x7A, 0x13, 0x84, 0xF6, 0x41, 0x4C, 0x3C, 0x96, 0x79, 0x8A, 0x68,
    0xA5, 0x90, 0x36, 0x88, 0x7A, 0x2F, 0xDC, 0x5D, 0xE2, 0xA4, 0xE4, 0x7A, 0xD4, 0x02, 0x9D, 0x1B,
    0x0B, 0xB0, 0xB7, 0xF0, 0xDE, 0xF9, 0x74, 0xAA, 0x0E, 0xE4, 0x4A, 0x6A, 0x83, 0xFC, 0xBA, 0x07,
    0xF3, 0x11, 0x4C, 0xC9, 0x64, 0x22, 0xE7, 0x33, 0x4E, 0xC7, 0x32, 0x39, 0x89, 0xBA, 0xD0, 0x03,
    0xAE, 0x07, 0xFD, 0x4F, 0x99, 0x0F, 0x5C, 0x3E, 0x41, 0x01, 0x2E, 0x9C, 0xA0, 0x48, 0xA6, 0x5F,
    0xB1, 0x0B, 0x2C, 0x6F, 0x82, 0x24, 0xF9, 0x22, 0xED, 0x20, 0xE5, 0x20, 0x39, 0xA7, 0xEE, 0x89,
    0xD9, 0xDC, 0x07, 0x54, 0x43, 0x63, 0x9F, 0x3D, 0xE8, 0x1E, 0xE9, 0xA8, 0xE2, 0x94, 0xCC, 0xBF,
    0x5D, 0xB2, 0x25, 0x35, 0xE8, 0x84, 0xFE, 0xC8, 0x07, 0x5B, 0xC1, 0x6E, 0xF0, 0x21, 0xF8, 0x13,
    0x7C, 0xA3, 0x9F, 0x28, 0xFB, 0xC2, 0xC4, 0x22, 0xA5, 0xCE, 0xC6, 0x5A, 0x17, 0xA3, 0x7E, 0xAE,
    0xB2, 0x44, 0xB8, 0x76, 0x97, 0x18, 0x5A, 0x96, 0xD8, 0xB4, 0x74, 0x8B, 0xE9, 0x2A, 0x8C, 0xD3,
    0x29, 0xFB, 0x3D, 0x53, 0x50, 0xF5, 0x36, 0x43, 0xFE, 0xB6, 0xE4, 0xA9, 0x86, 0x99, 0xA4, 0x7E,
    0xDA, 0x0A, 0x76, 0xE9, 0xC3, 0xC1, 0x1F, 0xFA, 0x46, 0x3F, 0x0D, 0xF8, 0x02, 0x25, 0xA9, 0x60,
    0xAC, 0x0E, 0xE3, 0x9C, 0x0F, 0x11, 0x4B, 0x30, 0x23, 0xF3, 0x33, 0x66, 0x64, 0x4A, 0x86, 0xF2,
    0x11, 0xEB, 0x4A, 0x4B, 0x6D, 0x05, 0x29, 0x5F, 0x90, 0x2B, 0xDB, 0xCE, 0x83, 0xE9, 0x0C, 0xE6,
    0x23, 0x58, 0xF4, 0x60, 0xD5, 0x81, 0xB5, 0x03, 0x95, 0x7A, 0x16, 0xB0, 0xF6, 0xE4, 0x44, 0xF6,
    0xE0, 0xED, 0x9E, 0xE0, 0x24, 0xBF, 0x91, 0xB6, 0x83, 0x9A, 0x7C, 0x90, 0xD4, 0xED, 0x67, 0x2B,
    0xE9, 0x2D, 0xBE, 0x54, 0xC5, 0x03, 0x1B, 0x98, 0x93, 0xE5, 0x84, 0xFC, 0xAA, 0x23, 0xDD, 0x09,
    0x33, 0xE6, 0xBF, 0x44, 0x99, 0xE8, 0xD7, 0x2C, 0xFF, 0x73, 0xED, 0xAC, 0x6E, 0xA3, 0x9D, 0x7C,
    0x71, 0x83, 0x63, 0xF2, 0xE2, 0x9F, 0x66, 0x81, 0x3A, 0x4C, 0xB3, 0xC8, 0xFA, 0xE6, 0xAF, 0xDF,
    0x74, 0xB9, 0xC4, 0x1F, 0x4D, 0x67, 0x9B, 0x77, 0xC6, 0x45, 0xD7, 0xBE, 0x16, 0x29, 0x7F, 0x0A,
    0x9F, 0xCB, 0x1F, 0xE0, 0xDE, 0x50, 0xED, 0x10, 0x1F, 0xA9, 0x46, 0xB6, 0x4A, 0x27, 0xD1, 0x02,
    0x4A, 0x1B, 0xE2, 0x6E, 0xBC, 0x9A, 0xAA, 0x40, 0x77, 0x4E, 0xC6, 0x96, 0xA4, 0x60, 0x49, 0x0C,
    0xA0, 0x3B, 0x4E, 0xD0, 0xBC, 0xA4, 0x13, 0x5F, 0x2F, 0xAD, 0xD0, 0x2C, 0x2D, 0x47, 0xDE, 0x92,
    0x2F, 0xA0, 0x23, 0x1D, 0x98, 0xF1, 0x1A, 0x58, 0x01, 0x75, 0xAD, 0xE5, 0x74, 0x86, 0x12, 0x28,
    0x0E, 0x28, 0x81, 0xDA, 0x59, 0x91, 0x99, 0x35, 0x0E, 0x85, 0x6B, 0x1C, 0xC8, 0x07, 0x0E, 0xF2,
    0x27, 0x60, 0x5E, 0xDD, 0xF3, 0xAC, 0x43, 0x3D, 0xAB, 0x31, 0x32, 0x78, 0xC4, 0x7B, 0x8F, 0xA5,
    0x66, 0xF0, 0xF2, 0x94, 0x83, 0x54, 0x77, 0x31, 0xDF, 0xB2, 0x3F, 0x63, 0x07, 0x16, 0x64, 0xD9,
    0x80, 0xE1, 0x7F, 0x2D, 0xE0, 0x0A, 0x46, 0x1E, 0xAC, 0x14, 0xE9, 0x84, 0xF4, 0xE6, 0x61, 0x4A,
    0xD4, 0x9E, 0x3F, 0x00, 0x97, 0x23, 0xCF, 0x9C, 0xDF, 0xBF, 0xEC, 0x64, 0x00, 0x51, 0xCA, 0x6D,
    0x3F, 0x80, 0x7A, 0x77, 0x42, 0x07, 0x75, 0x24, 0x4B, 0x6E, 0x1F, 0x89, 0xFE, 0x02, 0x53, 0xF7,
    0x68, 0x81, 0xE6, 0x97, 0x9E, 0x56, 0x46, 0x5A, 0x6C, 0xC4, 0xAC, 0xCF, 0xA1, 0xCF, 0xC4, 0x73,
    0x65, 0xC4, 0x7B, 0x0B, 0xE3, 0x58, 0x34, 0x79, 0x97, 0x0D, 0x79, 0x97, 0x63, 0x02, 0xDD, 0x1B,
    0xF9, 0xA9, 0xE8, 0xD2, 0x31, 0xEF, 0xCA, 0x26, 0x31, 0x56, 0x12, 0xC1, 0x6E, 0x78, 0x57, 0xC0,
    0xBF, 0x17, 0x09, 0xF9, 0x29, 0xD8, 0x84, 0xF2, 0xA1, 0x6E, 0xD0, 0x53, 0x52, 0x4B, 0x65, 0x9A,
    0xD3, 0x31, 0x58, 0xA9, 0xC5, 0x38, 0xB7, 0xB0, 0xEE, 0x31, 0x33, 0xA3, 0x6B, 0x2E, 0x35, 0xF4,
    0xF9, 0x8D, 0x7C, 0x31, 0xE2, 0xDE, 0x30, 0x65, 0x1C, 0x49, 0x0D, 0xD3, 0x9B, 0xEB, 0xA8, 0x18,
    0xE0, 0xBC, 0x33, 0x2C, 0x62, 0xD0, 0x1E, 0x79, 0x38, 0xC0, 0x72, 0xB1, 0x27, 0x3E, 0x01, 0x78,
    0x73, 0x29, 0x67, 0x53, 0x95, 0x41, 0x69, 0x64, 0x10, 0x1A, 0xE2, 0xD5, 0x6D, 0xC8, 0x81, 0x12,
    0xA8, 0x00, 0x35, 0x44, 0xBF, 0x33, 0x30, 0x24, 0x93, 0xFF, 0x9B, 0xA1, 0xF8, 0x89, 0xA1, 0x4A,
    0x0C, 0x3B, 0xC3, 0xE7, 0xDE, 0xF0, 0x9D, 0xC9, 0x90, 0x0D, 0x86, 0xA2, 0x33, 0x54, 0xCE, 0xB0,
    0x13, 0x83, 0x07, 0x26, 0x60, 0x00, 0x3A, 0xC0, 0x19, 0x18, 0x47, 0x4C, 0x43, 0x1C, 0x11, 0x67,
    0x7C, 0x96, 0x57, 0x22, 0x3E, 0xE2, 0x13, 0xE9, 0x78, 0x88, 0x23, 0xCA, 0xAD, 0xF4, 0x81, 0x9D,
    0x6C, 0xD1, 0x57, 0x0E, 0x97, 0xBB, 0x18, 0x56, 0x43, 0xEC, 0x19, 0xCB, 0x33, 0xE4, 0x83, 0xA1,
    0xEC, 0x0C, 0x95, 0xE3, 0x0D, 0xD7, 0x30, 0x01, 0xAB, 0x41, 0x6A, 0x17, 0x8E, 0x86, 0x72, 0x61,
    0xEE, 0x9F, 0xCC, 0x86, 0x68, 0x31, 0x88, 0x02, 0xF5, 0x0C, 0xF5, 0x40, 0x36, 0x73, 0x80, 0xD9,
    0xA2, 0x91, 0xF6, 0x61, 0xD0, 0xEC, 0x16, 0x34, 0x0B, 0xB4, 0xC0, 0x6A, 0x88, 0xBC, 0x21, 0x01,
    0x82, 0x67, 0xBD, 0x61, 0x75, 0x06, 0xED, 0x24, 0xF5, 0xF6, 0x31, 0xF7, 0x3A, 0x06, 0x94, 0x7E,
    0x9D, 0xE5, 0x5B, 0xDE, 0x7B, 0xF9, 0x91, 0xF7, 0x3B, 0xB1, 0x3F, 0xAA, 0x78, 0xF2, 0x4B, 0xF9,
    0x9D, 0xD1, 0x2F, 0xF9, 0x4F, 0x7B, 0xC3, 0xBF, 0x77, 0x7E, 0x49, 0xB5, 0xF1, 0x4B, 0xA2, 0xE2,
    0x97, 0x68, 0x35, 0x88, 0x07, 0xFE, 0x19, 0xF8, 0x0C, 0xF8, 0x13, 0x40, 0xCE, 0xC0, 0xE6, 0xBC,
    0x18, 0xAA, 0xBA, 0x05, 0xF2, 0x1E, 0x85, 0x3B, 0x22, 0x68, 0xBC, 0xDD, 0x67, 0x9B, 0x1B, 0x48,
    0x89, 0x21, 0xE1, 0xA2, 0x81, 0x84, 0x0C, 0x25, 0x43, 0xAD, 0xA0, 0x21, 0x68, 0xA3, 0xE6, 0xBB,
    0xE2, 0x62, 0x7C, 0xE2, 0x38, 0x62, 0x11, 0xC9, 0xDF, 0x23, 0x2A, 0xD7, 0xDA, 0x15, 0xFC, 0x97,
    0xAA, 0x52, 0xFD, 0x8D, 0x59, 0xAB, 0x5E, 0x49, 0x8D, 0xCE, 0x9C, 0xE3, 0xC9, 0x3B, 0x4C, 0x2C,
    0x01, 0x59, 0x80, 0xF5, 0x41, 0x2C, 0x2C, 0xCC, 0x6A, 0x54, 0x40, 0x55, 0x54, 0x4A, 0xF5, 0x30,
    0x74, 0x79, 0xE4, 0xEB, 0x05, 0x86, 0xD4, 0x4A, 0xC3, 0xBB, 0xDB, 0x26, 0x59, 0xC3, 0x52, 0xB1,
    0x6C, 0x2C, 0x4C, 0xFD, 0x80, 0x16, 0x0D, 0xE5, 0x6A, 0x79, 0x08, 0x2C, 0x82, 0xC2, 0x8D, 0x55,
    0x8B, 0xC7, 0x1C, 0x03, 0x41, 0x6A, 0xAA, 0x06, 0x28, 0xED, 0x4C, 0xFD, 0x1A, 0x0C, 0x9D, 0x0F,
    0x00, 0xA1, 0xEE, 0x87, 0x64, 0xCB, 0xD8, 0xCF, 0x31, 0x92, 0x5A, 0x87, 0x48, 0x2D, 0x7B, 0x8C,
    0xC7, 0x2D, 0x20, 0xC6, 0xBB, 0x31, 0xFC, 0xB7, 0x3F, 0xD2, 0x51, 0x22, 0x06, 0x74, 0x51, 0xA0,
    0x63, 0xF7, 0x6A, 0xF6, 0x1D, 0xCE, 0xFE, 0xAA, 0x85, 0x67, 0x17, 0xEC, 0xBD, 0x31, 0xFD, 0x15,
    0x6F, 0xF9, 0xFF, 0x33, 0xB2, 0x87, 0x81, 0xA2, 0x3D, 0xD8, 0x76, 0x60, 0xDD, 0x80, 0x15, 0x20,
    0x2D, 0xB9, 0x00, 0x91, 0x07, 0x93, 0xF9, 0x30, 0xE3, 0x2A, 0x75, 0x20, 0x3B, 0x70, 0x35, 0xD0,
    0xCC, 0x85, 0xDC, 0xE5, 0x3F, 0x5E, 0x24, 0xD5, 0x9F, 0xFD, 0x4C, 0x5D, 0xAE, 0xBF, 0xFC, 0xA5,
    0x76, 0xC5, 0x50, 0x4F, 0x45, 0x5F, 0x36, 0x45, 0x9F, 0xED, 0x07, 0xB0, 0x4A, 0x6E, 0x71, 0xBA,
    0x80, 0xE3, 0x9E, 0x0E, 0x0C, 0xDA, 0x82, 0xE6, 0x60, 0x25, 0x58, 0xA4, 0xF5, 0xC7, 0x78, 0x4B,
    0x56, 0xDD, 0x3E, 0xBE, 0x1A, 0x2D, 0xFB, 0xF5, 0x45, 0xF1, 0x82, 0x8F, 0xA2, 0xBC, 0x98, 0xEB,
    0x86, 0xAD, 0xDD, 0xAF, 0x28, 0xFE, 0x2B, 0x6F, 0x4C, 0xD8, 0xB6, 0xD1, 0xB6, 0x6D, 0x15, 0x0C,
    0x6D, 0x9E, 0xFE, 0x6E, 0x46, 0xC9, 0xFF, 0xF0, 0x3C, 0xD1, 0x6A, 0xAC, 0xD9, 0xF4, 0xAB, 0xE9,
    0xC0, 0xED, 0x80, 0xDD, 0x1B, 0x7F, 0x14, 0xBD, 0x44, 0x6B, 0xB0, 0xEE, 0x6A, 0xCE, 0x39, 0x3E,
    0x28, 0x79, 0xD3, 0xD9, 0xF0, 0xA2, 0xD6, 0xDA, 0x19, 0x86, 0x0B, 0xD0, 0x02, 0xB5, 0x33, 0x54,
    0x43, 0xD4, 0x0E, 0x18, 0xAD, 0x86, 0x4C, 0xF5, 0x07, 0x83, 0xB4, 0x37, 0x8C, 0x82, 0x5E, 0x84,
    0x57, 0x82, 0xB3, 0xFE, 0x21, 0x79, 0x1E, 0x75, 0xFB, 0x48, 0x3E, 0xF8, 0x2D, 0x05, 0xE9, 0x47,
    0x0F, 0xB3, 0x65, 0xE7, 0xDB, 0x52, 0x92, 0x87, 0xA9, 0x7A, 0x43, 0x6A, 0x47, 0x8E, 0xC8, 0xCF,
    0x66, 0x30, 0xF6, 0xA0, 0x2C, 0x77, 0x93, 0x47, 0x59, 0x92, 0xB5, 0xC0, 0x2E, 0x68, 0xDB, 0x71,
    0x02, 0x7D, 0x39, 0x5B, 0x7D, 0x4D, 0x6A, 0x60, 0x87, 0xFC, 0x72, 0x00, 0xB3, 0x11, 0x4C, 0xA6,
    0xBB, 0xC9, 0xA3, 0x2C, 0xC9, 0x5A, 0xE0, 0x41, 0xDB, 0x23, 0x56, 0xEB, 0x0C, 0xC0, 0x02, 0xA8,
    0xE3, 0x5A, 0x19, 0x5E, 0x19, 0xC0, 0x60, 0xC8, 0x46, 0x82, 0x1F, 0x09, 0x16, 0x41, 0xE1, 0xC6,
    0xB0, 0x06, 0x05, 0x52, 0xAE, 0x0E, 0x43, 0xD7, 0x24, 0x19, 0x54, 0x15, 0x53, 0xA4, 0xB8, 0xAB,
    0x97, 0xDD, 0x9F, 0xA3, 0xC6, 0x61, 0x7B, 0x03, 0x31, 0x49, 0xA1, 0x3A, 0x6F, 0x70, 0x98, 0xA3,
    0x03, 0xE3, 0xD7, 0x60, 0xAD, 0x44, 0x35, 0x3E, 0xCB, 0x97, 0x50, 0x95, 0xC1, 0x10, 0xD5, 0x4B,
    0x61, 0x86, 0x5E, 0x49, 0xAC, 0x5F, 0x19, 0x0B, 0xF5, 0xC6, 0x4A, 0x57, 0x63, 0xEB, 0x5A, 0x23,
    0x82, 0x13, 0xAF, 0xC4, 0x4B, 0xD1, 0xBD, 0xC2, 0x80, 0x61, 0x9C, 0xC1, 0x18, 0x6C, 0xF5, 0xC0,
    0x3E, 0x30, 0xE4, 0xEF, 0x19, 0x05, 0x7A, 0x90, 0x1A, 0x82, 0x36, 0x6A, 0x3E, 0x58, 0xC9, 0x61,
    0x91, 0xD6, 0xE5, 0x25, 0x5C, 0x57, 0x43, 0x02, 0x64, 0x88, 0x8B, 0xE5, 0x23, 0xD0, 0x9F, 0x83,
    0x07, 0xB2, 0x1B, 0x03, 0x0B, 0x4B, 0x0B, 0xA4, 0x40, 0x36, 0x30, 0xB8, 0x62, 0xA8, 0x1B, 0x83,
    0x5A, 0x91, 0x08, 0xAA, 0x2A, 0x0F, 0x8C, 0x40, 0x67, 0x90, 0x90, 0xA2, 0x1E, 0xCC, 0x47, 0x30,
    0x9D, 0xC0, 0xD8, 0x83, 0xB2, 0x90, 0x35, 0x59, 0x3A, 0xF0, 0x8F, 0x81, 0xB3, 0x74, 0x0D, 0x0F,
    0x8C, 0xFB, 0xD7, 0xA8, 0x6D, 0xA7, 0x5D, 0x20, 0x72, 0x6A, 0xAA, 0xBA, 0x5A, 0x9F, 0xD1, 0x37,
    0x4F, 0x89, 0x2B, 0x6E, 0xCB, 0xF3, 0x32, 0x60, 0xB6, 0x82, 0x2D, 0x96, 0xEE, 0xFE, 0x06, 0xA7,
    0x3B, 0xF9, 0x5D, 0x8F, 0x9E, 0xB2, 0x4A, 0xB4, 0x7F, 0x27, 0x13, 0xA2, 0xBF, 0x2C, 0x5F, 0xB9,
    0xF7, 0x41, 0x91, 0x07, 0x18, 0x02, 0x1D, 0xE4, 0x42, 0x0E, 0x12, 0x52, 0xE8, 0x3E, 0x65, 0xF7,
    0xA6, 0xE8, 0xEE, 0x4D, 0x28, 0x3D, 0xE6, 0x45, 0x8A, 0x62, 0x51, 0x27, 0xB7, 0xD3, 0x07, 0x0C,
    0xD2, 0x3C, 0x7A, 0xCE, 0xAC, 0x3A, 0x1C, 0xF1, 0xF8, 0x39, 0x33, 0xF0, 0x3A, 0xE8, 0x69, 0xF6,
    0xAB, 0x8F, 0xD2, 0x45, 0x5E, 0x2E, 0x8C, 0x11, 0xFE, 0xF0, 0xF4, 0xFD, 0xDF, 0x08, 0x66, 0x0B,
    0x98, 0xE8, 0x8A, 0x10, 0x23, 0xFC, 0xE3, 0x1D, 0x63, 0x82, 0xDB, 0x6D, 0x58, 0x47, 0xBD, 0x9E,
    0x04, 0x95, 0xBF, 0x4E, 0xF2, 0xB5, 0x93, 0x14, 0xA6, 0xD9, 0x4B, 0xAA, 0x2C, 0xDF, 0xA2, 0xC7,
    0x87, 0xB5, 0x58, 0xE1, 0x3C, 0xC4, 0xEA, 0x80, 0x06, 0x70, 0xCC, 0xBB, 0x3F, 0xB5, 0xBA, 0x6E,
    0x81, 0xC2, 0xEF, 0x12, 0xB7, 0x16, 0x74, 0x58, 0xD6, 0x4E, 0x22, 0x84, 0x86, 0x09, 0x7C, 0xBC,
    0x06, 0xAF, 0x24, 0x0A, 0x6B, 0xCE, 0xB6, 0x40, 0xDE, 0xBD, 0xA9, 0x42, 0xAD, 0x23, 0x2C, 0x7D,
    0x14, 0x94, 0xAA, 0x33, 0x30, 0x02, 0x8D, 0x30, 0xDA, 0x2E, 0xB7, 0xC5, 0x97, 0x72, 0x81, 0x60,
    0x75, 0x88, 0x09, 0x0D, 0x84, 0x8B, 0x1D, 0x63, 0x65, 0xA4, 0x14, 0xB8, 0x04, 0xFC, 0x51, 0x94,
    0x4D, 0x14, 0x44, 0x3C, 0x33, 0x33, 0x99, 0x28, 0xB2, 0x91, 0x15, 0xB4, 0x67, 0x75, 0x6D, 0xA8,
    0xEC, 0x46, 0xA8, 0xFA, 0x15, 0x7A, 0xFE, 0xE3, 0xC8, 0x41, 0xD0, 0x92, 0x23, 0x7B, 0x63, 0x5F,
    0x8C, 0x38, 0x9A, 0x4C, 0x47, 0xC6, 0x73, 0xE0, 0xED, 0x7C, 0x96, 0xB4, 0x1A, 0xA4, 0x03, 0xE7,
    0x27, 0xDE, 0xA1, 0x6B, 0xED, 0x8D, 0x0A, 0x3D, 0xFF, 0xDD, 0x67, 0x5E, 0x92, 0xDF, 0x7E, 0xD0,
    0x3B, 0x34, 0xD2, 0x27, 0xA7, 0x77, 0xDC, 0xF6, 0xF4, 0x8E, 0x3B, 0xDE, 0x7D, 0xC7, 0xFD, 0xC0,
    0x71, 0x37, 0xA6, 0xEC, 0x74, 0xBF, 0x44, 0x7E, 0x6B, 0xBF, 0x84, 0x07, 0x3E, 0xFB, 0xC8, 0xF1,
    0x48, 0xF9, 0x94, 0x6F, 0xDA, 0xF6, 0xD3, 0x83, 0xD3, 0x98, 0x01, 0x7C, 0xD6, 0xC5, 0x98, 0x6A,
    0xE8, 0x27, 0x5F, 0xC9, 0x79, 0x7A, 0x96, 0xF1, 0x89, 0xF7, 0x1C, 0x3A, 0x53, 0x4B, 0x1B, 0xF0,
    0xA4, 0xDF, 0x8F, 0x77, 0xBB, 0x36, 0x0F, 0x16, 0xB7, 0xBC, 0x60, 0x6D, 0x5E, 0x7D, 0xBA, 0x36,
    0x6F, 0x82, 0xDD, 0x64, 0xBD, 0x7B, 0x6D, 0xDE, 0xBD, 0x71, 0xD0, 0x91, 0x73, 0xCC, 0x4E, 0x78,
    0x47, 0x64, 0x1C, 0xD4, 0x3D, 0x38, 0xC7, 0x7C, 0x42, 0x1C, 0xF4, 0xE1, 0xBD, 0x7E, 0xD7, 0xB7,
    0xDF, 0x40, 0xA4, 0xBA, 0x1F, 0x1F, 0x78, 0x2A, 0xC8, 0xB7, 0x85, 0xA7, 0x44, 0xF6, 0x63, 0xA9,
    0x96, 0x4E, 0x89, 0xFC, 0x77, 0xCE, 0x12, 0x67, 0xF0, 0x94, 0x38, 0xC9, 0x97, 0xB0, 0x62, 0xF1,
    0x2D, 0x99, 0xFF, 0x68, 0x3E, 0xA9, 0x3B, 0x7D, 0x6F, 0xFF, 0x42, 0xD6, 0x01, 0x7D, 0xFD, 0x5A,
    0xBE, 0xE0, 0x36, 0x9C, 0xF9, 0x8E, 0x0D, 0x3E, 0xEB, 0xA5, 0x38, 0x6C, 0x4D, 0xF7, 0x86, 0x04,
    0x08, 0x91, 0x95, 0x11, 0xE8, 0x0C, 0x37, 0x30, 0x39, 0x1D, 0x71, 0x91, 0xA7, 0x31, 0xE6, 0xFA,
    0x25, 0xA2, 0x14, 0xAD, 0x6A, 0x63, 0x9E, 0xB6, 0x5D, 0xED, 0xA4, 0x38, 0x0F, 0x6E, 0x9C, 0x43,
    0x8E, 0x40, 0x61, 0xA0, 0xDF, 0xB7, 0x5E, 0xA1, 0x8D, 0x61, 0x15, 0xC3, 0xEB, 0xB0, 0x78, 0xB2,
    0x6C, 0x72, 0x88, 0xCA, 0xE5, 0x83, 0x89, 0xDA, 0x2A, 0x85, 0x31, 0x18, 0x62, 0x15, 0x6E, 0xBC,
    0xC0, 0x53, 0x7D, 0x8C, 0xF7, 0x76, 0x58, 0x95, 0x8F, 0xD5, 0x41, 0x8B, 0x89, 0x49, 0x64, 0x8D,
    0x3D, 0x6E, 0xE7, 0x6D, 0xEC, 0x61, 0xA9, 0x8E, 0x3D, 0xCC, 0xD8, 0x3A, 0xFE, 0x9C, 0x86, 0x18,
    0x9B, 0x4F, 0x39, 0x63, 0xE3, 0xA7, 0x26, 0x1C, 0xEB, 0x59, 0x21, 0x1F, 0x51, 0x1D, 0xF5, 0x82,
    0xB2, 0xA0, 0xDA, 0x4B, 0xE2, 0xF1, 0x07, 0xCD, 0x46, 0x4B, 0xF0, 0x45, 0x25, 0x87, 0x08, 0xAB,
    0x1C, 0xB1, 0x99, 0x82, 0xEE, 0xAE, 0x15, 0x9D, 0x5F, 0x2B, 0x67, 0x02, 0x5F, 0x88, 0xD3, 0xC5,
    0x0B, 0x44, 0xD9, 0xA4, 0x23, 0x83, 0x24, 0x14, 0xB9, 0x09, 0x04, 0x51, 0x7A, 0x6C, 0x35, 0x91,
    0x6C, 0x30, 0x81, 0x28, 0x5A, 0x3A, 0xA6, 0x83, 0x60, 0x5B, 0x4B, 0xD6, 0x4B, 0x3C, 0xE3, 0xCD,
    0xAE, 0x44, 0x1E, 0x2B, 0x86, 0xC2, 0xF5, 0x1A, 0x2E, 0x84, 0x65, 0x7F, 0xD9, 0xB9, 0x37, 0xC7,
    0x12, 0x94, 0xEC, 0x59, 0x0F, 0xAB, 0x30, 0x4C, 0x0B, 0x97, 0xDC, 0xE3, 0x0F, 0xC9, 0x07, 0x5A,
    0x08, 0xF6, 0x68, 0x3D, 0xD2, 0x8E, 0xBE, 0x68, 0x57, 0x39, 0x0A, 0x41, 0xCA, 0x2F, 0x12, 0x57,
    0xBE, 0xBF, 0x05, 0xD3, 0xCE, 0xED, 0xB3, 0x5F, 0xE5, 0x7E, 0x1F, 0xDF, 0xF3, 0x6B, 0xF0, 0x1C,
    0x4A, 0x63, 0xA8, 0x87, 0xA1, 0xFB, 0xF7, 0xC4, 0xAF, 0x62, 0x26, 0xC1, 0x7C, 0x04, 0x8B, 0x1E,
    0x2C, 0x3B, 0xB0, 0x6A, 0xC0, 0x56, 0x40, 0xFE, 0x8F, 0x3D, 0x98, 0xCC, 0x60, 0x36, 0x82, 0xF9,
    0x00, 0x96, 0x87, 0xA9, 0x01, 0x7A, 0x0A, 0x38, 0x93, 0x2A, 0x21, 0xFF, 0x58, 0x86, 0xE5, 0x59,
    0x97, 0x7A, 0x40, 0x0F, 0x46, 0x0B, 0x78, 0x58, 0xCC, 0x0C, 0x56, 0x1D, 0x58, 0xA8, 0x33, 0xE6,
    0x64, 0xAC, 0x17, 0xBD, 0xAE, 0x42, 0xAD, 0x8E, 0xEE, 0x1B, 0x5A, 0x28, 0xF7, 0xB4, 0x46, 0xC3,
    0x9C, 0x14, 0xD2, 0x29, 0x43, 0x0B, 0x27, 0x3D, 0x30, 0x02, 0x8B, 0x84, 0xBC, 0x70, 0x34, 0x34,
    0x05, 0x5B, 0x25, 0x9D, 0xE8, 0x28, 0x1B, 0x01, 0x68, 0x27, 0xA8, 0x07, 0xB8, 0x50, 0x3A, 0xBE,
    0x1F, 0x61, 0xB2, 0x03, 0xB6, 0x02, 0xAE, 0x60, 0xEC, 0xC1, 0x84, 0x4C, 0x27, 0x23, 0xAC, 0xD4,
    0x59, 0x57, 0xF4, 0x60, 0xD5, 0x81, 0xB5, 0x03, 0x5B, 0x01, 0x57, 0xF0, 0xC7, 0xDE, 0xA8, 0x3A,
    0x91, 0x3D, 0x39, 0x85, 0xFC, 0x50, 0x86, 0x54, 0x92, 0x75, 0xA9, 0x87, 0x3A, 0x79, 0xFB, 0x04,
    0xB3, 0x11, 0x4C, 0xE6, 0xA3, 0xF5, 0x48, 0x47, 0xFA, 0x46, 0x16, 0xE4, 0x72, 0x2C, 0x93, 0x8E,
    0x60, 0x4E, 0xAF, 0xCA, 0x8D, 0x57, 0xEB, 0xD1, 0xEE, 0x4F, 0x82, 0x3F, 0x03, 0xE9, 0xC8, 0x81,
    0xF9, 0xE7, 0xBE, 0xB5, 0x64, 0xD5, 0x40, 0x67, 0xD9, 0x1D, 0xBD, 0x4A, 0xD5, 0xC1, 0x22, 0x29,
    0xAD, 0xE3, 0xD7, 0x52, 0x81, 0x88, 0x16, 0x8A, 0xC4, 0xF3, 0x5A, 0x48, 0x27, 0x8A, 0x6C, 0x84,
    0x40, 0x5D, 0x88, 0xB2, 0xDB, 0xEE, 0x7E, 0xAC, 0x85, 0x42, 0x29, 0xA2, 0x85, 0x02, 0xB5, 0x21,
    0xA6, 0xC3, 0x95, 0x0E, 0xD1, 0x6C, 0x3E, 0xF1, 0x18, 0x4B, 0x6E, 0xEB, 0xC9, 0x1A, 0x44, 0x2B,
    0x7B, 0x0B, 0x5B, 0x7B, 0x45, 0x4F, 0x91, 0x8F, 0x14, 0x69, 0x10, 0x89, 0x76, 0x10, 0x11, 0x05,
    0xD7, 0x4C, 0x29, 0xDE, 0x3B, 0x80, 0xE9, 0x08, 0xE6, 0x78, 0xEC, 0x81, 0x0A, 0x63, 0xE5, 0xC0,
    0x9D, 0x18, 0x23, 0x0F, 0x26, 0x33, 0xC8, 0x6F, 0xA7, 0xDA, 0x91, 0x42, 0xF6, 0x21, 0xFF, 0x58,
    0x26, 0xF6, 0xA0, 0xAC, 0x64, 0x4B, 0x56, 0xCD, 0x51, 0x73, 0xAE, 0x60, 0x4A, 0x46, 0xFA, 0xEE,
    0xD7, 0x77, 0x6F, 0xF9, 0x74, 0x9D, 0xDA, 0x1D, 0x79, 0xD9, 0xDB, 0xBC, 0xB7, 0x7F, 0x73, 0xB8,
    0xE5, 0x63, 0x35, 0x68, 0x77, 0xE4, 0x65, 0x7E, 0x72, 0x4F, 0xF7, 0x7C, 0x8B, 0x5E, 0xE4, 0xED,
    0xA8, 0xAA, 0xA7, 0x44, 0xFE, 0x3B, 0xE4, 0x8E, 0xD3, 0xB7, 0x5B, 0x9C, 0x45, 0x1E, 0x66, 0xAB,
    0x7A, 0x4A, 0xE4, 0xBF, 0x35, 0xAF, 0x73, 0x47, 0x51, 0xB4, 0xDD, 0x51, 0x54, 0x1C, 0x76, 0x14,
    0x5D, 0xD0, 0x03, 0x3E, 0xD0, 0x4A, 0x91, 0x3A, 0x44, 0xBD, 0x5F, 0xDF, 0xFF, 0x8C, 0xC7, 0x2F,
    0x1B, 0x36, 0x6D, 0x46, 0x1C, 0xD2, 0x70, 0xCA, 0xD3, 0x99, 0xA3, 0x4F, 0xBC, 0x08, 0x73, 0x54,
    0x18, 0xCF, 0x6E, 0x1D, 0x2D, 0x85, 0xCD, 0xA2, 0xA8, 0xB1, 0x0A, 0x8E, 0x87, 0x7B, 0xE3, 0x8C,
    0x76, 0x91, 0x30, 0x95, 0x15, 0x59, 0x43, 0xBB, 0xD5, 0xFB, 0x10, 0x88, 0x82, 0x6F, 0xE6, 0xA5,
    0x99, 0xA7, 0x48, 0xA6, 0x77, 0x2D, 0x6E, 0xC7, 0x78, 0x76, 0x6F, 0x62, 0x3C, 0x03, 0x86, 0xF9,
    0x74, 0x44, 0x29, 0xFC, 0x1F, 0x25, 0x66, 0x26, 0xA3, 0x4A, 0xB7, 0x22, 0x3D, 0x6C, 0x17, 0x46,
    0x7A, 0xF0, 0xE2, 0xF0, 0x10, 0xE9, 0xC9, 0x7E, 0xC1, 0x59, 0xD7, 0xAF, 0xA6, 0x43, 0xBC, 0x27,
    0x0A, 0x13, 0x43, 0xED, 0x36, 0xF1, 0x9E, 0x47, 0xAF, 0x9E, 0x79, 0xA8, 0xF9, 0x67, 0xFC, 0xC5,
    0x9C, 0x30, 0xF5, 0x62, 0xF3, 0x77, 0xA1, 0xF9, 0xB9, 0x7E, 0x03, 0xF9, 0xE1, 0x61, 0x00, 0x27,
    0x2B, 0x4C, 0x0B, 0x7D, 0x46, 0xDF, 0x96, 0xBC, 0xA7, 0x5B, 0xFB, 0x9E, 0xAF, 0x34, 0x57, 0x2A,
    0x28, 0x39, 0xCA, 0x43, 0x3F, 0xC8, 0xB7, 0xBF, 0xA7, 0xE2, 0x59, 0x37, 0x3F, 0xDF, 0xE0, 0x6F,
    0xF9, 0x70, 0xF3, 0xB3, 0xDD, 0x63, 0xC6, 0x73, 0x24, 0x39, 0x34, 0x78, 0xB4, 0xEC, 0x1B, 0x9C,
    0x57, 0x56, 0xD8, 0xA4, 0x8C, 0x1C, 0xE4, 0x1F, 0xFB, 0x3B, 0x5B, 0x3A, 0xF6, 0xA1, 0xA5, 0xB5,
    0x0A, 0x2E, 0x28, 0xC8, 0x20, 0x1E, 0x5B, 0x7A, 0x2B, 0x8A, 0x45, 0x36, 0xD7, 0x42, 0x0B, 0xCD,
    0x66, 0xA9, 0xE8, 0xA9, 0x2C, 0x0F, 0x0F, 0xA8, 0xC9, 0x4C, 0x43, 0x3C, 0xA5, 0xA6, 0x51, 0x51,
    0x90, 0x5F, 0x2C, 0x5A, 0x99, 0x41, 0x07, 0x07, 0xBA, 0x9B, 0x69, 0xCF, 0x79, 0x8E, 0xF6, 0x30,
    0x1D, 0x69, 0x1F, 0x6C, 0x5D, 0x22, 0xDE, 0xD3, 0xFA, 0xA0, 0xE5, 0xE1, 0xF5, 0x41, 0x3A, 0x16,
    0x3D, 0x26, 0x95, 0xB4, 0x7E, 0xC9, 0x72, 0x8E, 0x51, 0x39, 0x1D, 0x7E, 0x2C, 0xDB, 0x0D, 0x6B,
    0xB2, 0x72, 0x64, 0x07, 0x16, 0x33, 0x9E, 0xE5, 0x32, 0x0E, 0x93, 0x31, 0x29, 0x2F, 0xF5, 0x3F,
    0x8D, 0x28, 0xF9, 0x48, 0xEA, 0xB8, 0xE1, 0x45, 0xDF, 0x68, 0xE5, 0x59, 0x78, 0x2C, 0xC3, 0x36,
    0xFD, 0xBA, 0x8F, 0xDA, 0x5E, 0x4A, 0xD5, 0x5F, 0xF6, 0xF0, 0xFF, 0x07, 0x3D, 0x5E, 0x68, 0x5F,
    0xB4, 0x69, 0x54, 0xBB, 0x23, 0xDF, 0xF5, 0xAE, 0xBB, 0x2F, 0xB7, 0xA8, 0x1C, 0xD0, 0x19, 0xCA,
    0xDE, 0x90, 0xDF, 0x7C, 0x99, 0x9E, 0xED, 0xBA, 0x43, 0xB9, 0x07, 0x20, 0x77, 0xE3, 0xFE, 0xC5,
    0x59, 0xD1, 0xB4, 0x47, 0x7B, 0x40, 0xFD, 0xB9, 0xA1, 0xFA, 0xC5, 0x74, 0x5C, 0xA6, 0xF5, 0xB3,
    0xFD, 0x32, 0xAD, 0x68, 0x3A, 0x87, 0xC8, 0x19, 0x6A, 0xA3, 0x7C, 0xFC, 0x48, 0xDA, 0x11, 0x8B,
    0x41, 0x2E, 0x06, 0x5E, 0x29, 0x2F, 0x85, 0x4E, 0xB2, 0x54, 0xBA, 0xCA, 0xF2, 0xC3, 0x58, 0x65,
    0x6D, 0xA4, 0x6E, 0x14, 0xD7, 0x27, 0x9F, 0x80, 0x17, 0xF4, 0x8D, 0x77, 0x83, 0xEB, 0xFB, 0xDD,
    0xC1, 0xC8, 0xC9, 0x77, 0x43, 0x5F, 0x5E, 0x20, 0x7A, 0xE1, 0x00, 0x39, 0xC6, 0x21, 0x6E, 0x12,
    0x2E, 0x45, 0x3E, 0x3A, 0xA1, 0xAA, 0x83, 0xC8, 0x6E, 0xE4, 0x9E, 0xF4, 0x87, 0xF4, 0x2B, 0x30,
    0x4F, 0xFE, 0x59, 0xB1, 0x6B, 0xD8, 0x20, 0x72, 0xB6, 0x24, 0x00, 0xFE, 0x7E, 0x24, 0xDC, 0xF6,
    0xE5, 0x89, 0x0D, 0xFC, 0xDC, 0x7E, 0x5A, 0x4C, 0xFE, 0x4C, 0xFE, 0x7F, 0x08, 0x7C, 0x34, 0x98,
    0xE0, 0xE1, 0x90, 0x97, 0x9A, 0xB1, 0xE5, 0x57, 0xEC, 0xD0, 0x9C, 0x16, 0xEC, 0x87, 0x47, 0x27,
    0x77, 0xA5, 0x6B, 0xD8, 0xB7, 0x17, 0xCE, 0x4E, 0x39, 0x56, 0xE3, 0x29, 0x99, 0xCF, 0xF4, 0xFC,
    0xCF, 0x14, 0xD7, 0xEF, 0xF0, 0x67, 0x9D, 0xF7, 0xB4, 0xCF, 0xAB, 0x30, 0x5D, 0xED, 0x79, 0x91,
    0x12, 0x5F, 0x5B, 0x2A, 0xB2, 0x6E, 0xC1, 0x1D, 0x27, 0xEE, 0x0B, 0xE9, 0xC1, 0x68, 0x06, 0x93,
    0x89, 0x1C, 0xC1, 0x94, 0xCC, 0x06, 0x30, 0xEF, 0xC9, 0x0E, 0x2C, 0x9B, 0x4A, 0xD1, 0x47, 0x49,
    0x01, 0x6B, 0x41, 0xFE, 0x8E, 0x0C, 0xAF, 0x2D, 0xC8, 0x18, 0xE4, 0xD6, 0x61, 0xE3, 0x14, 0x5C,
    0xBD, 0xBD, 0x31, 0xB0, 0xE0, 0x72, 0xB2, 0x92, 0xAC, 0x1A, 0x50, 0xBE, 0x18, 0x22, 0x56, 0xF6,
    0xE8, 0xF0, 0x99, 0x2A, 0x7A, 0x7F, 0xD1, 0xD7, 0x3B, 0xEC, 0xDF, 0x94, 0x7C, 0x92, 0x6F, 0xC9,
    0x37, 0xA0, 0xA8, 0x14, 0x38, 0x27, 0x05, 0x5A, 0xCC, 0x84, 0x3B, 0x0A, 0x9A, 0x6D, 0x15, 0x22,
    0x53, 0x8A, 0x32, 0xC4, 0x20, 0xAB, 0x3E, 0x85, 0xA8, 0x85, 0x62, 0x87, 0xF6, 0xFB, 0xD4, 0x44,
    0x66, 0xBE, 0xD9, 0x95, 0xF6, 0x89, 0xE7, 0x96, 0x9E, 0xBF, 0x5F, 0x31, 0xC3, 0xD5, 0xC9, 0xFE,
    0x4B, 0xAE, 0x43, 0xA1, 0x3D, 0xAE, 0x39, 0xAE, 0x4C, 0xFB, 0x5B, 0xF9, 0x5A, 0xB8, 0x48, 0x63,
    0x6E, 0x87, 0xF6, 0x56, 0x49, 0x5E, 0x99, 0xE0, 0x05, 0x8A, 0xC2, 0x82, 0xA2, 0xD7, 0xFF, 0xF3,
    0xE4, 0x7F, 0xBA, 0x59, 0x08, 0xB2, 0x0B, 0xFB, 0x1C, 0xF8, 0xCC, 0x58, 0x9E, 0x2C, 0x04, 0x99,
    0xC3, 0x42, 0x90, 0x6B, 0x5D, 0x7E, 0x7A, 0x5C, 0x7C, 0x28, 0x12, 0xD3, 0x07, 0x04, 0x6B, 0x46,
    0x41, 0xDC, 0xC6, 0x63, 0x90, 0x8E, 0x97, 0xFD, 0x3B, 0x91, 0x4A, 0xE0, 0xC9, 0x8B, 0x6D, 0x58,
    0xE1, 0x3C, 0x4C, 0x75, 0xF7, 0x92, 0x8A, 0x66, 0xBB, 0x98, 0x02, 0x3C, 0x5F, 0xC8, 0xB0, 0xC2,
    0xDB, 0xFD, 0x62, 0x8A, 0xF9, 0xFE, 0xC5, 0x14, 0x2F, 0x90, 0x21, 0xBC, 0xF6, 0xC2, 0xAA, 0xF8,
    0x7C, 0x11, 0x2B, 0x59, 0x0C, 0xAC, 0xC5, 0xDB, 0x3E, 0xD2, 0x8E, 0xAC, 0xC9, 0x2A, 0xF0, 0xB4,
    0xC5, 0xC0, 0x7B, 0x16, 0x53, 0xF8, 0x33, 0x1F, 0x0E, 0xBB, 0x93, 0x63, 0x1D, 0x8E, 0x53, 0xB6,
    0xCC, 0xE7, 0xFE, 0x4C, 0xF0, 0x58, 0x48, 0x7F, 0xF8, 0x13, 0x38, 0xFE, 0xAE, 0xF2, 0xE9, 0x18,
    0xC5, 0x1C, 0xA4, 0x6B, 0x9D, 0xAE, 0x49, 0xD9, 0x94, 0x38, 0xED, 0x7D, 0xDD, 0x71, 0x2F, 0x78,
    0xBF, 0xFF, 0x3B, 0xE4, 0xDF, 0x97, 0x9E, 0xD7, 0x0F, 0x16, 0x86, 0xD1, 0x55, 0x3F, 0x57, 0x47,
    0xDC, 0xBB, 0x58, 0xF6, 0xC3, 0xEE, 0x6D, 0xB6, 0xBF, 0x96, 0x0D, 0x8E, 0xE9, 0xDA, 0x7F, 0xA6,
    0xF0, 0x22, 0xC7, 0x3F, 0xFC, 0x3A, 0xC4, 0x87, 0x7E, 0xCD, 0xFE, 0xFA, 0xDB, 0x74, 0x89, 0xBC,
    0x24, 0x9A, 0xAC, 0x01, 0xF8, 0x78, 0x0D, 0x6D, 0x6A, 0x1A, 0xE4, 0x74, 0xFF, 0x08, 0xC9, 0xFC,
    0x7B, 0xD3, 0xF3, 0xFA, 0xAD, 0x40, 0x18, 0xBD, 0xBD, 0x47, 0x06, 0x39, 0xF7, 0xA6, 0x2B, 0xD8,
    0xC7, 0xFD, 0x7F, 0x2B, 0x3E, 0x1F, 0xDD, 0x62, 0x05, 0x72, 0xB6, 0x3C, 0xA6, 0xE7, 0xFF, 0x03,
    0xED, 0x5C, 0xBF, 0x71, 0xCA, 0xF3, 0xF4, 0xCC, 0x57, 0x5C, 0x5F, 0x1E, 0x06, 0x78, 0xC6, 0xE7,
    0xF1, 0xF2, 0x7B, 0xD1, 0xB3, 0x3D, 0x8F, 0xC7, 0x6D, 0x6F, 0x7F, 0x27, 0x30, 0xBC, 0x40, 0x0F,
    0xEB, 0xED, 0x38, 0xBD, 0xF2, 0x29, 0x9E, 0x77, 0x47, 0x06, 0xE4, 0x06, 0x3C, 0x78, 0xC7, 0xDD,
    0xD7, 0x9F, 0xFB, 0x99, 0x3D, 0xA6, 0xCF, 0xA2, 0xAF, 0x36, 0xDF, 0x74, 0x44, 0x08, 0x0A, 0x76,
    0x31, 0xF3, 0x37, 0x65, 0x5D, 0x05, 0x65, 0xCD, 0xF7, 0xA1, 0x58, 0xBE, 0xF9, 0x07, 0x73, 0xC6,
    0xBF, 0xDC, 0x4F, 0xBF, 0x0D, 0xFF, 0x10, 0xE6, 0xE0, 0x21, 0xEF, 0xAE, 0x74, 0x75, 0x3F, 0x27,
    0x19, 0xCF, 0x68, 0xD2, 0x25, 0x5D, 0x02, 0xF8, 0xF1, 0xAE, 0xF4, 0x61, 0x7F, 0xA7, 0xE0, 0x6D,
    0x66, 0x66, 0xCF, 0xED, 0xF7, 0x0C, 0x1F, 0x79, 0x37, 0xBC, 0x8A, 0xDF, 0x02, 0xF8, 0x5F, 0xE5,
    0x9B, 0x31, 0xB0, 0xDD, 0x46, 0x15, 0x86, 0x7F, 0x49, 0x10, 0x91, 0x28, 0x19, 0xD1, 0xDB, 0x8C,
    0x52, 0xBA, 0x30, 0x28, 0x85, 0x0B, 0x0A, 0x62, 0x2D, 0x76, 0x3F, 0x43, 0x5F, 0xD3, 0x3B, 0x05,
    0x05, 0x8D, 0xB9, 0x9A, 0x49, 0x41, 0xFB, 0xFA, 0xCA, 0x7D, 0x45, 0x3F, 0xCE, 0xD3, 0x86, 0xBE,
    0x50, 0x6A, 0x1A, 0x15, 0x9E, 0xA1, 0x44, 0x03, 0x77, 0x26, 0xF2, 0x58, 0xD2, 0xC1, 0xE7, 0xDF,
    0xBC, 0xB7, 0xFB, 0xAE, 0xAE, 0x0D, 0xE2, 0x19, 0x5B, 0xF7, 0xE6, 0x14, 0xFF, 0x93, 0xF7, 0x4A,
    0xBB, 0x7B, 0xCE, 0xB7, 0x2B, 0x9D, 0x5D, 0xC9, 0x40, 0xD5, 0x03, 0xAF, 0x75, 0xAF, 0xBA, 0x1B,
    0x54, 0x65, 0x54, 0x1D, 0x27, 0x00, 0xD1, 0x78, 0x09, 0x20, 0x1E, 0x76, 0x00, 0x92, 0x7D, 0x65,
    0x80, 0xB4, 0xAF, 0x6A, 0x20, 0xEB, 0x4A, 0x0B, 0xE4, 0x6D, 0x61, 0x81, 0xC2, 0xE6, 0x1D, 0x50,
    0xDA, 0xAC, 0x07, 0xAA, 0x3A, 0x55, 0x35, 0xC9, 0x1E, 0x68, 0x90, 0x8C, 0xC0, 0x8C, 0xF8, 0xB5,
    0x4E, 0x88, 0x26, 0x44, 0x22, 0x32, 0x23, 0x79, 0xAD, 0xE2, 0xD4, 0xA4, 0x7B, 0xBD, 0x84, 0x17,
    0xFE, 0x50, 0x49, 0xD1, 0x02, 0xB9, 0xAB, 0xDC, 0x35, 0xD4, 0xB3, 0xD1, 0x7D, 0x03, 0xB0, 0xBA,
    0xA5, 0xE5, 0xAD, 0x6A, 0xE9, 0xBC, 0xA0, 0x96, 0x54, 0x96, 0x67, 0x72, 0x01, 0xA0, 0x91, 0x09,
    0x6C, 0xD1, 0x20, 0x7F, 0x89, 0xC6, 0xA2, 0x68, 0x91, 0x77, 0x48, 0x0D, 0x32, 0x9E, 0x9A, 0x1E,
    0xE8, 0x1D, 0x91, 0x1E, 0xB1, 0xA8, 0xE6, 0xD4, 0x72, 0xAF, 0xE5, 0x95, 0xA5, 0x9A, 0x1B, 0x9A,
    0xB1, 0xFC, 0x8E, 0x9E, 0x13, 0xFD, 0x8B, 0xE7, 0x7F, 0x27, 0x36, 0x16, 0xA9, 0xC5, 0xE2, 0xC9,
    0x4B, 0xFD, 0xED, 0x88, 0x7D, 0xA3, 0x12, 0x89, 0x53, 0x43, 0xF5, 0xE5, 0x90, 0x81, 0x3A, 0x51,
    0x67, 0x55, 0x3C, 0xA5, 0xD2, 0xFF, 0x88, 0xA4, 0x92, 0x4E, 0x35, 0x5E, 0xD4, 0x7E, 0x52, 0x34,
    0x33, 0xA9, 0xC9, 0xA8, 0xA3, 0xF6, 0xDE, 0xAF, 0x8C, 0x4C, 0xF3, 0x9A, 0xBE, 0xA8, 0xE0, 0x2E,
    0x42, 0xDB, 0x1A, 0xD9, 0xB8, 0x06, 0x43, 0xAA, 0x9A, 0xD1, 0x83, 0xDC, 0xAA, 0x96, 0x46, 0xF5,
    0xA1, 0x0A, 0x9E, 0x93, 0xCE, 0xEF, 0xB5, 0xD3, 0x4A, 0x24, 0x9A, 0x94, 0x6C, 0x4A, 0x0A, 0x79,
    0x9B, 0xB7, 0xEA, 0x68, 0xD2, 0x03, 0x9F, 0x02, 0x2D, 0x96, 0x76, 0xAA, 0xF3, 0xF4, 0x17, 0xD4,
    0xAA, 0x66, 0xAF, 0x55, 0x30, 0xA9, 0x44, 0x74, 0x20, 0x71, 0x5C, 0x5A, 0x20, 0x96, 0x47, 0x35,
    0x90, 0x8A, 0x05, 0x90, 0xFF, 0x43, 0x8B, 0xAB, 0xAF, 0xB5, 0x96, 0x19, 0x33, 0x10, 0xEF, 0x19,
    0xC8, 0x0B, 0x7C, 0xB2, 0xD5, 0x31, 0x90, 0x51, 0x2B, 0x43, 0xE6, 0x2C, 0x53, 0xA0, 0xCE, 0x41,
    0xF6, 0x9F, 0xA0, 0xA8, 0x0F, 0xC8, 0xF1, 0x47, 0x33, 0x06, 0xD2, 0x80, 0x7F, 0x61, 0xFD, 0xFC,
    0x48, 0x7A, 0x3F, 0x0C, 0xF0, 0x9C, 0xFA, 0xA0, 0x74, 0x7E, 0xF1, 0xCA, 0x59, 0xF4, 0xA4, 0xA1,
    0xD2, 0xCA, 0x3B, 0x36, 0x67, 0x34, 0x8C, 0x1F, 0x03, 0xCF, 0x70, 0xD3, 0x9A, 0x97, 0x1C, 0x09,
    0xA2, 0xD1, 0x13, 0xD9, 0x03, 0x72, 0x91, 0x8D, 0xEA, 0x02, 0x66, 0xE0, 0x0F, 0xEA, 0x1A, 0x6B,
    0xBD, 0xA9, 0x51, 0x23, 0x02, 0x94, 0xA2, 0x2A, 0xAA, 0xB1, 0x18, 0xEC, 0xB4, 0xD7, 0xAA, 0xFB,
    0x9B, 0xCA, 0xE0, 0x44, 0x8D, 0x9E, 0x53, 0x54, 0x7A, 0xFE, 0x54, 0x8C, 0x28, 0x65, 0xC8, 0x47,
    0x7C, 0x24, 0x17, 0xF4, 0x34, 0x17, 0x43, 0xB5, 0x54, 0xC2, 0xCB, 0xAC, 0xBF, 0x87, 0x95, 0x64,
    0xF7, 0x94, 0xDC, 0xEF, 0x9D, 0x3F, 0xF7, 0x23, 0x0F, 0xB0, 0x2F, 0x97, 0x0F, 0x30, 0xCE, 0x7A,
    0x7B, 0x9A, 0xB3, 0x3E, 0x1D, 0xF0, 0x39, 0x50, 0xC8, 0xC5, 0xFE, 0x6A, 0xD4, 0x7D, 0xC9, 0xC7,
    0xD8, 0xCF, 0xD1, 0x18, 0x4F, 0xCD, 0xCF, 0xF4, 0x78, 0x76, 0xC4, 0x77, 0xF5, 0x35, 0x71, 0x73,
    0x3E, 0xC4, 0xCB, 0x8B, 0x98, 0xBC, 0xB3, 0x9A, 0x35, 0xBC, 0xD6, 0x76, 0x27, 0x00, 0xEA, 0x74,
    0x80, 0x33, 0x70, 0x82, 0x5D, 0xB3, 0xFE, 0x1B, 0x59, 0x3F, 0x52, 0x8F, 0x26, 0x5C, 0x06, 0xAC,
    0x3F, 0xDE, 0x1E, 0xEB, 0xA3, 0x1C, 0xAB, 0xB3, 0xE3, 0xB8, 0x3E, 0xBB, 0xF6, 0x4C, 0xDB, 0xA3,
    0xF3, 0x77, 0x38, 0x3E, 0x7F, 0x69, 0xA7, 0x98, 0x99, 0x7B, 0xFB, 0x35, 0x75, 0x47, 0x9D, 0x41,
    0x90, 0x41, 0x3A, 0xD3, 0x01, 0xB8, 0x9F, 0xDB, 0x0E, 0x78, 0x98, 0xEA, 0x33, 0xAB, 0x34, 0xDA,
    0xF3, 0xBC, 0xD3, 0xE0, 0x67, 0x22, 0xB5, 0xC6, 0x8D, 0x57, 0x95, 0x2F, 0x70, 0x0E, 0x63, 0x66,
    0x99, 0x01, 0xF7, 0x41, 0x06, 0x7C, 0x9D, 0xC3, 0x47, 0xED, 0xF3, 0xCC, 0x20, 0xE9, 0xEF, 0xE5,
    0x35, 0xA2, 0x81, 0x45, 0x12, 0xCD, 0xEA, 0x22, 0xBD, 0x2B, 0xA4, 0x77, 0x23, 0x6A, 0xEB, 0xA3,
    0xE5, 0x2B, 0x3A, 0x3A, 0x78, 0xEC, 0xB8, 0xA4, 0x56, 0xD4, 0xA2, 0x56, 0xFA, 0x19, 0xE9, 0x27,
    0x8F, 0x0E, 0xE8, 0xA7, 0x67, 0x4A, 0x3F, 0x5D, 0x24, 0xBE, 0xE9, 0x61, 0xE2, 0x1B, 0xB5, 0x4F,
    0x8F, 0xD3, 0xAF, 0x4E, 0x85, 0xBE, 0x74, 0x64, 0x11, 0x10, 0xC1, 0xE0, 0x9D, 0x4C, 0x3A, 0xCF,
    0x3D, 0x3D, 0x7F, 0xEE, 0x99, 0x18, 0x72, 0xB1, 0xD7, 0x8A, 0x8C, 0x5A, 0xB8, 0xF9, 0xBE, 0x9E,
    0xF8, 0x69, 0xE6, 0x78, 0x77, 0xB9, 0x1E, 0x79, 0x88, 0x48, 0xCF, 0x21, 0xF1, 0xA2, 0x2B, 0x3A,
    0xDE, 0xE7, 0x2D, 0xB4, 0x2B, 0x00, 0xF0, 0xE4, 0x1C, 0x88, 0xEF, 0x14, 0x48, 0x24, 0x53, 0xEA,
    0x88, 0xD4, 0x80, 0xDD, 0xD1, 0x3B, 0x9F, 0xE3, 0x45, 0x16, 0x1F, 0xF1, 0x29, 0xE8, 0x88, 0xEB,
    0xE5, 0x73, 0x24, 0x8B, 0x3B, 0x7C, 0xBD, 0x59, 0xE2, 0x3F, 0x01, 0x0C, 0x69, 0xF6, 0x6E, 0x45,
    0xA6, 0x11, 0xCE, 0x3A, 0x0D, 0x48, 0x69, 0xD9, 0x2D, 0xC3, 0x10, 0x70, 0x16, 0x77, 0xF8, 0xF1,
    0xE5, 0x7B, 0xD0, 0x08, 0xC5, 0x3D, 0x72, 0x83, 0xC8, 0x65, 0x77, 0x13, 0xD4, 0x97, 0xE6, 0xB7,
    0x13, 0xE7, 0xB5, 0xFA, 0x9B, 0x93, 0x72, 0x24, 0xE6, 0x5C, 0xB2, 0xBE, 0x4A, 0x44, 0xC6, 0x40,
    0xF4, 0xE7, 0x35, 0xC2, 0x0A, 0xF6, 0x5E, 0xD6, 0x56, 0xB0, 0xE8, 0xC1, 0xD1, 0xDE, 0xB3, 0xC3,
    0xB1, 0x0A, 0x8F, 0x5C, 0x59, 0xF3, 0x42, 0xF9, 0x89, 0x16, 0x88, 0x48, 0x8B, 0x44, 0x4C, 0xD9,
    0x23, 0xDD, 0x2B, 0x7B, 0x05, 0x3A, 0x71, 0x4B, 0xA6, 0x61, 0x92, 0xB6, 0x63, 0x5B, 0x15, 0x1B,
    0x13, 0x73, 0x43, 0x89, 0xD2, 0x69, 0xE9, 0x37, 0x72, 0x58, 0xC3, 0x17, 0xC8, 0xF6, 0x88, 0x26,
    0xAD, 0xF9, 0xCE, 0xC8, 0x56, 0x7A, 0xB6, 0x58, 0x6B, 0xEB, 0x03, 0x16, 0xE6, 0xEB, 0xD8, 0x59,
    0x6A, 0xEB, 0x8F, 0x59, 0x9E, 0x49, 0xAD, 0xD2, 0xA9, 0xF4, 0x57, 0xCF, 0xD5, 0xCC, 0x5E, 0x3D,
    0x59, 0xAA, 0xC5, 0x5E, 0xF0, 0xF6, 0xF0, 0x24, 0xDA, 0xFB, 0xD7, 0xBA, 0xA7, 0xBA, 0x20, 0xEC,
    0xC3, 0xED, 0x4E, 0x9F, 0x1D, 0xA7, 0x08, 0x6D, 0x23, 0xC8, 0xAA, 0x3A, 0xD6, 0xBB, 0x5C, 0x66,
    0x78, 0x9F, 0x77, 0x4B, 0x79, 0x93, 0x7A, 0x98, 0xDB, 0x8E, 0x7E, 0xD1, 0x41, 0x43, 0x33, 0x3F,
    0x6E, 0xE1, 0x22, 0x88, 0x7D, 0xA9, 0xBE, 0xFD, 0x2E, 0x9A, 0xB1, 0xB0, 0xAD, 0x4D, 0x92, 0x5F,
    0xC2, 0xD7, 0xD2, 0xF8, 0xDD, 0xF2, 0x38, 0xD8, 0x2D, 0xCF, 0x0E, 0x76, 0xCB, 0x0B, 0xB7, 0xEE,
    0x7E, 0x3C, 0xF0, 0xE4, 0x89, 0xF9, 0x68, 0x75, 0x74, 0x2F, 0xC5, 0x03, 0xBB, 0xA9, 0xBE, 0xE7,
    0xAB, 0x95, 0xCC, 0x42, 0xBD, 0x5D, 0x6D, 0x8B, 0xBE, 0x79, 0xFB, 0x24, 0x7C, 0x3A, 0x59, 0x9E,
    0x1D, 0xAC, 0xCB, 0x79, 0x66, 0xDC, 0x2B, 0x42, 0x7B, 0xA1, 0xF1, 0xD1, 0xC3, 0xF4, 0xFB, 0x91,
    0x97, 0x30, 0xE7, 0x24, 0xA0, 0x6F, 0x38, 0xED, 0x1E, 0x20, 0x31, 0x1B, 0x1C, 0x03, 0xB7, 0xD8,
    0x2D, 0x8F, 0xDC, 0x6E, 0x79, 0xB0, 0x2B, 0x55, 0x9A, 0xC4, 0xED, 0x96, 0x5F, 0x60, 0x69, 0xCC,
    0x16, 0xEC, 0x0D, 0x65, 0x5D, 0xFF, 0xA3, 0xD2, 0xF7, 0x50, 0x6F, 0x5D, 0x9B, 0x0D, 0x15, 0xB4,
    0x6C, 0x11, 0x99, 0x7C, 0x19, 0x99, 0x63, 0x6F, 0x58, 0x96, 0x91, 0xD1, 0x4B, 0x3E, 0x5B, 0xEC,
    0xD7, 0x69, 0x72, 0xE0, 0xF2, 0xF6, 0xEB, 0xF7, 0x08, 0xAD, 0x7B, 0x8F, 0x00, 0x41, 0x72, 0x9D,
    0xDE, 0x97, 0x4C, 0x08, 0x0B, 0xAB, 0x55, 0xE5, 0x36, 0xD7, 0x1E, 0xB6, 0x37, 0x94, 0xD5, 0x3A,
    0x75, 0xEC, 0xF4, 0x2A, 0xE7, 0xDD, 0xA7, 0x88, 0x27, 0x60, 0x67, 0x20, 0xED, 0x47, 0xC2, 0x56,
    0x46, 0xB6, 0xD8, 0x69, 0xEB, 0xB3, 0x7F, 0xF5, 0x2B, 0x93, 0x0A, 0x0B, 0x9E, 0x3A, 0xB7, 0x38,
    0xAB, 0x63, 0x79, 0xDC, 0x21, 0x95, 0xBF, 0xD6, 0x9C, 0xF3, 0x9C, 0xF2, 0x9C, 0xF1, 0x9C, 0xF0,
    0xCB, 0xF9, 0xBE, 0xCD, 0xCC, 0xA5, 0x9A, 0xC0, 0x72, 0xA7, 0x86, 0x38, 0x5D, 0x67, 0x83, 0xB1,
    0xCD, 0x20, 0xD8, 0x67, 0xA7, 0x39, 0x91, 0xB9, 0x19, 0x1E, 0x3C, 0x3E, 0x9B, 0xF0, 0xF1, 0xE9,
    0x16, 0xBC, 0xBC, 0x73, 0x3B, 0x88, 0x5F, 0x13, 0xE2, 0x7C, 0x4A, 0x10, 0xF3, 0x37, 0x3E, 0x61,
    0x27, 0x38, 0x23, 0x3E, 0xDC, 0xC4, 0x57, 0x58, 0xE2, 0x63, 0x95, 0xE3, 0x86, 0xF1, 0x11, 0x50,
    0xB6, 0x02, 0xD0, 0xA9, 0xAE, 0x0F, 0x0E, 0x20, 0xBD, 0x22, 0xA4, 0x60, 0x8E, 0x4D, 0x47, 0x21,
    0xD1, 0x4E, 0x74, 0x6D, 0x91, 0x4B, 0xAD, 0xD2, 0xAA, 0x74, 0x70, 0x99, 0x38, 0x9D, 0x44, 0x61,
    0xAE, 0x3E, 0xD3, 0xB8, 0x8F, 0xC0, 0x76, 0x22, 0x32, 0x78, 0x51, 0xA7, 0xF0, 0x5E, 0x65, 0xD1,
    0x83, 0xE3, 0xCB, 0x23, 0xFA, 0x51, 0xAB, 0x9B, 0xEE, 0x93, 0x8B, 0xC0, 0x1A, 0x99, 0x43, 0x01,
    0x2E, 0xDF, 0xA9, 0x34, 0x3A, 0xE0, 0xBC, 0x6C, 0x2F, 0x60, 0x87, 0x36, 0x5D, 0x4D, 0x83, 0x44,
    0x78, 0xE4, 0xCA, 0xE8, 0x0C, 0xE7, 0xBE, 0x4A, 0xCD, 0x23, 0x96, 0x2D, 0xEC, 0x03, 0x05, 0x16,
    0x07, 0xC6, 0xF3, 0x22, 0xA1, 0x18, 0x15, 0xEF, 0xC2, 0x72, 0x5E, 0x3E, 0xE9, 0x91, 0x0D, 0x48,
    0x79, 0xE7, 0x8E, 0xDC, 0xBC, 0x9C, 0x99, 0x4A, 0x35, 0x9C, 0x79, 0x3B, 0xA3, 0x5A, 0x99, 0x1D,
    0x13, 0xAC, 0xC6, 0xAB, 0x7D, 0xAB, 0xD6, 0x3B, 0xAA, 0xBB, 0xD6, 0xA9, 0xAB, 0xB3, 0x64, 0xFD,
    0x6C, 0xCB, 0xB5, 0xEB, 0xFA, 0xE0, 0xFA, 0xE3, 0xFA, 0xE6, 0xFA, 0xB9, 0x34, 0xBF, 0xF8, 0xB1,
    0xAA, 0x42, 0x6D, 0xA8, 0x2C, 0x5F, 0x7A, 0x37, 0xEB, 0x5D, 0x27, 0xF3, 0x77, 0x1D, 0xB6, 0x7E,
    0x89, 0x2A, 0xBC, 0xEB, 0xF8, 0x1E, 0x2E, 0xD5, 0x9D, 0xE9, 0xAE, 0x72, 0x35, 0xB8, 0xDA, 0x58,
    0xF3, 0x3B, 0xE9, 0xF3, 0x91, 0xED, 0x80, 0x68, 0xB9, 0x1D, 0x50, 0xAB, 0x66, 0x08, 0xED, 0xB4,
    0x68, 0xDE, 0xC6, 0xD3, 0x2D, 0x91, 0x5D, 0x2C, 0x36, 0xEB, 0xC3, 0xC5, 0xE6, 0xE0, 0x17, 0x9B,
    0xDF, 0x06, 0x8B, 0xCD, 0x81, 0xCF, 0xCF, 0x89, 0xD8, 0x7D, 0x92, 0xF3, 0x85, 0x7F, 0x7E, 0x9E,
    0x30, 0xD9, 0xF7, 0x13, 0x99, 0x0D, 0x8C, 0x81, 0xF7, 0xFB, 0x39, 0x5F, 0xB3, 0x5C, 0x72, 0xDE,
    0x19, 0x11, 0xCF, 0x88, 0x04, 0xC9, 0xA0, 0xC4, 0xD3, 0x5E, 0xD9, 0xB9, 0xCD, 0x7C, 0xAD, 0xB0,
    0x60, 0xB5, 0xEE, 0x4D, 0x41, 0xDE, 0x95, 0x5E, 0xFB, 0xB7, 0x6A, 0x57, 0x50, 0xDD, 0xB5, 0x4E,
    0xC3, 0xB7, 0x0C, 0xAE, 0x2D, 0xB6, 0xEB, 0xFA, 0xE0, 0xFA, 0xE3, 0xFA, 0xC6, 0x7E, 0xBE, 0xBF,
    0xC8, 0x2C, 0x62, 0xC2, 0xCF, 0xF9, 0xE2, 0x60, 0x19, 0xAE, 0x7D, 0x2E, 0xEB, 0x3C, 0x5C, 0x86,
    0x7B, 0xBF, 0x96, 0x6A, 0xDD, 0x99, 0xEE, 0x2A, 0x57, 0x03, 0x6B, 0x63, 0xCD, 0xC7, 0x3D, 0x3D,
    0xB6, 0x4A, 0x2D, 0x71, 0xF3, 0x53, 0x5E, 0xF9, 0x76, 0xCF, 0x11, 0xFE, 0xEC, 0xFC, 0xE7, 0xFE,
    0x7F, 0x8E, 0x06, 0x6F, 0xF4, 0x5C, 0xB3, 0x9F, 0xE6, 0xAC, 0x7F, 0xD3, 0xA6, 0xB1, 0x89, 0x8F,
    0x2F, 0x69, 0xB3, 0x57, 0xF4, 0xEE, 0xBB, 0x70, 0xB5, 0x74, 0x36, 0xC4, 0xD7, 0x47, 0x83, 0xAC,
    0xFD, 0x02, 0x7F, 0xDB, 0xAC, 0x8F, 0x70, 0x6C, 0xD7, 0x73, 0x3C, 0xC7, 0xEC, 0xFA, 0xF6, 0x91,
    0x39, 0xA5, 0xCC, 0xDC, 0x5B, 0x47, 0x07, 0x46, 0xD5, 0x64, 0x78, 0xF3, 0x07, 0x6C, 0xC0, 0x5D,
    0x57, 0x76, 0xA8, 0x31, 0xB7, 0xA9, 0x4B, 0x2A, 0x77, 0x35, 0x94, 0x48, 0x47, 0x3A, 0x03, 0x49,
    0x8D, 0xCB, 0x51, 0x81, 0x0F, 0x37, 0x2A, 0xD6, 0x7B, 0xCD, 0x57, 0xAF, 0x07, 0x4A, 0xAF, 0x6B,
    0x7A, 0x6D, 0xB4, 0x95, 0x99, 0x5C, 0x3A, 0x32, 0xDA, 0x93, 0xD7, 0xB8, 0x96, 0xB8, 0xF1, 0xC4,
    0x9B, 0x35, 0xC4, 0x23, 0x07, 0x22, 0xD8, 0x6D, 0x8F, 0xC3, 0xF7, 0x01, 0x7F, 0xA2, 0x96, 0xD4,
    0xCF, 0xCE, 0x81, 0xE0, 0x7A, 0xAF, 0xB7, 0x49, 0x70, 0xC5, 0x9A, 0x51, 0x49, 0x65, 0x27, 0x48,
    0x6D, 0xBD, 0xA7, 0x4A, 0x27, 0xDB, 0x22, 0xA9, 0xAC, 0x8B, 0x35, 0x08, 0x73, 0xA6, 0x8E, 0x33,
    0x5B, 0xFE, 0x63, 0x21, 0x00, 0x3E, 0x77, 0xC3, 0x0E, 0x27, 0x36, 0xB3, 0xD6, 0xFA, 0xB8, 0xCD,
    0x19, 0x74, 0xBA, 0x91, 0xBF, 0xFD, 0xB3, 0x7B, 0x9B, 0x44, 0xD6, 0xFB, 0xD2, 0x00, 0xF1, 0xF8,
    0xFF, 0x95, 0x61, 0x07, 0x24, 0x4E, 0x2A, 0xE3, 0x5E, 0x87, 0xA7, 0x7D, 0xD9, 0x22, 0xEF, 0xF3,
    0x01, 0x4D, 0x9B, 0x6A, 0xD0, 0x22, 0x8D, 0x16, 0xEE, 0x48, 0x87, 0xFF, 0x76, 0xD3, 0xBC, 0x02,
    0xD2, 0xFE, 0xF6, 0x62, 0xAE, 0xC5, 0x22, 0xEB, 0xCB, 0x0E, 0x45, 0x9F, 0xBF, 0x8C, 0x5E, 0xF5,
    0xA9, 0xC8, 0xDF, 0xFB, 0x48, 0xE4, 0xCF, 0x3D, 0xCA, 0x97, 0x69, 0x8F, 0x43, 0x1B, 0xB5, 0x43,
    0xB3, 0x8A, 0xF0, 0x88, 0x65, 0xEB, 0x5F, 0xF3, 0x6C, 0x11, 0x40, 0x2E, 0x46, 0xC5, 0xC2, 0xF9,
    0x81, 0xD4, 0x5E, 0xB9, 0x50, 0x5E, 0xBB, 0x70, 0x0F, 0xDE, 0x3E, 0x10, 0x8A, 0xA4, 0x0E, 0xF2,
    0xC6, 0xEE, 0xF0, 0xD3, 0x9C, 0x4B, 0xEA, 0xC8, 0xE7, 0xDB, 0x57, 0x54, 0x1C, 0xA8, 0x46, 0x46,
    0x9C, 0xB6, 0xAA, 0x23, 0xDE, 0x87, 0x0E, 0x20, 0x07, 0x38, 0x25, 0x0E, 0x90, 0x07, 0x08, 0x04,
    0x24, 0x02, 0x22, 0x81, 0x63, 0xE2, 0xA0, 0x2C, 0xBD, 0x7E, 0xDB, 0x07, 0x49, 0x69, 0xA7, 0x5E,
    0xAB, 0xE2, 0x40, 0x35, 0xD4, 0xD2, 0x52, 0x6B, 0xD5, 0x1E, 0xEF, 0x40, 0x8D, 0x57, 0xB2, 0x03,
    0xE1, 0x81, 0xF4, 0x40, 0x7C, 0x70, 0xFC, 0x08, 0x70, 0xDD, 0xF7, 0x46, 0xFC, 0xE7, 0x83, 0x73,
    0x20, 0xB8, 0xE6, 0x5B, 0x22, 0xF2, 0x7A, 0xB0, 0x59, 0x82, 0xBC, 0xCD, 0xA9, 0xB6, 0xD4, 0xEE,
    0xF0, 0xD3, 0xD2, 0xC2, 0xA8, 0x3B, 0x0F, 0xA1, 0x7A, 0xFF, 0x84, 0xA9, 0x1D, 0xFF, 0xCF, 0xD5,
    0xA9, 0xF5, 0x9E, 0x96, 0x26, 0xED, 0xD4, 0x53, 0xD5, 0x7B, 0x5B, 0x24, 0x55, 0xD6, 0x3F, 0x03,
    0x20, 0xC3, 0xAF, 0xC0, 0xF4, 0x04, 0x88, 0x3A, 0x7E, 0xB6, 0x57, 0x67, 0x1D, 0x89, 0x9C, 0xC3,
    0xCC, 0x0A, 0x7D, 0x64, 0x79, 0xDC, 0x35, 0x63, 0xDA, 0xA9, 0x8F, 0x5B, 0xBE, 0x07, 0x9E, 0x4D,
    0xFC, 0x8F, 0xD8, 0xA4, 0x12, 0x0B, 0xDD, 0x11, 0x7F, 0xCC, 0x72, 0xCF, 0x62, 0xC3, 0x74, 0x16,
    0x36, 0xD2, 0x97, 0x99, 0x2A, 0xFE, 0x58, 0xCB, 0xBD, 0xDD, 0xA5, 0x62, 0xA6, 0x62, 0x17, 0x7E,
    0x17, 0x84, 0xDC, 0x06, 0x9E, 0x23, 0xEE, 0x41, 0x6B, 0x71, 0xDC, 0xB4, 0x9F, 0x40, 0x83, 0xA2,
    0x03, 0xA2, 0x59, 0xC3, 0xAF, 0x69, 0x7F, 0x3A, 0x00, 0xE9, 0x1E, 0xF1, 0x04, 0x96, 0x08, 0x14,
    0x0D, 0x1A, 0xA3, 0x9C, 0xF4, 0x8A, 0x06, 0xD0, 0x2B, 0x66, 0xE8, 0xEF, 0xC9, 0x08, 0x25, 0x99,
    0xEE, 0xA1, 0x88, 0x73, 0x36, 0x38, 0x17, 0x96, 0x3D, 0xDB, 0xD5, 0xFE, 0xB5, 0x0A, 0x0A, 0xD7,
    0xDF, 0x8C, 0xAE, 0x28, 0xF5, 0x77, 0xFE, 0x67, 0xFD, 0xA6, 0xD1, 0x31, 0x6B, 0x98, 0xEE, 0x84,
    0x0B, 0x23, 0xB7, 0x88, 0x74, 0x4B, 0xAB, 0xAC, 0xD7, 0xFA, 0x12, 0x2E, 0xB6, 0xE2, 0x41, 0x5B,
    0x88, 0x46, 0xB6, 0x36, 0x33, 0xF4, 0x3B, 0x72, 0x70, 0xEB, 0xAA, 0xB2, 0xDE, 0x11, 0xC8, 0xA4,
    0xDA, 0x6A, 0xF3, 0xE9, 0x3F, 0x07, 0xED, 0xED, 0xF7, 0x3D, 0x87, 0xAA, 0x2A, 0xA4, 0xF5, 0x4B,
    0xA5, 0x1F, 0xC2, 0x85, 0x83, 0x6F, 0xE3, 0xA3, 0x60, 0x07, 0x93, 0x1E, 0x95, 0xD2, 0x51, 0xAD,
    0xEA, 0x7C, 0x8E, 0x18, 0x17, 0xC6, 0xDF, 0x7C, 0xB3, 0xF9, 0xB8, 0xE8, 0xC4, 0x66, 0xB1, 0xE9,
    0xDF, 0xB4, 0x4F, 0x66, 0xC5, 0x46, 0xB5, 0xAA, 0xB3, 0xFB, 0xBD, 0x9A, 0x11, 0xBC, 0x73, 0xAC,
    0xA4, 0x76, 0x31, 0x36, 0xF0, 0x55, 0xE2, 0x29, 0x15, 0x03, 0x15, 0x7F, 0x39, 0xEB, 0x39, 0xBC,
    0xFE, 0x03, 0x9B, 0x53, 0x9E, 0xB7, 0x04, 0xA6, 0x59, 0x45, 0x2A, 0x2F, 0x7E, 0xC3, 0xD4, 0x4F,
    0xD8, 0xE8, 0x23, 0x7A, 0xFE, 0x53, 0x22, 0x0B, 0xED, 0x8C, 0xC9, 0xFB, 0x57, 0xB2, 0xF6, 0xE0,
    0x9B, 0xEB, 0x78, 0x3A, 0x97, 0xBB, 0xF4, 0xBF, 0x01, 0xDC, 0x51, 0x21, 0x8C, 0xDC, 0x30, 0x10,
    0x9C, 0x24, 0x52, 0x03, 0x0C, 0x8C, 0x8A, 0x5D, 0x5A, 0x64, 0x4E, 0x7E, 0x5D, 0x4E, 0x0A, 0xCA,
    0x71, 0xF5, 0x9C, 0x36, 0x31, 0x47, 0xCF, 0x51, 0x71, 0x39, 0xFD, 0x8F, 0x39, 0x32, 0x47, 0x06,
    0xE5, 0x32, 0x88, 0xAA, 0xA8, 0xF2, 0xDD, 0x76, 0xED, 0xE8, 0xA3, 0x1C, 0x38, 0x55, 0x65, 0xD5,
    0xAF, 0xAD, 0x19, 0x67, 0x77, 0x76, 0x46, 0xA7, 0x9B, 0x59, 0xCA, 0x9F, 0x91, 0x5B, 0x85, 0x5B,
    0xC2, 0x03, 0x5E, 0x70, 0xE9, 0xCA, 0x50, 0xC6, 0xA2, 0x36, 0xBD, 0xDA, 0x4C, 0x79, 0xCE, 0x8F,
    0x4F, 0x8A, 0xA1, 0x2E, 0xD0, 0x05, 0x7A, 0x83, 0xC9, 0x30, 0x09, 0x36, 0x82, 0x02, 0xC8, 0x81,
    0x80, 0x09, 0xF8, 0x0A, 0x8C, 0x8C, 0xF1, 0x0A, 0x55, 0x9A, 0x6C, 0x85, 0xDE, 0x65, 0xE1, 0x46,
    0x26, 0x34, 0x64, 0xCC, 0x18, 0x33, 0x44, 0x9A, 0x20, 0x9E, 0xB1, 0x2F, 0x62, 0x36, 0x14, 0xD1,
    0x8D, 0x05, 0x73, 0x90, 0x04, 0xF6, 0x66, 0x15, 0xB0, 0x6B, 0xCF, 0x8E, 0xF2, 0xC0, 0x78, 0xFC,
    0xDE, 0xFF, 0xA8, 0xFE, 0x94, 0x25, 0x61, 0x4E, 0x92, 0xB1, 0x44, 0x49, 0xE1, 0xA0, 0x45, 0xE7,
    0x24, 0x89, 0x25, 0xAB, 0xBB, 0x4A, 0x9A, 0x98, 0x91, 0xAF, 0xE0, 0x86, 0x75, 0x0F, 0xFB, 0x88,
    0xFE, 0xE9, 0xBC, 0x7B, 0xB9, 0xBF, 0x7B, 0x11, 0xB8, 0xD9, 0x9D, 0x30, 0x26, 0x00, 0x04, 0xFC,
    0x33, 0x12, 0x4B, 0xB9, 0x33, 0x1E, 0xD3, 0x37, 0x86, 0xF7, 0x7F, 0xE9, 0xFF, 0x9B, 0xF5, 0x8E,
    0x9D, 0xE5, 0x44, 0xBC, 0xCE, 0xBC, 0x2D, 0xED, 0xCA, 0x43, 0x3E, 0xA5, 0x29, 0x23, 0x13, 0x4D,
    0xD4, 0x91, 0xF2, 0x71, 0xD6, 0x13, 0xE6, 0x7D, 0xDA, 0xB3, 0x87, 0x94, 0xE1, 0xDC, 0x3C, 0xB9,
    0x54, 0x5A, 0xBA, 0x4B, 0xA5, 0x82, 0x69, 0xA7, 0x87, 0x1B, 0x9A, 0x0E, 0xC9, 0xE7, 0xB6, 0xA0,
    0x72, 0x5D, 0xEF, 0x38, 0x41, 0xCC, 0x6C, 0xDB, 0x1C, 0x9B, 0x6B, 0xB7, 0xAC, 0x82, 0xB0, 0x57,
    0x01, 0x99, 0xC5, 0x4A, 0xC3, 0x06, 0xD4, 0xD1, 0xA7, 0xC5, 0xD9, 0x9F, 0x80, 0xE2, 0xC4, 0x32,
    0x36, 0xFC, 0x9B, 0xD9, 0x81, 0xFC, 0x12, 0x6D, 0x00, 0xC1, 0x7A, 0x1D, 0x30, 0xC1, 0x38, 0x75,
    0xD0, 0xDE, 0x7C, 0x95, 0x18, 0xFE, 0x25, 0x0B, 0xAF, 0xEB, 0x5D, 0x33, 0x1B, 0x72, 0x3D, 0x63,
    0x52, 0x49, 0x45, 0x1D, 0x74, 0x30, 0xC1, 0x78, 0xEB, 0xC8, 0x11, 0xDE, 0x43, 0x25, 0x1D, 0x54,
    0x34, 0xD2, 0xAD, 0x2E, 0xD6, 0x99, 0x40, 0x30, 0x9E, 0x20, 0x73, 0x90, 0x9B, 0x40, 0x78, 0x01,
    0xE1, 0x19, 0x33, 0x8A, 0xBC, 0x0A, 0x9E, 0xBB, 0x82, 0x2F, 0x72, 0x00, 0x8F, 0x21, 0x42, 0x27,
    0xCC, 0xA1, 0x67, 0xA8, 0x02, 0xCA, 0xE0, 0x00, 0x46, 0xBB, 0xA1, 0x7E, 0x4A, 0x53, 0x46, 0x22,
    0xA8, 0x32, 0x11, 0xC3, 0x7F, 0x00, 0xBE, 0x49, 0xC3, 0xC1, 0x26, 0xA8, 0xAD, 0x4D, 0x97, 0x26,
    0xD5, 0xED, 0xCA, 0x63, 0x69, 0x6E, 0x5B, 0x15, 0x88, 0x4C, 0xC4, 0xB2, 0x72, 0xFA, 0x6F, 0x31,
    0xED, 0x54, 0x1A, 0xF6, 0x6B, 0xA3, 0x21, 0x37, 0x52, 0xB1, 0x91, 0x0E, 0x77, 0xF5, 0xDD, 0x76,
    0xE8, 0xFF, 0x5E, 0x87, 0x6E, 0x4C, 0x67, 0x5F, 0xE3, 0xCF, 0xF6, 0x7F, 0xB6, 0x17, 0xD5, 0x39,
    0x04, 0xD5, 0x03, 0x00, 0xA4, 0x91, 0x01, 0xCA, 0x9B, 0x40, 0x10, 0x85, 0x3F, 0x13, 0x20, 0x05,
    0x81, 0xBD, 0x40, 0x89, 0x17, 0x28, 0xF1, 0x02, 0x89, 0xBB, 0x17, 0xB3, 0xEE, 0x11, 0x7A, 0xA0,
    0x36, 0x7A, 0x04, 0x6F, 0x50, 0x6F, 0xD0, 0x00, 0x01, 0x04, 0x92, 0x4E, 0xDF, 0x2C, 0x26, 0x85,
    0x02, 0x50, 0xF8, 0x91, 0x0F, 0xC6, 0xE7, 0x7B, 0xB3, 0xB3, 0x63, 0x35, 0x7E, 0xE3, 0x60, 0x2B,
    0x4D, 0xFE, 0x41, 0x4B, 0xA4, 0xA3, 0x49, 0x3D, 0xC1, 0xC9, 0xFD, 0x71, 0x83, 0x42, 0xF2, 0x6F,
    0xEE, 0x71, 0xAF, 0x67, 0x3C, 0xCB, 0x61, 0x85, 0x20, 0x4E, 0xE2, 0x2C, 0xEE, 0xD2, 0x6F, 0x2B,
    0xFB, 0x69, 0xA5, 0xCE, 0xEA, 0xCB, 0xCA, 0x45, 0x7C, 0x17, 0x66, 0x36, 0x39, 0xA8, 0x7E, 0x11,
    0xEC, 0x59, 0x68, 0xA0, 0x70, 0x14, 0x27, 0xA7, 0x5D, 0x38, 0xD9, 0x83, 0x36, 0x5D, 0x81, 0x28,
    0xDA, 0xC2, 0x67, 0xD5, 0x51, 0x5A, 0xB0, 0x95, 0x9D, 0xE9, 0xFC, 0xB0, 0x20, 0x01, 0x1E, 0xB0,
    0xBF, 0x41, 0x3D, 0x4B, 0xCA, 0x72, 0x2A, 0xDF, 0x8D, 0x4F, 0x62, 0x1E, 0x7C, 0xE2, 0xD4, 0x49,
    0x75, 0xBC, 0x6E, 0xA4, 0x1D, 0xD4, 0x9B, 0x71, 0x26, 0x9A, 0x25, 0xE7, 0x4C, 0xCB, 0x99, 0x28,
    0x7A, 0x4A, 0xB3, 0xEA, 0xEE, 0x0D, 0xC5, 0x02, 0xF5, 0xB4, 0x35, 0xDD, 0x46, 0x79, 0x5B, 0x84,
    0xCD, 0x04, 0x9F, 0x33, 0x7F, 0x25, 0xCA, 0xD0, 0x09, 0x7F, 0x7C, 0x63, 0x3B, 0xBB, 0x95, 0x3D,
    0xB5, 0x69, 0x78, 0xED, 0x55, 0xAE, 0x26, 0x47, 0xBD, 0xEB, 0xCE, 0xFA, 0xBE, 0x94, 0x1D, 0x06,
    0xF7, 0x68, 0xA7, 0x9E, 0xED, 0x69, 0x9C, 0xA4, 0x3A, 0xC5, 0x3C, 0xA6, 0x60, 0xBF, 0xD8, 0xFD,
    0xFE, 0x7B, 0x68, 0x99, 0x29, 0xCC, 0xE5, 0xCE, 0x95, 0x5E, 0x3F, 0xFC, 0xFF, 0x86, 0xAC, 0x3A,
    0x33, 0xFC, 0xCC, 0x5C, 0x42, 0x86, 0xFF, 0xA4, 0x35, 0xCB, 0x4E, 0x65, 0xDB, 0xFC, 0xE9, 0x49,
    0xA7, 0x07, 0xA2, 0xF8, 0x77, 0xDE, 0xA9, 0x48, 0xD5, 0x0A, 0xF5, 0x82, 0xBC, 0xBC, 0xF7, 0xFE,
    0xCA, 0x47, 0xE5, 0x3F, 0x95, 0x5C, 0x27, 0x2E, 0x14, 0xB3, 0xCD, 0xE2, 0x0E, 0x5C, 0xDF, 0x7D,
    0xBF, 0x88, 0x21, 0x5D, 0x69, 0xFE, 0x0C, 0x1C, 0xFF, 0x03, 0x9D, 0xFE, 0x46, 0xD3, 0x1F, 0x00,
    0xBD, 0xD6, 0x2F, 0x8C, 0xDD, 0xCC, 0x15, 0x05, 0xF0, 0xE3, 0xE7, 0x2A, 0x6E, 0x65, 0x30, 0x24,
    0x2C, 0x60, 0xCA, 0x89, 0xB9, 0xD4, 0x5D, 0x5B, 0x09, 0x08, 0xE7, 0xA0, 0x1C, 0x85, 0x4B, 0x9B,
    0xDA, 0x4D, 0x41, 0x41, 0xC8, 0x56, 0xE5, 0x2A, 0x47, 0x25, 0x85, 0xAF, 0xEB, 0x49, 0x69, 0x88,
    0x83, 0x0B, 0xEA, 0xA4, 0x91, 0x0A, 0x02, 0x76, 0xD2, 0x58, 0xAA, 0xB7, 0x1A, 0xFB, 0x7E, 0xF7,
    0xDC, 0xA7, 0xB7, 0xEB, 0xEC, 0xBE, 0xEF, 0x1F, 0x89, 0xA5, 0xF7, 0xD3, 0xCA, 0x3E, 0x73, 0x67,
    0x2C, 0x7B, 0xAE, 0x17, 0x38, 0x77, 0x1D, 0x80, 0x33, 0xD7, 0xA8, 0x2F, 0xCD, 0x0B, 0xAF, 0x66,
    0x22, 0x00, 0x9C, 0x48, 0x00, 0x5A, 0x91, 0xA8, 0x27, 0xE6, 0x2A, 0x21, 0x5F, 0xE6, 0x7A, 0x45,
    0x11, 0xA7, 0xF3, 0x16, 0x6E, 0x9C, 0xCE, 0xEA, 0xC6, 0x85, 0xE9, 0xEC, 0x31, 0xFC, 0x9B, 0xF8,
    0x1B, 0xA0, 0xFA, 0x7D, 0xBC, 0x00, 0xEA, 0x57, 0xE6, 0xD3, 0xB8, 0xA7, 0x23, 0x7D, 0x36, 0xCE,
    0x74, 0x38, 0x38, 0xDD, 0xFA, 0x3C, 0x44, 0xF5, 0x8F, 0x6F, 0xD4, 0xEA, 0x35, 0xF5, 0x6F, 0xFF,
    0xA1, 0xBA, 0xB7, 0xAF, 0xC6, 0xC7, 0x70, 0xD7, 0x7F, 0x18, 0xEB, 0xA6, 0x90, 0x67, 0x63, 0x8F,
    0x5C, 0x9E, 0xBD, 0x5B, 0x91, 0xC9, 0x9F, 0xFF, 0x99, 0x6C, 0x3D, 0x1C, 0x20, 0xD2, 0xA9, 0xFD,
    0x0D, 0xD4, 0x32, 0xA8, 0x35, 0xE5, 0x0D, 0xDD, 0x9A, 0xF5, 0xAB, 0xEA, 0x45, 0x46, 0x1B, 0x95,
    0xB4, 0xC2, 0x65, 0x21, 0xC8, 0x13, 0xD0, 0x87, 0x62, 0x02, 0x3C, 0xCA, 0x08, 0xFC, 0x02, 0x4E,
    0xC5, 0x57, 0x96, 0xA6, 0x88, 0x2C, 0x5F, 0x9B, 0x25, 0xF0, 0x58, 0xCC, 0xD5, 0xBC, 0x3A, 0x9D,
    0xC4, 0x7A, 0x97, 0xDC, 0xCD, 0x77, 0x95, 0xEB, 0x60, 0x8A, 0x1E, 0xDD, 0xD6, 0x5C, 0x1A, 0x54,
    0x4D, 0x2E, 0x9D, 0x19, 0xCC, 0x81, 0xFE, 0x2F, 0xD2, 0x2F, 0x13, 0xFD, 0xEF, 0x4C, 0x3F, 0x27,
    0x1A, 0x17, 0x55, 0x62, 0x2F, 0x92, 0x24, 0xB6, 0x66, 0xAD, 0xE6, 0xB1, 0x0A, 0xBC, 0xEA, 0x4D,
    0x37, 0xD0, 0x72, 0xD4, 0xA4, 0x48, 0xAC, 0x92, 0x3A, 0x99, 0x73, 0xA5, 0xC9, 0x2C, 0xF1, 0x2A,
    0x16, 0xF3, 0xCA, 0xAC, 0x0F, 0xBE, 0xA0, 0xFE, 0xAF, 0xD4, 0x5D, 0x9B, 0x42, 0x0B, 0x33, 0x17,
    0xAD, 0xD6, 0xD9, 0x5D, 0x4F, 0xE6, 0xA2, 0x2E, 0x99, 0x50, 0xB4, 0x66, 0xDD, 0x98, 0xDD, 0x43,
    0xFB, 0x4E, 0x7D, 0x2E, 0x93, 0x26, 0x9D, 0x44, 0x1D, 0xE5, 0x87, 0x4B, 0x91, 0x54, 0x75, 0x10,
    0x89, 0x66, 0xE7, 0x03, 0x96, 0x2A, 0xB8, 0x88, 0xC5, 0x8D, 0xF9, 0x82, 0xA5, 0x8C, 0x99, 0x34,
    0x4B, 0x3E, 0xA1, 0x0D, 0x4B, 0x9E, 0xE0, 0x75, 0xD4, 0x82, 0x42, 0x2B, 0x08, 0x76, 0xB3, 0xD6,
    0x69, 0x32, 0xB5, 0x0E, 0x3B, 0xB5, 0x9A, 0x4A, 0x3D, 0xEF, 0x44, 0x2B, 0x23, 0x17, 0x09, 0x0B,
    0xF0, 0xE2, 0x06, 0x6E, 0x00, 0x5C, 0xD8, 0x5A, 0xFE, 0x04, 0x85, 0x47, 0xDA, 0x5A, 0x0C, 0x17,
    0xB3, 0xEB, 0x8A, 0x61, 0x9F, 0xD4, 0x71, 0xBF, 0xA7, 0xF3, 0xDE, 0x77, 0x32, 0xCE, 0x2F, 0x7D,
    0x12, 0xDD, 0x11, 0xEA, 0xFB, 0x78, 0xEE, 0x53, 0xF1, 0x21, 0xD6, 0xBE, 0xC9, 0x3F, 0xC4, 0x4A,
    0xFD, 0xF7, 0x78, 0xD0, 0xFF, 0x56, 0x1D, 0x9C, 0xFA, 0x9F, 0xC1, 0xFD, 0xA5, 0xC9, 0x3F, 0x05,
    0xF7, 0x2F, 0xE4, 0x12, 0x4A, 0xB9, 0xB5, 0x2B, 0x04, 0xBD, 0x7C, 0x84, 0x0F, 0xBD, 0x48, 0x63,
    0x0E, 0x3E, 0x5C, 0xC1, 0x47, 0x9A, 0x4F, 0x74, 0x97, 0x54, 0x37, 0x7C, 0x1B, 0x51, 0x77, 0xB4,
    0x85, 0xBA, 0x5B, 0x55, 0x91, 0x64, 0x46, 0xBA, 0x36, 0xB6, 0x59, 0x86, 0x7B, 0x8A, 0x48, 0xB3,
    0xF5, 0xAB, 0xAB, 0xD5, 0x8D, 0xBA, 0x13, 0x79, 0x3D, 0xA0, 0x14, 0xF9, 0x34, 0xC0, 0x4F, 0x99,
    0x0C, 0xDC, 0x17, 0x95, 0xDA, 0xC0, 0x66, 0x43, 0x79, 0xB4, 0x37, 0xDB, 0x8D, 0x96, 0xB1, 0xFC,
    0x71, 0xAC, 0xD5, 0xB1, 0x9A, 0xC7, 0xFA, 0x0F, 0x8F, 0x5E, 0xB8, 0xF2, 0xAD, 0xC8, 0xFA, 0xF9,
    0xD0, 0xE5, 0xBA, 0x63, 0x57, 0x91, 0xCB, 0x27, 0xEC, 0x72, 0xC8, 0x56, 0xB0, 0x3F, 0xF4, 0xB6,
    0x67, 0xEB, 0x86, 0xEF, 0x8C, 0x76, 0xB9, 0xC0, 0x3A, 0x95, 0x59, 0x8B, 0x4C, 0xF7, 0xEC, 0x80,
    0x53, 0x6E, 0x33, 0x95, 0x79, 0xA8, 0xE3, 0x02, 0x6B, 0xBA, 0x91, 0xF5, 0x8B, 0xC8, 0xB9, 0xF2,
    0xC4, 0x79, 0x0F, 0x6B, 0xB0, 0xF5, 0x1C, 0xD7, 0x66, 0xEB, 0xCC, 0xF5, 0xE7, 0x47, 0x5A, 0x07,
    0x2A, 0x50, 0x77, 0x0B, 0x2D, 0x66, 0xEA, 0x22, 0xAD, 0x03, 0xED, 0x1B, 0x55, 0x8B, 0xA9, 0xF9,
    0x4C, 0x5D, 0xA4, 0xD5, 0x00, 0x08, 0x8F, 0xB8, 0x95, 0xE7, 0xEF, 0x32, 0x45, 0xA2, 0xBB, 0x95,
    0x42, 0xCC, 0x36, 0xD0, 0x6A, 0xBC, 0x9B, 0xA5, 0x48, 0x54, 0x43, 0x2A, 0xA4, 0xA1, 0x6D, 0xA0,
    0xD5, 0x48, 0xDD, 0xF4, 0x70, 0xEF, 0xC0, 0x76, 0xE1, 0x69, 0x7F, 0x45, 0xDF, 0xFD, 0x9D, 0x5E,
    0x2F, 0x54, 0x26, 0xB5, 0xE2, 0xDB, 0xB5, 0x93, 0x91, 0x7F, 0x0A, 0x93, 0x72, 0xCD, 0xE4, 0x62,
    0xC9, 0xE1, 0xC7, 0x92, 0x60, 0x92, 0x0E, 0x26, 0x7E, 0xC8, 0x52, 0x64, 0x35, 0x65, 0x34, 0x67,
    0xF6, 0xFF, 0x62, 0xA1, 0xE8, 0xCD, 0x1A, 0x0F, 0xEF, 0x88, 0xE7, 0xAB, 0xCE, 0x0C, 0x66, 0x77,
    0x3A, 0x53, 0xDF, 0xD5, 0x61, 0x4D, 0xAB, 0x4F, 0x47, 0xBA, 0xC2, 0xAE, 0xFE, 0x1C, 0xF9, 0xA9,
    0x36, 0xF7, 0x1B, 0x93, 0x7D, 0xEF, 0x68, 0x75, 0xDC, 0x76, 0x03, 0x72, 0x79, 0x2A, 0x13, 0x8A,
    0x79, 0xF7, 0x25, 0xC1, 0x8D, 0xF9, 0xB8, 0xC2, 0x87, 0x7C, 0xF8, 0x9D, 0xAE, 0xB4, 0x08, 0xBF,
    0xE6, 0x7B, 0x17, 0x6C, 0x75, 0x6A, 0x0B, 0xD7, 0x99, 0x8D, 0xBD, 0xF5, 0xA0, 0x9E, 0xB2, 0x9C,
    0x5A, 0xDF, 0xDA, 0xE2, 0x4C, 0x7F, 0x2D, 0x2E, 0xF4, 0x57, 0x63, 0x4F, 0x9B, 0x44, 0xBB, 0x19,
    0x57, 0x5A, 0x7F, 0xC2, 0x02, 0xF7, 0x3E, 0x66, 0x09, 0xC5, 0xFF, 0x63, 0x3E, 0x23, 0x97, 0x58,
    0x45, 0x5B, 0x4F, 0x80, 0x15, 0x03, 0x0A, 0xF9, 0x48, 0x83, 0x82, 0xD2, 0x74, 0x07, 0x3B, 0x9A,
    0xD9, 0x37, 0xDD, 0x5B, 0x5E, 0x44, 0x22, 0x76, 0xD2, 0xF8, 0x04, 0xFC, 0x0D, 0xBB, 0x87, 0x1F,
    0xDF, 0xC5, 0x4C, 0x38, 0xF5, 0xBE, 0x65, 0x62, 0x13, 0x4C, 0xB4, 0x0D, 0x4A, 0xCE, 0xF4, 0x89,
    0x24, 0x4F, 0xB3, 0x38, 0x9D, 0xCD, 0x74, 0xF4, 0x97, 0xB6, 0x25, 0x6B, 0xA0, 0x1F, 0x1E, 0x49,
    0x83, 0xDA, 0xBE, 0x75, 0xA5, 0xD8, 0xAB, 0x66, 0xEB, 0x04, 0xCE, 0x37, 0x4F, 0xE4, 0xC2, 0xDC,
    0xDB, 0x5D, 0x2C, 0xF7, 0x7B, 0xCB, 0x9F, 0x84, 0xBD, 0x65, 0xF7, 0x99, 0xDF, 0xAE, 0x5D, 0x6C,
    0xED, 0x89, 0xF0, 0x3F, 0xA8, 0x7C, 0x60, 0x6F, 0x29, 0x06, 0xD8, 0x73, 0x61, 0xDF, 0x28, 0x69,
    0xE3, 0xBA, 0x8D, 0x0D, 0xF5, 0xA0, 0x95, 0x59, 0x9B, 0xE7, 0xB4, 0x3B, 0x03, 0xC7, 0x72, 0x72,
    0x1F, 0xF6, 0xAA, 0x53, 0xD9, 0x5B, 0x66, 0x3E, 0xE3, 0x69, 0x62, 0x6F, 0x59, 0xA7, 0x6C, 0x01,
    0x24, 0xDE, 0xEF, 0x2D, 0xB9, 0xCC, 0x50, 0x07, 0x05, 0x05, 0xDD, 0x3E, 0x91, 0x5A, 0xF4, 0x98,
    0xB6, 0xE2, 0xE4, 0x71, 0x3A, 0xC9, 0x9D, 0xF5, 0x2D, 0xED, 0x39, 0xEF, 0xB0, 0x15, 0x78, 0x32,
    0x02, 0xF7, 0xFE, 0x6B, 0x6B, 0x4F, 0x27, 0x79, 0xFE, 0xD6, 0x2B, 0x92, 0x2D, 0xF4, 0xC9, 0x6C,
    0xF9, 0x68, 0x76, 0x74, 0xB6, 0x09, 0x27, 0x9A, 0x27, 0x9A, 0x09, 0x45, 0x1B, 0x68, 0x35, 0xD2,
    0x72, 0xA6, 0xF9, 0x42, 0x21, 0x0D, 0xAD, 0x03, 0xF5, 0x91, 0x96, 0xE9, 0x30, 0xD3, 0x69, 0x1F,
    0x99, 0x57, 0xB4, 0x5C, 0x69, 0x3F, 0x53, 0x96, 0xC9, 0x0E, 0xFD, 0xCE, 0x2A, 0xF6, 0xC2, 0xE4,
    0x55, 0xCF, 0xE4, 0xE5, 0xC9, 0xA4, 0x0B, 0x4C, 0xFA, 0xA0, 0x49, 0x55, 0x93, 0xA8, 0xC2, 0x65,
    0x6B, 0x5F, 0x26, 0xDA, 0xD0, 0x1E, 0x6A, 0xB6, 0xD2, 0x22, 0xD1, 0x76, 0x52, 0x45, 0x06, 0x13,
    0x74, 0xB4, 0xC9, 0xE4, 0xD2, 0x5C, 0x4C, 0x69, 0x38, 0xB0, 0x0F, 0xD4, 0x8F, 0xB4, 0x8C, 0xB4,
    0xD8, 0x3A, 0xDD, 0x3F, 0x53, 0x52, 0xE6, 0x6D, 0x6C, 0x2D, 0xAC, 0x43, 0x17, 0x50, 0xD6, 0x07,
    0x70, 0x42, 0x5E, 0x1D, 0xB6, 0x9E, 0x4A, 0x6E, 0x3D, 0x2F, 0xC3, 0x49, 0x5A, 0x91, 0x8F, 0x44,
    0x8C, 0xD0, 0x02, 0xED, 0xA8, 0xB8, 0xA8, 0x14, 0x93, 0x92, 0xCF, 0x0F, 0x29, 0x22, 0x23, 0x23,
    0xC3, 0xA1, 0xE5, 0x62, 0x95, 0x9B, 0xDB, 0x02, 0xDE, 0x86, 0x25, 0x25, 0x5B, 0x14, 0xAC, 0x44,
    0x6E, 0x59, 0x8F, 0x17, 0x2C, 0xE2, 0x67, 0x0E, 0x8B, 0xC4, 0x4A, 0x7D, 0xFF, 0x4A, 0xBF, 0x03,
    0xB4, 0x57, 0x41, 0x8E, 0xE5, 0x44, 0x0C, 0xAD, 0x24, 0x03, 0x25, 0x11, 0x41, 0xB1, 0x60, 0xC7,
    0x22, 0x6C, 0x59, 0x85, 0x0B, 0xA0, 0x2A, 0xC1, 0x82, 0x2D, 0x47, 0x99, 0xC5, 0x6C, 0xA7, 0x27,
    0xD2, 0x5C, 0xA0, 0x0F, 0xC1, 0x31, 0x3A, 0x24, 0x12, 0x07, 0xA0, 0x80, 0x25, 0x9B, 0x48, 0x1C,
    0x80, 0x88, 0x09, 0x22, 0x2D, 0xEA, 0x7F, 0x63, 0x3F, 0xEB, 0xCB, 0xCD, 0x28, 0xA0, 0x06, 0xF5,
    0xF7, 0xE2, 0xB9, 0x13, 0xBB, 0x5C, 0xF6, 0xB3, 0xE3, 0xAF, 0x76, 0x17, 0x79, 0x01, 0xAC, 0x4E,
    0x50, 0xBE, 0x40, 0x85, 0x15, 0x2A, 0xCE, 0x50, 0x67, 0x60, 0xB3, 0xAB, 0x89, 0x44, 0x5C, 0x54,
    0xA5, 0x4F, 0xB0, 0x99, 0xA7, 0x9C, 0xB3, 0x28, 0x88, 0x89, 0x1B, 0xEC, 0x3E, 0x93, 0x4F, 0x04,
    0xC4, 0xA1, 0x21, 0x04, 0xE7, 0x93, 0x91, 0x36, 0x8E, 0xF4, 0xED, 0xC9, 0x35, 0xE5, 0x6E, 0x4A,
    0x61, 0xBD, 0xEB, 0x73, 0x9C, 0x4B, 0xBB, 0x06, 0x57, 0xEA, 0x0C, 0xE7, 0xAB, 0x81, 0xC9, 0xFB,
    0xC0, 0x98, 0x04, 0xFB, 0x2C, 0xD8, 0x6E, 0x82, 0xB5, 0x56, 0x31, 0xC1, 0xD0, 0x65, 0x94, 0xBF,
    0x01, 0x0B, 0x70, 0xD3, 0xF7, 0xEA, 0xA3, 0xFE, 0x38, 0x6B, 0x71, 0x10, 0x13, 0xF1, 0x21, 0x57,
    0x2E, 0x08, 0xA4, 0x81, 0x3E, 0x10, 0x09, 0x4A, 0x41, 0xAE, 0xD2, 0x0C, 0xC2, 0x1B, 0x52, 0x67,
    0xB4, 0xC3, 0x24, 0x57, 0x99, 0xB1, 0xD9, 0xFC, 0x86, 0x5E, 0xA2, 0x92, 0x38, 0xA3, 0x2C, 0x42,
    0x31, 0x4D, 0x41, 0x65, 0x61, 0x91, 0x32, 0x2F, 0x13, 0x01, 0xA4, 0x59, 0x9F, 0x92, 0xDA, 0x2E,
    0x9E, 0x7A, 0xEE, 0x12, 0x05, 0x31, 0xED, 0x06, 0xDC, 0x67, 0xF2, 0x99, 0x0D, 0x86, 0xB8, 0x52,
    0xBE, 0x0C, 0xC6, 0xC8, 0xE1, 0x76, 0xAE, 0xA2, 0x5B, 0x0A, 0x0F, 0xC6, 0xC0, 0x95, 0x7D, 0xC0,
    0x35, 0xCE, 0xFF, 0x89, 0x15, 0x9C, 0xC0, 0x59, 0x44, 0x41, 0x3C, 0x8E, 0x6C, 0xAC, 0x64, 0xDC,
    0xAB, 0xCE, 0xC8, 0x65, 0xE2, 0x9A, 0xDE, 0xC2, 0x05, 0x4D, 0xDE, 0x05, 0x47, 0x02, 0xC6, 0x59,
    0x30, 0xAC, 0x82, 0x4D, 0x11, 0x74, 0x04, 0x64, 0x03, 0xA3, 0x18, 0x3E, 0x02, 0x17, 0x2C, 0x04,
    0xC4, 0x09, 0x18, 0xDC, 0xA1, 0x61, 0x81, 0x41, 0x79, 0xE1, 0x74, 0x7A, 0xA2, 0xE5, 0x01, 0xC2,
    0xFA, 0x4A, 0xB0, 0xC6, 0xDF, 0xED, 0x1B, 0xC1, 0xFE, 0x27, 0xC1, 0xE9, 0x4B, 0x50, 0xDF, 0x30,
    0xB6, 0x9B, 0x60, 0x9F, 0x05, 0xA7, 0xC4, 0xC8, 0xB4, 0x57, 0x5F, 0xDB, 0x50, 0x1E, 0xCF, 0xAA,
    0x8D, 0xF9, 0xE7, 0xB8, 0xFE, 0x99, 0x21, 0xDE, 0xC0, 0x7A, 0xF0, 0x75, 0x1C, 0x1B, 0x70, 0x23,
    0x6E, 0x17, 0x83, 0x65, 0x85, 0x0C, 0x91, 0x2D, 0x32, 0xB7, 0x2A, 0x6A, 0xAB, 0xEE, 0xA8, 0x6A,
    0x95, 0xE6, 0x01, 0x4B, 0xCA, 0x18, 0x19, 0x93, 0x60, 0xD5, 0x5E, 0x83, 0x79, 0x74, 0xC1, 0x3A,
    0x42, 0xD6, 0xA9, 0xB0, 0x5A, 0x07, 0xC9, 0x3A, 0x8B, 0x2E, 0x1F, 0x74, 0x5F, 0xE4, 0x1B, 0x60,
    0x45, 0x83, 0xAA, 0x15, 0x8F, 0x1F, 0x17, 0x7D, 0x7B, 0x56, 0x9F, 0x57, 0xBA, 0xF1, 0xA2, 0xEE,
    0xBF, 0x98, 0x9C, 0x2F, 0xA2, 0x90, 0x45, 0x94, 0xEC, 0xE0, 0x22, 0xCE, 0x67, 0x6C, 0xD1, 0xB6,
    0xE8, 0x4E, 0x5D, 0xF5, 0x7B, 0x9A, 0xF1, 0x74, 0xEF, 0xFE, 0xFF, 0x86, 0x7D, 0xF7, 0x16, 0x6A,
    0xCA, 0x20, 0x86, 0xA0, 0x82, 0x3A, 0x76, 0x59, 0x63, 0x0D, 0xAA, 0xD8, 0x9C, 0xA0, 0x42, 0x86,
    0x6A, 0x37, 0xA8, 0xFA, 0xA4, 0x2E, 0x53, 0xC2, 0x01, 0xEE, 0x6A, 0xE0, 0x7C, 0xFC, 0xC6, 0xC1,
    0x58, 0xD8, 0x38, 0x89, 0x66, 0x77, 0x7D, 0x72, 0xB0, 0x59, 0xFF, 0x31, 0x0C, 0x88, 0x62, 0xD3,
    0x80, 0x1B, 0x1C, 0xEE, 0x7B, 0x5B, 0x9E, 0xA3, 0x90, 0x82, 0x30, 0x28, 0xB9, 0xD3, 0x31, 0x18,
    0xC0, 0xA9, 0x45, 0xEF, 0x6C, 0xCB, 0xCC, 0x1D, 0x50, 0xDE, 0x87, 0x99, 0x7D, 0x18, 0xD9, 0x5F,
    0xB0, 0x5B, 0x04, 0xFD, 0x2E, 0x58, 0x15, 0x46, 0x8E, 0x0F, 0x74, 0x4F, 0x86, 0x28, 0x63, 0xB0,
    0x29, 0x44, 0xD2, 0xC8, 0x14, 0x59, 0x5B, 0x05, 0x9C, 0xDE, 0x04, 0x86, 0x94, 0x2E, 0xFD, 0x7B,
    0xC4, 0xFB, 0x11, 0x3E, 0x23, 0xFC, 0x47, 0x9C, 0x1D, 0x11, 0x67, 0x44, 0xCC, 0x11, 0xF1, 0xD9,
    0xEA, 0x9E, 0x02, 0x9F, 0xAE, 0xF6, 0xE7, 0xC6, 0xAA, 0xDF, 0x8D, 0x6D, 0x30, 0xAF, 0x5D, 0xD0,
    0x8E, 0x1C, 0x77, 0xEA, 0x98, 0x23, 0x25, 0xAF, 0xD8, 0x24, 0x40, 0xC6, 0x27, 0xC3, 0x66, 0x30,
    0x56, 0xC1, 0x30, 0xB2, 0x00, 0xF3, 0xD6, 0x85, 0xC3, 0x4E, 0xA1, 0x83, 0xC7, 0xF3, 0xB8, 0x5B,
    0xF7, 0x39, 0xBE, 0x49, 0x7F, 0x2F, 0x58, 0xEB, 0xBA, 0x68, 0x09, 0xFB, 0xA1, 0x5F, 0xDA, 0xE2,
    0xB0, 0x00, 0xF8, 0x2C, 0x2E, 0xD6, 0xDF, 0x98, 0x3E, 0xB9, 0x8A, 0xE3, 0x74, 0x83, 0xAB, 0x36,
    0xA8, 0x9A, 0xD5, 0x7B, 0x09, 0x8A, 0xE5, 0x5F, 0xD4, 0xB3, 0x7A, 0xAB, 0x65, 0x23, 0xD7, 0x5B,
    0x2B, 0xCB, 0xE9, 0x8B, 0xAD, 0xCF, 0x1C, 0xEE, 0x87, 0x55, 0x3E, 0xBB, 0xF6, 0xF7, 0xDF, 0x4E,
    0xE2, 0x78, 0xFE, 0x03, 0xAE, 0x13, 0x65, 0xE4, 0x45, 0x49, 0x54, 0x7B, 0xB2, 0x28, 0x2C, 0xB7,
    0xC0, 0xF6, 0x9C, 0xD4, 0x73, 0xC1, 0xB6, 0xA0, 0x22, 0xEF, 0xEE, 0x2B, 0xD2, 0x6D, 0x11, 0xD9,
    0x18, 0xA5, 0xBF, 0xBA, 0x1F, 0x38, 0xDA, 0x0D, 0xD7, 0xCF, 0xAE, 0x2F, 0xD9, 0x99, 0xD5, 0xA7,
    0xAC, 0xA4, 0xCA, 0xC7, 0xA8, 0x0F, 0x9B, 0xB5, 0x62, 0x75, 0xD7, 0xAC, 0x81, 0xA3, 0x52, 0xB3,
    0x46, 0x89, 0xFA, 0xDD, 0x42, 0x42, 0xE6, 0x9B, 0x5F, 0x8A, 0x38, 0xFE, 0xF9, 0x2B, 0x5C, 0xC1,
    0x20, 0x1B, 0x49, 0xA7, 0xB7, 0x58, 0x14, 0x16, 0x30, 0xEE, 0x89, 0xF6, 0xBF, 0xE1, 0x3B, 0x5E,
    0x9C, 0x7B, 0x2F, 0x15, 0xD3, 0x57, 0x3F, 0x6F, 0xAE, 0x2E, 0xFE, 0xC7, 0x93, 0xF3, 0xAB, 0xCF,
    0x53, 0xE2, 0xC9, 0xCC, 0xFD, 0xDC, 0x27, 0x9F, 0xC3, 0x12, 0x9D, 0xCF, 0xCD, 0x7A, 0xC3, 0x58,
    0x6F, 0xA3, 0xF4, 0x74, 0xBF, 0x93, 0x80, 0xA5, 0xFC, 0x03, 0xAA, 0xF5, 0x25, 0x30, 0x32, 0xD4,
    0x7B, 0x44, 0x32, 0x1D, 0xA7, 0xD8, 0xAE, 0x61, 0x11, 0x9E, 0x64, 0x57, 0x4F, 0x43, 0x45, 0xB7,
    0x2D, 0x71, 0x83, 0x41, 0x62, 0x4B, 0xE0, 0x7E, 0xBA, 0xC7, 0x8B, 0xE1, 0x21, 0x62, 0x46, 0x06,
    0x56, 0x81, 0x5E, 0x73, 0x4D, 0xF1, 0xFB, 0xD7, 0xEC, 0x7F, 0x0E, 0xC3, 0xC4, 0x3B, 0x3F, 0x0C,
    0xFD, 0x10, 0x96, 0x6E, 0x08, 0xB9, 0x9B, 0xBB, 0xC1, 0xAF, 0x31, 0x75, 0x03, 0x33, 0xC5, 0x03,
    0x52, 0xED, 0x37, 0xC8, 0xE1, 0x31, 0xD9, 0xA2, 0x2E, 0xF8, 0xD7, 0x9B, 0x66, 0xDB, 0x4B, 0xB6,
    0x0B, 0xB2, 0x9D, 0xBD, 0x64, 0x9B, 0x6A, 0xCE, 0x56, 0x77, 0xB9, 0xCC, 0x1F, 0x18, 0xAF, 0x24,
    0x5B, 0x93, 0x26, 0xD9, 0xEA, 0xC6, 0x22, 0xB7, 0xB5, 0x2E, 0x01, 0x6C, 0xE5, 0xE3, 0x4B, 0x89,
    0xF8, 0x71, 0x50, 0x45, 0x50, 0x07, 0x3F, 0x0E, 0x2F, 0x70, 0xAE, 0x3A, 0x21, 0x8A, 0x2F, 0x88,
    0x19, 0x56, 0xDC, 0x10, 0xE7, 0x26, 0x5D, 0xF5, 0x5F, 0x8F, 0xAB, 0xFE, 0xFF, 0x83, 0xE4, 0x51,
    0x8A, 0x15, 0xA6, 0x65, 0x5E, 0x8A, 0xFE, 0x6B, 0x78, 0x03, 0x8B, 0xA2, 0x9A, 0x14, 0x00, 0xD4,
    0x93, 0x01, 0x6A, 0xDB, 0x4C, 0x14, 0x84, 0x47, 0x16, 0x44, 0xF0, 0x8B, 0x1F, 0x01, 0x14, 0x00,
    0x1A, 0xD0, 0x11, 0x74, 0x04, 0xE9, 0x04, 0xA5, 0x07, 0x2A, 0x5E, 0x87, 0x5E, 0x20, 0x07, 0x6A,
    0x2D, 0x1F, 0x41, 0x07, 0x28, 0x20, 0x20, 0x07, 0x10, 0xB0, 0x05, 0x05, 0xD6, 0x7E, 0x7D, 0x33,
    0x10, 0xAF, 0xD2, 0x24, 0xA4, 0x00, 0x50, 0xBA, 0x88, 0xCF, 0xD8, 0x6F, 0x66, 0x76, 0x16, 0xAD,
    0x11, 0x22, 0x7C, 0x55, 0x17, 0x12, 0xE3, 0x44, 0x36, 0x91, 0xDC, 0x9D, 0x49, 0x8C, 0x03, 0xD9,
    0x9D, 0x34, 0x58, 0x80, 0x1B, 0xFB, 0xEA, 0xE3, 0x60, 0x3F, 0x13, 0x0A, 0xB3, 0xF3, 0x19, 0xE5,
    0x65, 0xE8, 0x8E, 0x1C, 0x95, 0x86, 0xD6, 0xFD, 0x26, 0xF1, 0x88, 0xFE, 0xE0, 0xB2, 0xA1, 0x77,
    0x7B, 0xFF, 0x16, 0x21, 0x8D, 0xF4, 0x47, 0x79, 0xCF, 0xCA, 0x49, 0xCA, 0x8C, 0xCC, 0xB7, 0x09,
    0xE8, 0xCC, 0x5C, 0xBC, 0xB3, 0x07, 0x56, 0xE8, 0x17, 0x31, 0xAA, 0x5A, 0x22, 0x4D, 0x4C, 0x6C,
    0x5B, 0xA4, 0xA3, 0xB3, 0x5C, 0x03, 0xB9, 0x70, 0x8B, 0x6A, 0xE1, 0x16, 0xCD, 0xDC, 0x9E, 0x9C,
    0x53, 0xE3, 0x69, 0xED, 0xA9, 0x99, 0x81, 0xEE, 0x50, 0x2F, 0xAC, 0x51, 0xF2, 0x2C, 0xEE, 0x60,
    0x81, 0x5D, 0x62, 0x81, 0xC2, 0x9F, 0x04, 0x5C, 0xF4, 0x75, 0xD4, 0x28, 0xA0, 0xA2, 0x58, 0x96,
    0x9E, 0x76, 0x0F, 0x69, 0x27, 0x06, 0x76, 0x8C, 0xD5, 0x16, 0xF5, 0xD2, 0x9B, 0xAF, 0xB8, 0xE5,
    0xE8, 0x48, 0x1B, 0x00, 0xBB, 0xBF, 0x8B, 0xC0, 0x5A, 0xC3, 0x96, 0xBD, 0xDE, 0x2B, 0x0F, 0xC3,
    0x23, 0x90, 0x65, 0x22, 0x8B, 0xCB, 0xE6, 0xE5, 0x4B, 0x84, 0x66, 0x26, 0xAB, 0x98, 0x45, 0x30,
    0x31, 0x1C, 0xB6, 0x37, 0x44, 0xE3, 0x95, 0xDC, 0xA5, 0xCC, 0x6A, 0xCD, 0x53, 0xC5, 0x29, 0x5A,
    0xDB, 0x30, 0x2D, 0x0F, 0xBB, 0x29, 0x47, 0x5A, 0x1E, 0xD6, 0x51, 0x3D, 0xE7, 0xEC, 0x7F, 0x79,
    0x16, 0xF1, 0xB0, 0x25, 0x24, 0x17, 0xB1, 0x17, 0x91, 0xC4, 0x5D, 0x84, 0xB2, 0x17, 0x28, 0x7C,
    0x82, 0x0A, 0x9C, 0xDE, 0xD4, 0x17, 0x6B, 0xD6, 0xBF, 0xB7, 0xB2, 0xAE, 0x9A, 0xB7, 0xB9, 0xED,
    0xB3, 0x3A, 0xDF, 0x9F, 0xD7, 0x79, 0x57, 0xAF, 0x16, 0x49, 0x62, 0x75, 0x29, 0xA3, 0x1C, 0x8B,
    0xFA, 0xCB, 0xD7, 0x4C, 0xE2, 0xC9, 0x12, 0xEF, 0xA7, 0x9D, 0x79, 0xC9, 0xED, 0xA2, 0x80, 0x11,
    0x08, 0x7A, 0x8E, 0xBC, 0xF3, 0xD0, 0x08, 0x92, 0x15, 0x2B, 0x2D, 0x65, 0xA4, 0xBD, 0x5C, 0x18,
    0xC5, 0xC8, 0x6A, 0x61, 0x64, 0xB9, 0xB0, 0x49, 0xB9, 0x92, 0x45, 0xEA, 0x58, 0x27, 0xB9, 0x1B,
    0x38, 0xAB, 0xD3, 0x71, 0x4F, 0x06, 0x1D, 0xA4, 0x4F, 0x99, 0x1D, 0xFB, 0x8D, 0xF7, 0x08, 0xF7,
    0x28, 0x6D, 0x2D, 0x6C, 0x45, 0x63, 0xE7, 0xD2, 0xFB, 0x74, 0x53, 0xA8, 0xEF, 0xCC, 0x0B, 0xB4,
    0x9F, 0x1C, 0x01, 0xF5, 0x0F, 0x74, 0xC3, 0x1E, 0xE5, 0x83, 0xB7, 0x39, 0xFA, 0x6E, 0x68, 0x9F,
    0x3E, 0xF6, 0xB8, 0x89, 0xFE, 0x63, 0xC0, 0xFF, 0xDF, 0x5C, 0xD2, 0x0F, 0xB7, 0x7B, 0xF4, 0x6E,
    0xFF, 0xD2, 0xBB, 0xBD, 0xB1, 0xE8, 0x79, 0xA8, 0x6C, 0xAE, 0x2C, 0xEA, 0x1A, 0x8D, 0x6C, 0x56,
    0x98, 0xCD, 0x40, 0x2D, 0x36, 0xA4, 0xC7, 0xA8, 0xCD, 0x3F, 0xCD, 0xD1, 0x6C, 0x20, 0x2F, 0x20,
    0xA3, 0xCE, 0x79, 0xC0, 0x7F, 0x68, 0xEC, 0x11, 0xED, 0xA9, 0x33, 0x9B, 0xC2, 0xD0, 0xDF, 0xB9,
    0x0A, 0x47, 0xD4, 0x96, 0x70, 0xEB, 0xB2, 0x19, 0x2F, 0xD7, 0x1F, 0xBA, 0x9A, 0x53, 0xBE, 0x78,
    0xFD, 0xD3, 0x35, 0x7D, 0xED, 0x6F, 0x55, 0x4F, 0x59, 0xDE, 0x0D, 0x1B, 0xB9, 0x98, 0xF0, 0x9A,
    0xCB, 0xE5, 0x59, 0xB8, 0xBF, 0x0A, 0xB5, 0x3E, 0x3C, 0xDD, 0xEB, 0xCE, 0x71, 0x63, 0x91, 0xFE,
    0x81, 0xEF, 0x18, 0x18, 0x2F, 0xC0, 0x47, 0x9B, 0x80, 0xC0, 0x79, 0x38, 0x5C, 0xF1, 0xC8, 0xAA,
    0x1C, 0x48, 0x82, 0xDA, 0x1E, 0x20, 0x1B, 0xDC, 0x17, 0x15, 0xA5, 0x50, 0xC5, 0x13, 0x5A, 0xEA,
    0xB5, 0x66, 0x7C, 0xBE, 0x96, 0x09, 0xBF, 0xDB, 0x79, 0xCE, 0xC2, 0x36, 0xBB, 0x30, 0xAA, 0xBA,
    0x62, 0x5C, 0xD5, 0x4B, 0x12, 0x89, 0x55, 0xBB, 0x67, 0x80, 0xA2, 0x14, 0xFA, 0x6B, 0x09, 0x20,
    0x02, 0xA7, 0xE5, 0x00, 0x63, 0x00, 0x82, 0x7A, 0x07, 0x06, 0xE9, 0xFF, 0x07, 0xFE, 0x1F, 0x60,
    0xA8, 0x07, 0x93, 0xFF, 0x41, 0x24, 0xE3, 0x1F, 0x90, 0x38, 0x90, 0x04, 0x02, 0x1C, 0x24, 0x50,
    0x39, 0x10, 0xA0, 0x90, 0x60, 0x5D, 0x74, 0x25, 0x81, 0x2E, 0xBF, 0x00, 0x24, 0xEB, 0xC1, 0xE4,
    0x7F, 0x20, 0x49, 0x94, 0xAE, 0x7A, 0xA0, 0x4A, 0x54, 0x92, 0xFE, 0x2E, 0x07, 0x00,
};

static const EpdGlyph terminalmono_20_regularGlyphs[] = {
    { 0, 0, 0, 0, 0, 0, 0 }, // U+0000
    { 0, 0, 400, 0, 0, 0, 0 }, // U+000D
    { 0, 0, 400, 0, 0, 0, 0 }, // U+0020
    { 7, 29, 400, 9, 29, 51, 0 }, // !
    { 11, 12, 400, 7, 31, 33, 51 }, // "
    { 25, 29, 400, 0, 29, 182, 84 }, // #
    { 22, 37, 400, 2, 33, 204, 266 }, // $
    { 25, 29, 400, 0, 29, 182, 470 }, // %
    { 24, 29, 400, 1, 29, 174, 652 }, // &
    { 4, 12, 400, 11, 31, 12, 826 }, // '
    { 13, 38, 400, 8, 32, 124, 838 }, // (
    { 13, 38, 400, 4, 32, 124, 962 }, // )
    { 23, 21, 400, 1, 24, 121, 1086 }, // *
    { 21, 21, 400, 2, 23, 111, 1207 }, // +
    { 9, 12, 400, 8, 6, 27, 1318 }, // ,
    { 13, 3, 400, 6, 14, 10, 1345 }, // -
    { 7, 6, 400, 9, 6, 11, 1355 }, // .
    { 19, 38, 400, 3, 32, 181, 1366 }, // /
    { 21, 29, 400, 2, 29, 153, 1547 }, // 0
    { 22, 29, 400, 2, 29, 160, 1700 }, // 1
    { 21, 29, 400, 2, 29, 153, 1860 }, // 2
    { 20, 29, 400, 2, 29, 145, 2013 }, // 3
    { 23, 29, 400, 1, 29, 167, 2158 }, // 4
    { 20, 29, 400, 3, 29, 145, 2325 }, // 5
    { 21, 29, 400, 2, 29, 153, 2470 }, // 6
    { 21, 29, 400, 2, 29, 153, 2623 }, // 7
    { 21, 29, 400, 2, 29, 153, 2776 }, // 8
    { 21, 29, 400, 2, 29, 153, 2929 }, // 9
    { 7, 23, 400, 9, 23, 41, 3082 }, // :
    { 9, 29, 400, 8, 23, 66, 3123 }, // ;
    { 19, 24, 400, 3, 25, 114, 3189 }, // <
    { 21, 12, 400, 2, 19, 63, 3303 }, // =
    { 19, 24, 400, 3, 25, 114, 3366 }, // >
    { 19, 29, 400, 3, 29, 138, 3480 }, // ?
    { 21, 34, 400, 2, 29, 179, 3618 }, // @
    { 23, 29, 400, 1, 29, 167, 3797 }, // A
    { 20, 29, 400, 3, 29, 145, 3964 }, // B
    { 21, 29, 400, 2, 29, 153, 4109 }, // C
    { 20, 29, 400, 3, 29, 145, 4262 }, // D
    { 19, 29, 400, 3, 29, 138, 4407 }, // E
    { 20, 29, 400, 3, 29, 145, 4545 }, // F
    { 20, 29, 400, 2, 29, 145, 4690 }, // G
    { 19, 29, 400, 3, 29, 138, 4835 }, // H
    { 19, 29, 400, 3, 29, 138, 4973 }, // I
    { 18, 29, 400, 3, 29, 131, 5111 }, // J
    { 22, 29, 400, 3, 29, 160, 5242 }, // K
    { 18, 29, 400, 5, 29, 131, 5402 }, // L
    { 21, 29, 400, 2, 29, 153, 5533 }, // M
    { 19, 29, 400, 3, 29, 138, 5686 }, // N
    { 21, 29, 400, 2, 29, 153, 5824 }, // O
    { 20, 29, 400, 3, 29, 145, 5977 }, // P
    { 21, 36, 400, 2, 29, 189, 6122 }, // Q
    { 21, 29, 400, 3, 29, 153, 6311 }, // R
    { 22, 29, 400, 1, 29, 160, 6464 }, // S
    { 24, 29, 400, 1, 29, 174, 6624 }, // T
    { 19, 29, 400, 3, 29, 138, 6798 }, // U
    { 23, 29, 400, 1, 29, 167, 6936 }, // V
    { 23, 29, 400, 1, 29, 167, 7103 }, // W
    { 24, 29, 400, 1, 29, 174, 7270 }, // X
    { 25, 29, 400, 0, 29, 182, 7444 }, // Y
    { 22, 29, 400, 2, 29, 160, 7626 }, // Z
    { 13, 38, 400, 9, 32, 124, 7786 }, // [
    { 19, 38, 400, 3, 32, 181, 7910 }, // <backslash>
    { 13, 38, 400, 3, 32, 124, 8091 }, // ]
    { 23, 18, 400, 1, 29, 104, 8215 }, // ^
    { 21, 3, 400, 2, -4, 16, 8319 }, // _
    { 8, 9, 400, 7, 34, 18, 8335 }, // `
    { 22, 22, 400, 2, 22, 121, 8353 }, // a
    { 20, 31, 400, 3, 31, 155, 8474 }, // b
    { 19, 22, 400, 3, 22, 105, 8629 }, // c
    { 20, 31, 400, 2, 31, 155, 8734 }, // d
    { 21, 22, 400, 2, 22, 116, 8889 }, // e
    { 20, 31, 400, 3, 31, 155, 9005 }, // f
    { 22, 33, 400, 2, 25, 182, 9160 }, // g
    { 18, 31, 400, 4, 31, 140, 9342 }, // h
    { 19, 32, 400, 4, 32, 152, 9482 }, // i
    { 17, 40, 400, 3, 32, 170, 9634 }, // j
    { 21, 31, 400, 4, 31, 163, 9804 }, // k
    { 19, 31, 400, 3, 31, 148, 9967 }, // l
    { 21, 22, 400, 2, 22, 116, 10115 }, // m
    { 18, 22, 400, 4, 22, 99, 10231 }, // n
    { 21, 22, 400, 2, 22, 116, 10330 }, // o
    { 20, 30, 400, 3, 22, 150, 10446 }, // p
    { 20, 30, 400, 2, 22, 150, 10596 }, // q
    { 21, 22, 400, 3, 22, 116, 10746 }, // r
    { 21, 22, 400, 2, 22, 116, 10862 }, // s
    { 22, 29, 400, 1, 29, 160, 10978 }, // t
    { 19, 22, 400, 3, 22, 105, 11138 }, // u
    { 21, 22, 400, 2, 22, 116, 11243 }, // v
    { 23, 22, 400, 1, 22, 127, 11359 }, // w
    { 21, 22, 400, 2, 22, 116, 11486 }, // x
    { 21, 30, 400, 2, 22, 158, 11602 }, // y
    { 19, 22, 400, 3, 22, 105, 11760 }, // z
    { 17, 38, 400, 4, 32, 162, 11865 }, // {
    { 4, 38, 400, 11, 32, 38, 12027 }, // |
    { 17, 38, 400, 4, 32, 162, 12065 }, // }
    { 22, 9, 400, 2, 17, 50, 12227 }, // ~
    { 0, 0, 400, 0, 0, 0, 0 }, // U+00A0
    { 7, 31, 400, 9, 22, 55, 0 }, // U+00A1
    { 19, 30, 400, 3, 26, 143, 55 }, // U+00A2
    { 22, 29, 400, 2, 29, 160, 198 }, // U+00A3
    { 20, 29, 400, 3, 29, 145, 358 }, // U+00A4
    { 25, 29, 400, 0, 29, 182, 503 }, // U+00A5
    { 4, 38, 400, 11, 32, 38, 685 }, // U+00A6
    { 19, 36, 400, 3, 29, 171, 723 }, // U+00A7
    { 13, 4, 400, 6, 30, 13, 894 }, // U+00A8
    { 26, 28, 400, 0, 29, 182, 907 }, // U+00A9
    { 15, 14, 400, 5, 29, 53, 1089 }, // U+00AA
    { 20, 18, 400, 3, 20, 90, 1142 }, // U+00AB
    { 20, 12, 400, 2, 14, 60, 1232 }, // U+00AC
    { 13, 3, 400, 6, 14, 10, 1292 }, // U+00AD
    { 17, 15, 400, 4, 29, 64, 1302 }, // U+00AE
    { 13, 3, 400, 6, 30, 10, 1366 }, // U+00AF
    { 15, 14, 400, 5, 29, 53, 1376 }, // U+00B0
    { 21, 27, 400, 2, 27, 142, 1429 }, // U+00B1
    { 13, 16, 400, 6, 29, 52, 1571 }, // U+00B2
    { 13, 16, 400, 6, 29, 52, 1623 }, // U+00B3
    { 8, 9, 400, 10, 34, 18, 1675 }, // U+00B4
    { 18, 30, 400, 4, 22, 135, 1693 }, // U+00B5
    { 21, 35, 400, 1, 29, 184, 1828 }, // U+00B6
    { 7, 6, 400, 9, 16, 11, 2012 }, // U+00B7
    { 10, 9, 400, 8, 1, 23, 2023 }, // U+00B8
    { 13, 16, 400, 6, 29, 52, 2046 }, // U+00B9
    { 15, 14, 400, 5, 29, 53, 2098 }, // U+00BA
    { 21, 18, 400, 2, 20, 95, 2151 }, // U+00BB
    { 25, 29, 400, 0, 29, 182, 2246 }, // U+00BC
    { 25, 29, 400, 0, 29, 182, 2428 }, // U+00BD
    { 25, 29, 400, 0, 29, 182, 2610 }, // U+00BE
    { 19, 30, 400, 3, 22, 143, 2792 }, // U+00BF
    { 23, 41, 400, 1, 41, 236, 2935 }, // U+00C0
    { 23, 41, 400, 1, 41, 236, 3171 }, // U+00C1
    { 23, 39, 400, 1, 39, 225, 3407 }, // U+00C2
    { 23, 38, 400, 1, 38, 219, 3632 }, // U+00C3
    { 23, 38, 400, 1, 38, 219, 3851 }, // U+00C4
    { 23, 41, 400, 1, 41, 236, 4070 }, // U+00C5
    { 24, 29, 400, 0, 29, 174, 4306 }, // U+00C6
    { 21, 37, 400, 2, 29, 195, 4480 }, // U+00C7
    { 19, 41, 400, 3, 41, 195, 4675 }, // U+00C8
    { 19, 41, 400, 3, 41, 195, 4870 }, // U+00C9
    { 19, 39, 400, 3, 39, 186, 5065 }, // U+00CA
    { 19, 38, 400, 3, 38, 181, 5251 }, // U+00CB
    { 19, 41, 400, 3, 41, 195, 5432 }, // U+00CC
    { 19, 41, 400, 3, 41, 195, 5627 }, // U+00CD
    { 19, 39, 400, 3, 39, 186, 5822 }, // U+00CE
    { 19, 38, 400, 3, 38, 181, 6008 }, // U+00CF
    { 23, 29, 400, 0, 29, 167, 6189 }, // U+00D0
    { 19, 38, 400, 3, 38, 181, 6356 }, // U+00D1
    { 21, 41, 400, 2, 41, 216, 6537 }, // U+00D2
    { 21, 41, 400, 2, 41, 216, 6753 }, // U+00D3
    { 21, 39, 400, 2, 39, 205, 6969 }, // U+00D4
    { 21, 38, 400, 2, 38, 200, 7174 }, // U+00D5
    { 21, 38, 400, 2, 38, 200, 7374 }, // U+00D6
    { 19, 18, 400, 3, 22, 86, 7574 }, // U+00D7
    { 23, 33, 400, 1, 31, 190, 7660 }, // U+00D8
    { 19, 41, 400, 3, 41, 195, 7850 }, // U+00D9
    { 19, 41, 400, 3, 41, 195, 8045 }, // U+00DA
    { 19, 39, 400, 3, 39, 186, 8240 }, // U+00DB
    { 19, 38, 400, 3, 38, 181, 8426 }, // U+00DC
    { 25, 41, 400, 0, 41, 257, 8607 }, // U+00DD
    { 20, 29, 400, 3, 29, 145, 8864 }, // U+00DE
    { 21, 39, 400, 4, 31, 205, 9009 }, // U+00DF
    { 22, 34, 400, 2, 34, 187, 9214 }, // U+00E0
    { 22, 34, 400, 2, 34, 187, 9401 }, // U+00E1
    { 22, 32, 400, 2, 32, 176, 9588 }, // U+00E2
    { 22, 30, 400, 2, 30, 165, 9764 }, // U+00E3
    { 22, 30, 400, 2, 30, 165, 9929 }, // U+00E4
    { 22, 34, 400, 2, 34, 187, 10094 }, // U+00E5
    { 25, 22, 400, 0, 22, 138, 10281 }, // U+00E6
    { 19, 30, 400, 3, 22, 143, 10419 }, // U+00E7
    { 21, 34, 400, 2, 34, 179, 10562 }, // U+00E8
    { 21, 34, 400, 2, 34, 179, 10741 }, // U+00E9
    { 21, 32, 400, 2, 32, 168, 10920 }, // U+00EA
    { 21, 30, 400, 2, 30, 158, 11088 }, // U+00EB
    { 19, 34, 400, 4, 34, 162, 11246 }, // U+00EC
    { 19, 34, 400, 4, 34, 162, 11408 }, // U+00ED
    { 19, 32, 400, 4, 32, 152, 11570 }, // U+00EE
    { 19, 30, 400, 4, 30, 143, 11722 }, // U+00EF
    { 21, 32, 400, 2, 32, 168, 11865 }, // U+00F0
    { 18, 30, 400, 4, 30, 135, 12033 }, // U+00F1
    { 21, 34, 400, 2, 34, 179, 12168 }, // U+00F2
    { 21, 34, 400, 2, 34, 179, 12347 }, // U+00F3
    { 21, 32, 400, 2, 32, 168, 12526 }, // U+00F4
    { 21, 30, 400, 2, 30, 158, 12694 }, // U+00F5
    { 21, 30, 400, 2, 30, 158, 12852 }, // U+00F6
    { 21, 21, 400, 2, 23, 111, 13010 }, // U+00F7
    { 23, 26, 400, 1, 24, 150, 13121 }, // U+00F8
    { 19, 34, 400, 3, 34, 162, 13271 }, // U+00F9
    { 19, 34, 400, 3, 34, 162, 13433 }, // U+00FA
    { 19, 32, 400, 3, 32, 152, 13595 }, // U+00FB
    { 19, 30, 400, 3, 30, 143, 13747 }, // U+00FC
    { 21, 42, 400, 2, 34, 221, 13890 }, // U+00FD
    { 20, 39, 400, 3, 31, 195, 14111 }, // U+00FE
    { 21, 38, 400, 2, 30, 200, 14306 }, // U+00FF
    { 23, 37, 400, 1, 37, 213, 0 }, // U+0100
    { 22, 30, 400, 2, 30, 165, 213 }, // U+0101
    { 23, 40, 400, 1, 40, 230, 378 }, // U+0102
    { 22, 33, 400, 2, 33, 182, 608 }, // U+0103
    { 24, 37, 400, 1, 29, 222, 790 }, // U+0104
    { 22, 30, 400, 2, 22, 165, 1012 }, // U+0105
    { 21, 41, 400, 2, 41, 216, 1177 }, // U+0106
    { 19, 34, 400, 3, 34, 162, 1393 }, // U+0107
    { 21, 39, 400, 2, 39, 205, 1555 }, // U+0108
    { 19, 32, 400, 3, 32, 152, 1760 }, // U+0109
    { 21, 38, 400, 2, 38, 200, 1912 }, // U+010A
    { 19, 31, 400, 3, 31, 148, 2112 }, // U+010B
    { 21, 39, 400, 2, 39, 205, 2260 }, // U+010C
    { 19, 32, 400, 3, 32, 152, 2465 }, // U+010D
    { 20, 39, 400, 3, 39, 195, 2617 }, // U+010E
    { 27, 31, 400, 1, 31, 210, 2812 }, // U+010F
    { 23, 29, 400, 0, 29, 167, 3022 }, // U+0110
    { 22, 31, 400, 2, 31, 171, 3189 }, // U+0111
    { 19, 37, 400, 3, 37, 176, 3360 }, // U+0112
    { 21, 30, 400, 2, 30, 158, 3536 }, // U+0113
    { 19, 40, 400, 3, 40, 190, 3694 }, // U+0114
    { 21, 33, 400, 2, 33, 174, 3884 }, // U+0115
    { 19, 38, 400, 3, 38, 181, 4058 }, // U+0116
    { 21, 31, 400, 2, 31, 163, 4239 }, // U+0117
    { 20, 37, 400, 3, 29, 185, 4402 }, // U+0118
    { 21, 30, 400, 2, 22, 158, 4587 }, // U+0119
    { 19, 39, 400, 3, 39, 186, 4745 }, // U+011A
    { 21, 32, 400, 2, 32, 168, 4931 }, // U+011B
    { 20, 39, 400, 2, 39, 195, 5099 }, // U+011C
    { 22, 40, 400, 2, 32, 220, 5294 }, // U+011D
    { 20, 40, 400, 2, 40, 200, 5514 }, // U+011E
    { 22, 41, 400, 2, 33, 226, 5714 }, // U+011F
    { 20, 38, 400, 2, 38, 190, 5940 }, // U+0120
    { 22, 39, 400, 2, 31, 215, 6130 }, // U+0121
    { 20, 40, 400, 2, 29, 200, 6345 }, // U+0122
    { 22, 41, 400, 2, 33, 226, 6545 }, // U+0123
    { 19, 39, 400, 3, 39, 186, 6771 }, // U+0124
    { 23, 40, 400, -1, 40, 230, 6957 }, // U+0125
    { 25, 29, 400, 0, 29, 182, 7187 }, // U+0126
    { 21, 31, 400, 1, 31, 163, 7369 }, // U+0127
    { 19, 38, 400, 3, 38, 181, 7532 }, // U+0128
    { 19, 30, 400, 4, 30, 143, 7713 }, // U+0129
    { 19, 37, 400, 3, 37, 176, 7856 }, // U+012A
    { 19, 30, 400, 4, 30, 143, 8032 }, // U+012B
    { 19, 40, 400, 3, 40, 190, 8175 }, // U+012C
    { 19, 33, 400, 4, 33, 157, 8365 }, // U+012D
    { 20, 37, 400, 3, 29, 185, 8522 }, // U+012E
    { 20, 40, 400, 4, 32, 200, 8707 }, // U+012F
    { 19, 38, 400, 3, 38, 181, 8907 }, // U+0130
    { 19, 22, 400, 4, 22, 105, 9088 }, // U+0131
    { 19, 29, 400, 3, 29, 138, 9193 }, // U+0132
    { 19, 40, 400, 3, 32, 190, 9331 }, // U+0133
    { 18, 39, 400, 3, 39, 176, 9521 }, // U+0134
    { 21, 40, 400, 3, 32, 210, 9697 }, // U+0135
    { 22, 40, 400, 3, 29, 220, 9907 }, // U+0136
    { 21, 42, 400, 4, 31, 221, 10127 }, // U+0137
    { 21, 22, 400, 4, 22, 116, 10348 }, // U+0138
    { 19, 41, 400, 4, 41, 195, 10464 }, // U+0139
    { 19, 42, 400, 3, 42, 200, 10659 }, // U+013A
    { 18, 40, 400, 5, 29, 180, 10859 }, // U+013B
    { 19, 42, 400, 3, 31, 200, 11039 }, // U+013C
    { 18, 31, 400, 5, 31, 140, 11239 }, // U+013D
    { 20, 31, 400, 3, 31, 155, 11379 }, // U+013E
    { 18, 29, 400, 5, 29, 131, 11534 }, // U+013F
    { 22, 31, 400, 3, 31, 171, 11665 }, // U+0140
    { 22, 29, 400, 1, 29, 160, 11836 }, // U+0141
    { 19, 31, 400, 3, 31, 148, 11996 }, // U+0142
    { 19, 41, 400, 3, 41, 195, 12144 }, // U+0143
    { 18, 34, 400, 4, 34, 153, 12339 }, // U+0144
    { 19, 40, 400, 3, 29, 190, 12492 }, // U+0145
    { 18, 33, 400, 4, 22, 149, 12682 }, // U+0146
    { 19, 39, 400, 3, 39, 186, 12831 }, // U+0147
    { 18, 32, 400, 4, 32, 144, 13017 }, // U+0148
    { 22, 31, 400, 0, 31, 171, 13161 }, // U+0149
    { 19, 37, 400, 3, 29, 176, 13332 }, // U+014A
    { 18, 30, 400, 4, 22, 135, 13508 }, // U+014B
    { 21, 37, 400, 2, 37, 195, 13643 }, // U+014C
    { 21, 30, 400, 2, 30, 158, 13838 }, // U+014D
    { 21, 40, 400, 2, 40, 210, 13996 }, // U+014E
    { 21, 33, 400, 2, 33, 174, 14206 }, // U+014F
    { 21, 41, 400, 2, 41, 216, 14380 }, // U+0150
    { 21, 34, 400, 2, 34, 179, 14596 }, // U+0151
    { 23, 29, 400, 1, 29, 167, 14775 }, // U+0152
    { 25, 22, 400, 0, 22, 138, 14942 }, // U+0153
    { 21, 41, 400, 3, 41, 216, 15080 }, // U+0154
    { 21, 34, 400, 3, 34, 179, 15296 }, // U+0155
    { 21, 40, 400, 3, 29, 210, 15475 }, // U+0156
    { 21, 33, 400, 3, 22, 174, 15685 }, // U+0157
    { 21, 39, 400, 3, 39, 205, 15859 }, // U+0158
    { 21, 32, 400, 3, 32, 168, 16064 }, // U+0159
    { 22, 41, 400, 1, 41, 226, 16232 }, // U+015A
    { 21, 34, 400, 2, 34, 179, 16458 }, // U+015B
    { 22, 39, 400, 1, 39, 215, 16637 }, // U+015C
    { 21, 32, 400, 2, 32, 168, 16852 }, // U+015D
    { 22, 37, 400, 1, 29, 204, 17020 }, // U+015E
    { 21, 30, 400, 2, 22, 158, 17224 }, // U+015F
    { 22, 39, 400, 1, 39, 215, 17382 }, // U+0160
    { 21, 32, 400, 2, 32, 168, 17597 }, // U+0161
    { 24, 37, 400, 1, 29, 222, 17765 }, // U+0162
    { 22, 37, 400, 1, 29, 204, 17987 }, // U+0163
    { 24, 39, 400, 1, 39, 234, 18191 }, // U+0164
    { 22, 32, 400, 1, 32, 176, 18425 }, // U+0165
    { 24, 29, 400, 1, 29, 174, 18601 }, // U+0166
    { 22, 29, 400, 1, 29, 160, 18775 }, // U+0167
    { 19, 38, 400, 3, 38, 181, 18935 }, // U+0168
    { 19, 30, 400, 3, 30, 143, 19116 }, // U+0169
    { 19, 37, 400, 3, 37, 176, 19259 }, // U+016A
    { 19, 30, 400, 3, 30, 143, 19435 }, // U+016B
    { 19, 40, 400, 3, 40, 190, 19578 }, // U+016C
    { 19, 33, 400, 3, 33, 157, 19768 }, // U+016D
    { 19, 41, 400, 3, 41, 195, 19925 }, // U+016E
    { 19, 34, 400, 3, 34, 162, 20120 }, // U+016F
    { 19, 41, 400, 3, 41, 195, 20282 }, // U+0170
    { 19, 34, 400, 3, 34, 162, 20477 }, // U+0171
    { 19, 37, 400, 3, 29, 176, 20639 }, // U+0172
    { 19, 30, 400, 3, 22, 143, 20815 }, // U+0173
    { 23, 39, 400, 1, 39, 225, 20958 }, // U+0174
    { 23, 32, 400, 1, 32, 184, 21183 }, // U+0175
    { 25, 39, 400, 0, 39, 244, 21367 }, // U+0176
    { 21, 40, 400, 2, 32, 210, 21611 }, // U+0177
    { 25, 38, 400, 0, 38, 238, 21821 }, // U+0178
    { 22, 41, 400, 2, 41, 226, 22059 }, // U+0179
    { 19, 34, 400, 3, 34, 162, 22285 }, // U+017A
    { 22, 38, 400, 2, 38, 209, 22447 }, // U+017B
    { 19, 31, 400, 3, 31, 148, 22656 }, // U+017C
    { 22, 39, 400, 2, 39, 215, 22804 }, // U+017D
    { 19, 32, 400, 3, 32, 152, 23019 }, // U+017E
    { 20, 31, 400, 3, 31, 155, 23171 }, // U+017F
    { 22, 33, 400, 2, 33, 182, 0 }, // U+01A0
    { 21, 26, 400, 2, 26, 137, 182 }, // U+01A1
    { 23, 34, 400, 3, 34, 196, 319 }, // U+01AF
    { 22, 27, 400, 3, 27, 149, 515 }, // U+01B0
    { 23, 39, 400, 1, 39, 225, 664 }, // U+01CD
    { 22, 32, 400, 2, 32, 176, 889 }, // U+01CE
    { 19, 39, 400, 3, 39, 186, 1065 }, // U+01CF
    { 19, 32, 400, 4, 32, 152, 1251 }, // U+01D0
    { 21, 39, 400, 2, 39, 205, 1403 }, // U+01D1
    { 21, 32, 400, 2, 32, 168, 1608 }, // U+01D2
    { 19, 39, 400, 3, 39, 186, 1776 }, // U+01D3
    { 19, 32, 400, 3, 32, 152, 1962 }, // U+01D4
    { 19, 42, 400, 3, 42, 200, 2114 }, // U+01D5
    { 19, 35, 400, 3, 35, 167, 2314 }, // U+01D6
    { 19, 46, 400, 3, 46, 219, 2481 }, // U+01D7
    { 19, 39, 400, 3, 39, 186, 2700 }, // U+01D8
    { 19, 46, 400, 3, 46, 219, 2886 }, // U+01D9
    { 19, 39, 400, 3, 39, 186, 3105 }, // U+01DA
    { 19, 46, 400, 3, 46, 219, 3291 }, // U+01DB
    { 19, 39, 400, 3, 39, 186, 3510 }, // U+01DC
    { 23, 48, 400, 1, 48, 276, 3696 }, // U+01FA
    { 22, 41, 400, 2, 41, 226, 3972 }, // U+01FB
    { 24, 41, 400, 0, 41, 246, 4198 }, // U+01FC
    { 25, 34, 400, 0, 34, 213, 4444 }, // U+01FD
    { 23, 43, 400, 1, 41, 248, 4657 }, // U+01FE
    { 23, 36, 400, 1, 34, 207, 4905 }, // U+01FF
    { 22, 40, 400, 1, 29, 220, 5112 }, // U+0218
    { 21, 33, 400, 2, 22, 174, 5332 }, // U+0219
    { 24, 40, 400, 1, 29, 240, 5506 }, // U+021A
    { 22, 40, 400, 1, 29, 220, 5746 }, // U+021B
    { 7, 9, 0, -5, 34, 16, 0 }, // U+0300
    { 7, 9, 0, -2, 34, 16, 16 }, // U+0301
    { 14, 7, 0, -7, 32, 25, 32 }, // U+0302
    { 16, 5, 0, -8, 30, 20, 57 }, // U+0303
    { 12, 3, 0, -6, 30, 9, 77 }, // U+0304
    { 14, 8, 0, -7, 33, 28, 86 }, // U+0306
    { 6, 5, 0, -3, 31, 8, 114 }, // U+0307
    { 14, 4, 0, -7, 30, 14, 122 }, // U+0308
    { 8, 8, 0, -4, 32, 16, 136 }, // U+0309
    { 10, 10, 0, -5, 34, 25, 152 }, // U+030A
    { 15, 9, 0, -6, 34, 34, 177 }, // U+030B
    { 14, 7, 0, -7, 32, 25, 211 }, // U+030C
    { 7, 8, 0, -3, 33, 14, 236 }, // U+0312
    { 5, 8, 0, 0, 31, 10, 250 }, // U+0315
    { 8, 7, 0, -4, 27, 14, 260 }, // U+031B
    { 6, 5, 0, -3, -3, 8, 274 }, // U+0323
    { 7, 8, 0, -4, -3, 14, 282 }, // U+0326
    { 10, 9, 0, -4, 1, 23, 296 }, // U+0327
    { 9, 10, 0, -8, 2, 23, 319 }, // U+0328
    { 19, 41, 400, 3, 41, 195, 0 }, // U+0400
    { 19, 38, 400, 3, 38, 181, 195 }, // U+0401
    { 24, 36, 400, 0, 29, 216, 376 }, // U+0402
    { 17, 41, 400, 5, 41, 175, 592 }, // U+0403
    { 21, 29, 400, 2, 29, 153, 767 }, // U+0404
    { 22, 29, 400, 1, 29, 160, 920 }, // U+0405
    { 19, 29, 400, 3, 29, 138, 1080 }, // U+0406
    { 19, 38, 400, 3, 38, 181, 1218 }, // U+0407
    { 18, 29, 400, 3, 29, 131, 1399 }, // U+0408
    { 27, 29, 400, -1, 29, 196, 1530 }, // U+0409
    { 24, 29, 400, 2, 29, 174, 1726 }, // U+040A
    { 24, 29, 400, 0, 29, 174, 1900 }, // U+040B
    { 21, 41, 400, 3, 41, 216, 2074 }, // U+040C
    { 19, 41, 400, 3, 41, 195, 2290 }, // U+040D
    { 23, 40, 400, 1, 40, 230, 2485 }, // U+040E
    { 19, 35, 400, 3, 29, 167, 2715 }, // U+040F
    { 23, 29, 400, 1, 29, 167, 2882 }, // U+0410
    { 20, 29, 400, 3, 29, 145, 3049 }, // U+0411
    { 20, 29, 400, 3, 29, 145, 3194 }, // U+0412
    { 17, 29, 400, 5, 29, 124, 3339 }, // U+0413
    { 25, 35, 400, 0, 29, 219, 3463 }, // U+0414
    { 19, 29, 400, 3, 29, 138, 3682 }, // U+0415
    { 26, 29, 400, 0, 29, 189, 3820 }, // U+0416
    { 21, 29, 400, 1, 29, 153, 4009 }, // U+0417
    { 19, 29, 400, 3, 29, 138, 4162 }, // U+0418
    { 19, 40, 400, 3, 40, 190, 4300 }, // U+0419
    { 21, 29, 400, 3, 29, 153, 4490 }, // U+041A
    { 22, 29, 400, 0, 29, 160, 4643 }, // U+041B
    { 21, 29, 400, 2, 29, 153, 4803 }, // U+041C
    { 19, 29, 400, 3, 29, 138, 4956 }, // U+041D
    { 21, 29, 400, 2, 29, 153, 5094 }, // U+041E
    { 19, 29, 400, 3, 29, 138, 5247 }, // U+041F
    { 20, 29, 400, 3, 29, 145, 5385 }, // U+0420
    { 21, 29, 400, 2, 29, 153, 5530 }, // U+0421
    { 24, 29, 400, 1, 29, 174, 5683 }, // U+0422
    { 23, 29, 400, 1, 29, 167, 5857 }, // U+0423
    { 24, 32, 400, 1, 31, 192, 6024 }, // U+0424
    { 24, 29, 400, 1, 29, 174, 6216 }, // U+0425
    { 22, 35, 400, 3, 29, 193, 6390 }, // U+0426
    { 20, 29, 400, 2, 29, 145, 6583 }, // U+0427
    { 22, 29, 400, 2, 29, 160, 6728 }, // U+0428
    { 23, 35, 400, 2, 29, 202, 6888 }, // U+0429
    { 25, 29, 400, 0, 29, 182, 7090 }, // U+042A
    { 22, 29, 400, 2, 29, 160, 7272 }, // U+042B
    { 20, 29, 400, 3, 29, 145, 7432 }, // U+042C
    { 21, 29, 400, 2, 29, 153, 7577 }, // U+042D
    { 22, 29, 400, 2, 29, 160, 7730 }, // U+042E
    { 21, 29, 400, 1, 29, 153, 7890 }, // U+042F
    { 22, 22, 400, 2, 22, 121, 8043 }, // U+0430
    { 21, 31, 400, 2, 31, 163, 8164 }, // U+0431
    { 18, 22, 400, 4, 22, 99, 8327 }, // U+0432
    { 17, 22, 400, 5, 22, 94, 8426 }, // U+0433
    { 24, 28, 400, 0, 22, 168, 8520 }, // U+0434
    { 21, 22, 400, 2, 22, 116, 8688 }, // U+0435
    { 23, 22, 400, 1, 22, 127, 8804 }, // U+0436
    { 19, 22, 400, 2, 22, 105, 8931 }, // U+0437
    { 19, 22, 400, 3, 22, 105, 9036 }, // U+0438
    { 19, 33, 400, 3, 33, 157, 9141 }, // U+0439
    { 19, 22, 400, 4, 22, 105, 9298 }, // U+043A
    { 20, 22, 400, 1, 22, 110, 9403 }, // U+043B
    { 20, 22, 400, 3, 22, 110, 9513 }, // U+043C
    { 19, 22, 400, 3, 22, 105, 9623 }, // U+043D
    { 21, 22, 400, 2, 22, 116, 9728 }, // U+043E
    { 18, 22, 400, 4, 22, 99, 9844 }, // U+043F
    { 20, 30, 400, 3, 22, 150, 9943 }, // U+0440
    { 19, 22, 400, 3, 22, 105, 10093 }, // U+0441
    { 21, 22, 400, 2, 22, 116, 10198 }, // U+0442
    { 21, 30, 400, 2, 22, 158, 10314 }, // U+0443
    { 23, 37, 400, 1, 29, 213, 10472 }, // U+0444
    { 21, 22, 400, 2, 22, 116, 10685 }, // U+0445
    { 21, 28, 400, 3, 22, 147, 10801 }, // U+0446
    { 18, 22, 400, 3, 22, 99, 10948 }, // U+0447
    { 21, 22, 400, 2, 22, 116, 11047 }, // U+0448
    { 24, 28, 400, 2, 22, 168, 11163 }, // U+0449
    { 24, 22, 400, 0, 22, 132, 11331 }, // U+044A
    { 21, 22, 400, 2, 22, 116, 11463 }, // U+044B
    { 18, 22, 400, 4, 22, 99, 11579 }, // U+044C
    { 19, 22, 400, 3, 22, 105, 11678 }, // U+044D
    { 22, 22, 400, 2, 22, 121, 11783 }, // U+044E
    { 19, 22, 400, 2, 22, 105, 11904 }, // U+044F
    { 21, 34, 400, 2, 34, 179, 12009 }, // U+0450
    { 21, 30, 400, 2, 30, 158, 12188 }, // U+0451
    { 21, 39, 400, 1, 31, 205, 12346 }, // U+0452
    { 17, 34, 400, 5, 34, 145, 12551 }, // U+0453
    { 19, 22, 400, 3, 22, 105, 12696 }, // U+0454
    { 21, 22, 400, 2, 22, 116, 12801 }, // U+0455
    { 19, 32, 400, 4, 32, 152, 12917 }, // U+0456
    { 19, 30, 400, 4, 30, 143, 13069 }, // U+0457
    { 17, 40, 400, 3, 32, 170, 13212 }, // U+0458
    { 25, 22, 400, 0, 22, 138, 13382 }, // U+0459
    { 23, 22, 400, 2, 22, 127, 13520 }, // U+045A
    { 21, 31, 400, 1, 31, 163, 13647 }, // U+045B
    { 19, 34, 400, 4, 34, 162, 13810 }, // U+045C
    { 19, 34, 400, 3, 34, 162, 13972 }, // U+045D
    { 21, 41, 400, 2, 33, 216, 14134 }, // U+045E
    { 18, 28, 400, 4, 22, 126, 14350 }, // U+045F
    { 21, 29, 400, 2, 29, 153, 14476 }, // U+0472
    { 21, 22, 400, 2, 22, 116, 14629 }, // U+0473
    { 17, 35, 400, 5, 35, 149, 14745 }, // U+0490
    { 17, 28, 400, 5, 28, 119, 14894 }, // U+0491
    { 21, 29, 400, 2, 29, 153, 15013 }, // U+0492
    { 21, 22, 400, 1, 22, 116, 15166 }, // U+0493
    { 20, 36, 400, 3, 29, 180, 15282 }, // U+0494
    { 18, 30, 400, 4, 22, 135, 15462 }, // U+0495
    { 28, 35, 400, -1, 29, 245, 15597 }, // U+0496
    { 26, 28, 400, 0, 22, 182, 15842 }, // U+0497
    { 21, 35, 400, 1, 29, 184, 16024 }, // U+0498
    { 19, 27, 400, 2, 22, 129, 16208 }, // U+0499
    { 21, 35, 400, 3, 29, 184, 16337 }, // U+049A
    { 19, 28, 400, 4, 22, 133, 16521 }, // U+049B
    { 22, 29, 400, 2, 29, 160, 16654 }, // U+049C
    { 21, 22, 400, 3, 22, 116, 16814 }, // U+049D
    { 26, 29, 400, 0, 29, 189, 16930 }, // U+04A0
    { 24, 22, 400, 0, 22, 132, 17119 }, // U+04A1
    { 22, 35, 400, 3, 29, 193, 17251 }, // U+04A2
    { 21, 28, 400, 3, 22, 147, 17444 }, // U+04A3
    { 23, 29, 400, 2, 29, 167, 17591 }, // U+04A4
    { 23, 22, 400, 2, 22, 127, 17758 }, // U+04A5
    { 21, 35, 400, 2, 29, 184, 17885 }, // U+04AA
    { 19, 27, 400, 3, 22, 129, 18069 }, // U+04AB
    { 25, 29, 400, 0, 29, 182, 18198 }, // U+04AE
    { 21, 30, 400, 2, 22, 158, 18380 }, // U+04AF
    { 25, 29, 400, 0, 29, 182, 18538 }, // U+04B0
    { 21, 30, 400, 2, 22, 158, 18720 }, // U+04B1
    { 26, 35, 400, 0, 29, 228, 18878 }, // U+04B2
    { 23, 28, 400, 2, 22, 161, 19106 }, // U+04B3
    { 23, 35, 400, 2, 29, 202, 19267 }, // U+04B6
    { 21, 28, 400, 3, 22, 147, 19469 }, // U+04B7
    { 20, 29, 400, 2, 29, 145, 19616 }, // U+04B8
    { 18, 22, 400, 3, 22, 99, 19761 }, // U+04B9
    { 20, 29, 400, 3, 29, 145, 19860 }, // U+04BA
    { 18, 31, 400, 4, 31, 140, 20005 }, // U+04BB
    { 19, 29, 400, 3, 29, 138, 20145 }, // U+04C0
    { 26, 40, 400, 0, 40, 260, 20283 }, // U+04C1
    { 23, 33, 400, 1, 33, 190, 20543 }, // U+04C2
    { 19, 31, 400, 3, 31, 148, 20733 }, // U+04CF
    { 23, 40, 400, 1, 40, 230, 20881 }, // U+04D0
    { 22, 33, 400, 2, 33, 182, 21111 }, // U+04D1
    { 23, 38, 400, 1, 38, 219, 21293 }, // U+04D2
    { 22, 30, 400, 2, 30, 165, 21512 }, // U+04D3
    { 24, 29, 400, 0, 29, 174, 21677 }, // U+04D4
    { 25, 22, 400, 0, 22, 138, 21851 }, // U+04D5
    { 19, 40, 400, 3, 40, 190, 21989 }, // U+04D6
    { 21, 33, 400, 2, 33, 174, 22179 }, // U+04D7
    { 21, 29, 400, 2, 29, 153, 22353 }, // U+04D8
    { 21, 22, 400, 2, 22, 116, 22506 }, // U+04D9
    { 26, 38, 400, 0, 38, 247, 22622 }, // U+04DC
    { 23, 30, 400, 1, 30, 173, 22869 }, // U+04DD
    { 21, 38, 400, 1, 38, 200, 23042 }, // U+04DE
    { 19, 30, 400, 2, 30, 143, 23242 }, // U+04DF
    { 19, 37, 400, 3, 37, 176, 23385 }, // U+04E2
    { 19, 30, 400, 3, 30, 143, 23561 }, // U+04E3
    { 19, 38, 400, 3, 38, 181, 23704 }, // U+04E4
    { 19, 30, 400, 3, 30, 143, 23885 }, // U+04E5
    { 21, 38, 400, 2, 38, 200, 24028 }, // U+04E6
    { 21, 30, 400, 2, 30, 158, 24228 }, // U+04E7
    { 21, 29, 400, 2, 29, 153, 24386 }, // U+04E8
    { 21, 22, 400, 2, 22, 116, 24539 }, // U+04E9
    { 23, 37, 400, 1, 37, 213, 24655 }, // U+04EE
    { 21, 38, 400, 2, 30, 200, 24868 }, // U+04EF
    { 23, 38, 400, 1, 38, 219, 25068 }, // U+04F0
    { 21, 38, 400, 2, 30, 200, 25287 }, // U+04F1
    { 23, 41, 400, 1, 41, 236, 25487 }, // U+04F2
    { 21, 42, 400, 2, 34, 221, 25723 }, // U+04F3
    { 20, 38, 400, 2, 38, 190, 25944 }, // U+04F4
    { 18, 30, 400, 3, 30, 135, 26134 }, // U+04F5
    { 22, 38, 400, 2, 38, 209, 26269 }, // U+04F8
    { 21, 30, 400, 2, 30, 158, 26478 }, // U+04F9
    { 23, 37, 400, 1, 29, 213, 0 }, // U+1EA0
    { 22, 30, 400, 2, 22, 165, 213 }, // U+1EA1
    { 23, 39, 400, 1, 39, 225, 378 }, // U+1EA2
    { 22, 32, 400, 2, 32, 176, 603 }, // U+1EA3
    { 23, 47, 400, 1, 47, 271, 779 }, // U+1EA4
    { 22, 39, 400, 2, 39, 215, 1050 }, // U+1EA5
    { 23, 47, 400, 1, 47, 271, 1265 }, // U+1EA6
    { 24, 39, 400, 0, 39, 234, 1536 }, // U+1EA7
    { 23, 45, 400, 1, 45, 259, 1770 }, // U+1EA8
    { 22, 38, 400, 2, 38, 209, 2029 }, // U+1EA9
    { 23, 45, 400, 1, 45, 259, 2238 }, // U+1EAA
    { 22, 37, 400, 2, 37, 204, 2497 }, // U+1EAB
    { 23, 47, 400, 1, 39, 271, 2701 }, // U+1EAC
    { 22, 40, 400, 2, 32, 220, 2972 }, // U+1EAD
    { 23, 46, 400, 1, 46, 265, 3192 }, // U+1EAE
    { 22, 39, 400, 2, 39, 215, 3457 }, // U+1EAF
    { 23, 46, 400, 1, 46, 265, 3672 }, // U+1EB0
    { 22, 39, 400, 2, 39, 215, 3937 }, // U+1EB1
    { 23, 45, 400, 1, 45, 259, 4152 }, // U+1EB2
    { 22, 38, 400, 2, 38, 209, 4411 }, // U+1EB3
    { 23, 45, 400, 1, 45, 259, 4620 }, // U+1EB4
    { 22, 38, 400, 2, 38, 209, 4879 }, // U+1EB5
    { 23, 48, 400, 1, 40, 276, 5088 }, // U+1EB6
    { 22, 41, 400, 2, 33, 226, 5364 }, // U+1EB7
    { 19, 37, 400, 3, 29, 176, 5590 }, // U+1EB8
    { 21, 30, 400, 2, 22, 158, 5766 }, // U+1EB9
    { 19, 39, 400, 3, 39, 186, 5924 }, // U+1EBA
    { 21, 32, 400, 2, 32, 168, 6110 }, // U+1EBB
    { 19, 38, 400, 3, 38, 181, 6278 }, // U+1EBC
    { 21, 30, 400, 2, 30, 158, 6459 }, // U+1EBD
    { 21, 47, 400, 3, 47, 247, 6617 }, // U+1EBE
    { 22, 39, 400, 2, 39, 215, 6864 }, // U+1EBF
    { 21, 47, 400, 1, 47, 247, 7079 }, // U+1EC0
    { 22, 39, 400, 1, 39, 215, 7326 }, // U+1EC1
    { 20, 45, 400, 3, 45, 225, 7541 }, // U+1EC2
    { 21, 38, 400, 2, 38, 200, 7766 }, // U+1EC3
    { 19, 45, 400, 3, 45, 214, 7966 }, // U+1EC4
    { 21, 37, 400, 2, 37, 195, 8180 }, // U+1EC5
    { 19, 47, 400, 3, 39, 224, 8375 }, // U+1EC6
    { 21, 40, 400, 2, 32, 210, 8599 }, // U+1EC7
    { 19, 39, 400, 3, 39, 186, 8809 }, // U+1EC8
    { 19, 32, 400, 4, 32, 152, 8995 }, // U+1EC9
    { 19, 37, 400, 3, 29, 176, 9147 }, // U+1ECA
    { 19, 40, 400, 4, 32, 190, 9323 }, // U+1ECB
    { 21, 37, 400, 2, 29, 195, 9513 }, // U+1ECC
    { 21, 30, 400, 2, 22, 158, 9708 }, // U+1ECD
    { 21, 39, 400, 2, 39, 205, 9866 }, // U+1ECE
    { 21, 32, 400, 2, 32, 168, 10071 }, // U+1ECF
    { 22, 47, 400, 2, 47, 259, 10239 }, // U+1ED0
    { 22, 39, 400, 2, 39, 215, 10498 }, // U+1ED1
    { 22, 47, 400, 1, 47, 259, 10713 }, // U+1ED2
    { 22, 39, 400, 1, 39, 215, 10972 }, // U+1ED3
    { 21, 45, 400, 2, 45, 237, 11187 }, // U+1ED4
    { 21, 38, 400, 2, 38, 200, 11424 }, // U+1ED5
    { 21, 45, 400, 2, 45, 237, 11624 }, // U+1ED6
    { 21, 37, 400, 2, 37, 195, 11861 }, // U+1ED7
    { 21, 47, 400, 2, 39, 247, 12056 }, // U+1ED8
    { 21, 40, 400, 2, 32, 210, 12303 }, // U+1ED9
    { 22, 41, 400, 2, 41, 226, 12513 }, // U+1EDA
    { 21, 34, 400, 2, 34, 179, 12739 }, // U+1EDB
    { 22, 41, 400, 2, 41, 226, 12918 }, // U+1EDC
    { 21, 34, 400, 2, 34, 179, 13144 }, // U+1EDD
    { 22, 39, 400, 2, 39, 215, 13323 }, // U+1EDE
    { 21, 32, 400, 2, 32, 168, 13538 }, // U+1EDF
    { 22, 38, 400, 2, 38, 209, 13706 }, // U+1EE0
    { 21, 30, 400, 2, 30, 158, 13915 }, // U+1EE1
    { 22, 41, 400, 2, 33, 226, 14073 }, // U+1EE2
    { 21, 34, 400, 2, 26, 179, 14299 }, // U+1EE3
    { 19, 37, 400, 3, 29, 176, 14478 }, // U+1EE4
    { 19, 30, 400, 3, 22, 143, 14654 }, // U+1EE5
    { 19, 39, 400, 3, 39, 186, 14797 }, // U+1EE6
    { 19, 32, 400, 3, 32, 152, 14983 }, // U+1EE7
    { 23, 41, 400, 3, 41, 236, 15135 }, // U+1EE8
    { 22, 34, 400, 3, 34, 187, 15371 }, // U+1EE9
    { 23, 41, 400, 3, 41, 236, 15558 }, // U+1EEA
    { 22, 34, 400, 3, 34, 187, 15794 }, // U+1EEB
    { 23, 39, 400, 3, 39, 225, 15981 }, // U+1EEC
    { 22, 32, 400, 3, 32, 176, 16206 }, // U+1EED
    { 23, 38, 400, 3, 38, 219, 16382 }, // U+1EEE
    { 22, 30, 400, 3, 30, 165, 16601 }, // U+1EEF
    { 23, 42, 400, 3, 34, 242, 16766 }, // U+1EF0
    { 22, 35, 400, 3, 27, 193, 17008 }, // U+1EF1
    { 25, 41, 400, 0, 41, 257, 17201 }, // U+1EF2
    { 21, 42, 400, 2, 34, 221, 17458 }, // U+1EF3
    { 25, 37, 400, 0, 29, 232, 17679 }, // U+1EF4
    { 21, 30, 400, 2, 22, 158, 17911 }, // U+1EF5
    { 25, 39, 400, 0, 39, 244, 18069 }, // U+1EF6
    { 21, 40, 400, 2, 32, 210, 18313 }, // U+1EF7
    { 25, 38, 400, 0, 38, 238, 18523 }, // U+1EF8
    { 21, 38, 400, 2, 30, 200, 18761 }, // U+1EF9
    { 21, 3, 400, 2, 14, 16, 0 }, // U+2013
    { 26, 3, 400, 0, 14, 20, 16 }, // U+2014
    { 8, 12, 400, 8, 31, 24, 36 }, // U+2018
    { 9, 12, 400, 9, 31, 27, 60 }, // U+2019
    { 9, 12, 400, 8, 6, 27, 87 }, // U+201A
    { 19, 12, 400, 3, 31, 57, 114 }, // U+201C
    { 19, 12, 400, 4, 31, 57, 171 }, // U+201D
    { 19, 12, 400, 4, 6, 57, 228 }, // U+201E
    { 21, 39, 400, 2, 31, 205, 285 }, // U+2020
    { 21, 39, 400, 2, 31, 205, 490 }, // U+2021
    { 11, 10, 400, 7, 18, 28, 695 }, // U+2022
    { 23, 6, 400, 1, 6, 35, 723 }, // U+2026
    { 26, 29, 400, 0, 29, 189, 758 }, // U+2030
    { 7, 14, 400, 9, 29, 25, 947 }, // U+2032
    { 14, 14, 400, 6, 29, 49, 972 }, // U+2033
    { 10, 18, 400, 7, 20, 45, 1021 }, // U+2039
    { 11, 18, 400, 8, 20, 50, 1066 }, // U+203A
    { 25, 29, 400, 0, 29, 182, 1116 }, // U+2044
    { 13, 16, 400, 6, 29, 52, 0 }, // U+2070
    { 13, 16, 400, 6, 29, 52, 52 }, // U+2074
    { 13, 16, 400, 6, 29, 52, 104 }, // U+2075
    { 13, 16, 400, 6, 29, 52, 156 }, // U+2076
    { 13, 16, 400, 6, 29, 52, 208 }, // U+2077
    { 13, 16, 400, 6, 29, 52, 260 }, // U+2078
    { 13, 16, 400, 6, 29, 52, 312 }, // U+2079
    { 13, 16, 400, 6, 16, 52, 364 }, // U+2080
    { 13, 16, 400, 6, 16, 52, 416 }, // U+2081
    { 13, 16, 400, 6, 16, 52, 468 }, // U+2082
    { 13, 16, 400, 6, 16, 52, 520 }, // U+2083
    { 13, 16, 400, 6, 16, 52, 572 }, // U+2084
    { 13, 16, 400, 6, 16, 52, 624 }, // U+2085
    { 13, 16, 400, 6, 16, 52, 676 }, // U+2086
    { 13, 16, 400, 6, 16, 52, 728 }, // U+2087
    { 13, 16, 400, 6, 16, 52, 780 }, // U+2088
    { 13, 16, 400, 6, 16, 52, 832 }, // U+2089
    { 21, 37, 400, 2, 33, 195, 0 }, // U+20A1
    { 22, 29, 400, 2, 29, 160, 195 }, // U+20A4
    { 24, 29, 400, 1, 29, 174, 355 }, // U+20A6
    { 23, 29, 400, 2, 29, 167, 529 }, // U+20A8
    { 24, 29, 400, 1, 29, 174, 696 }, // U+20A9
    { 21, 29, 400, 2, 29, 153, 870 }, // U+20AA
    { 21, 31, 400, 3, 31, 163, 1023 }, // U+20AB
    { 21, 29, 400, 2, 29, 153, 1186 }, // U+20AC
    { 23, 29, 400, 1, 29, 167, 1339 }, // U+20AD
    { 24, 29, 400, 1, 29, 174, 1506 }, // U+20AE
    { 24, 29, 400, 1, 29, 174, 1680 }, // U+20B1
    { 21, 37, 400, 2, 33, 195, 1854 }, // U+20B2
    { 24, 29, 400, 1, 29, 174, 2049 }, // U+20B4
    { 21, 37, 400, 2, 33, 195, 2223 }, // U+20B5
    { 23, 29, 400, 1, 29, 167, 2418 }, // U+20B8
    { 22, 29, 400, 2, 29, 160, 2585 }, // U+20B9
    { 22, 29, 400, 2, 29, 160, 2745 }, // U+20BA
    { 23, 29, 400, 1, 29, 167, 2905 }, // U+20BD
    { 20, 39, 400, 3, 34, 195, 3072 }, // U+20BF
    { 25, 19, 400, 0, 24, 119, 0 }, // U+2190
    { 19, 29, 400, 3, 29, 138, 119 }, // U+2191
    { 24, 19, 400, 1, 24, 114, 257 }, // U+2192
    { 19, 29, 400, 3, 29, 138, 371 }, // U+2193
    { 26, 19, 400, 0, 24, 124, 509 }, // U+2194
    { 19, 29, 400, 3, 29, 138, 633 }, // U+2195
    { 23, 22, 400, 2, 26, 127, 771 }, // U+2196
    { 22, 22, 400, 1, 26, 121, 898 }, // U+2197
    { 22, 22, 400, 1, 26, 121, 1019 }, // U+2198
    { 23, 22, 400, 2, 26, 127, 1140 }, // U+2199
    { 25, 24, 400, 0, 26, 150, 1267 }, // U+21A9
    { 25, 24, 400, 0, 26, 150, 1417 }, // U+21AA
    { 21, 30, 400, 1, 30, 158, 1567 }, // U+21B0
    { 21, 30, 400, 3, 30, 158, 1725 }, // U+21B1
    { 21, 30, 400, 1, 29, 158, 1883 }, // U+21B2
    { 21, 30, 400, 3, 29, 158, 2041 }, // U+21B3
    { 25, 26, 400, 0, 28, 163, 2199 }, // U+21B6
    { 26, 26, 400, 0, 28, 169, 2362 }, // U+21B7
    { 24, 29, 400, 1, 29, 174, 2531 }, // U+21BA
    { 24, 29, 400, 1, 29, 174, 2705 }, // U+21BB
    { 25, 31, 400, 0, 30, 194, 2879 }, // U+21C4
    { 25, 31, 400, 0, 30, 194, 3073 }, // U+21C6
    { 21, 29, 400, 2, 29, 153, 0 }, // U+2202
    { 23, 29, 400, 1, 29, 167, 153 }, // U+2206
    { 19, 29, 400, 3, 29, 138, 320 }, // U+220F
    { 21, 37, 400, 2, 29, 195, 458 }, // U+2211
    { 21, 3, 400, 2, 14, 16, 653 }, // U+2212
    { 25, 29, 400, 0, 29, 182, 669 }, // U+2215
    { 24, 29, 400, 1, 29, 174, 851 }, // U+221A
    { 25, 16, 400, 0, 21, 100, 1025 }, // U+221E
    { 22, 39, 400, 1, 31, 215, 1125 }, // U+222B
    { 22, 15, 400, 2, 21, 83, 1340 }, // U+2248
    { 21, 20, 400, 2, 23, 105, 1423 }, // U+2260
    { 19, 25, 400, 3, 25, 119, 1528 }, // U+2264
    { 19, 25, 400, 3, 25, 119, 1647 }, // U+2265
    { 22, 32, 400, 1, 32, 176, 0 }, // U+FB01
    { 21, 31, 400, 1, 31, 163, 176 }, // U+FB02
};

static const EpdUnicodeInterval terminalmono_20_regularIntervals[] = {
    { 0x0, 0x0, 0x0 },
    { 0xD, 0xD, 0x1 },
    { 0x20, 0x7E, 0x2 },
    { 0xA0, 0x17F, 0x61 },
    { 0x1A0, 0x1A1, 0x141 },
    { 0x1AF, 0x1B0, 0x143 },
    { 0x1CD, 0x1DC, 0x145 },
    { 0x1FA, 0x1FF, 0x155 },
    { 0x218, 0x21B, 0x15B },
    { 0x300, 0x304, 0x15F },
    { 0x306, 0x30C, 0x164 },
    { 0x312, 0x312, 0x16B },
    { 0x315, 0x315, 0x16C },
    { 0x31B, 0x31B, 0x16D },
    { 0x323, 0x323, 0x16E },
    { 0x326, 0x328, 0x16F },
    { 0x400, 0x45F, 0x172 },
    { 0x472, 0x473, 0x1D2 },
    { 0x490, 0x49D, 0x1D4 },
    { 0x4A0, 0x4A5, 0x1E2 },
    { 0x4AA, 0x4AB, 0x1E8 },
    { 0x4AE, 0x4B3, 0x1EA },
    { 0x4B6, 0x4BB, 0x1F0 },
    { 0x4C0, 0x4C2, 0x1F6 },
    { 0x4CF, 0x4D9, 0x1F9 },
    { 0x4DC, 0x4DF, 0x204 },
    { 0x4E2, 0x4E9, 0x208 },
    { 0x4EE, 0x4F5, 0x210 },
    { 0x4F8, 0x4F9, 0x218 },
    { 0x1EA0, 0x1EF9, 0x21A },
    { 0x2013, 0x2014, 0x274 },
    { 0x2018, 0x201A, 0x276 },
    { 0x201C, 0x201E, 0x279 },
    { 0x2020, 0x2022, 0x27C },
    { 0x2026, 0x2026, 0x27F },
    { 0x2030, 0x2030, 0x280 },
    { 0x2032, 0x2033, 0x281 },
    { 0x2039, 0x203A, 0x283 },
    { 0x2044, 0x2044, 0x285 },
    { 0x2070, 0x2070, 0x286 },
    { 0x2074, 0x2079, 0x287 },
    { 0x2080, 0x2089, 0x28D },
    { 0x20A1, 0x20A1, 0x297 },
    { 0x20A4, 0x20A4, 0x298 },
    { 0x20A6, 0x20A6, 0x299 },
    { 0x20A8, 0x20AE, 0x29A },
    { 0x20B1, 0x20B2, 0x2A1 },
    { 0x20B4, 0x20B5, 0x2A3 },
    { 0x20B8, 0x20BA, 0x2A5 },
    { 0x20BD, 0x20BD, 0x2A8 },
    { 0x20BF, 0x20BF, 0x2A9 },
    { 0x2190, 0x2199, 0x2AA },
    { 0x21A9, 0x21AA, 0x2B4 },
    { 0x21B0, 0x21B3, 0x2B6 },
    { 0x21B6, 0x21B7, 0x2BA },
    { 0x21BA, 0x21BB, 0x2BC },
    { 0x21C4, 0x21C4, 0x2BE },
    { 0x21C6, 0x21C6, 0x2BF },
    { 0x2202, 0x2202, 0x2C0 },
    { 0x2206, 0x2206, 0x2C1 },
    { 0x220F, 0x220F, 0x2C2 },
    { 0x2211, 0x2212, 0x2C3 },
    { 0x2215, 0x2215, 0x2C5 },
    { 0x221A, 0x221A, 0x2C6 },
    { 0x221E, 0x221E, 0x2C7 },
    { 0x222B, 0x222B, 0x2C8 },
    { 0x2248, 0x2248, 0x2C9 },
    { 0x2260, 0x2260, 0x2CA },
    { 0x2264, 0x2265, 0x2CB },
    { 0xFB01, 0xFB02, 0x2CD },
};

static const EpdFontGroup terminalmono_20_regularGroups[] = {
    { 0, 3798, 13348, 97, 0 },
    { 3798, 3261, 15735, 96, 97 },
    { 7059, 4017, 25139, 128, 193 },
    { 11076, 1414, 6352, 30, 321 },
    { 12490, 264, 390, 19, 351 },
    { 12754, 5149, 28785, 168, 370 },
    { 17903, 2346, 20618, 90, 538 },
    { 20249, 459, 1447, 18, 628 },
    { 20708, 316, 1088, 17, 646 },
    { 21024, 1200, 3483, 19, 663 },
    { 22224, 1007, 3545, 22, 682 },
    { 23231, 597, 1916, 13, 704 },
    { 23828, 58, 378, 2, 717 },
};

static const EpdFontData terminalmono_20_regular = {
    terminalmono_20_regularBitmaps,
    terminalmono_20_regularGlyphs,
    terminalmono_20_regularIntervals,
    70,
    54,
    43,
    -12,
    true,
    terminalmono_20_regularGroups,
    13,
    nullptr,
    nullptr,
    nullptr,
    nullptr,
    nullptr,
    nullptr,
    nullptr,
    nullptr,
    nullptr,
    nullptr,
    nullptr,
    0,
    0,
    0,
    0,
    nullptr,
    0,
};
