/**
 * generated by fontconvert.py
 * name: terminalmono_16_regular
 * size: 16
 * mode: 2-bit  compressed: true
 * Command used: fontconvert.py terminalmono_16_regular 16 ../builtinFonts/source/IBMPlexMono/IBMPlexMono-Regular.ttf --2bit --compress --zopfli
 */
#pragma once
#include "EpdFontData.h"

static const uint8_t terminalmono_16_regularBitmaps[18110] = {
    0xBD, 0x98, 0x47, 0xB0, 0xE4, 0xC8, 0x56, 0x86, 0x3F, 0x49, 0xF3, 0x46, 0x8F, 0x10, 0x41, 0xBE,
    0x1D, 0x66, 0x8C, 0x66, 0x87, 0xBF, 0xB9, 0xC4, 0x55, 0x49, 0x89, 0x5F, 0xC2, 0x1A, 0xBB, 0xDF,
    0xD0, 0xEC, 0x51, 0x55, 0x09, 0xEF, 0xCD, 0x7E, 0x83, 0x5D, 0xE2, 0xED, 0x8D, 0x40, 0x75, 0x2B,
    0xF1, 0x1E, 0x84, 0xF7, 0x20, 0xCC, 0x0A, 0x2B, 0xDE, 0xD3, 0x23, 0xD4, 0x31, 0x59, 0x95, 0x9C,
    0x53, 0x26, 0xBA, 0x6E, 0x3B, 0x7A, 0xA2, 0x3B, 0x46, 0x57, 0xFF, 0xA7, 0x52, 0x9E, 0xFF, 0x9C,
    0x8C, 0x54, 0xA7, 0xD4, 0x29, 0x59, 0x77, 0xFD, 0x57, 0xBA, 0x92, 0x12, 0xA3, 0x7F, 0x7C, 0x9C,
    0xFC, 0x7D, 0x0C, 0x00, 0x60, 0xDB, 0x4D, 0xBF, 0xE9, 0x6D, 0xBB, 0xCA, 0xFD, 0xB3, 0x76, 0x80,
    0x64, 0x2C, 0x21, 0x1D, 0x2D, 0x64, 0xC3, 0x8D, 0xA0, 0xAF, 0x14, 0x4B, 0xC8, 0xFD, 0x42, 0xD1,
    0x50, 0x46, 0xBF, 0xDB, 0x97, 0xB1, 0xDD, 0xED, 0x31, 0x6E, 0x02, 0x83, 0xA0, 0x4C, 0xC6, 0x33,
    0x6E, 0xD2, 0x91, 0xCD, 0x21, 0x8B, 0xE3, 0x66, 0x2F, 0x60, 0x91, 0xF5, 0xD0, 0x68, 0xED, 0xAE,
    0x10, 0xDC, 0x16, 0x2D, 0x4C, 0xE6, 0x08, 0x47, 0x32, 0x1A, 0x80, 0xE9, 0x1E, 0xDE, 0x88, 0x3F,
    0x40, 0x12, 0x63, 0x20, 0x9F, 0x3E, 0xBA, 0x73, 0xC6, 0x8F, 0x65, 0x5B, 0xBA, 0xF1, 0x03, 0x94,
    0x8C, 0x9C, 0xE1, 0x04, 0x12, 0x80, 0x7C, 0x16, 0x24, 0xF1, 0x21, 0x60, 0xA3, 0x26, 0xBF, 0x7B,
    0x00, 0xC6, 0xDA, 0x09, 0x8C, 0x17, 0x14, 0x8A, 0xFC, 0xF4, 0xEB, 0x2D, 0x6D, 0xAB, 0xDD, 0x68,
    0xDB, 0x72, 0xFA, 0x68, 0x24, 0x8B, 0x71, 0xD6, 0xB4, 0x1F, 0x00, 0x26, 0xAE, 0x90, 0x1E, 0xA0,
    0x31, 0xD1, 0x33, 0xD9, 0x6C, 0x4C, 0xC7, 0x05, 0x63, 0xD6, 0x37, 0x4C, 0x85, 0x17, 0x18, 0x27,
    0xB8, 0x61, 0x81, 0x34, 0xDB, 0x74, 0xBC, 0x45, 0x7C, 0xA3, 0x66, 0x3C, 0xDA, 0x76, 0x8E, 0x32,
    0x8F, 0x23, 0x4B, 0xF3, 0x8D, 0x33, 0x4D, 0xC9, 0x29, 0x21, 0x19, 0x05, 0x59, 0x2F, 0x28, 0xBC,
    0xB4, 0x19, 0x27, 0x51, 0x8B, 0xF8, 0x16, 0x24, 0x92, 0x51, 0xEC, 0x81, 0x4D, 0xF4, 0xB0, 0xCF,
    0xA5, 0xDE, 0x98, 0x0C, 0x64, 0x03, 0x5C, 0x21, 0x1D, 0x01, 0x66, 0xC5, 0x16, 0x35, 0x6B, 0x5B,
    0xF4, 0x66, 0x2E, 0xFE, 0x74, 0x34, 0x73, 0xD9, 0xCE, 0x25, 0x35, 0xAB, 0x92, 0x0A, 0xFB, 0x35,
    0x82, 0xE2, 0x3F, 0x05, 0x59, 0xA0, 0x86, 0x80, 0x75, 0xE9, 0x0E, 0x33, 0xBC, 0x61, 0x7C, 0x16,
    0xF7, 0xF9, 0xC0, 0x6E, 0x48, 0xA7, 0xE6, 0xB2, 0x69, 0x7D, 0x4C, 0x4B, 0x05, 0x1D, 0xC9, 0x48,
    0xD6, 0x93, 0x7B, 0x8C, 0xC3, 0x40, 0x09, 0x37, 0xB0, 0xD4, 0x9D, 0xC5, 0xD5, 0xAE, 0x2D, 0x1A,
    0x52, 0x83, 0x41, 0xCD, 0xB9, 0x97, 0x44, 0x4D, 0xA7, 0x83, 0x0A, 0x2D, 0x98, 0x0D, 0x7A, 0xF4,
    0x5A, 0x9E, 0x09, 0x1A, 0x4D, 0x50, 0x77, 0xD1, 0xA2, 0x6E, 0x0D, 0x90, 0xCA, 0x3E, 0x92, 0x5C,
    0xED, 0xA9, 0xEC, 0x3A, 0x78, 0x35, 0xE4, 0x5E, 0xCD, 0x46, 0x13, 0x35, 0x7D, 0xD2, 0x66, 0xE3,
    0xA9, 0x40, 0x9D, 0x4F, 0xC5, 0x67, 0x27, 0xE3, 0xEB, 0x7E, 0xF3, 0x4F, 0xFF, 0xB3, 0xF3, 0x36,
    0xC6, 0xE8, 0xD8, 0xC5, 0x1E, 0xF2, 0x00, 0x98, 0x03, 0x60, 0x1F, 0x38, 0x58, 0x1B, 0x0F, 0x21,
    0x3B, 0x5E, 0xE7, 0x99, 0xA4, 0xE7, 0xE7, 0x01, 0x80, 0xDC, 0x3F, 0x53, 0xF1, 0xBC, 0x3D, 0xCF,
    0x53, 0xCC, 0x66, 0x34, 0x83, 0xE9, 0x4B, 0x6F, 0x5D, 0x4D, 0xC5, 0x82, 0x18, 0x07, 0xD9, 0x2F,
    0xB7, 0x1E, 0x70, 0x7B, 0x9E, 0x62, 0x23, 0x64, 0xFD, 0x29, 0xB1, 0x68, 0xC1, 0x38, 0x28, 0x81,
    0x0A, 0x58, 0x00, 0xDD, 0xC9, 0xA6, 0x03, 0x4A, 0x87, 0x47, 0x56, 0xD3, 0x9E, 0x6C, 0x37, 0xC0,
    0x12, 0x68, 0x80, 0x19, 0x18, 0x9F, 0x5F, 0x91, 0x37, 0x0E, 0xC0, 0x2E, 0x0E, 0x64, 0xF3, 0xEB,
    0x33, 0x79, 0xCF, 0x56, 0x4B, 0xD5, 0x94, 0x0E, 0x8B, 0x55, 0x73, 0xAD, 0xC5, 0x15, 0xBE, 0x4A,
    0x27, 0x41, 0x16, 0x4E, 0x38, 0x9F, 0x6A, 0xA0, 0xBE, 0xA0, 0x3D, 0x66, 0x68, 0xEE, 0xA9, 0x4A,
    0xA1, 0xF5, 0xB4, 0x32, 0xDA, 0xC7, 0xB9, 0xB7, 0x22, 0x00, 0x56, 0x71, 0xD7, 0x21, 0x51, 0x81,
    0x19, 0x04, 0x75, 0x2B, 0xB8, 0x41, 0xF0, 0x9A, 0x82, 0x97, 0x85, 0x89, 0x31, 0xF6, 0x47, 0xB0,
    0x9B, 0x29, 0x62, 0x74, 0xB6, 0x2F, 0xFB, 0x9A, 0x6C, 0xDC, 0x92, 0x4C, 0x9F, 0x02, 0x33, 0x10,
    0xD0, 0x23, 0x89, 0x28, 0x1D, 0x21, 0x1F, 0xC0, 0x78, 0xA8, 0x81, 0x3D, 0x62, 0x3D, 0x9D, 0x6E,
    0x20, 0x09, 0x50, 0x8C, 0x60, 0x3D, 0xDC, 0xA1, 0xE3, 0x89, 0x07, 0x15, 0xF6, 0x00, 0x69, 0x8C,
    0x03, 0xC5, 0x94, 0xCF, 0x3A, 0xEC, 0x40, 0x0A, 0x2B, 0x80, 0xF5, 0x05, 0x6C, 0x15, 0x01, 0xED,
    0x00, 0xC9, 0x70, 0x82, 0xD8, 0xEA, 0xE9, 0x04, 0xD0, 0x29, 0x2A, 0x45, 0x7D, 0x85, 0x8F, 0x55,
    0xD4, 0xB0, 0xC7, 0x0E, 0x52, 0x39, 0xD7, 0x81, 0xF0, 0xE0, 0x21, 0x80, 0x19, 0xD5, 0xA1, 0xB8,
    0x53, 0xFC, 0xAF, 0x20, 0xFB, 0xB0, 0x20, 0xFF, 0x55, 0x81, 0xF9, 0x26, 0x81, 0x4D, 0x05, 0x2B,
    0xC5, 0x2C, 0x48, 0x47, 0x41, 0xD6, 0x0B, 0x8C, 0x17, 0x58, 0x04, 0x95, 0x22, 0x28, 0xA2, 0x6C,
    0xC3, 0x11, 0xE8, 0xE9, 0xD3, 0x60, 0x62, 0x9C, 0x8F, 0x02, 0x54, 0xE5, 0x63, 0xB2, 0xC0, 0x4D,
    0xB1, 0xE7, 0x66, 0x13, 0xFB, 0xBA, 0x2F, 0x46, 0x4B, 0x12, 0x00, 0xD5, 0x0A, 0x58, 0x9F, 0xB5,
    0x7A, 0x13, 0xC2, 0x86, 0x64, 0xB6, 0xE2, 0x29, 0x62, 0x6C, 0xD9, 0xCD, 0x90, 0xEC, 0xEF, 0x5D,
    0x5A, 0xCD, 0xCC, 0x46, 0x28, 0x7A, 0x30, 0x2D, 0x58, 0xA0, 0x2A, 0x0E, 0xAC, 0x76, 0xB1, 0xBF,
    0xEB, 0x8B, 0x29, 0x8A, 0x63, 0x0F, 0xDB, 0x00, 0x6B, 0x51, 0xD5, 0x89, 0x1A, 0x58, 0x2D, 0xA1,
    0xB3, 0x52, 0xDB, 0x48, 0xED, 0x34, 0x46, 0xAF, 0xD7, 0x2A, 0xC6, 0x78, 0x50, 0xCD, 0xB0, 0x12,
    0x85, 0x59, 0xE2, 0xB3, 0x56, 0x7F, 0xD4, 0x83, 0x07, 0xEB, 0xA0, 0x06, 0xD6, 0x40, 0x38, 0x29,
    0x9D, 0xEE, 0x5B, 0xCA, 0xF6, 0x64, 0xA9, 0x80, 0xED, 0xD9, 0xA6, 0xFF, 0x8E, 0x49, 0x8C, 0x13,
    0xF9, 0x94, 0xEE, 0xD5, 0xB5, 0x51, 0x9B, 0x45, 0xE7, 0xFF, 0xE5, 0x26, 0x10, 0x14, 0x9E, 0xA5,
    0xD4, 0x4B, 0x66, 0x90, 0xAB, 0x83, 0x42, 0x32, 0x92, 0xA0, 0xE6, 0x9A, 0x1A, 0x71, 0x55, 0xF0,
    0xC4, 0xAD, 0xA4, 0x51, 0x67, 0xA6, 0xE4, 0x40, 0xAA, 0x7D, 0x68, 0x6F, 0xF0, 0x60, 0x26, 0x8B,
    0xB1, 0x95, 0x21, 0x0E, 0x35, 0xC9, 0xB4, 0x82, 0xAE, 0x83, 0x26, 0xC0, 0x52, 0x54, 0x89, 0xD6,
    0x5B, 0xB8, 0x93, 0xD8, 0x41, 0x2E, 0xF1, 0xB6, 0x88, 0xFB, 0x8E, 0xDD, 0x10, 0x20, 0x39, 0x8F,
    0x27, 0xEF, 0xEF, 0x4F, 0xF0, 0x09, 0xCA, 0x1E, 0x76, 0x8F, 0x56, 0x01, 0x3C, 0xB1, 0x5D, 0x22,
    0xC5, 0x50, 0x4E, 0xE5, 0x54, 0x0C, 0x4F, 0x3A, 0x9E, 0x7C, 0xBC, 0x01, 0x1F, 0x04, 0x3A, 0xC8,
    0x03, 0xD4, 0x03, 0xE9, 0x01, 0xEC, 0x44, 0x12, 0x1D, 0x66, 0x86, 0xBA, 0x85, 0x8A, 0xD3, 0x51,
    0xCF, 0xB5, 0x5D, 0xE3, 0xA4, 0x11, 0xD8, 0x0C, 0xA7, 0x3C, 0x3A, 0xAD, 0x13, 0xCF, 0x1B, 0x8F,
    0x6D, 0x97, 0xF6, 0x77, 0x80, 0x25, 0x50, 0xF7, 0x50, 0x1C, 0x6B, 0xB5, 0x50, 0x1E, 0x6B, 0x69,
    0xD1, 0xAB, 0x5A, 0x59, 0xD0, 0x73, 0x6D, 0xD7, 0x38, 0xE2, 0x53, 0xBF, 0xE6, 0x69, 0xBE, 0xD6,
    0xD1, 0x2B, 0x9C, 0xEB, 0x15, 0x1E, 0xCA, 0xA1, 0x76, 0xE9, 0xB4, 0x86, 0xF9, 0x13, 0x20, 0x70,
    0xD2, 0x7C, 0x9A, 0x19, 0xC5, 0xC8, 0x07, 0x76, 0x1E, 0x73, 0x00, 0x73, 0x9E, 0xA5, 0x17, 0x5D,
    0x6F, 0xA5, 0xD7, 0xA1, 0xAB, 0xF4, 0x37, 0x3A, 0x21, 0x53, 0xA9, 0x5D, 0x0C, 0xC5, 0x60, 0x5C,
    0x32, 0xDD, 0x40, 0x58, 0x42, 0xD3, 0xC0, 0xA2, 0x4B, 0xF6, 0xCB, 0xDB, 0x22, 0xAE, 0x66, 0xD3,
    0xEE, 0x67, 0xCB, 0x72, 0xBE, 0x11, 0x55, 0xF7, 0xA5, 0xED, 0xB7, 0xA5, 0xDB, 0xDE, 0x9A, 0x77,
    0xB7, 0x4D, 0x16, 0x97, 0x0B, 0x3E, 0xC4, 0x12, 0xB0, 0x9C, 0xBA, 0xCE, 0x27, 0x74, 0x3E, 0x7A,
    0xDE, 0x10, 0x65, 0x01, 0xC8, 0x15, 0xC5, 0x01, 0x30, 0x3B, 0xA0, 0x7C, 0xA0, 0x6E, 0xE3, 0xA0,
    0x52, 0xFF, 0xB2, 0xF0, 0xD0, 0xE5, 0x3D, 0x84, 0x6C, 0x80, 0x39, 0x1B, 0x49, 0xC6, 0x64, 0x42,
    0x8E, 0x33, 0xD2, 0x12, 0xF4, 0x4A, 0x04, 0x8A, 0x18, 0x0F, 0xF7, 0xFF, 0x53, 0x28, 0xDD, 0xA3,
    0x59, 0xBB, 0x85, 0xA2, 0x0F, 0x90, 0x0F, 0xB5, 0xD8, 0xEA, 0x18, 0xFB, 0x8A, 0x7C, 0xAC, 0x48,
    0xE6, 0x0A, 0xC2, 0x7D, 0x25, 0x53, 0x85, 0xFA, 0xA2, 0x13, 0xFD, 0x40, 0xC5, 0xEB, 0x72, 0xCE,
    0x56, 0x54, 0x89, 0xEA, 0x2B, 0xE9, 0x79, 0x57, 0x91, 0xCE, 0xE2, 0xD3, 0xBA, 0x8E, 0x37, 0x0E,
    0x3A, 0xB4, 0x21, 0x9B, 0xF2, 0xD9, 0x78, 0x42, 0xE9, 0x58, 0xD6, 0xF0, 0xA1, 0x0A, 0x58, 0x9D,
    0xB5, 0x7D, 0x8A, 0x2E, 0x31, 0xF5, 0xA9, 0x5F, 0xF3, 0x34, 0x5F, 0xEB, 0x68, 0x3D, 0xAD, 0x2B,
    0x07, 0xD1, 0x9E, 0xC0, 0xC6, 0x05, 0x8C, 0x0F, 0x64, 0x83, 0x3E, 0x17, 0x03, 0xC9, 0x14, 0x60,
    0x16, 0x85, 0xE7, 0x68, 0x56, 0x9F, 0xFA, 0x35, 0xEF, 0x94, 0xBF, 0x69, 0xB5, 0x9E, 0xD6, 0xAD,
    0x63, 0x0C, 0xAA, 0x0A, 0x78, 0x9E, 0xAE, 0x7D, 0x2F, 0xE8, 0x55, 0xED, 0x55, 0x2F, 0xE0, 0x9F,
    0x55, 0x15, 0xF0, 0xA2, 0x92, 0xEB, 0xE2, 0x60, 0x17, 0x47, 0xD2, 0x87, 0x69, 0x20, 0x1F, 0x58,
    0x63, 0xFC, 0xE9, 0xD9, 0xF6, 0x1A, 0x16, 0xA0, 0x7E, 0x36, 0xEA, 0x78, 0x01, 0xE5, 0x09, 0x56,
    0xA0, 0xB9, 0xA5, 0x56, 0xD1, 0x75, 0x01, 0x1B, 0xB2, 0x39, 0xFD, 0x47, 0x88, 0xF1, 0x6B, 0xA1,
    0x9C, 0x4B, 0x56, 0xD0, 0xBD, 0x88, 0x36, 0x31, 0x06, 0xD5, 0x8B, 0xFA, 0x55, 0x97, 0x4B, 0x46,
    0xDE, 0xF3, 0xAA, 0x74, 0xA9, 0x99, 0xC7, 0x38, 0xAA, 0x20, 0x7B, 0x29, 0xAD, 0xC8, 0x86, 0x9A,
    0xC2, 0x5B, 0x7D, 0xD2, 0xC6, 0x03, 0xC9, 0x6E, 0xA0, 0x82, 0xDA, 0x09, 0xEE, 0xD0, 0x9B, 0x41,
    0x90, 0x8F, 0x02, 0xE3, 0x05, 0xB5, 0x13, 0xEC, 0xA1, 0x4A, 0x67, 0x41, 0x31, 0x08, 0x4A, 0x2F,
    0xA8, 0x7B, 0x41, 0x1C, 0xA1, 0xFE, 0xF0, 0x2C, 0xE8, 0x83, 0xA0, 0xDD, 0x80, 0x66, 0x5C, 0x72,
    0x0B, 0xAD, 0x9C, 0x4D, 0x82, 0x24, 0x70, 0x2E, 0x4F, 0xAD, 0x28, 0xBD, 0x80, 0x57, 0xAD, 0xCB,
    0x0C, 0x8C, 0x70, 0x88, 0x2E, 0x39, 0x44, 0x9F, 0x89, 0xF2, 0x43, 0x1C, 0x8A, 0xBB, 0xFD, 0x68,
    0xAA, 0x30, 0x95, 0x55, 0xE8, 0x96, 0x55, 0x58, 0x34, 0x55, 0xA8, 0x6E, 0xAB, 0x50, 0x8E, 0x55,
    0x30, 0x43, 0x15, 0x8A, 0xBE, 0x0A, 0x99, 0xAF, 0x42, 0xDA, 0x56, 0x21, 0xA1, 0x0A, 0x3C, 0x5B,
    0x1B, 0x4F, 0x73, 0xD4, 0x20, 0x1A, 0x69, 0x56, 0x13, 0x4D, 0x13, 0x44, 0x8D, 0xA8, 0x12, 0x59,
    0x91, 0x71, 0x22, 0xDF, 0x34, 0xB9, 0x28, 0x1B, 0x9A, 0x26, 0x1D, 0x25, 0x3C, 0x89, 0x82, 0x68,
    0x25, 0xAA, 0x44, 0x56, 0x64, 0xC2, 0x49, 0xB9, 0x28, 0x0B, 0x4F, 0x5D, 0x25, 0xFB, 0x27, 0x1F,
    0x88, 0x0A, 0xFF, 0xFF, 0xA3, 0xD5, 0x8C, 0xF3, 0x02, 0xC1, 0x3F, 0x63, 0x95, 0xAC, 0x0F, 0xBD,
    0x3A, 0xC6, 0xB1, 0x22, 0x0D, 0xCF, 0x79, 0x48, 0x6E, 0x35, 0xAE, 0x3E, 0xF5, 0xBF, 0xF8, 0xCD,
    0xFD, 0x7E, 0x0D, 0x27, 0xC6, 0x01, 0xCA, 0x83, 0xBB, 0x7E, 0x15, 0x43, 0x41, 0x0C, 0x80, 0x0D,
    0xC7, 0x71, 0xA2, 0x03, 0x40, 0x47, 0x22, 0x60, 0xAB, 0xA8, 0x14, 0xF5, 0x7D, 0x54, 0xE7, 0xA8,
    0xFA, 0x34, 0xE3, 0x94, 0x5B, 0x25, 0xB3, 0x86, 0x82, 0xA2, 0x56, 0xD8, 0xC7, 0xA6, 0xB9, 0x56,
    0x4E, 0x66, 0x01, 0x41, 0xB1, 0x81, 0x37, 0x62, 0x4B, 0x1A, 0xE3, 0x4C, 0x31, 0x25, 0x51, 0xAD,
    0xFA, 0x71, 0x84, 0x0F, 0x62, 0x81, 0x33, 0x1C, 0x50, 0x7A, 0x10, 0x0B, 0x88, 0xF9, 0x21, 0xF0,
    0x20, 0x0E, 0xC0, 0x57, 0xEE, 0x01, 0x36, 0x8A, 0xB2, 0x05, 0x4D, 0xE7, 0x82, 0xCF, 0xD4, 0xB6,
    0xDA, 0x51, 0x53, 0xEA, 0xBA, 0x2D, 0x8B, 0x71, 0x92, 0xB4, 0xD3, 0x00, 0x63, 0x38, 0x02, 0x56,
    0xF0, 0x3E, 0x40, 0xF7, 0xEE, 0x65, 0xB4, 0x14, 0x55, 0x10, 0x6A, 0x98, 0xAD, 0x4B, 0x27, 0x5D,
    0x55, 0x67, 0x31, 0x7A, 0x36, 0x0F, 0xD9, 0x42, 0xDE, 0xAF, 0xA1, 0xB8, 0x5E, 0xAE, 0xEA, 0xA2,
    0x57, 0x57, 0x09, 0xE7, 0x6B, 0xDF, 0xB3, 0x22, 0x1F, 0xE8, 0xC8, 0xCE, 0x6F, 0x19, 0x13, 0xC9,
    0x24, 0x07, 0xE6, 0x4C, 0x10, 0xB2, 0xE1, 0xBC, 0xF4, 0xA8, 0x0A, 0x0F, 0xB5, 0x69, 0xCF, 0x0B,
    0x93, 0xF2, 0x6B, 0x2F, 0x8B, 0x95, 0xE2, 0x70, 0x59, 0xC0, 0x64, 0x82, 0x19, 0xB2, 0xE1, 0x56,
    0xD1, 0x09, 0xFA, 0x23, 0x9A, 0x0B, 0x7C, 0x93, 0xCE, 0x82, 0x2C, 0xE4, 0x7E, 0xA1, 0x58, 0xE6,
    0x8A, 0xE2, 0x27, 0x0A, 0xBF, 0x34, 0x5F, 0x57, 0xB4, 0x95, 0x29, 0x15, 0xA6, 0x68, 0x6F, 0xDE,
    0x36, 0x5F, 0xE6, 0xEC, 0x67, 0x16, 0xDF, 0xEF, 0xEC, 0x32, 0xFF, 0x7E, 0x57, 0x2E, 0xF2, 0x3F,
    0x72, 0x65, 0x93, 0xFD, 0x23, 0xE5, 0x6D, 0xF6, 0xDF, 0x98, 0x29, 0x8D, 0x82, 0x44, 0x30, 0x0A,
    0xCA, 0x16, 0x1D, 0x36, 0xD9, 0x98, 0x1D, 0xDF, 0x9B, 0x66, 0x6D, 0x09, 0xD4, 0xB0, 0x66, 0x0B,
    0xF6, 0xF3, 0x67, 0x30, 0xBF, 0x36, 0x42, 0xFE, 0xEF, 0x3D, 0xA4, 0xB1, 0x05, 0x22, 0x67, 0x24,
    0xD1, 0x41, 0x16, 0x3D, 0x14, 0x7F, 0x39, 0x40, 0xF9, 0x4D, 0x13, 0xD4, 0x04, 0xD8, 0xB2, 0x26,
    0x99, 0xA9, 0xC9, 0x46, 0x4A, 0x5F, 0xF4, 0x14, 0xBD, 0xF1, 0x72, 0x52, 0x23, 0xCD, 0x02, 0x82,
    0x3D, 0xF6, 0xEB, 0xC9, 0xC7, 0x7C, 0xC0, 0xF8, 0x6C, 0xA2, 0x6C, 0x93, 0x40, 0xAD, 0xB9, 0xDB,
    0x73, 0x15, 0xFB, 0x05, 0x93, 0x76, 0x3E, 0x40, 0xFE, 0xDF, 0x1E, 0xB2, 0x47, 0x9D, 0x6F, 0xDF,
    0xE3, 0x3C, 0xD1, 0x59, 0xD9, 0x1E, 0x71, 0x99, 0xF7, 0x6B, 0x80, 0x00, 0x64, 0x13, 0x90, 0x0F,
    0x97, 0xF9, 0x5D, 0x03, 0xDC, 0x71, 0x09, 0x8E, 0x40, 0xD1, 0x03, 0xE5, 0x25, 0xC8, 0x16, 0x1D,
    0xC4, 0xFD, 0x60, 0x7B, 0x09, 0x6E, 0x62, 0x8C, 0xFE, 0x88, 0x5D, 0x1C, 0x64, 0xBF, 0x85, 0x57,
    0xB8, 0x9F, 0x6A, 0x56, 0x40, 0x09, 0x18, 0x07, 0x45, 0x0B, 0xB9, 0x87, 0xAC, 0x87, 0x74, 0x04,
    0x54, 0x33, 0xD0, 0x00, 0x4B, 0xE0, 0xE6, 0x62, 0xBE, 0x36, 0x0E, 0x90, 0xA8, 0x71, 0x02, 0x3A,
    0x60, 0x01, 0x3C, 0xB7, 0xAA, 0x1A, 0x6F, 0x63, 0xEC, 0x65, 0x27, 0x7B, 0x95, 0xFB, 0xA5, 0xE6,
    0x0C, 0xE4, 0xE1, 0x72, 0x57, 0xD8, 0xD2, 0x41, 0x65, 0x2E, 0x0B, 0xF7, 0xE9, 0xF8, 0xA9, 0x8A,
    0x19, 0x39, 0xE9, 0x4E, 0x77, 0x5E, 0x09, 0x96, 0x4A, 0x87, 0xD5, 0x40, 0xEE, 0x5F, 0x83, 0x84,
    0x5A, 0x2F, 0xFB, 0x11, 0xD0, 0xB0, 0xC6, 0x4A, 0x34, 0xF7, 0x69, 0xCB, 0xEE, 0x5F, 0xA1, 0x88,
    0x11, 0xEA, 0xD6, 0x7A, 0x96, 0x5A, 0xE6, 0xB5, 0xF3, 0x97, 0xC5, 0xF1, 0x84, 0x44, 0x17, 0x81,
    0x65, 0x14, 0xD4, 0x4E, 0x4E, 0xB7, 0x08, 0x02, 0x17, 0x6C, 0x29, 0x34, 0xB0, 0x56, 0xCB, 0x18,
    0xF5, 0x26, 0xD8, 0x10, 0xE0, 0xD9, 0x2A, 0x67, 0x42, 0x8C, 0x2E, 0xFE, 0x80, 0xF5, 0x07, 0xF2,
    0x31, 0x90, 0x8A, 0x78, 0xDA, 0x3A, 0x5B, 0xCF, 0x27, 0x8D, 0xAB, 0x2F, 0xB6, 0xD6, 0x6B, 0x9E,
    0xE6, 0x53, 0xEE, 0xD1, 0xD7, 0x9C, 0x7C, 0xCA, 0x47, 0xE3, 0x99, 0x4B, 0xF8, 0xF2, 0xFA, 0x59,
    0x2B, 0x0F, 0xC0, 0xC2, 0x3B, 0xE2, 0x0B, 0xE2, 0x9F, 0x24, 0xAF, 0xD7, 0x7C, 0x0D, 0x3F, 0x53,
    0xF6, 0x5F, 0xAB, 0x34, 0x1E, 0x2A, 0xF1, 0xDF, 0x49, 0xDE, 0x5D, 0xE9, 0xA8, 0x2C, 0x54, 0xF5,
    0x53, 0xA4, 0xED, 0x1A, 0x57, 0x9F, 0xFA, 0x35, 0x4F, 0xF3, 0xB1, 0x33, 0x97, 0x57, 0xBD, 0xD2,
    0x25, 0x53, 0x05, 0x5D, 0x03, 0xAB, 0x4E, 0xB4, 0x3B, 0x7F, 0x93, 0xE8, 0x00, 0x55, 0x03, 0x54,
    0xF0, 0x4E, 0xE9, 0x08, 0xC5, 0x70, 0xFE, 0x76, 0x61, 0x1F, 0x02, 0xBB, 0x48, 0x76, 0xF5, 0x5D,
    0xB1, 0x78, 0x24, 0xA9, 0x11, 0x55, 0xFA, 0xFB, 0xBD, 0xEA, 0xB2, 0x80, 0x06, 0xA2, 0x83, 0x54,
    0xF0, 0xE0, 0xDD, 0x16, 0xED, 0x16, 0x7D, 0xED, 0xA5, 0x6C, 0xB3, 0x11, 0x4B, 0x3A, 0x51, 0x93,
    0x4C, 0xD8, 0x13, 0xD2, 0x11, 0xA3, 0x81, 0x7C, 0x28, 0x7B, 0xBD, 0xFE, 0x4E, 0x32, 0x66, 0xA4,
    0x0D, 0x28, 0x51, 0x38, 0xC0, 0xC4, 0x38, 0x90, 0xC5, 0xB8, 0xE7, 0x06, 0x36, 0x34, 0x60, 0x5C,
    0x87, 0x42, 0x0D, 0x1B, 0x97, 0xEC, 0xB0, 0x51, 0xF2, 0xD2, 0xDD, 0xA1, 0x7D, 0xFE, 0x4C, 0xB1,
    0x13, 0x21, 0x46, 0x0E, 0x3A, 0x53, 0x28, 0xFA, 0x40, 0x36, 0x9C, 0x35, 0xBE, 0xA8, 0x24, 0x0D,
    0xCC, 0x88, 0x4A, 0x7F, 0x5F, 0x6F, 0xBB, 0xD8, 0xA3, 0x22, 0x7F, 0xAF, 0xD2, 0xBC, 0x18, 0x54,
    0xB0, 0x05, 0xE2, 0x59, 0x5B, 0xAE, 0x37, 0xBD, 0x04, 0x2A, 0x58, 0xBD, 0x22, 0x35, 0xA8, 0x76,
    0x71, 0x16, 0x0D, 0x74, 0xF0, 0x1C, 0xA5, 0x73, 0x47, 0x31, 0x74, 0xD4, 0xAE, 0x63, 0x4F, 0x97,
    0x4D, 0x74, 0xA6, 0xA7, 0xAB, 0x1D, 0xDB, 0xD8, 0xB2, 0xFB, 0xF7, 0x9E, 0xDD, 0x37, 0x8F, 0xDC,
    0x11, 0xE8, 0x58, 0x8B, 0x6C, 0xDB, 0x61, 0xFA, 0x8E, 0x6C, 0xEC, 0x48, 0x42, 0x07, 0x77, 0x9B,
    0xE8, 0x51, 0x91, 0xBF, 0x5A, 0x5D, 0x66, 0xDF, 0xA2, 0xFE, 0xFC, 0x3D, 0xCB, 0xF8, 0x5B, 0xD1,
    0x55, 0x5F, 0xF8, 0x1F, 0x65, 0xBB, 0x4C, 0xA7, 0xC2, 0x2F, 0x93, 0x31, 0xF7, 0x8B, 0x97, 0xC0,
    0x2B, 0x99, 0x34, 0x0F, 0x4E, 0xB7, 0xAE, 0x19, 0x8A, 0xC1, 0x72, 0xB9, 0x75, 0x69, 0xBA, 0xCB,
    0x37, 0xB6, 0xB3, 0xF4, 0x5C, 0xDB, 0x35, 0xAE, 0x3E, 0xF5, 0x6B, 0x9E, 0xE6, 0xBF, 0x8A, 0xC7,
    0x5C, 0x80, 0x67, 0xEA, 0x95, 0x3C, 0xA2, 0xE0, 0x99, 0xDA, 0xC4, 0x34, 0xBA, 0x4D, 0x34, 0xD1,
    0x51, 0x7E, 0x0E, 0x50, 0xFE, 0x90, 0xC2, 0x2B, 0x9C, 0x82, 0x17, 0x87, 0xFE, 0x5B, 0x9F, 0xA0,
    0x9F, 0xBF, 0xF2, 0x18, 0x07, 0xD3, 0xE7, 0xB3, 0x85, 0xAF, 0xAF, 0x01, 0xAB, 0xAE, 0x16, 0x8A,
    0xF8, 0x63, 0xE8, 0xB3, 0x99, 0xE4, 0xA7, 0x26, 0x48, 0x02, 0xD0, 0xA8, 0x56, 0xD0, 0xD5, 0xE2,
    0x2F, 0x24, 0x8F, 0x07, 0x07, 0x30, 0x2D, 0x4F, 0x87, 0x56, 0xD1, 0x27, 0xA2, 0x3B, 0x02, 0x6D,
    0x7B, 0x29, 0xE4, 0x5A, 0x25, 0x11, 0xCC, 0x64, 0xC3, 0x8B, 0x2A, 0x9C, 0xB5, 0xA2, 0x18, 0xEA,
    0xF6, 0x1B, 0x06, 0x13, 0xFF, 0x65, 0x48, 0xE3, 0x17, 0x0E, 0x1D, 0x54, 0xAB, 0xD3, 0x5C, 0x09,
    0x16, 0xA6, 0xD2, 0x25, 0xA3, 0x69, 0xB3, 0xA1, 0xF0, 0x59, 0x9F, 0xF5, 0xB9, 0xCF, 0x06, 0xD3,
    0x4A, 0x8B, 0x63, 0xB2, 0x30, 0x57, 0xD0, 0x2C, 0x60, 0xD9, 0x81, 0x9D, 0xA0, 0x3C, 0x3D, 0xC0,
    0x96, 0x6C, 0xB9, 0xAD, 0x38, 0x70, 0x7B, 0x43, 0x94, 0x12, 0xFC, 0xB7, 0x20, 0xF9, 0x5B, 0x37,
    0x9A, 0xF4, 0x2F, 0x05, 0xD9, 0xAF, 0x7D, 0xE3, 0x68, 0xBE, 0xF0, 0xD7, 0x7E, 0x65, 0x28, 0xBE,
    0xF0, 0x9B, 0x7F, 0x75, 0x28, 0xBE, 0xFD, 0x0B, 0x7E, 0xB5, 0xCF, 0xBF, 0xFB, 0xF3, 0xFF, 0xD4,
    0xE7, 0xBF, 0x97, 0xFC, 0x8B, 0xCF, 0xFE, 0x88, 0x8F, 0xF8, 0xEC, 0x0F, 0xF9, 0x48, 0x9B, 0xFD,
    0x17, 0xBF, 0xDC, 0xA6, 0x7B, 0x76, 0x2E, 0x09, 0x6C, 0xDC, 0x1A, 0xB6, 0xD6, 0x25, 0xB3, 0xF1,
    0xD9, 0x98, 0x8F, 0xBA, 0xC8, 0xB5, 0x8E, 0xFD, 0x1A, 0xEA, 0x70, 0xEE, 0x78, 0x80, 0x72, 0x82,
    0x2A, 0x40, 0x58, 0x93, 0x8E, 0xD6, 0xE5, 0xBD, 0xF1, 0xEA, 0xAF, 0x49, 0xE6, 0x2D, 0x6C, 0x2B,
    0x30, 0xDE, 0x0A, 0x9C, 0x39, 0xBF, 0x03, 0x56, 0xE4, 0x9E, 0x86, 0x6C, 0xB8, 0xAC, 0xFC, 0x99,
    0xD2, 0xCB, 0xA2, 0xBF, 0x91, 0x90, 0x2E, 0xFA, 0xCF, 0xEB, 0x7D, 0xF3, 0xB5, 0x08, 0xEE, 0x2D,
    0xF5, 0x49, 0x27, 0xC5, 0x08, 0x68, 0x02, 0x9A, 0x40, 0xA1, 0xD0, 0x84, 0x32, 0x22, 0x98, 0xAF,
    0xBE, 0x2A, 0x9C, 0x12, 0x8A, 0x01, 0xCA, 0x16, 0x36, 0x40, 0x80, 0x6C, 0x04, 0xD3, 0x83, 0x75,
    0x70, 0x07, 0xC9, 0x0C, 0xB9, 0x36, 0x79, 0xA8, 0xAF, 0xBE, 0xA1, 0x61, 0x62, 0x4F, 0x2D, 0x5A,
    0x00, 0x0D, 0xE8, 0x51, 0x75, 0xFF, 0xBB, 0xEA, 0xD5, 0xC2, 0x50, 0x8F, 0x6F, 0x78, 0x76, 0x07,
    0x54, 0xFA, 0xFB, 0x7E, 0x4C, 0xBD, 0x9A, 0x63, 0xCF, 0x35, 0x16, 0x70, 0x5D, 0x5B, 0xFB, 0xD2,
    0x3E, 0x9B, 0xE7, 0x6E, 0xC7, 0xEA, 0xB1, 0x85, 0xCC, 0x3F, 0xD2, 0x65, 0x05, 0x60, 0x1C, 0xD4,
    0xE7, 0x8A, 0x13, 0x30, 0x9E, 0x8F, 0x6B, 0xA0, 0x88, 0x3D, 0xAA, 0xF5, 0x63, 0x31, 0xF5, 0xD6,
    0x97, 0x15, 0xEC, 0xB9, 0x56, 0xF6, 0x48, 0xDA, 0x97, 0xF6, 0x99, 0xEC, 0xC9, 0xDA, 0x3C, 0xBA,
    0xDC, 0x9B, 0x2F, 0xED, 0x8B, 0xF6, 0xED, 0x64, 0x32, 0x3A, 0xED, 0x2C, 0x0B, 0x6C, 0xE0, 0x33,
    0xC8, 0x47, 0xFE, 0x0F, 0xC5, 0x99, 0x31, 0x8C, 0xDC, 0xC6, 0xD5, 0xC7, 0x7F, 0x24, 0x6D, 0x51,
    0xFE, 0x06, 0xF6, 0xB8, 0x70, 0xF5, 0x39, 0x30, 0x55, 0xB8, 0xB4, 0xC5, 0x26, 0x85, 0x8B, 0xDD,
    0x25, 0x65, 0x17, 0x29, 0x5C, 0x24, 0x7D, 0xE3, 0xF4, 0x29, 0x64, 0x20, 0x08, 0xE0, 0x20, 0xDC,
    0x5B, 0xC6, 0xEA, 0x81, 0xEB, 0x9B, 0xA4, 0x6F, 0x92, 0x42, 0xC5, 0x15, 0x7B, 0xDE, 0x09, 0x52,
    0xA8, 0x48, 0xC3, 0x24, 0x3D, 0xC2, 0x20, 0xEE, 0x3D, 0x81, 0x89, 0x84, 0x42, 0xB8, 0x3B, 0x79,
    0x8F, 0xCB, 0x85, 0x17, 0xF6, 0x2A, 0x27, 0xC1, 0xA7, 0xBB, 0x39, 0xFE, 0xFE, 0x18, 0xCE, 0xBC,
    0x79, 0xEF, 0x71, 0x28, 0x2D, 0x67, 0xC8, 0xBC, 0x5E, 0x35, 0xAB, 0x26, 0xAF, 0x19, 0xCB, 0x6B,
    0xBC, 0x21, 0x7F, 0x76, 0xFC, 0xCB, 0xC8, 0xC8, 0xCB, 0xE3, 0xBF, 0x57, 0x21, 0x69, 0xBE, 0x21,
    0xDF, 0x11, 0x85, 0xD0, 0xA4, 0x5F, 0x3F, 0xF1, 0xF6, 0x91, 0xEB, 0xF2, 0xC4, 0x95, 0x45, 0xE2,
    0x58, 0x9C, 0x40, 0xDB, 0xA5, 0xFF, 0x9E, 0xD8, 0xAD, 0xD3, 0x7F, 0x3F, 0xE9, 0x74, 0x9C, 0x8E,
    0xE7, 0xD8, 0xDF, 0x9D, 0x70, 0x0E, 0x45, 0xD8, 0xC2, 0x96, 0x4D, 0x99, 0x78, 0xAC, 0x4B, 0x5B,
    0x62, 0x8C, 0x83, 0x6F, 0x4B, 0xDA, 0x00, 0x49, 0xAB, 0xE2, 0x81, 0x55, 0x08, 0xF5, 0x5E, 0xE8,
    0xE1, 0x48, 0xA2, 0xEE, 0x60, 0x62, 0x75, 0x44, 0x5E, 0xAA, 0x84, 0x10, 0xDC, 0x28, 0x00, 0xEF,
    0xC1, 0x07, 0x0B, 0x58, 0xE7, 0x62, 0x6B, 0x7F, 0xF7, 0x1F, 0x9F, 0x86, 0x20, 0x61, 0x33, 0x67,
    0xEB, 0xC4, 0x67, 0x65, 0xE4, 0x73, 0xE8, 0x0A, 0xE8, 0x0F, 0xE8, 0xB9, 0xB6, 0x6B, 0xBF, 0xDA,
    0xA9, 0xBD, 0x8E, 0xD3, 0xF1, 0xEA, 0x47, 0xFD, 0x01, 0x14, 0xC2, 0x20, 0xF1, 0xE2, 0xCE, 0x3A,
    0x12, 0x6F, 0x1A, 0x4C, 0x33, 0x5E, 0x53, 0xDC, 0x91, 0x95, 0x0C, 0x6A, 0x70, 0xC9, 0x52, 0x0D,
    0x07, 0xC8, 0x35, 0x51, 0xFB, 0xC8, 0x83, 0x79, 0xA2, 0xD3, 0xF1, 0x95, 0xC3, 0x84, 0x10, 0x9A,
    0x51, 0xA0, 0x82, 0x67, 0xC9, 0x91, 0x5D, 0x75, 0x54, 0x18, 0xCB, 0x71, 0x0B, 0xF9, 0xAE, 0x8C,
    0x42, 0x68, 0xD3, 0x2E, 0x6D, 0xAC, 0x03, 0x5B, 0x4F, 0x38, 0x48, 0x3B, 0x88, 0x75, 0xFA, 0xC3,
    0x8E, 0xF4, 0xD7, 0x9B, 0x36, 0x93, 0x96, 0x39, 0x0C, 0xC2, 0x7A, 0x09, 0x55, 0xA1, 0x13, 0xD4,
    0xD0, 0x99, 0xDD, 0x87, 0x0D, 0x9B, 0xA0, 0xF7, 0xAA, 0x86, 0x4C, 0x33, 0xF5, 0x10, 0x4F, 0x24,
    0x3E, 0x3D, 0xCF, 0x1A, 0x1B, 0x42, 0x19, 0x6D, 0x7A, 0xBD, 0xA4, 0xE2, 0xD1, 0x20, 0x87, 0x54,
    0xF6, 0xF7, 0x76, 0x15, 0xB6, 0xC4, 0x4F, 0x59, 0xD5, 0xA6, 0x21, 0x6D, 0x32, 0x88, 0xFC, 0x3C,
    0x0A, 0xE5, 0x45, 0x65, 0x42, 0x3B, 0x7B, 0x9C, 0x3D, 0x68, 0xDF, 0xF7, 0xF7, 0xE1, 0x1D, 0x3F,
    0x9F, 0x24, 0x1B, 0x6B, 0xD2, 0x76, 0xFE, 0x8E, 0xF4, 0xFA, 0xF7, 0x3F, 0x33, 0xA1, 0x99, 0xE9,
    0x88, 0xCF, 0xC6, 0xB1, 0xA3, 0x97, 0xD1, 0xDF, 0xE8, 0x79, 0x8C, 0x11, 0xEF, 0xB0, 0xA1, 0x59,
    0x24, 0xFE, 0x15, 0x3C, 0x78, 0x13, 0x7C, 0x11, 0x7C, 0x85, 0xAF, 0x62, 0x5F, 0xEC, 0xB6, 0xA6,
    0x5B, 0xF2, 0x2A, 0x77, 0xC9, 0x99, 0x73, 0x19, 0x0D, 0x49, 0x9F, 0x7A, 0xDB, 0xE6, 0x6E, 0x55,
    0x6F, 0xF8, 0x82, 0x61, 0x44, 0xEB, 0xDA, 0xA6, 0x7D, 0x6A, 0xA3, 0xB6, 0x3A, 0x26, 0x84, 0x30,
    0x28, 0xC0, 0xEC, 0x19, 0xBC, 0x15, 0x42, 0x2B, 0x07, 0x9B, 0x86, 0xB4, 0xAE, 0x78, 0x1D, 0xC3,
    0x7B, 0xAB, 0x47, 0xF5, 0x07, 0x9F, 0xFE, 0xC5, 0xFD, 0x70, 0xF5, 0xB9, 0xFB, 0xE0, 0xE7, 0x9F,
    0xBB, 0xF7, 0x3E, 0xFD, 0x6B, 0xAD, 0xED, 0xDA, 0xAF, 0x76, 0x9B, 0xD0, 0xCA, 0x11, 0x85, 0xD2,
    0x86, 0xB6, 0x78, 0xD0, 0x57, 0x54, 0x17, 0xCC, 0x2F, 0x58, 0x88, 0x4A, 0x5D, 0x5A, 0xEC, 0xD8,
    0x4B, 0x5C, 0x43, 0xEA, 0x4E, 0x12, 0xA6, 0xA2, 0xF5, 0x67, 0x71, 0x5C, 0x0E, 0xF6, 0x69, 0x4F,
    0x1E, 0xCA, 0xA5, 0x71, 0xEF, 0x26, 0x4E, 0x6D, 0x6C, 0xC9, 0x19, 0x71, 0x8F, 0x69, 0x58, 0xC0,
    0x26, 0x34, 0x72, 0x44, 0x3B, 0x49, 0xAC, 0xB1, 0xB1, 0x27, 0xF2, 0xC4, 0x2D, 0xA1, 0x24, 0xD4,
    0xC4, 0x3A, 0xB9, 0xF7, 0x63, 0x2F, 0xB9, 0xC5, 0xBB, 0x12, 0x12, 0x67, 0x9C, 0x2D, 0x73, 0x66,
    0xBC, 0xCB, 0x40, 0xD2, 0xBE, 0x28, 0x3B, 0x4C, 0x1B, 0xEA, 0x9F, 0xB5, 0x21, 0x7C, 0xDD, 0x3E,
    0x0D, 0x1F, 0x49, 0x1B, 0x3C, 0x0B, 0xF2, 0xB0, 0x8B, 0x43, 0xD8, 0x99, 0xD0, 0x2D, 0x32, 0xA1,
    0x98, 0x58, 0x1D, 0x51, 0x4C, 0x68, 0xBF, 0xDA, 0xC5, 0x02, 0xB9, 0xC0, 0x8B, 0x73, 0xF8, 0x79,
    0xB4, 0xBC, 0xC1, 0xEB, 0x58, 0xCF, 0xFA, 0x17, 0xEB, 0x4D, 0xF7, 0xFF, 0xE7, 0x77, 0x3A, 0x56,
    0x1D, 0x97, 0x8F, 0x79, 0xF3, 0x31, 0x7C, 0xE7, 0x28, 0x42, 0x2B, 0x47, 0x3C, 0xDE, 0xD6, 0xFC,
    0x41, 0x37, 0xA3, 0xAA, 0x98, 0xED, 0x0F, 0xA9, 0x4B, 0x8B, 0x1D, 0x7B, 0xEF, 0x71, 0xCE, 0x05,
    0x1D, 0x05, 0x5F, 0x90, 0x49, 0x90, 0xB4, 0x33, 0x3E, 0xDA, 0xC5, 0x03, 0x2B, 0xB6, 0x8A, 0xD6,
    0xB5, 0x4D, 0xFB, 0xD4, 0x46, 0x6D, 0x75, 0xCC, 0x9D, 0x1E, 0xAA, 0x42, 0xA4, 0x9B, 0x5F, 0x10,
    0x79, 0x69, 0x4F, 0x1A, 0x11, 0xE3, 0x44, 0x6C, 0x29, 0x92, 0x23, 0x32, 0x13, 0xD1, 0x7A, 0x70,
    0x5E, 0x05, 0x0E, 0x25, 0xF5, 0x64, 0x58, 0xCF, 0x9C, 0xFB, 0x9E, 0x8A, 0x5F, 0x7A, 0x3A, 0xFE,
    0xE9, 0x63, 0x9F, 0xFC, 0xC1, 0x27, 0x4D, 0xFA, 0xC0, 0x1B, 0x67, 0xC2, 0xD6, 0x96, 0x22, 0x39,
    0xE2, 0x7E, 0xA6, 0xF2, 0x3D, 0x43, 0xAE, 0x6A, 0xB2, 0x28, 0x48, 0xC8, 0xA4, 0xE9, 0xA8, 0xA2,
    0xF2, 0x31, 0x1D, 0x74, 0xB1, 0x27, 0x69, 0xC5, 0x8F, 0x75, 0xC6, 0x71, 0x86, 0x2D, 0xE3, 0x96,
    0x9C, 0x24, 0x0C, 0x33, 0x95, 0x74, 0x0B, 0x55, 0x16, 0x4A, 0xBA, 0xF7, 0x4D, 0x2D, 0x21, 0x4D,
    0x99, 0x34, 0xF1, 0x56, 0x42, 0xC6, 0x3B, 0x0D, 0x69, 0xEA, 0x9C, 0xB7, 0x12, 0x37, 0x63, 0x6E,
    0x9C, 0x86, 0x2C, 0x3D, 0x69, 0xCF, 0xF7, 0xBB, 0x4A, 0xD2, 0x0E, 0xEC, 0xB0, 0x47, 0xEB, 0xC7,
    0x25, 0xF6, 0xDF, 0x60, 0x84, 0x20, 0xE6, 0xBB, 0x12, 0xDB, 0x40, 0x5E, 0x42, 0x01, 0x07, 0x7E,
    0x2A, 0x0C, 0x59, 0x19, 0xF7, 0xB6, 0x35, 0x3E, 0x09, 0xC1, 0xF1, 0xF0, 0x29, 0xFB, 0x92, 0x8D,
    0x52, 0x1F, 0x1E, 0x63, 0x49, 0xCB, 0x18, 0x17, 0xF8, 0x2D, 0xC7, 0x25, 0x19, 0x80, 0x54, 0xC5,
    0xEC, 0x00, 0xBB, 0xD1, 0x61, 0x0F, 0x81, 0xDC, 0x96, 0xB0, 0xB0, 0x35, 0x7A, 0xDD, 0xB0, 0x4E,
    0x1B, 0x18, 0xD4, 0x4D, 0x9F, 0x78, 0xF1, 0x14, 0x75, 0x24, 0x9E, 0x5E, 0x1D, 0x0F, 0xA4, 0x21,
    0x0C, 0x98, 0x10, 0x76, 0x88, 0x7D, 0x41, 0x56, 0x92, 0x93, 0x43, 0x56, 0x16, 0x48, 0xCB, 0x42,
    0xC4, 0x5D, 0x82, 0x69, 0x06, 0x48, 0x5B, 0xF6, 0xC5, 0xAA, 0xE4, 0x2A, 0x73, 0x95, 0xB5, 0x8A,
    0x57, 0x39, 0xBF, 0xED, 0xFC, 0xC6, 0x90, 0x56, 0xA3, 0xE5, 0x0F, 0x4B, 0x58, 0xAA, 0xFB, 0x2E,
    0xF6, 0x9A, 0xD9, 0xF9, 0x2D, 0xA7, 0x56, 0x94, 0xF7, 0x20, 0xB4, 0xBF, 0x27, 0xFA, 0x73, 0xF0,
    0x50, 0x67, 0x35, 0x5A, 0x6E, 0x39, 0xAB, 0xD1, 0xD5, 0xCE, 0xFA, 0x49, 0xC6, 0xD3, 0xDB, 0xCF,
    0x2A, 0xEE, 0x01, 0x1B, 0x80, 0xFB, 0xA6, 0x84, 0x59, 0x52, 0x8F, 0x32, 0x9D, 0x6A, 0x87, 0x9A,
    0xDC, 0x62, 0x7E, 0x21, 0xC8, 0x60, 0x95, 0xF4, 0x4F, 0x0E, 0x8C, 0x8A, 0xFD, 0x58, 0x45, 0x03,
    0x65, 0x2A, 0x0B, 0x95, 0x31, 0x6E, 0x35, 0x06, 0x37, 0x41, 0x62, 0xA9, 0x74, 0x72, 0x1A, 0x7B,
    0x11, 0x19, 0x3F, 0x49, 0xEA, 0xE4, 0xD4, 0xA8, 0xD8, 0x5A, 0x24, 0x2B, 0x45, 0x72, 0x44, 0x0A,
    0xF4, 0xD9, 0xA4, 0xC2, 0xDB, 0xE3, 0x42, 0xBA, 0x4D, 0xBA, 0xB4, 0xB7, 0x8E, 0x21, 0x2B, 0x99,
    0x17, 0xF0, 0xE6, 0x02, 0x58, 0x4E, 0x5C, 0x9E, 0xE0, 0xD0, 0xA7, 0x76, 0x6A, 0xAF, 0xE3, 0x74,
    0x7C, 0x2A, 0x7E, 0xD4, 0x9F, 0xFA, 0x25, 0x71, 0x42, 0x2D, 0x6C, 0x81, 0x0C, 0xEE, 0x0A, 0x59,
    0x00, 0x33, 0xCD, 0xF1, 0x6C, 0x72, 0x90, 0x09, 0xB6, 0xDE, 0xDB, 0x47, 0x35, 0x87, 0x52, 0x84,
    0x30, 0x28, 0x6A, 0xF2, 0x6C, 0x4E, 0xDB, 0x5D, 0x65, 0xCB, 0x58, 0xE6, 0xD3, 0xD5, 0xF4, 0xD3,
    0x1A, 0xB2, 0x81, 0xF8, 0x86, 0xE2, 0x5B, 0x0F, 0xF9, 0x00, 0x67, 0x67, 0xD0, 0xE7, 0x65, 0xD2,
    0x1A, 0x17, 0xD5, 0x71, 0x7D, 0x13, 0xB1, 0xA3, 0x2E, 0x2B, 0x93, 0x21, 0x77, 0x8A, 0xD6, 0x81,
    0x9B, 0x9B, 0xF3, 0x4A, 0x38, 0x13, 0xF2, 0xE9, 0x9E, 0xA7, 0xEE, 0xE4, 0x9C, 0x93, 0x36, 0x5C,
    0x17, 0xC7, 0xF1, 0x61, 0x26, 0xAC, 0x85, 0x6E, 0xBA, 0xE7, 0x1A, 0xBF, 0xBC, 0x99, 0xF8, 0xD6,
    0x43, 0xD1, 0xC3, 0xE5, 0x25, 0x51, 0x97, 0x93, 0x34, 0xC6, 0xC5, 0x65, 0x5C, 0xDE, 0x44, 0xEC,
    0xD8, 0xCB, 0x3D, 0xEF, 0x0B, 0xA7, 0x68, 0x1D, 0xE0, 0x46, 0xE2, 0x86, 0x50, 0x23, 0xD2, 0x11,
    0xFB, 0x68, 0x2B, 0x42, 0xA1, 0x62, 0x6B, 0x11, 0xE3, 0x44, 0xD2, 0x46, 0x24, 0x69, 0x55, 0xFC,
    0x28, 0xAB, 0x30, 0x4C, 0x32, 0xB5, 0x1D, 0x4B, 0x3B, 0x8D, 0xD0, 0xB1, 0x93, 0x97, 0x42, 0x3D,
    0xEF, 0xA6, 0x18, 0x1A, 0x8D, 0x2D, 0x75, 0x12, 0x3E, 0x77, 0xE9, 0x8F, 0x82, 0x8B, 0x39, 0xE3,
    0xB8, 0xAC, 0x1C, 0xD5, 0x48, 0x2B, 0x78, 0xAA, 0x65, 0x47, 0x55, 0x0D, 0x42, 0x25, 0x2C, 0x84,
    0x5C, 0xB0, 0xA5, 0xE0, 0xAA, 0x2A, 0x15, 0x92, 0xB6, 0xAA, 0x62, 0x2F, 0xDD, 0x9D, 0x30, 0x08,
    0x4B, 0x61, 0x21, 0xE4, 0x82, 0x1D, 0xF6, 0xA4, 0x42, 0x32, 0xBC, 0xD8, 0x22, 0x4B, 0x7F, 0x1F,
    0x75, 0x0B, 0x46, 0xD2, 0xDF, 0xE9, 0x49, 0x1B, 0x2E, 0xB1, 0xEE, 0xBB, 0x4F, 0x08, 0x15, 0x77,
    0xB5, 0xD4, 0xE3, 0x08, 0x1D, 0xBB, 0xF7, 0x62, 0xD4, 0xDF, 0xE8, 0x59, 0x63, 0x4C, 0xD1, 0xAE,
    0x5A, 0x64, 0xDD, 0x72, 0x7E, 0x57, 0x2C, 0xB2, 0x6E, 0x33, 0xB5, 0x2B, 0x16, 0x59, 0xB7, 0x95,
    0xD5, 0x89, 0x45, 0xD6, 0xED, 0x67, 0x75, 0x77, 0xDC, 0x83, 0x44, 0x7D, 0xE6, 0x52, 0x9F, 0xFA,
    0xCC, 0x45, 0xC3, 0x0A, 0x56, 0x03, 0x64, 0x5E, 0x19, 0xEB, 0xD1, 0x50, 0xA0, 0x7D, 0x6A, 0xA3,
    0xB6, 0x3A, 0x86, 0xA9, 0x24, 0xA5, 0xB8, 0x31, 0x4E, 0x1C, 0x7E, 0x55, 0x8A, 0xEB, 0xA0, 0x49,
    0x6F, 0x35, 0x5C, 0x90, 0xD0, 0x49, 0x20, 0x27, 0xFD, 0x5B, 0x59, 0x60, 0x7F, 0x5C, 0x17, 0xE4,
    0x9A, 0xD6, 0x5C, 0xE5, 0x42, 0x24, 0xF2, 0x22, 0x49, 0x2B, 0x92, 0x3A, 0x11, 0x5B, 0x8A, 0xDC,
    0xD7, 0xA4, 0x2B, 0x4D, 0xBA, 0xD7, 0xA4, 0xBD, 0x26, 0xDD, 0xEA, 0x24, 0x68, 0xD2, 0xB9, 0x26,
    0x3D, 0xD7, 0xA4, 0x7F, 0xC0, 0x51, 0xB9, 0xF2, 0x21, 0xB5, 0x84, 0xF5, 0xF7, 0x61, 0x2E, 0x2C,
    0x60, 0x28, 0xC6, 0x47, 0x7F, 0xDC, 0xD9, 0x66, 0xDA, 0xAA, 0xAD, 0x9E, 0x72, 0xC5, 0x43, 0xEA,
    0xA5, 0xC7, 0xBF, 0xE2, 0x21, 0xF5, 0x52, 0x63, 0x9F, 0x7E, 0x48, 0xDD, 0xD4, 0x9C, 0x93, 0x38,
    0xC0, 0xA8, 0x58, 0x0D, 0x9D, 0x1F, 0x6E, 0x04, 0xEF, 0x72, 0x54, 0x0A, 0x61, 0xC8, 0x6B, 0xC4,
    0x85, 0x23, 0xF5, 0x69, 0x8B, 0x75, 0x49, 0x47, 0x56, 0x47, 0xD3, 0x6B, 0xD5, 0xCB, 0xC3, 0x6B,
    0xD5, 0x0F, 0x3B, 0xB0, 0x7F, 0x6C, 0x21, 0xFD, 0xCA, 0x41, 0x12, 0x6A, 0x20, 0x08, 0x6A, 0x01,
    0xCB, 0xE7, 0x97, 0xD3, 0x8B, 0xAA, 0x5D, 0x59, 0x84, 0xE0, 0x17, 0xC4, 0xC3, 0x02, 0x2E, 0x85,
    0x85, 0x50, 0x1C, 0xB1, 0xD0, 0x76, 0xED, 0x57, 0x3B, 0xB5, 0x3F, 0xE5, 0xC7, 0x84, 0x9A, 0x42,
    0xA8, 0x80, 0xF5, 0xB7, 0xD8, 0x84, 0xD0, 0x29, 0x6B, 0x22, 0x21, 0x69, 0xD7, 0x58, 0xB7, 0x26,
    0x67, 0xCD, 0x52, 0xE8, 0x59, 0x27, 0x9E, 0xB5, 0x71, 0xAC, 0xED, 0x97, 0x42, 0x90, 0xBE, 0xB7,
    0xC5, 0x8E, 0x41, 0x38, 0x13, 0x0A, 0x85, 0x3D, 0x87, 0xFD, 0xC4, 0x00, 0xC6, 0x4B, 0x40, 0x47,
    0x71, 0x98, 0xF7, 0xC7, 0x2A, 0x83, 0xCA, 0x5C, 0x25, 0xE7, 0x70, 0x03, 0x92, 0x92, 0xE3, 0xB2,
    0xF9, 0x52, 0xB3, 0x0D, 0x50, 0xD4, 0xB9, 0x63, 0x4E, 0xDA, 0xF0, 0xCA, 0xD1, 0x6B, 0x78, 0x91,
    0x68, 0x13, 0x3C, 0x59, 0x10, 0x29, 0x4A, 0x39, 0xBD, 0x44, 0x64, 0x98, 0x44, 0x4F, 0x8D, 0x76,
    0x9C, 0xA9, 0x89, 0x0F, 0xC4, 0xA1, 0x5E, 0x31, 0x95, 0x5E, 0x88, 0x54, 0xD4, 0x93, 0x3A, 0x06,
    0x5B, 0x03, 0x86, 0x97, 0x9F, 0x41, 0xAE, 0xD1, 0x56, 0x1E, 0xD8, 0x0E, 0xEA, 0x63, 0x01, 0xC6,
    0x65, 0x25, 0x29, 0xE9, 0x4B, 0x0F, 0x1E, 0xF7, 0x91, 0x3A, 0xFD, 0xA8, 0xC6, 0x9A, 0x50, 0x8A,
    0xBF, 0x4B, 0xB4, 0xBC, 0xF4, 0xB8, 0x49, 0xAB, 0x57, 0xE9, 0x57, 0xE5, 0x28, 0x7A, 0x7A, 0x33,
    0x71, 0xC9, 0x1A, 0xF5, 0xDC, 0x01, 0xBE, 0x82, 0xA8, 0x99, 0x4D, 0x32, 0x9E, 0x6A, 0x87, 0x9A,
    0xBC, 0xF4, 0x34, 0xA2, 0x5D, 0xB4, 0x29, 0x6D, 0x78, 0x12, 0xDA, 0x3C, 0x0E, 0x0F, 0xFC, 0x8C,
    0x81, 0xCF, 0x5E, 0x11, 0x99, 0xC1, 0xC5, 0x24, 0x71, 0x08, 0x61, 0xC8, 0x54, 0x8A, 0xF2, 0x02,
    0x2A, 0xD6, 0xC8, 0x31, 0xCA, 0xC0, 0xBD, 0x35, 0x3B, 0x2E, 0x16, 0xE9, 0x27, 0x1F, 0xFA, 0x3C,
    0x98, 0xD0, 0xA4, 0x7D, 0xB4, 0x83, 0x6C, 0x4B, 0x14, 0x82, 0x4B, 0xBB, 0xD4, 0x5B, 0x47, 0x9F,
    0xC1, 0x4F, 0x8A, 0x67, 0xED, 0xC8, 0x84, 0x1C, 0xEE, 0x4D, 0x3B, 0xF6, 0xA3, 0x4F, 0x62, 0xF5,
    0xC4, 0x76, 0x6F, 0xA1, 0x3B, 0x76, 0x6D, 0x37, 0xFD, 0x73, 0x3D, 0x18, 0xC9, 0xFB, 0x71, 0x0D,
    0x6E, 0x5A, 0xD3, 0x66, 0xE5, 0xFE, 0x9B, 0x54, 0x05, 0xCB, 0xB5, 0xB0, 0x09, 0x61, 0x17, 0x04,
    0xA9, 0xA3, 0x54, 0xFB, 0x5C, 0xEE, 0x65, 0x25, 0x83, 0xD8, 0x7B, 0x19, 0xE7, 0xC8, 0x0F, 0x3F,
    0x0A, 0x73, 0xB5, 0x3A, 0xDA, 0x99, 0x5F, 0x7F, 0x9C, 0x93, 0x0F, 0xBA, 0x3A, 0x2E, 0xAF, 0x33,
    0x46, 0xD4, 0x7D, 0xF3, 0x40, 0xD3, 0x3A, 0x70, 0xCD, 0x73, 0x75, 0xF5, 0x3D, 0xD9, 0x84, 0x66,
    0x84, 0xF4, 0xC5, 0x91, 0x3C, 0x06, 0xE5, 0xF4, 0x3D, 0xB9, 0xFE, 0x38, 0x57, 0xDD, 0x93, 0xEB,
    0x88, 0x71, 0xE2, 0x9E, 0x5C, 0xFB, 0x5C, 0x25, 0xDB, 0xB4, 0x66, 0xB5, 0x29, 0xB1, 0x03, 0x18,
    0x61, 0xF5, 0x05, 0xF4, 0x12, 0xEB, 0x4D, 0xE3, 0x20, 0x69, 0x59, 0xFD, 0xDD, 0x27, 0x61, 0xDB,
    0xDB, 0xC6, 0xE8, 0xB7, 0xDF, 0x61, 0x0E, 0x97, 0xD3, 0x43, 0x73, 0x31, 0x4C, 0x48, 0x7D, 0x2E,
    0x54, 0x73, 0x50, 0x9B, 0xC3, 0x82, 0xA5, 0xD6, 0xF7, 0xF9, 0x71, 0x17, 0x63, 0xC3, 0xC7, 0xE5,
    0x3B, 0x59, 0xE0, 0x6E, 0x34, 0x70, 0x5C, 0x86, 0xBC, 0x63, 0x08, 0x81, 0xDD, 0x79, 0xEE, 0x76,
    0x98, 0xE6, 0xE8, 0x6B, 0x97, 0x7F, 0x5E, 0x9E, 0xEB, 0xFF, 0xFA, 0xC3, 0xFD, 0xBF, 0x5F, 0xDB,
    0x9A, 0x36, 0xE7, 0xF0, 0xEF, 0x97, 0x4A, 0xF3, 0x1E, 0xBE, 0x75, 0x1D, 0xDA, 0xAE, 0xFD, 0x6A,
    0xA7, 0xF6, 0x3A, 0x4E, 0xC7, 0x5F, 0xBD, 0xD8, 0xBD, 0xA6, 0x38, 0x57, 0x2C, 0x6A, 0xAF, 0x25,
    0xC6, 0x89, 0xD7, 0x0E, 0xD7, 0xE9, 0xFF, 0xD4, 0xE2, 0xF8, 0x5A, 0xF3, 0x37, 0x0D, 0x58, 0xAF,
    0x68, 0xFD, 0xE4, 0x77, 0x5B, 0x8E, 0xCA, 0x09, 0xFB, 0x58, 0xB7, 0x6E, 0xE9, 0xB8, 0x75, 0x23,
    0xE9, 0xC7, 0xEF, 0x65, 0x6C, 0xB1, 0x75, 0x12, 0xC8, 0xB0, 0xBF, 0x21, 0xE7, 0xBE, 0xEE, 0x37,
    0x2B, 0x5B, 0x17, 0x91, 0x17, 0x49, 0x1A, 0x5B, 0xE7, 0xB6, 0xB4, 0x65, 0x76, 0x5F, 0x0D, 0x7A,
    0x72, 0x8C, 0x67, 0x49, 0xDA, 0xC5, 0x3D, 0xD9, 0xB4, 0x39, 0x3B, 0x5A, 0x7E, 0x47, 0x5E, 0xE8,
    0x80, 0xB5, 0x30, 0x17, 0x32, 0xE1, 0xFF, 0x38, 0x14, 0x7A, 0x92, 0xF6, 0x79, 0x19, 0x26, 0x96,
    0x98, 0xB6, 0xA8, 0x7F, 0xD5, 0xDA, 0xF0, 0x8F, 0x36, 0x0E, 0x1F, 0xB5, 0xFB, 0x40, 0x2D, 0x24,
    0x1E, 0xD2, 0x06, 0x6C, 0xBD, 0x8F, 0xF3, 0xDA, 0x35, 0xC7, 0x29, 0x1C, 0x84, 0x96, 0xF8, 0x5F,
    0x9D, 0x84, 0x59, 0x63, 0xCB, 0x5C, 0x42, 0xBC, 0x76, 0xAD, 0x31, 0x8C, 0x5B, 0x62, 0xDB, 0xDD,
    0x88, 0xD6, 0x81, 0xEB, 0xF4, 0xFF, 0x62, 0x9F, 0xED, 0x16, 0x60, 0x5D, 0x2E, 0x52, 0xDA, 0xE9,
    0xFD, 0xC1, 0x82, 0xD4, 0x51, 0x89, 0x5F, 0x06, 0x62, 0x3F, 0x7D, 0x95, 0x9D, 0x3E, 0xA5, 0x54,
    0xE9, 0xE1, 0x5B, 0x47, 0x2E, 0xE6, 0xD8, 0x4F, 0x10, 0xD9, 0x1D, 0x3E, 0xC8, 0x24, 0x2A, 0x71,
    0xA7, 0xE2, 0x01, 0x1D, 0x40, 0x7A, 0xBC, 0x7B, 0x23, 0x0B, 0x88, 0xF4, 0xC0, 0xF0, 0xBF, 0x10,
    0x8B, 0x21, 0x84, 0x32, 0x8C, 0xBF, 0x95, 0xA9, 0x1F, 0x88, 0x05, 0x3A, 0xA1, 0x17, 0x86, 0x23,
    0xF4, 0xBC, 0xD3, 0x7E, 0xB5, 0x0B, 0x75, 0xEE, 0x74, 0x9C, 0x8E, 0x7F, 0xB6, 0xFF, 0xAB, 0xDF,
    0xD0, 0xDC, 0xE2, 0xB4, 0xFC, 0x17, 0xCD, 0x9A, 0x01, 0xA4, 0x25, 0xC9, 0x7A, 0xC7, 0x7F, 0xDD,
    0xF5, 0x6C, 0xAF, 0x6D, 0x52, 0x0F, 0x42, 0x62, 0x9F, 0xED, 0xC5, 0xE2, 0xC1, 0x4C, 0x07, 0x0F,
    0x09, 0x73, 0xBA, 0x6B, 0x67, 0x44, 0x00, 0x59, 0x00, 0x82, 0x17, 0x00, 0x90, 0x59, 0x04, 0x4B,
    0xCE, 0xB9, 0xA7, 0xDF, 0x2E, 0x1E, 0x82, 0x37, 0x00, 0x40, 0x06, 0x21, 0x20, 0x16, 0x16, 0x43,
    0xCE, 0xB9, 0xA7, 0x76, 0x17, 0x41, 0xC8, 0xB6, 0x3C, 0x04, 0x8B, 0xED, 0x78, 0x0B, 0xB1, 0x64,
    0x2A, 0xD9, 0x26, 0x3D, 0x49, 0xDD, 0x53, 0xA9, 0xEF, 0x9E, 0x7E, 0x7D, 0xEF, 0x9D, 0xBB, 0xB3,
    0x73, 0xEE, 0xCE, 0xB9, 0xF7, 0xE6, 0x3B, 0xFE, 0x3F, 0x7D, 0xBA, 0xAA, 0xEA, 0x3B, 0xFF, 0xAA,
    0xEE, 0x7B, 0xAB, 0xBB, 0x9B, 0x4D, 0xE8, 0x10, 0xF0, 0x9D, 0xA1, 0x3C, 0x90, 0x09, 0xF2, 0x2D,
    0xA0, 0x37, 0x40, 0xF1, 0x10, 0x28, 0xB5, 0x81, 0x4A, 0x37, 0x30, 0xCB, 0x2D, 0xAC, 0xB2, 0x16,
    0xBC, 0xEA, 0x60, 0x50, 0x8E, 0xC4, 0x25, 0x3D, 0xCA, 0x31, 0xA0, 0x3A, 0x3C, 0x59, 0x08, 0x9E,
    0x3C, 0x84, 0x2D, 0xBA, 0xA1, 0xA6, 0x30, 0x94, 0x94, 0x50, 0x98, 0x1A, 0x74, 0x53, 0x45, 0xD8,
    0x35, 0xE4, 0xAD, 0x87, 0xAC, 0x8B, 0x95, 0x41, 0xF0, 0xDD, 0xB1, 0xF9, 0x1A, 0xE9, 0x0A, 0xEA,
    0xA6, 0xB4, 0xCC, 0xC8, 0x5A, 0x7E, 0x84, 0xE4, 0x95, 0x7C, 0x08, 0x92, 0x4D, 0x70, 0x14, 0x21,
    0xA2, 0x36, 0xCA, 0xB1, 0x26, 0xC2, 0x4F, 0x58, 0x93, 0x4B, 0xC1, 0x91, 0x54, 0x71, 0x81, 0x34,
    0x34, 0x4B, 0x00, 0x43, 0xE2, 0x70, 0x30, 0x48, 0x57, 0x0B, 0x71, 0x54, 0x06, 0x03, 0xD9, 0xC9,
    0x2D, 0x8F, 0x46, 0x42, 0x02, 0xDA, 0xE4, 0x0D, 0x99, 0x2D, 0xC4, 0xDE, 0x11, 0x24, 0xC1, 0x03,
    0x65, 0x77, 0x23, 0x83, 0x73, 0x1B, 0xA6, 0x89, 0xB0, 0xC0, 0x5D, 0x80, 0x27, 0x02, 0x27, 0xE8,
    0xDF, 0x03, 0x42, 0x0F, 0x94, 0xED, 0x41, 0xAD, 0xFE, 0xE7, 0x68, 0x75, 0x4C, 0x99, 0xF4, 0x80,
    0xB2, 0x40, 0x6E, 0x00, 0xFD, 0x21, 0x92, 0xAA, 0x81, 0x64, 0xCB, 0x2E, 0xDE, 0x02, 0x6A, 0x60,
    0x01, 0x0C, 0x90, 0x38, 0xA0, 0x65, 0x8A, 0x37, 0xB7, 0x24, 0x21, 0x74, 0xAA, 0xCF, 0x06, 0x6D,
    0xF1, 0x85, 0x61, 0x56, 0xC3, 0x8F, 0x2B, 0x69, 0x31, 0x6A, 0x7D, 0x59, 0x53, 0x59, 0x05, 0x48,
    0x7D, 0x69, 0x27, 0xED, 0xA5, 0x1F, 0xE9, 0x4F, 0xFA, 0xDD, 0xC5, 0x0C, 0x38, 0x02, 0xFC, 0x2E,
    0xB7, 0xD8, 0x4E, 0x2D, 0x53, 0x14, 0x27, 0x92, 0xDF, 0x66, 0x7D, 0xE6, 0xB4, 0x65, 0x28, 0xE0,
    0xBD, 0x1A, 0xA8, 0x2E, 0x8B, 0x1A, 0x28, 0xE1, 0x6D, 0xC9, 0x13, 0xEB, 0xF7, 0xB1, 0x5D, 0x2B,
    0xED, 0x51, 0x1E, 0xF4, 0x16, 0xCA, 0x87, 0x46, 0xCE, 0x07, 0x7A, 0xE5, 0x78, 0xC4, 0xA3, 0x1B,
    0xF1, 0x98, 0xF7, 0x50, 0x78, 0xA8, 0x96, 0xE0, 0x8B, 0x26, 0x75, 0x59, 0x9B, 0xD8, 0xA4, 0x39,
    0xA8, 0xBF, 0xB4, 0x17, 0x8F, 0x3B, 0xC9, 0x36, 0x70, 0x23, 0xDE, 0xB2, 0x4E, 0xFC, 0xED, 0x24,
    0xDB, 0xC0, 0x41, 0x7D, 0x3D, 0xE6, 0x11, 0x43, 0xEA, 0x38, 0xCA, 0x2D, 0xE5, 0xC7, 0x06, 0xBD,
    0x15, 0x8F, 0x37, 0xE2, 0x2D, 0xCE, 0x91, 0x4D, 0x9D, 0x6A, 0xF1, 0x72, 0x8E, 0xD7, 0x50, 0x78,
    0xF1, 0x79, 0x70, 0x8F, 0xBF, 0x17, 0x3F, 0x35, 0x73, 0xF4, 0xA7, 0x3D, 0xD9, 0x7F, 0x77, 0xA4,
    0xC1, 0x42, 0x60, 0x8A, 0x10, 0xBA, 0xA8, 0x13, 0x3C, 0x4B, 0xE3, 0xD1, 0xD6, 0xA3, 0x3A, 0x4F,
    0xEA, 0x3C, 0x49, 0xEF, 0x61, 0x88, 0xF2, 0xDF, 0xA3, 0x61, 0x57, 0x4F, 0xEA, 0x4B, 0x3B, 0x69,
    0xBF, 0x6C, 0xA4, 0x3F, 0xE9, 0x17, 0x18, 0x6A, 0x83, 0x10, 0x61, 0x85, 0x70, 0x86, 0xF0, 0xDE,
    0x39, 0x02, 0x9B, 0x36, 0x52, 0x85, 0x21, 0x52, 0x77, 0x6F, 0x45, 0x96, 0x46, 0x45, 0xD6, 0x24,
    0x91, 0x33, 0x88, 0x5C, 0x9C, 0xE3, 0xFA, 0xD2, 0x9E, 0x19, 0x4C, 0xF5, 0x77, 0x6D, 0x75, 0xFB,
    0xD6, 0xAE, 0xCF, 0xA9, 0xFF, 0x34, 0x84, 0x46, 0xD0, 0x93, 0xBA, 0xE4, 0x24, 0x82, 0x5A, 0xA0,
    0x9B, 0x88, 0xDC, 0x46, 0x64, 0x6D, 0x84, 0xEA, 0x04, 0xEE, 0x14, 0xCB, 0xE0, 0x47, 0xC8, 0xD7,
    0xE7, 0xD0, 0x8D, 0x2D, 0x76, 0x6D, 0x75, 0x33, 0xF6, 0x97, 0x6C, 0xC7, 0x1C, 0x92, 0x0D, 0xA8,
    0x46, 0x10, 0x82, 0x1B, 0x41, 0xC5, 0x39, 0x94, 0x5F, 0x57, 0xA4, 0x61, 0x5B, 0x11, 0xE7, 0xED,
    0x18, 0x6D, 0x39, 0xA6, 0x30, 0x54, 0x94, 0x44, 0xD4, 0x2F, 0x42, 0x29, 0x90, 0x7A, 0xBB, 0x16,
    0xD2, 0x56, 0x7A, 0x99, 0xFA, 0x0B, 0x8D, 0x88, 0xE7, 0xA2, 0x0E, 0xC1, 0x8B, 0x2A, 0xE0, 0xC5,
    0xDA, 0xBF, 0xDE, 0xF9, 0xBA, 0x2F, 0xCA, 0x49, 0x39, 0x20, 0xFB, 0xF3, 0x2E, 0xEF, 0x0A, 0x93,
    0xF4, 0x15, 0xAC, 0xE6, 0xB0, 0x58, 0x45, 0x6D, 0x42, 0xD8, 0x86, 0xA8, 0x15, 0x20, 0x9A, 0x03,
    0x15, 0xBC, 0x5D, 0x18, 0x7C, 0xAC, 0xEF, 0x62, 0x3B, 0x4B, 0xF9, 0x0C, 0x0C, 0x28, 0x1B, 0x3F,
    0x5D, 0x2E, 0x27, 0x82, 0x61, 0xB3, 0x85, 0xA2, 0xBF, 0x11, 0x5F, 0x98, 0x64, 0xCA, 0x9D, 0x0C,
    0x25, 0x63, 0xEE, 0xC3, 0x7B, 0xCC, 0x3A, 0xD0, 0x4E, 0x24, 0xDB, 0x37, 0x36, 0x6F, 0xE4, 0xED,
    0x94, 0x57, 0xB6, 0x0F, 0xEC, 0xEB, 0x7A, 0x7F, 0x3B, 0x7C, 0x02, 0x99, 0x05, 0x0D, 0xDC, 0x01,
    0xAA, 0xD7, 0xA1, 0xDC, 0x42, 0x36, 0xBC, 0xC2, 0x6F, 0xEF, 0x63, 0xBB, 0x96, 0x32, 0x18, 0x98,
    0x8F, 0xCB, 0x06, 0x0B, 0x79, 0x13, 0xF5, 0x19, 0x64, 0xC1, 0x92, 0x6C, 0x49, 0x9A, 0xB4, 0xD9,
    0x1D, 0x8F, 0xA5, 0xE1, 0xE8, 0x18, 0x4A, 0x0F, 0xDA, 0xDD, 0xCC, 0xB9, 0x16, 0x73, 0x4F, 0xC7,
    0xE3, 0xF1, 0x02, 0xEA, 0x41, 0x72, 0x1F, 0x7C, 0xEE, 0x50, 0x1E, 0xC8, 0x03, 0x50, 0xFC, 0x4D,
    0x03, 0x55, 0xD6, 0xC2, 0x90, 0x3A, 0xF8, 0x73, 0x1E, 0x5F, 0x5C, 0x06, 0x18, 0x90, 0x45, 0x64,
    0xFA, 0x2C, 0xF5, 0x64, 0x1D, 0x47, 0x68, 0x4B, 0x49, 0x61, 0xF8, 0x11, 0x25, 0x40, 0xFD, 0x62,
    0xD4, 0x61, 0x04, 0x14, 0x3B, 0x94, 0x82, 0xC2, 0x44, 0x68, 0x4B, 0x4D, 0xDE, 0xB2, 0x44, 0x0D,
    0xE9, 0x57, 0x10, 0xC2, 0xCF, 0xA1, 0x18, 0x8A, 0xD1, 0xAE, 0xF8, 0x66, 0xBD, 0x86, 0xA4, 0x2F,
    0x41, 0xB5, 0xB9, 0x25, 0x35, 0xA9, 0xE1, 0x5C, 0x3C, 0x0C, 0xC1, 0xA4, 0x21, 0x42, 0x77, 0x45,
    0x47, 0xD1, 0x28, 0x47, 0x49, 0xDA, 0x53, 0xC7, 0x36, 0x94, 0x3B, 0xA4, 0x0E, 0x2D, 0x05, 0x59,
    0x57, 0x58, 0x92, 0x58, 0x97, 0x34, 0x0C, 0xA0, 0x1B, 0xA0, 0x40, 0x60, 0x00, 0x1D, 0x42, 0x87,
    0x0A, 0xE1, 0x84, 0xBB, 0xB0, 0x64, 0x0E, 0xDA, 0xAC, 0x46, 0x14, 0x66, 0x69, 0x92, 0x0D, 0x65,
    0x08, 0x03, 0xE9, 0x66, 0xDB, 0xC0, 0x8F, 0x01, 0x1C, 0x3D, 0xAC, 0x52, 0x37, 0x0E, 0x5D, 0x11,
    0x1A, 0xC8, 0x4E, 0xB8, 0xDD, 0xA1, 0x4B, 0x48, 0x20, 0xB3, 0xCA, 0xA2, 0x3A, 0xDD, 0xEC, 0x86,
    0x8E, 0xCD, 0x09, 0x50, 0x7C, 0xCD, 0x18, 0xB7, 0x3F, 0x7E, 0xC9, 0x00, 0x28, 0x3F, 0x62, 0xF7,
    0x15, 0x6E, 0x79, 0xE8, 0x64, 0x27, 0x68, 0x37, 0x42, 0xBE, 0x4E, 0x11, 0x0C, 0xA4, 0x11, 0x0F,
    0xFF, 0xB7, 0x41, 0x4E, 0x20, 0xF6, 0x1B, 0xB0, 0xF6, 0x30, 0x03, 0x76, 0x2B, 0xA3, 0x31, 0x45,
    0x2C, 0x11, 0xB8, 0x11, 0x64, 0xAD, 0xC0, 0x02, 0x79, 0xC3, 0x85, 0xE8, 0x05, 0x0E, 0x48, 0xCF,
    0x2A, 0x0B, 0x74, 0xF7, 0xFF, 0x62, 0x10, 0xB5, 0x83, 0x7A, 0x80, 0xF5, 0x5A, 0xCE, 0x0B, 0xE4,
    0x2F, 0xCA, 0xF9, 0x3F, 0x28, 0x0B, 0x58, 0xED, 0xA3, 0x65, 0x08, 0x5E, 0x24, 0xDB, 0xFB, 0x2A,
    0xD9, 0x02, 0x2A, 0x18, 0xD0, 0x5F, 0x58, 0x28, 0x95, 0x83, 0x39, 0x03, 0xFC, 0x41, 0xFC, 0x8C,
    0xE1, 0xF7, 0x40, 0xD9, 0x47, 0x84, 0x00, 0xDB, 0x47, 0xA5, 0x65, 0x4B, 0xDE, 0xE2, 0x51, 0xDD,
    0x04, 0x77, 0x75, 0x64, 0x2D, 0xB9, 0x7D, 0x0E, 0x9B, 0x10, 0xC7, 0xF4, 0x14, 0x97, 0x4A, 0x05,
    0xB1, 0x60, 0x84, 0x7C, 0xBD, 0x3A, 0xB4, 0x05, 0x51, 0x08, 0x4E, 0x24, 0xDB, 0x67, 0xFA, 0x2C,
    0x18, 0xFD, 0x45, 0x70, 0xFA, 0xDF, 0x53, 0xAF, 0x3B, 0xD6, 0xDA, 0x52, 0x8D, 0xAA, 0xF7, 0x15,
    0x27, 0x34, 0x2A, 0x7C, 0x68, 0xB3, 0x3F, 0x09, 0x36, 0xE5, 0xE8, 0x3B, 0x97, 0x5B, 0x64, 0x2D,
    0x07, 0xD2, 0xD4, 0xE7, 0x2E, 0xEF, 0xBF, 0xB4, 0xD9, 0x2F, 0x2F, 0xE7, 0xDD, 0x84, 0x56, 0xF4,
    0x83, 0xFA, 0xDF, 0xC4, 0xBE, 0x45, 0xE7, 0x97, 0xE1, 0x37, 0xE5, 0xE9, 0x7C, 0xCE, 0x43, 0xFB,
    0x81, 0x84, 0xEC, 0x74, 0xF9, 0xAD, 0x1B, 0x39, 0x23, 0xD9, 0x9C, 0x40, 0xD1, 0xDF, 0x80, 0xAF,
    0xFD, 0x96, 0xFE, 0x87, 0xF0, 0x78, 0xAD, 0x1E, 0xA6, 0x25, 0x72, 0x01, 0xCC, 0xCE, 0x2D, 0x91,
    0xF3, 0xE1, 0xF2, 0xD2, 0xFF, 0xB0, 0xBE, 0x5E, 0x90, 0xFB, 0xE4, 0x65, 0xB9, 0xAF, 0x73, 0x3C,
    0x0E, 0xE1, 0xAB, 0x82, 0x2B, 0xEB, 0x77, 0xA3, 0xB8, 0xA8, 0xA1, 0x26, 0x19, 0xE4, 0x86, 0x6B,
    0xD1, 0x15, 0x6D, 0x16, 0x82, 0x61, 0x39, 0x50, 0x9A, 0x64, 0x58, 0x5A, 0xE5, 0x45, 0xA5, 0x49,
    0x07, 0xCE, 0x45, 0x49, 0xD2, 0xBF, 0xAA, 0xB8, 0x2C, 0x37, 0xDE, 0x06, 0x6A, 0x5E, 0x76, 0x37,
    0x31, 0x0B, 0xC1, 0x89, 0x40, 0xBD, 0x92, 0x16, 0xA8, 0xAE, 0x26, 0xB7, 0x65, 0x5B, 0x36, 0x79,
    0xD8, 0x92, 0x6C, 0x3A, 0x20, 0x80, 0x92, 0xDF, 0xF0, 0x65, 0x4B, 0x71, 0xDF, 0x31, 0x63, 0xC5,
    0x4F, 0x79, 0x87, 0x31, 0x42, 0x38, 0x11, 0x01, 0x8B, 0x03, 0x69, 0x2E, 0x62, 0x13, 0x86, 0xA8,
    0x8E, 0x0A, 0x6A, 0x13, 0x71, 0x4C, 0x45, 0x3A, 0x44, 0x64, 0x2E, 0x42, 0xDB, 0x88, 0xDA, 0x44,
    0x9C, 0x40, 0x95, 0x0E, 0x11, 0x79, 0x17, 0x51, 0xD8, 0x88, 0xBA, 0x8D, 0x08, 0x0E, 0xEA, 0xFF,
    0x1A, 0x22, 0x5A, 0x1F, 0xD1, 0x2C, 0x19, 0x5B, 0xEC, 0xDA, 0xE6, 0x5D, 0x84, 0xEA, 0x23, 0x12,
    0xCF, 0xD8, 0x3D, 0xB5, 0xA0, 0xB0, 0x4C, 0x21, 0x35, 0x20, 0x9B, 0x56, 0x4E, 0xB9, 0x05, 0x74,
    0x23, 0x30, 0xEC, 0x62, 0xF5, 0xBD, 0x4A, 0x87, 0x15, 0x79, 0xB7, 0xA2, 0x36, 0x2B, 0x4E, 0x58,
    0xA9, 0x9E, 0x95, 0x6E, 0x59, 0xD5, 0x86, 0x75, 0x68, 0xD8, 0x7C, 0xD3, 0xB2, 0xF9, 0xC8, 0x71,
    0x8C, 0x67, 0xC5, 0x51, 0x54, 0xD9, 0xAC, 0xD0, 0xED, 0x0A, 0xE5, 0x56, 0x24, 0x7E, 0x05, 0xC7,
    0x8C, 0x81, 0x6E, 0xA1, 0xB0, 0x51, 0x0D, 0x94, 0xC0, 0x5D, 0x60, 0x06, 0x00, 0xB1, 0xEE, 0x80,
    0x24, 0x42, 0x7A, 0x88, 0x38, 0x86, 0x55, 0x3A, 0x44, 0xE4, 0x5D, 0x44, 0xD9, 0x44, 0x6C, 0x22,
    0x8E, 0x43, 0x0B, 0x9B, 0x5F, 0xBB, 0x08, 0xE3, 0x61, 0xCD, 0x92, 0xB1, 0x85, 0xF4, 0x2E, 0x59,
    0x91, 0xB4, 0x4C, 0x79, 0xD3, 0x0E, 0x54, 0x94, 0xF8, 0xD6, 0x66, 0x97, 0xF3, 0x27, 0x9C, 0x45,
    0x75, 0x0D, 0xAA, 0x43, 0x18, 0x44, 0x00, 0x70, 0x6F, 0x1C, 0xCA, 0x1E, 0xD2, 0xF1, 0x7A, 0x3F,
    0x35, 0x00, 0x2C, 0x83, 0x15, 0x41, 0x76, 0x58, 0xFD, 0x76, 0x89, 0x78, 0xFD, 0xDE, 0xC6, 0x49,
    0xD5, 0xE3, 0xA4, 0x16, 0x06, 0x4A, 0xE0, 0x0E, 0x37, 0xE2, 0x8F, 0x31, 0xD0, 0x5D, 0x94, 0xDD,
    0xA9, 0x30, 0x51, 0xC0, 0x5D, 0xCE, 0x42, 0x39, 0xAA, 0xAC, 0x8B, 0x6A, 0xA3, 0xEC, 0xA8, 0xE6,
    0x90, 0x63, 0x21, 0x3E, 0xD7, 0x51, 0x9E, 0xEC, 0x54, 0x43, 0x54, 0x1F, 0xE5, 0x6E, 0x7E, 0x2E,
    0xB5, 0xAD, 0x28, 0x5B, 0x91, 0x6C, 0xEF, 0xF3, 0xFB, 0x65, 0x8E, 0x10, 0x40, 0xF6, 0x03, 0x50,
    0x9A, 0x88, 0xDA, 0x8E, 0x90, 0xAF, 0xDF, 0xDB, 0x42, 0xDC, 0xEC, 0xA0, 0x3A, 0xB8, 0x02, 0x5E,
    0x6B, 0x50, 0xFF, 0xB6, 0x89, 0x08, 0xCF, 0x18, 0x2F, 0x49, 0x1D, 0xF0, 0x77, 0x7B, 0xB4, 0x0D,
    0x21, 0x34, 0xA7, 0xB8, 0xC2, 0x21, 0xF9, 0x97, 0x64, 0x4F, 0x7B, 0xDE, 0x0C, 0xCD, 0x6B, 0xA1,
    0xA3, 0xF8, 0xC6, 0xF2, 0xFB, 0x7B, 0x4C, 0xD3, 0xCB, 0x4E, 0x79, 0x80, 0xA5, 0x65, 0x7E, 0xAA,
    0x2E, 0xCA, 0x31, 0x5F, 0xF4, 0xCC, 0xE7, 0x3E, 0x6A, 0x1E, 0x55, 0x45, 0x95, 0x51, 0xDA, 0x44,
    0xD9, 0xF9, 0x3C, 0x8B, 0x52, 0xDD, 0x7C, 0x9E, 0xBA, 0x58, 0xDC, 0x47, 0xF9, 0xA8, 0x45, 0x54,
    0x15, 0x55, 0x46, 0x69, 0xBF, 0x53, 0x16, 0xA5, 0x3C, 0x30, 0xE5, 0x3D, 0xFB, 0xBB, 0x07, 0xBC,
    0xC1, 0x14, 0xBE, 0xEC, 0xF1, 0x21, 0x20, 0x17, 0x71, 0x72, 0x0D, 0x27, 0x13, 0x31, 0xCA, 0xED,
    0xAB, 0x6B, 0xF5, 0xB0, 0xC7, 0x69, 0x7D, 0x08, 0x0F, 0x8C, 0x41, 0xDD, 0x44, 0x99, 0x28, 0x60,
    0x06, 0xCC, 0x81, 0x27, 0x00, 0x90, 0x36, 0xA9, 0x39, 0xBB, 0x1D, 0xBA, 0x9E, 0x6E, 0x87, 0xDE,
    0xC4, 0x5C, 0xBE, 0xC1, 0x1B, 0xE8, 0xA6, 0x24, 0xEB, 0x16, 0xA4, 0xCF, 0x7A, 0x08, 0x1D, 0xD4,
    0x16, 0x38, 0xEC, 0x5C, 0xAE, 0x01, 0x56, 0x02, 0x7F, 0xE1, 0x36, 0x8A, 0x60, 0x0C, 0xE5, 0x36,
    0x2D, 0xEA, 0xDB, 0xE0, 0x51, 0xFF, 0x63, 0x36, 0x28, 0x59, 0x4C, 0x2A, 0x87, 0x6E, 0x26, 0xD8,
    0xAB, 0xE3, 0x6A, 0x63, 0xD7, 0x5E, 0xF5, 0x18, 0x9A, 0x3F, 0x2F, 0x15, 0x42, 0x1F, 0xD5, 0x9E,
    0x1B, 0xB3, 0x66, 0x4B, 0x6E, 0x7F, 0xC8, 0x98, 0x71, 0x51, 0x9D, 0x28, 0xF6, 0x6D, 0xA3, 0xCC,
    0x4B, 0x5E, 0xE6, 0x79, 0x73, 0xCB, 0xAE, 0x54, 0x0D, 0xAF, 0x0D, 0x64, 0x2D, 0x6B, 0xB4, 0xBD,
    0xFC, 0x36, 0x86, 0xC0, 0xBE, 0x1C, 0xCD, 0x69, 0x0B, 0x69, 0x3B, 0xDD, 0x4C, 0x5B, 0xEF, 0x7A,
    0x96, 0x1C, 0xBB, 0x6C, 0x2F, 0x7C, 0x7E, 0xF6, 0x70, 0x40, 0xF6, 0xEB, 0x2E, 0xEF, 0x4A, 0xA6,
    0xFB, 0xF8, 0xF3, 0x15, 0xCC, 0x3C, 0x54, 0xBF, 0x95, 0x7C, 0x97, 0xFD, 0x52, 0x2E, 0xF5, 0xA4,
    0xBE, 0xB4, 0x93, 0xF6, 0x7B, 0xBC, 0xB5, 0x73, 0x5B, 0xB6, 0x5F, 0x76, 0x7D, 0x7F, 0xC0, 0x21,
    0x00, 0xD2, 0xF6, 0x03, 0x50, 0xAD, 0x87, 0xFC, 0x53, 0x07, 0x5A, 0xB5, 0x70, 0x27, 0xB3, 0xF0,
    0xD3, 0xEC, 0xD6, 0xC7, 0x01, 0xC8, 0xDF, 0xED, 0xD0, 0x0F, 0x1C, 0x65, 0x66, 0xB9, 0xA7, 0x0D,
    0x9F, 0x14, 0xF0, 0xF8, 0x27, 0x87, 0x1D, 0x87, 0x22, 0x84, 0x36, 0x09, 0x11, 0x59, 0x5F, 0x82,
    0xB6, 0x11, 0x25, 0x11, 0x95, 0x60, 0x21, 0x98, 0x0B, 0x56, 0xE7, 0x11, 0xAC, 0x17, 0x5C, 0xD8,
    0x37, 0xD6, 0x5B, 0x4C, 0x6D, 0x4B, 0xC6, 0xFE, 0x90, 0x9E, 0x39, 0xCD, 0xB1, 0xCB, 0xB6, 0x65,
    0x63, 0xF2, 0xF0, 0x79, 0xE8, 0x8A, 0xFB, 0x5F, 0xBD, 0xDB, 0x57, 0x6C, 0xF9, 0xE0, 0x1E, 0x2B,
    0xEE, 0xCD, 0x99, 0x4F, 0x58, 0x06, 0xBF, 0x12, 0xC8, 0x57, 0xCE, 0x70, 0x8F, 0x35, 0x6F, 0x57,
    0x04, 0x9E, 0x14, 0xF7, 0x9F, 0x7E, 0xE8, 0xF2, 0xF0, 0x8F, 0x63, 0x7F, 0xEC, 0x62, 0x26, 0x58,
    0x08, 0x06, 0x20, 0x71, 0x80, 0x6A, 0x81, 0xB4, 0xE1, 0x5C, 0xD4, 0x61, 0x6B, 0x22, 0x82, 0xA3,
    0x22, 0xF5, 0x11, 0xAC, 0x05, 0x95, 0xA0, 0xBE, 0x88, 0x6A, 0x2C, 0x95, 0x7A, 0xD2, 0x62, 0xD7,
    0xB6, 0x4A, 0x06, 0xA8, 0xF0, 0x67, 0xCF, 0xDF, 0x9F, 0xBB, 0xC2, 0x73, 0x11, 0xC9, 0x10, 0x81,
    0x17, 0x2C, 0x19, 0x23, 0x6B, 0x40, 0xEA, 0x41, 0x01, 0x50, 0x09, 0xE6, 0x82, 0xF7, 0x39, 0x17,
    0xCB, 0x90, 0x06, 0xB3, 0x0C, 0x3A, 0x18, 0x8A, 0x3F, 0x02, 0x8A, 0xC7, 0x02, 0x2B, 0x30, 0x02,
    0xF6, 0xC7, 0xB4, 0x70, 0xBB, 0x45, 0xD3, 0x00, 0xB9, 0x03, 0x74, 0x2B, 0x38, 0xBB, 0x98, 0x05,
    0x28, 0xAE, 0xD5, 0xF4, 0xB9, 0xA8, 0x1B, 0xC1, 0x34, 0xEA, 0x0B, 0xC1, 0x4A, 0xF0, 0x84, 0x31,
    0x92, 0x26, 0x69, 0x50, 0x2E, 0xB3, 0xE0, 0x25, 0xE7, 0xF2, 0x08, 0x28, 0x3D, 0xA0, 0xDD, 0x6D,
    0x1F, 0x3E, 0xEF, 0xF0, 0x33, 0x58, 0x30, 0x40, 0xF9, 0xC0, 0x81, 0xFE, 0xD2, 0x8E, 0x0F, 0x07,
    0x92, 0x2D, 0x53, 0xDC, 0xC0, 0x48, 0x16, 0x82, 0x7A, 0x1A, 0x40, 0x3F, 0x9E, 0x65, 0xF0, 0x88,
    0xF3, 0xF1, 0xE6, 0xEE, 0xDD, 0x9A, 0x81, 0xBC, 0x4F, 0x82, 0x38, 0x2B, 0x4D, 0x69, 0x78, 0x9D,
    0x12, 0x18, 0x61, 0xC6, 0x1F, 0x15, 0xAB, 0x00, 0x69, 0x78, 0x06, 0x3C, 0x0C, 0x1D, 0xF0, 0x67,
    0x27, 0x00, 0x4B, 0x41, 0x31, 0x9D, 0x2F, 0x23, 0xEE, 0xC8, 0xBE, 0xDA, 0x50, 0x53, 0xF4, 0xD1,
    0xBA, 0x2C, 0x0F, 0xE0, 0xE1, 0xD6, 0xB0, 0x8B, 0x39, 0xE0, 0x21, 0xE9, 0x41, 0x39, 0xC8, 0x2E,
    0x2E, 0xE2, 0x79, 0xF8, 0x8C, 0x2C, 0x84, 0x4E, 0xB7, 0xD9, 0x50, 0xC2, 0xFB, 0x35, 0x50, 0x8E,
    0x59, 0xF2, 0xF0, 0xB7, 0x24, 0x21, 0xB4, 0x24, 0x1F, 0xF7, 0x90, 0x4C, 0x8B, 0x91, 0x05, 0xAC,
    0xEA, 0x58, 0x3F, 0x8F, 0xED, 0x62, 0x22, 0x50, 0x1E, 0xD0, 0x5B, 0xA0, 0x7C, 0x68, 0xC6, 0xFF,
    0x9D, 0x7D, 0xEA, 0xE0, 0x11, 0x8F, 0x6E, 0x75, 0x08, 0x5E, 0xF2, 0xB4, 0xEA, 0x20, 0xF6, 0x5F,
    0xC1, 0x96, 0xDB, 0xC7, 0xD6, 0x72, 0xB2, 0x95, 0xED, 0x6C, 0x05, 0x03, 0xB4, 0x40, 0x72, 0x8A,
    0x00, 0x90, 0x37, 0x90, 0xE6, 0x16, 0xB4, 0x94, 0xA6, 0x27, 0x87, 0x9A, 0x58, 0x03, 0x99, 0xC8,
    0x03, 0x77, 0xE1, 0xF5, 0x12, 0xEA, 0xED, 0xCE, 0xC5, 0x63, 0x1E, 0x8D, 0x6F, 0x3A, 0x1C, 0x49,
    0xE2, 0xF2, 0x63, 0x33, 0x1E, 0x03, 0xCA, 0x73, 0xBB, 0x93, 0x3E, 0x5D, 0xEC, 0xF4, 0x25, 0xAC,
    0x2F, 0x5E, 0xEC, 0x1C, 0x72, 0xE2, 0xEB, 0x10, 0x82, 0x3F, 0x05, 0x2C, 0xE0, 0x66, 0xF0, 0x87,
    0x82, 0x9F, 0x8D, 0xD7, 0x6C, 0x90, 0x3A, 0xE0, 0x17, 0x11, 0x69, 0xE8, 0x80, 0x8D, 0x01, 0xDD,
    0xF0, 0xDD, 0x10, 0x6F, 0xF2, 0x38, 0xD2, 0x9C, 0x62, 0x2C, 0x78, 0x05, 0x64, 0xD2, 0x4B, 0x22,
    0x20, 0x87, 0x11, 0x7A, 0x10, 0x2E, 0x80, 0x77, 0x66, 0xC0, 0xD2, 0x03, 0x45, 0xC7, 0xEE, 0x46,
    0x75, 0xC5, 0x0A, 0x8A, 0x0F, 0x1D, 0xE4, 0xDF, 0xB4, 0xA0, 0x42, 0x03, 0x04, 0xCE, 0xE2, 0x56,
    0xC6, 0x74, 0x0C, 0x3F, 0x42, 0x37, 0x83, 0xA0, 0x17, 0xB8, 0x11, 0xD7, 0x3B, 0x7E, 0x57, 0x34,
    0xBD, 0x06, 0x15, 0x2B, 0xDB, 0x53, 0xFC, 0x30, 0xD3, 0xAF, 0x7E, 0x94, 0xE4, 0x21, 0xF4, 0x08,
    0xF6, 0x76, 0xF9, 0x7D, 0xCF, 0x93, 0x17, 0xB0, 0x7A, 0x15, 0xCD, 0xA2, 0x2A, 0xF0, 0x35, 0x0C,
    0xA5, 0x49, 0x7B, 0xDD, 0xE6, 0x4E, 0xC9, 0xE8, 0x2C, 0x9F, 0xA1, 0xFA, 0x14, 0xBD, 0xCD, 0xB9,
    0x53, 0x04, 0x5E, 0x4F, 0x06, 0xCE, 0xC7, 0x80, 0xEA, 0xF6, 0x95, 0x1F, 0xB5, 0x20, 0xEF, 0xEA,
    0xE6, 0xAF, 0x3A, 0x1D, 0x7E, 0xD3, 0xA5, 0xE1, 0x41, 0xD4, 0x74, 0x59, 0x7A, 0x63, 0x9E, 0x74,
    0x38, 0x11, 0x01, 0x1C, 0xDC, 0xCF, 0x4B, 0xAE, 0x37, 0xAF, 0xD5, 0xD7, 0x8F, 0xE2, 0xA7, 0x40,
    0xA3, 0x9B, 0x8A, 0xAC, 0x5D, 0x91, 0x86, 0x1E, 0x96, 0x8F, 0x0E, 0xEF, 0x31, 0xEF, 0xA0, 0xF6,
    0xF0, 0xE4, 0x0E, 0xB8, 0xDF, 0x11, 0xC9, 0xB6, 0xEC, 0x43, 0xCA, 0xAE, 0xDB, 0x27, 0x65, 0x03,
    0xC1, 0x91, 0xB6, 0x9F, 0xA0, 0xEC, 0x07, 0x22, 0xD9, 0x96, 0x7D, 0x52, 0x76, 0x50, 0xAF, 0x7B,
    0x5C, 0x37, 0x5F, 0xAF, 0x57, 0x80, 0x59, 0xD6, 0xB0, 0xD0, 0x0D, 0xBE, 0x20, 0x71, 0x33, 0x54,
    0x1B, 0xFD, 0x36, 0xEF, 0x1F, 0xD4, 0xE7, 0x35, 0x78, 0xE8, 0x76, 0x1E, 0xB6, 0xC0, 0xE9, 0x5D,
    0x11, 0xD0, 0x26, 0x0A, 0x28, 0xFE, 0x18, 0x74, 0x80, 0xF4, 0xE4, 0x40, 0x73, 0x94, 0x35, 0x30,
    0x03, 0x7A, 0x48, 0x9C, 0xE8, 0xBD, 0xF1, 0x60, 0x68, 0xF7, 0x5D, 0x5E, 0x0F, 0xA0, 0xBA, 0x27,
    0x82, 0x55, 0x44, 0x7B, 0x8A, 0x39, 0x23, 0xEC, 0x3C, 0x1D, 0x22, 0x94, 0xCF, 0xEC, 0x3D, 0xC1,
    0x2C, 0x13, 0xE4, 0x7F, 0x9F, 0xDB, 0x99, 0xFE, 0x8B, 0xBC, 0xA9, 0x74, 0x21, 0xD0, 0x79, 0x73,
    0xF7, 0x2D, 0xFD, 0xA7, 0xA6, 0xBC, 0x93, 0xFF, 0xCA, 0x94, 0xB3, 0xEC, 0x57, 0xA6, 0xB8, 0x97,
    0x7D, 0x61, 0x8A, 0xB9, 0xFA, 0x8A, 0xE2, 0x89, 0x7A, 0x8A, 0xEE, 0xD3, 0x10, 0x91, 0x44, 0xB8,
    0x08, 0x10, 0xA9, 0xD0, 0x20, 0x0F, 0xA5, 0x91, 0xA7, 0xD2, 0x30, 0x63, 0x05, 0xEF, 0xC4, 0xCF,
    0x59, 0xCC, 0x58, 0xF3, 0xA4, 0x62, 0xCB, 0x93, 0xBB, 0x04, 0xFA, 0x82, 0xA7, 0x11, 0xC9, 0x97,
    0xC6, 0xE9, 0xF4, 0x5F, 0x23, 0xD4, 0xE7, 0xBF, 0x70, 0xFA, 0xC1, 0xE7, 0x9F, 0x76, 0xF9, 0x83,
    0x8F, 0x3E, 0xEB, 0xF2, 0x5F, 0xDE, 0xFF, 0xAC, 0xCD, 0xFE, 0xFA, 0xDD, 0x5F, 0xDB, 0xEC, 0x9F,
    0x92, 0xDF, 0x58, 0xF5, 0x05, 0xDF, 0x5A, 0xF5, 0xCF, 0x7C, 0xDB, 0xA8, 0xFF, 0xE0, 0x1F, 0x9A,
    0xF4, 0x84, 0x8D, 0x49, 0x3C, 0x4B, 0xB3, 0x6F, 0xF2, 0x1A, 0xF0, 0x65, 0x43, 0x9C, 0x51, 0x4B,
    0xE6, 0xB2, 0x0E, 0x6D, 0x55, 0x4F, 0xD1, 0x24, 0x9E, 0x1A, 0xD6, 0xAC, 0xA1, 0xC6, 0x43, 0x79,
    0xBF, 0x07, 0xFD, 0x79, 0x07, 0xD9, 0x53, 0x7B, 0x61, 0x75, 0xB2, 0x16, 0x2C, 0xF6, 0xC7, 0xBE,
    0x53, 0x56, 0x8D, 0xB7, 0x83, 0xB4, 0xD1, 0xE3, 0xAD, 0xAF, 0x8A, 0xCC, 0x32, 0x47, 0x75, 0x78,
    0x52, 0x47, 0x3F, 0x36, 0xF3, 0xAA, 0x83, 0x79, 0x2C, 0xA2, 0xCA, 0x23, 0x4A, 0x6D, 0x40, 0xFF,
    0x7C, 0xCC, 0x41, 0xE6, 0xC7, 0x94, 0xA4, 0xBD, 0xC0, 0x01, 0xD2, 0x00, 0x69, 0x40, 0x2E, 0x90,
    0x06, 0x45, 0x20, 0x62, 0x00, 0x28, 0x93, 0x1E, 0xEA, 0x8F, 0xFC, 0x08, 0xF9, 0x0A, 0x70, 0xBB,
    0xA3, 0x36, 0x86, 0x16, 0x94, 0x82, 0x99, 0x60, 0x25, 0xB8, 0x7C, 0x3D, 0x2D, 0xCB, 0xA5, 0xE6,
    0x14, 0x40, 0x69, 0x80, 0x23, 0x00, 0x3F, 0xBD, 0x2A, 0xD0, 0x01, 0xDA, 0x8E, 0x4E, 0x38, 0x9E,
    0x0A, 0xA7, 0x97, 0x52, 0x8B, 0xA9, 0x70, 0x0D, 0x24, 0xC3, 0xC5, 0xC2, 0x66, 0x2C, 0x64, 0x29,
    0xAB, 0xAC, 0x53, 0xEC, 0xF3, 0x50, 0xEC, 0xEC, 0x59, 0x6A, 0xDA, 0x43, 0xDE, 0xED, 0x7A, 0x5A,
    0x02, 0x7E, 0xD7, 0xBD, 0x6E, 0xA1, 0x34, 0x70, 0xBC, 0x4B, 0x99, 0xC9, 0x2E, 0x0B, 0xF5, 0xF9,
    0x97, 0x7A, 0xA4, 0x29, 0xEA, 0xE2, 0xA4, 0xC2, 0x6D, 0xBB, 0xBF, 0xFC, 0x3A, 0xD2, 0x61, 0x5D,
    0xEF, 0x79, 0x41, 0x79, 0x0B, 0xD6, 0x2F, 0x3C, 0x3D, 0x3B, 0xBB, 0xA0, 0x3C, 0xFC, 0x10, 0xB0,
    0x09, 0xA8, 0x10, 0xA6, 0x27, 0xB2, 0xF9, 0xA4, 0x58, 0xB2, 0x13, 0xF9, 0x95, 0x35, 0x3D, 0xD5,
    0xFD, 0x3F, 0xC5, 0x96, 0x3F, 0x6C, 0xE4, 0x44, 0x14, 0xC6, 0x7F, 0xB6, 0x03, 0x06, 0xA6, 0x18,
    0x0A, 0xBA, 0x20, 0x99, 0x82, 0x96, 0x4C, 0x2F, 0x65, 0xD7, 0x03, 0x94, 0x14, 0xF4, 0xA2, 0xA0,
    0xAF, 0x42, 0x89, 0xC4, 0xEE, 0xC5, 0x7D, 0x75, 0x7D, 0xC3, 0x15, 0xF4, 0xD7, 0xA6, 0xF0, 0xB2,
    0xEE, 0x28, 0x68, 0xDC, 0x37, 0x58, 0x82, 0x1E, 0x17, 0x16, 0xF2, 0x49, 0xCE, 0x0E, 0xF3, 0x49,
    0x5E, 0x93, 0xBB, 0x08, 0x5D, 0x94, 0xBB, 0x4B, 0x3E, 0xE9, 0xFD, 0xB4, 0xB3, 0xF3, 0xEF, 0xCD,
    0x78, 0x3E, 0xE9, 0x01, 0x59, 0x73, 0x03, 0xA7, 0x21, 0x34, 0xEC, 0x43, 0xA8, 0xB2, 0xF1, 0xFD,
    0x91, 0xBC, 0x65, 0x87, 0x6D, 0x28, 0x29, 0x3C, 0x0E, 0x07, 0x85, 0x2F, 0xC1, 0x56, 0x42, 0xF3,
    0x7A, 0x54, 0x4E, 0x33, 0x34, 0x17, 0xAD, 0x82, 0xD1, 0x7A, 0x5A, 0x19, 0xF6, 0xA1, 0x83, 0xD3,
    0x03, 0x92, 0x5B, 0xE2, 0x22, 0x84, 0x34, 0x84, 0x6B, 0xDB, 0x99, 0xD6, 0x91, 0x0C, 0x6B, 0xA8,
    0x37, 0xB0, 0xA9, 0x61, 0x35, 0xC1, 0xFA, 0x18, 0x6A, 0xEB, 0x7F, 0xF5, 0x6B, 0x5C, 0x1C, 0xDF,
    0xC5, 0x79, 0x15, 0x17, 0x23, 0x40, 0xDA, 0xBF, 0x82, 0x2D, 0xEC, 0x3B, 0xA1, 0x89, 0xA8, 0x79,
    0x63, 0xAC, 0x84, 0x35, 0x4C, 0x94, 0x30, 0xE2, 0x7C, 0x3A, 0x60, 0x5B, 0xD3, 0x93, 0xE9, 0xFA,
    0xB8, 0x7C, 0x81, 0x64, 0xFD, 0x2B, 0x18, 0xC9, 0x82, 0x70, 0x20, 0xA2, 0xBB, 0x33, 0xA6, 0x05,
    0x5B, 0x4C, 0x47, 0x59, 0xFD, 0xD4, 0x61, 0xC3, 0x9F, 0x1D, 0x69, 0xF8, 0xBA, 0x83, 0x67, 0x3C,
    0x85, 0x51, 0x27, 0x7D, 0x62, 0x1A, 0x70, 0xCF, 0x3D, 0xD8, 0x03, 0x90, 0x4D, 0x2C, 0x3A, 0x36,
    0x73, 0xC1, 0xA8, 0xD7, 0xEE, 0x81, 0xE2, 0x02, 0x70, 0x4A, 0x6F, 0x6D, 0x2B, 0x58, 0x69, 0x81,
    0x3A, 0x6F, 0x61, 0xCA, 0x3A, 0x18, 0xB3, 0x9E, 0xA4, 0x4F, 0x06, 0xB2, 0xFE, 0x98, 0x49, 0x1E,
    0xC2, 0x84, 0x09, 0xE1, 0x80, 0xAD, 0x6E, 0x3F, 0x8B, 0x75, 0x44, 0xB3, 0x03, 0xD3, 0x4E, 0x90,
    0x77, 0x39, 0x19, 0x98, 0xC6, 0x7A, 0xB2, 0x7E, 0x0D, 0x4C, 0x13, 0x70, 0xD9, 0x03, 0xAE, 0xE5,
    0x96, 0xF6, 0x7F, 0xA1, 0x95, 0xA1, 0xAC, 0x5C, 0xC3, 0x4A, 0x8F, 0xEF, 0x44, 0x9B, 0xA2, 0xED,
    0x11, 0x92, 0x7D, 0xE8, 0x29, 0x42, 0x44, 0xE9, 0x63, 0x73, 0x47, 0xC4, 0xB4, 0x60, 0x87, 0x51,
    0xC7, 0x13, 0x0D, 0xE9, 0x03, 0x69, 0xA8, 0x2E, 0x49, 0xAB, 0xD4, 0x67, 0x9D, 0x69, 0x92, 0xD1,
    0xC1, 0xAF, 0x3B, 0x28, 0x47, 0xB0, 0x3D, 0x47, 0x95, 0x21, 0x4C, 0x0A, 0x6D, 0xF6, 0x96, 0x62,
    0x59, 0x33, 0xEE, 0x5D, 0xFD, 0xB7, 0xF7, 0xF6, 0xD6, 0xDE, 0x20, 0x17, 0xB4, 0x8A, 0xFB, 0xEC,
    0x23, 0x97, 0x4E, 0x8A, 0x3B, 0x3F, 0x00, 0xB9, 0x4D, 0xBE, 0xE3, 0xA1, 0xBC, 0xFD, 0xF2, 0xF5,
    0xEF, 0x6E, 0x5F, 0xBF, 0x24, 0xCF, 0xCA, 0xBB, 0xF2, 0xF0, 0x3D, 0x3D, 0xFF, 0xDA, 0xCF, 0x2C,
    0xD3, 0xBE, 0x49, 0xC8, 0xEF, 0xB2, 0xBB, 0xDC, 0x2E, 0xB3, 0xCB, 0xEB, 0xB2, 0xBA, 0x9C, 0xFE,
    0x11, 0x1F, 0x62, 0xBD, 0x23, 0x6F, 0x6B, 0xD2, 0x7F, 0x06, 0xD0, 0xE1, 0xCB, 0x86, 0x9B, 0x92,
    0x79, 0xEE, 0x1A, 0xD3, 0x1C, 0xF2, 0xBA, 0xAC, 0x2E, 0xA7, 0xCB, 0xE8, 0x3A, 0xAB, 0x82, 0x59,
    0x69, 0x6F, 0xAB, 0x6C, 0x70, 0x8D, 0x42, 0xBF, 0x1F, 0xE2, 0xAC, 0x36, 0x5C, 0x2B, 0x38, 0xCA,
    0x34, 0x5B, 0x8A, 0x36, 0x28, 0xF4, 0xFB, 0xAD, 0x9F, 0x19, 0x3E, 0x06, 0x56, 0x40, 0x0D, 0x0C,
    0x3A, 0x34, 0x64, 0x0D, 0x24, 0xFE, 0x51, 0xCE, 0x0F, 0xFE, 0x46, 0x1E, 0x2D, 0x98, 0x0A, 0x2C,
    0xF0, 0xDE, 0xBB, 0xBF, 0x8B, 0xC4, 0x27, 0x64, 0x6D, 0xDE, 0x24, 0x43, 0x01, 0xBB, 0x2D, 0xB8,
    0x11, 0x6C, 0xF7, 0x68, 0x6F, 0xE1, 0x84, 0x13, 0x2C, 0x8E, 0xBC, 0x39, 0xBE, 0xFB, 0x16, 0xCA,
    0xEA, 0x61, 0xDE, 0xC5, 0x27, 0x40, 0x0D, 0x6C, 0x01, 0x07, 0x58, 0x0F, 0x79, 0x03, 0xC9, 0xE3,
    0xDC, 0x05, 0x1E, 0xB2, 0x1E, 0x92, 0x61, 0xCE, 0x6B, 0x05, 0x14, 0xC0, 0xC9, 0x43, 0x78, 0x44,
    0xA2, 0x10, 0xD6, 0xC2, 0x95, 0xF0, 0x8C, 0x59, 0xE9, 0x08, 0xD8, 0x00, 0x9C, 0x19, 0x0F, 0xE7,
    0x59, 0x35, 0x43, 0x4D, 0x75, 0x68, 0xC8, 0xA3, 0x95, 0x08, 0xB3, 0xC3, 0x19, 0xD1, 0x87, 0x5B,
    0xEA, 0x50, 0x8E, 0x2A, 0x5A, 0x60, 0x3F, 0x00, 0xFD, 0x06, 0x92, 0xF6, 0x7C, 0x86, 0x9A, 0xEA,
    0x40, 0x43, 0xDE, 0x79, 0x15, 0x71, 0x94, 0xF5, 0x80, 0x5B, 0x2E, 0xBA, 0x16, 0xFA, 0x97, 0x6E,
    0x5B, 0x4A, 0x43, 0x18, 0xC8, 0x84, 0xFC, 0xF7, 0x06, 0x8C, 0x60, 0xBF, 0x11, 0x4C, 0x44, 0x21,
    0xAC, 0x85, 0x95, 0xB0, 0x11, 0x6A, 0x13, 0x7A, 0x46, 0x61, 0x88, 0xCD, 0xB4, 0x8F, 0x88, 0xF3,
    0x67, 0xE4, 0x4D, 0x6C, 0x1A, 0xC1, 0x56, 0x11, 0x85, 0x8F, 0x70, 0x44, 0x94, 0x98, 0x30, 0xAC,
    0x05, 0x80, 0xF9, 0xEE, 0xD4, 0x71, 0x33, 0xD1, 0x73, 0xE1, 0x73, 0x6E, 0x28, 0x39, 0x24, 0x7B,
    0x6F, 0xC3, 0x6F, 0xA1, 0x73, 0x69, 0xF8, 0xB2, 0x3F, 0x67, 0xE2, 0xC7, 0x93, 0x88, 0x73, 0xB8,
    0x9A, 0x91, 0x86, 0x10, 0xA6, 0x42, 0x28, 0xFD, 0x15, 0x6C, 0xA8, 0xA1, 0x46, 0x60, 0xE2, 0xB3,
    0x9A, 0x03, 0x57, 0xEB, 0xFC, 0xFB, 0xAF, 0x7A, 0x17, 0x4C, 0x68, 0xF3, 0x31, 0x39, 0x30, 0xCB,
    0x0A, 0x4E, 0x58, 0xBD, 0x7C, 0x41, 0x4F, 0x59, 0x94, 0x79, 0x4E, 0x0F, 0xA6, 0x61, 0x1F, 0xFE,
    0xF6, 0xB1, 0x5C, 0x08, 0xFA, 0x42, 0xD7, 0xD8, 0x86, 0x40, 0xE1, 0xB3, 0x80, 0x23, 0xFF, 0xC3,
    0x97, 0xD8, 0x6F, 0xAB, 0x12, 0xA7, 0x52, 0x63, 0x25, 0x5C, 0x45, 0x24, 0x7D, 0x44, 0xD6, 0x45,
    0xE4, 0x4D, 0x84, 0xF5, 0x11, 0x67, 0x2A, 0x44, 0x36, 0x2A, 0x44, 0x46, 0x1C, 0xB6, 0xD7, 0xAD,
    0x74, 0xEC, 0xB0, 0x2A, 0x44, 0x9C, 0x0A, 0x91, 0x95, 0x0A, 0x91, 0x4F, 0x59, 0x74, 0xF7, 0x4C,
    0x53, 0x65, 0x9A, 0x37, 0xCA, 0x94, 0x6C, 0x4C, 0xAF, 0x31, 0x8D, 0x32, 0xAD, 0xB2, 0x40, 0x81,
    0xFD, 0x19, 0xC7, 0x99, 0x1E, 0xF5, 0xC6, 0x56, 0x31, 0xB5, 0x88, 0xAC, 0x8D, 0xB9, 0xC4, 0xAC,
    0x7C, 0x71, 0xA6, 0x01, 0x4A, 0xC8, 0xF4, 0x6C, 0xC9, 0x87, 0x74, 0xA4, 0x58, 0x72, 0xD1, 0xD7,
    0x80, 0xD3, 0x50, 0xE9, 0xA5, 0x8C, 0x98, 0x21, 0x09, 0x3A, 0xBE, 0xF3, 0xCE, 0xF3, 0x01, 0x0E,
    0x98, 0xE1, 0x81, 0xA2, 0x01, 0xCC, 0x00, 0xA4, 0xE1, 0x05, 0x70, 0x11, 0x3A, 0xE0, 0xBB, 0x6B,
    0x80, 0x4B, 0xA1, 0xA8, 0x40, 0xD3, 0x17, 0x7C, 0xA1, 0xFF, 0x4A, 0x2F, 0xE7, 0x0D, 0xC9, 0x01,
    0x3D, 0x44, 0xB8, 0x38, 0x78, 0x6E, 0x28, 0x1B, 0x84, 0x1E, 0x39, 0x50, 0x68, 0x01, 0xD3, 0x08,
    0xCB, 0xB0, 0x8B, 0x17, 0x32, 0x72, 0x67, 0xE3, 0xF7, 0x75, 0xF0, 0x43, 0x09, 0xB8, 0x79, 0x3B,
    0x13, 0x7E, 0x21, 0x09, 0xA1, 0x25, 0x79, 0x3E, 0x40, 0x32, 0x01, 0x1B, 0xC5, 0x16, 0xEA, 0x32,
    0x8E, 0x37, 0x71, 0x5E, 0xDC, 0x91, 0x45, 0xB6, 0x55, 0x62, 0x9A, 0x0C, 0x0E, 0x05, 0xAC, 0x90,
    0x28, 0x83, 0x5E, 0x99, 0x00, 0x5B, 0x78, 0x18, 0x2C, 0xE2, 0x20, 0x4C, 0x47, 0x24, 0x83, 0xD0,
    0x03, 0x69, 0xB7, 0xE4, 0x5E, 0xFD, 0x0F, 0x8A, 0x88, 0x7D, 0x08, 0xC1, 0x0B, 0x7E, 0xE9, 0xB8,
    0x37, 0x72, 0xAD, 0x92, 0x08, 0x8B, 0xE6, 0xCF, 0xEF, 0x2A, 0x01, 0xA0, 0x14, 0x56, 0x8B, 0xAF,
    0x81, 0x7F, 0x01, 0x25, 0x8E, 0x81, 0x66, 0xC4, 0x30, 0x00, 0x86, 0xBF, 0x5D, 0x47, 0x46, 0x58,
    0x06, 0x98, 0x19, 0x39, 0x40, 0x61, 0x57, 0x30, 0xE0, 0xDA, 0xF4, 0x51, 0xF6, 0x08, 0x03, 0x14,
    0xAD, 0xE5, 0x6E, 0x2F, 0xB0, 0x47, 0x39, 0xC0, 0xE1, 0x48, 0x1E, 0x21, 0xC0, 0x00, 0x02, 0x0C,
    0x20, 0x08, 0x8A, 0x9E, 0xAC, 0x33, 0xDF, 0x87, 0x9F, 0x1F, 0x3E, 0x18, 0xE9, 0x68, 0x50, 0xB6,
    0xF2, 0x1B, 0x0B, 0x55, 0x90, 0x41, 0xD9, 0x86, 0x96, 0x1A, 0x0A, 0x9B, 0xE2, 0xC5, 0x77, 0x54,
    0xC7, 0xDC, 0x71, 0xA9, 0xA9, 0x65, 0xB8, 0x33, 0xD7, 0x97, 0xE1, 0x63, 0xD9, 0x8A, 0xE4, 0x4A,
    0x5C, 0xBD, 0xE5, 0x61, 0xCF, 0x7E, 0x7D, 0xF5, 0x31, 0xCB, 0x12, 0x6F, 0x4A, 0xAF, 0xAD, 0xF1,
    0xC6, 0x6B, 0x3B, 0x89, 0x50, 0x64, 0x5A, 0xFD, 0x1B, 0xA1, 0x24, 0x52, 0x15, 0x85, 0x17, 0xC8,
    0x68, 0x96, 0x61, 0x77, 0x52, 0x27, 0x35, 0xEC, 0xCC, 0x22, 0x23, 0x20, 0x0F, 0x51, 0x7D, 0xA6,
    0x46, 0x84, 0x56, 0xD9, 0xB3, 0xE6, 0xFD, 0x99, 0x47, 0xEA, 0x8E, 0x51, 0x1D, 0xB2, 0xF8, 0x89,
    0x6B, 0x03, 0x05, 0x90, 0x56, 0xF5, 0xBA, 0x37, 0x18, 0x1C, 0x5C, 0x97, 0x65, 0xCE, 0xA9, 0x8A,
    0xFF, 0xB8, 0xE0, 0xFC, 0x54, 0xCA, 0x64, 0xAC, 0xE9, 0x0D, 0x2D, 0x23, 0x67, 0x40, 0x72, 0xBF,
    0x22, 0x33, 0xE3, 0xEB, 0xC5, 0xCD, 0x4F, 0x5F, 0xBC, 0x6D, 0x82, 0x66, 0x24, 0x33, 0x6F, 0xDD,
    0xAC, 0xE3, 0x2F, 0xD5, 0x9B, 0x31, 0x8C, 0xE4, 0x4A, 0x5A, 0xC7, 0xFF, 0xB6, 0xEF, 0xCE, 0x4F,
    0x18, 0x54, 0x17, 0x10, 0x20, 0x2D, 0x92, 0x5F, 0x48, 0xC0, 0x3B, 0xE7, 0xD2, 0xB6, 0xED, 0xF7,
    0x08, 0x2F, 0xB9, 0x9C, 0xE0, 0x08, 0xC8, 0x97, 0xF0, 0x82, 0xF6, 0xB4, 0x75, 0x84, 0x04, 0xAC,
    0xC8, 0x43, 0xF2, 0x4B, 0x37, 0xF0, 0xBC, 0x2E, 0xB8, 0xE0, 0x02, 0x82, 0x33, 0x11, 0xC1, 0x25,
    0x05, 0x5C, 0x82, 0x08, 0x28, 0x84, 0x91, 0xBC, 0xBA, 0x9A, 0x2E, 0xBE, 0x7F, 0x75, 0xB9, 0xB7,
    0x7B, 0xB6, 0x67, 0xB6, 0x77, 0x5F, 0xCF, 0x8E, 0xF0, 0xE8, 0xFF, 0x93, 0xCB, 0xF5, 0x7D, 0x9F,
    0x5D, 0x65, 0x4F, 0x55, 0xB9, 0xCA, 0x0D, 0x6E, 0x2F, 0x45, 0xB5, 0xA8, 0x14, 0xA9, 0x1E, 0xC8,
    0x34, 0x90, 0xF4, 0x58, 0xB6, 0xC6, 0x7B, 0x47, 0xD1, 0xE4, 0x31, 0x9D, 0xDA, 0x5D, 0x66, 0x9B,
    0x4C, 0x65, 0x9B, 0xB9, 0x4A, 0x53, 0xDC, 0x07, 0xF0, 0x59, 0xCE, 0xBB, 0xF5, 0xDE, 0x20, 0x00,
    0x3C, 0xE9, 0x87, 0xF0, 0x8B, 0xB7, 0x02, 0xEF, 0x7B, 0x94, 0xAF, 0xCB, 0x51, 0x8E, 0x65, 0x86,
    0xB0, 0x82, 0xF4, 0x72, 0x00, 0xA7, 0xD8, 0x7A, 0x43, 0xF4, 0xE0, 0x96, 0x18, 0x40, 0x02, 0x22,
    0x1F, 0xF7, 0xF7, 0xA0, 0x04, 0xF0, 0x07, 0x58, 0x36, 0x5E, 0xEA, 0x48, 0x0D, 0x00, 0xAE, 0x2D,
    0xBC, 0xD8, 0x21, 0xF1, 0xDE, 0xE4, 0x53, 0x3E, 0x2B, 0x0D, 0x57, 0x01, 0x75, 0x03, 0xFC, 0xE1,
    0x0A, 0x40, 0x77, 0x64, 0xB7, 0xF5, 0x0E, 0x5E, 0x74, 0xEC, 0xCB, 0xFC, 0x5A, 0x44, 0xFB, 0xAA,
    0x45, 0x4D, 0x7F, 0xC6, 0x61, 0x3C, 0x94, 0x3B, 0x89, 0xED, 0x7B, 0xA4, 0xDE, 0xCF, 0x28, 0xA6,
    0xC4, 0x43, 0xB2, 0xAB, 0x56, 0xEC, 0xBE, 0x40, 0x05, 0x20, 0x22, 0xD4, 0xB0, 0x06, 0xC4, 0x44,
    0x90, 0xFA, 0xB7, 0xC2, 0x57, 0xDE, 0x08, 0xFF, 0xFC, 0x4E, 0x80, 0x0D, 0x51, 0xF6, 0x00, 0xDD,
    0x0F, 0xF8, 0x8A, 0xC7, 0x9A, 0x16, 0x0D, 0xCA, 0x29, 0xD9, 0x21, 0xF3, 0x7E, 0x12, 0xB7, 0x5D,
    0x7B, 0xB8, 0xC5, 0xAC, 0xCA, 0x6B, 0x69, 0x89, 0x99, 0x5A, 0xB9, 0xED, 0x73, 0xA3, 0x29, 0xEE,
    0xE3, 0x68, 0x7B, 0xCA, 0xF3, 0xE6, 0xDE, 0x5B, 0x0A, 0xC8, 0xBE, 0x93, 0x3A, 0x64, 0xA6, 0x41,
    0xA1, 0xAB, 0xB1, 0xEA, 0x0B, 0xBF, 0x43, 0xB2, 0x35, 0xC0, 0x86, 0x71, 0x23, 0xBB, 0xEC, 0x72,
    0xFA, 0xD7, 0x81, 0x33, 0x69, 0xBF, 0x05, 0xD6, 0x99, 0xAD, 0x48, 0xD6, 0xCB, 0x90, 0x59, 0xD5,
    0x9F, 0x70, 0x0E, 0x9C, 0x98, 0x9B, 0x5A, 0x5A, 0x66, 0x86, 0x5E, 0x8D, 0x66, 0x84, 0x1A, 0x8C,
    0xD6, 0x61, 0xC0, 0x47, 0x60, 0xFB, 0x96, 0xF0, 0xFD, 0xC6, 0xBB, 0xC2, 0x08, 0x52, 0x2B, 0x19,
    0xC9, 0x24, 0xC0, 0x7C, 0x1F, 0x31, 0x23, 0x98, 0x14, 0x26, 0xB8, 0x85, 0x00, 0x1F, 0xDB, 0x0E,
    0xCC, 0x02, 0xEF, 0xDB, 0xEF, 0xD8, 0x0E, 0x70, 0x7B, 0x43, 0xCC, 0xA2, 0x70, 0x24, 0x1B, 0x05,
    0x45, 0x2F, 0xC8, 0x71, 0xBC, 0x75, 0x80, 0x13, 0x24, 0xB3, 0x20, 0xB3, 0x84, 0x11, 0x14, 0x5A,
    0xA0, 0x88, 0xAA, 0x15, 0x34, 0x10, 0x74, 0x84, 0x13, 0x24, 0x13, 0x6F, 0xA6, 0x09, 0x60, 0x72,
    0x5E, 0x32, 0x70, 0x83, 0xC5, 0xB8, 0x6C, 0x97, 0x00, 0xC5, 0xB8, 0x44, 0x4E, 0xBC, 0x00, 0x5B,
    0x84, 0x6D, 0x0D, 0xD0, 0x1C, 0x55, 0xEC, 0x12, 0x72, 0x0D, 0xA4, 0xFD, 0xF1, 0x65, 0x0D, 0xE2,
    0xE1, 0xC4, 0x55, 0x94, 0x8B, 0x94, 0xA8, 0x94, 0x63, 0xCD, 0x5A, 0x2E, 0x45, 0xE4, 0xD6, 0x5D,
    0x62, 0xD7, 0x5D, 0x66, 0x86, 0x2E, 0xD7, 0x43, 0xA7, 0xFA, 0xA1, 0x2B, 0x31, 0xAC, 0x6B, 0xD1,
    0x5A, 0x34, 0x63, 0xB8, 0xB1, 0x18, 0x36, 0x46, 0xA4, 0x45, 0xBD, 0x08, 0x72, 0x4C, 0x84, 0xBF,
    0x40, 0x8F, 0xC4, 0x26, 0x16, 0x98, 0x33, 0xC3, 0x07, 0x4A, 0x03, 0x95, 0x6F, 0x81, 0xFC, 0x0E,
    0x47, 0x9B, 0xD8, 0xE6, 0x63, 0x03, 0x28, 0x2D, 0xA5, 0x51, 0x3D, 0x9B, 0x16, 0x96, 0xA6, 0xD9,
    0x57, 0x51, 0x26, 0xD1, 0x59, 0x6D, 0x33, 0xE0, 0x58, 0x23, 0x1D, 0xAB, 0xB9, 0x61, 0xBC, 0x8A,
    0x65, 0x51, 0x7F, 0x4B, 0xFC, 0x9A, 0x41, 0xFF, 0x0B, 0x40, 0xB6, 0x13, 0x24, 0x21, 0xBC, 0x23,
    0x66, 0x26, 0xAD, 0x80, 0x0E, 0x89, 0xD7, 0x84, 0xD8, 0xF2, 0xF2, 0xAE, 0xAD, 0x8D, 0xF7, 0x8E,
    0x62, 0x15, 0xBF, 0xA7, 0xCC, 0x01, 0xC8, 0x89, 0x62, 0x27, 0x50, 0x5B, 0x41, 0xF9, 0x4A, 0x50,
    0xA9, 0x16, 0xA8, 0x79, 0x67, 0x56, 0x85, 0x06, 0x06, 0xB6, 0x17, 0x8E, 0x17, 0x3B, 0x67, 0x96,
    0x95, 0x37, 0xB1, 0x02, 0x66, 0x5E, 0xBE, 0x04, 0x66, 0xF4, 0xC2, 0xFB, 0x1D, 0xC4, 0xBE, 0xE1,
    0xBD, 0xAF, 0x50, 0xF1, 0x89, 0x6E, 0x20, 0x47, 0x6A, 0x81, 0xBE, 0x05, 0x8A, 0xD1, 0x01, 0xB9,
    0x69, 0xBC, 0xB7, 0xD4, 0xE3, 0x9D, 0xE8, 0xAE, 0x15, 0x1B, 0x53, 0x23, 0x9B, 0x25, 0xED, 0x44,
    0x9D, 0xE8, 0xE6, 0x9E, 0x78, 0xCC, 0xD1, 0x86, 0xB6, 0xF4, 0x11, 0x41, 0xF6, 0xC7, 0x1A, 0xB9,
    0xC4, 0x4F, 0x82, 0xEF, 0xA9, 0x92, 0xA9, 0xDE, 0x5F, 0x03, 0xE3, 0xBF, 0xAE, 0xF1, 0x03, 0x49,
    0xE3, 0x56, 0x54, 0x8B, 0x9A, 0x23, 0x31, 0x3D, 0xD4, 0x48, 0x0F, 0xB1, 0x9F, 0xB4, 0x83, 0xAC,
    0xBC, 0x5F, 0x80, 0xEA, 0x23, 0xD1, 0x1C, 0x50, 0x13, 0x1D, 0x31, 0x10, 0x4E, 0x90, 0xCC, 0x82,
    0x74, 0x12, 0xE4, 0x56, 0x20, 0x05, 0xF0, 0x2E, 0x20, 0x9C, 0xFA, 0x1C, 0x9E, 0x72, 0x50, 0xC4,
    0x46, 0x64, 0xA8, 0x05, 0xAE, 0x12, 0xCC, 0x25, 0xBA, 0xC4, 0xAA, 0xBE, 0x4B, 0xAD, 0xD2, 0x5D,
    0x66, 0x0A, 0xC1, 0x98, 0x8F, 0x5D, 0xA1, 0x33, 0xD3, 0x29, 0x9D, 0xD9, 0x4E, 0xF5, 0x89, 0xED,
    0x4A, 0x60, 0xEB, 0xEF, 0x88, 0x1D, 0x52, 0x49, 0xB6, 0xCC, 0xD0, 0xC1, 0x4E, 0x3C, 0x72, 0x43,
    0x5F, 0x5B, 0xB6, 0x12, 0xA5, 0x61, 0x63, 0xC4, 0xF0, 0xFB, 0x13, 0x39, 0xC1, 0x8D, 0xF4, 0xD8,
    0x60, 0xDF, 0x6D, 0xA0, 0x4C, 0x3E, 0xA3, 0x8C, 0xFF, 0x7F, 0x37, 0x44, 0x7D, 0xD8, 0xEB, 0x08,
    0x66, 0xE4, 0x16, 0xA8, 0x7C, 0x4F, 0xBC, 0x06, 0xF0, 0x83, 0x59, 0x80, 0x5B, 0xA2, 0xB9, 0x8F,
    0x3F, 0x25, 0x36, 0xCC, 0xAD, 0x7E, 0x2B, 0x91, 0x73, 0x9E, 0x83, 0x67, 0x7B, 0xD2, 0xB6, 0x2B,
    0xE9, 0x53, 0xE4, 0x3A, 0x97, 0x1A, 0x62, 0xDD, 0x28, 0x60, 0x7B, 0x07, 0x94, 0xD3, 0x67, 0x69,
    0x37, 0x9F, 0xA3, 0xAB, 0x68, 0xBC, 0xD7, 0x11, 0x28, 0x3E, 0x12, 0xF5, 0x29, 0x3A, 0x62, 0x4D,
    0x0C, 0xC4, 0x2C, 0x48, 0xAD, 0x20, 0x33, 0x02, 0xAF, 0x05, 0x3B, 0x08, 0x3C, 0xB0, 0xF3, 0x6D,
    0xB2, 0xF3, 0x3A, 0x13, 0xE5, 0x3B, 0x6F, 0x8A, 0x6F, 0xEF, 0xAC, 0xAA, 0xDD, 0x54, 0xD6, 0x6E,
    0x58, 0xD5, 0xEE, 0xE5, 0xBA, 0x76, 0xF5, 0x9B, 0xDA, 0x95, 0xB6, 0x76, 0xCA, 0xD4, 0xAE, 0x18,
    0x6B, 0x97, 0xE9, 0xDA, 0xA5, 0x7D, 0xED, 0x12, 0xD4, 0x0E, 0x0F, 0x8B, 0x77, 0xE7, 0x12, 0x2D,
    0x4D, 0xF6, 0xA5, 0xF6, 0x14, 0x07, 0xD9, 0xFB, 0x21, 0x7F, 0x36, 0xCB, 0x63, 0x9B, 0x8F, 0xB8,
    0x85, 0xD2, 0xEF, 0x37, 0xC7, 0x84, 0xFE, 0x30, 0xFA, 0xE0, 0x41, 0xDF, 0x7D, 0x94, 0x82, 0xF1,
    0x18, 0x79, 0x7F, 0x8E, 0x70, 0xB6, 0xE5, 0x32, 0x9F, 0xA2, 0xD7, 0x8A, 0x5D, 0x80, 0xAD, 0x91,
    0xBA, 0x47, 0x9A, 0xE8, 0x5B, 0xE6, 0xD3, 0x8E, 0xF6, 0x92, 0xC6, 0x25, 0x5A, 0xDE, 0x47, 0xB2,
    0xF8, 0x3E, 0x22, 0xA5, 0x5C, 0x35, 0xC0, 0x0F, 0x99, 0xD7, 0x45, 0xDD, 0x9E, 0xD1, 0x92, 0x47,
    0x3B, 0xDA, 0xD3, 0x8F, 0xFE, 0x8C, 0xC3, 0x78, 0x8C, 0xDB, 0xB0, 0x71, 0x0D, 0x08, 0xB6, 0x4F,
    0x8F, 0x67, 0x19, 0xA7, 0xDC, 0xBF, 0x8C, 0x17, 0xDE, 0xEC, 0x1B, 0xE8, 0x6C, 0xEE, 0x5E, 0xF5,
    0xC5, 0xB8, 0xCE, 0x47, 0xD5, 0xAF, 0x53, 0x5B, 0x61, 0x9D, 0x4C, 0x0D, 0xD6, 0x98, 0x09, 0x57,
    0x9F, 0xA2, 0x59, 0x30, 0x07, 0xBB, 0xE0, 0x11, 0x7C, 0x43, 0x14, 0xC6, 0x8B, 0x91, 0x4F, 0xCF,
    0x56, 0xF6, 0x48, 0x27, 0x35, 0x22, 0xB3, 0x99, 0x85, 0xD2, 0xE9, 0xCC, 0x23, 0x0E, 0x0D, 0x6B,
    0xE2, 0x16, 0xA8, 0xBE, 0x9E, 0x01, 0xF5, 0x4B, 0x0B, 0xE4, 0xFF, 0x39, 0x02, 0xA9, 0xEF, 0x01,
    0x78, 0x04, 0xC4, 0xCB, 0xCF, 0x58, 0x90, 0xE2, 0x5F, 0x0C, 0x50, 0xFE, 0x7C, 0x02, 0x1A, 0x38,
    0x88, 0xE7, 0x0D, 0xAB, 0xA9, 0x61, 0x85, 0x95, 0xBA, 0x18, 0x51, 0x8C, 0x4A, 0x4B, 0xA2, 0x81,
    0x1C, 0xEE, 0x90, 0x4C, 0xF8, 0x1C, 0xD8, 0x78, 0xEF, 0x75, 0x00, 0x80, 0xE2, 0x2C, 0x1A, 0xA0,
    0xF9, 0x90, 0x2A, 0x51, 0xD9, 0xA3, 0x51, 0x26, 0xD9, 0x66, 0x12, 0x4D, 0xFA, 0xA5, 0x0D, 0x80,
    0xE6, 0x43, 0x92, 0x06, 0x3B, 0xD7, 0x9F, 0x03, 0x87, 0x72, 0xB2, 0xE3, 0xAF, 0xF0, 0x39, 0xC0,
    0xB3, 0xCD, 0x01, 0x00, 0x70, 0x16, 0x5B, 0xDF, 0x02, 0x01, 0x28, 0x2F, 0x80, 0xBF, 0x23, 0xBC,
    0x96, 0x64, 0x61, 0x05, 0xC9, 0x24, 0x80, 0x7B, 0x0C, 0xC1, 0x24, 0xB7, 0xD1, 0x4D, 0x02, 0x74,
    0x40, 0xAE, 0x2F, 0xC5, 0xC6, 0xB7, 0x84, 0x95, 0x64, 0xEA, 0x04, 0xE8, 0x88, 0x9A, 0x68, 0xCE,
    0xA0, 0x8E, 0x26, 0x34, 0xA6, 0x5B, 0x0C, 0xE0, 0x00, 0x7C, 0x48, 0xDE, 0xBF, 0x15, 0x79, 0xB1,
    0x2D, 0x8C, 0x43, 0x6A, 0x1D, 0x30, 0x8B, 0xDC, 0x3D, 0xCD, 0xCC, 0xA3, 0x0D, 0x6D, 0xE9, 0x83,
    0x57, 0xA2, 0x54, 0x12, 0x50, 0x53, 0x61, 0x0F, 0xFF, 0x98, 0x1D, 0xBE, 0x1F, 0x9B, 0xDE, 0x8A,
    0x28, 0x71, 0x54, 0x91, 0xCA, 0xFB, 0x3E, 0x80, 0x49, 0x62, 0xC9, 0x88, 0xC6, 0x4D, 0xF0, 0x65,
    0x94, 0x5B, 0xC9, 0x4F, 0xDC, 0x3E, 0x72, 0xC6, 0x73, 0x84, 0xB3, 0x75, 0x32, 0xFE, 0x12, 0xB0,
    0x2E, 0x33, 0x5B, 0x09, 0x46, 0xD5, 0x77, 0x85, 0x56, 0x7A, 0x3F, 0x40, 0x54, 0xEF, 0xD0, 0x17,
    0xE3, 0x3B, 0x6C, 0xFC, 0x82, 0xE3, 0x8C, 0x53, 0x8F, 0x10, 0x25, 0x67, 0xBC, 0x10, 0x39, 0xE1,
    0x39, 0xF0, 0x6A, 0x0A, 0x43, 0x75, 0x29, 0xA4, 0xCF, 0x27, 0x34, 0xEC, 0x1D, 0xCB, 0x5E, 0xD4,
    0xA2, 0xA9, 0x44, 0x25, 0xD5, 0xEF, 0x8F, 0x33, 0x3F, 0x11, 0x3B, 0xBC, 0x10, 0xB1, 0x5F, 0xAD,
    0xDA, 0x06, 0xFC, 0xBB, 0x15, 0x39, 0xC9, 0x93, 0xFC, 0xCC, 0x8A, 0xDD, 0x88, 0x66, 0x2B, 0xF6,
    0xDF, 0xB2, 0xB4, 0xDB, 0xDF, 0x02, 0x85, 0xD8, 0xA3, 0xE9, 0x2B, 0x8D, 0x15, 0x24, 0xF3, 0x7B,
    0xA1, 0xF9, 0x85, 0x98, 0x06, 0x24, 0x5B, 0xCF, 0x27, 0x48, 0xD0, 0xB4, 0x92, 0xBC, 0x85, 0xC0,
    0x45, 0x30, 0x59, 0x30, 0xE3, 0x86, 0x26, 0xD6, 0xB3, 0xFD, 0xDB, 0x00, 0xC9, 0x2F, 0xD8, 0xB6,
    0x4C, 0xE9, 0xEE, 0x27, 0x87, 0x09, 0xC0, 0x2A, 0xF6, 0x64, 0xAB, 0x17, 0x6F, 0xD1, 0x71, 0xBA,
    0x62, 0x2C, 0xCC, 0x16, 0xC9, 0x74, 0x0B, 0xB8, 0x01, 0x58, 0x8B, 0x3A, 0x51, 0xBD, 0x68, 0x2D,
    0xA6, 0x2B, 0x39, 0x2E, 0x3E, 0x8E, 0x0F, 0x72, 0x61, 0x0A, 0x93, 0xF2, 0xB6, 0x55, 0xB3, 0x84,
    0xDE, 0x89, 0x7C, 0xBF, 0x86, 0x1A, 0xD7, 0xC8, 0xCD, 0x1A, 0x99, 0x28, 0x1F, 0x25, 0x2D, 0xCF,
    0xDC, 0x1D, 0xF3, 0xDA, 0x35, 0x0A, 0x1E, 0xB7, 0x6B, 0xA4, 0x51, 0xDC, 0x2F, 0x8C, 0xE4, 0x69,
    0xFA, 0x6F, 0xC5, 0x9F, 0xFA, 0x4E, 0x2F, 0x52, 0x8D, 0xF7, 0x11, 0x2B, 0x54, 0x8F, 0xA0, 0x23,
    0xD6, 0x27, 0xAF, 0x4A, 0x98, 0x05, 0xA9, 0x15, 0x64, 0x06, 0xC7, 0xCD, 0xC5, 0x1A, 0xC0, 0x9B,
    0x73, 0x60, 0xC9, 0x59, 0x03, 0xAC, 0x09, 0xD6, 0x48, 0x0D, 0x0C, 0x6B, 0xD6, 0x9A, 0x48, 0x4A,
    0xB2, 0xF3, 0xA2, 0xE5, 0xCA, 0xE8, 0x20, 0xF9, 0x5F, 0xB2, 0x1D, 0x10, 0x7B, 0x2B, 0x7E, 0x1A,
    0xD5, 0x5B, 0x54, 0x92, 0x33, 0x95, 0x58, 0x27, 0x56, 0xB5, 0xD2, 0xFD, 0x49, 0x1F, 0x98, 0x99,
    0x5C, 0xAF, 0xB3, 0x31, 0x1B, 0xD7, 0x1C, 0x9B, 0xAE, 0x55, 0x0F, 0x89, 0x03, 0xC1, 0x0E, 0x21,
    0x19, 0x32, 0x0A, 0xCD, 0x2E, 0x56, 0xEC, 0x0C, 0x3D, 0x6C, 0xD9, 0x9E, 0x74, 0xB6, 0xC9, 0xF6,
    0x2D, 0x94, 0x9C, 0xA0, 0xE9, 0xCB, 0x50, 0xE5, 0x40, 0x2A, 0xCA, 0x44, 0xC5, 0x08, 0x89, 0x03,
    0xDE, 0x36, 0x14, 0x3C, 0x3E, 0x01, 0xC9, 0xF4, 0x43, 0x11, 0x6F, 0xC9, 0xA6, 0x7F, 0x61, 0x4A,
    0xC9, 0x4B, 0xB6, 0x33, 0x1C, 0x32, 0xE3, 0xA0, 0x44, 0xA5, 0xA8, 0x11, 0x79, 0xE3, 0x92, 0xFF,
    0x31, 0x2E, 0xFB, 0x77, 0xE3, 0x8A, 0x5F, 0x1A, 0x57, 0x66, 0x66, 0xAE, 0x45, 0x43, 0x66, 0xDE,
    0xDA, 0xCC, 0xFC, 0xCE, 0x64, 0xC6, 0x6B, 0x51, 0x9B, 0x99, 0x1D, 0x7D, 0x45, 0xDF, 0xC7, 0x17,
    0x28, 0x51, 0x41, 0xB5, 0x35, 0xA4, 0x50, 0x48, 0x3D, 0xDF, 0x07, 0x7A, 0x1C, 0x6F, 0xD7, 0x38,
    0x4F, 0x7C, 0x94, 0xE4, 0x0C, 0x52, 0x11, 0x60, 0x15, 0x0C, 0xA2, 0x09, 0x52, 0x33, 0xD8, 0xF8,
    0x9E, 0xE2, 0x3E, 0xEB, 0x47, 0x8E, 0x3B, 0x51, 0x27, 0xAA, 0x44, 0xAA, 0x17, 0xBF, 0x59, 0xAE,
    0x6C, 0x06, 0x27, 0x05, 0xF6, 0xA8, 0x51, 0x9E, 0xC7, 0xEA, 0x80, 0x8E, 0x58, 0x13, 0x03, 0x31,
    0x13, 0xD3, 0x32, 0x05, 0xD7, 0x8C, 0x44, 0x2B, 0xD8, 0x02, 0x77, 0xDB, 0x3E, 0xBD, 0xDB, 0xEA,
    0xEC, 0x6E, 0x6B, 0x8A, 0xBB, 0x5B, 0xAB, 0xBA, 0x61, 0x2E, 0x57, 0xC3, 0xB0, 0x5A, 0x0D, 0xAB,
    0xF5, 0x6A, 0xA8, 0xA6, 0xD5, 0xA0, 0xEC, 0x6A, 0x28, 0xCC, 0x6A, 0xC8, 0xB4, 0xA8, 0x5F, 0x0D,
    0x09, 0x56, 0x03, 0xDE, 0x89, 0x05, 0x7C, 0x48, 0xDE, 0x7B, 0x8A, 0xFB, 0x8F, 0x0A, 0xAF, 0xF6,
    0x4F, 0xAA, 0x32, 0x85, 0xA9, 0x70, 0x78, 0x52, 0xD7, 0xFB, 0xF8, 0xA8, 0x17, 0x31, 0xCD, 0xE3,
    0xCC, 0xA7, 0x1D, 0xED, 0xE9, 0x47, 0xFF, 0x47, 0xCE, 0x75, 0xB9, 0xCA, 0x19, 0xCE, 0xFB, 0xD6,
    0xBF, 0xAE, 0xF4, 0x0E, 0xB9, 0x8D, 0x5D, 0xCB, 0x74, 0xA6, 0x7B, 0x61, 0x7A, 0x62, 0x3E, 0xED,
    0x7C, 0x5F, 0x69, 0xFA, 0x05, 0x7F, 0xE0, 0x41, 0xA1, 0xBC, 0x43, 0xE2, 0xBD, 0xCE, 0xA7, 0xDC,
    0x2A, 0x8D, 0xB9, 0x04, 0x7E, 0xD2, 0x3C, 0x34, 0x29, 0x21, 0xAA, 0x80, 0x2F, 0xE3, 0x8A, 0xC2,
    0x24, 0x7E, 0x23, 0xFD, 0xB7, 0xDE, 0xDF, 0x51, 0xC8, 0x35, 0x3E, 0x55, 0x61, 0xCE, 0xAB, 0x12,
    0xB4, 0x2A, 0xBE, 0x41, 0xD5, 0x3C, 0xCC, 0x66, 0x11, 0x2C, 0x13, 0x26, 0x60, 0x4A, 0x6D, 0x9C,
    0x52, 0x5B, 0xD3, 0xAB, 0x2E, 0x04, 0x95, 0x98, 0x43, 0xFD, 0x14, 0x82, 0xDD, 0x32, 0x31, 0x97,
    0x11, 0xE9, 0x44, 0x2C, 0x03, 0x71, 0xD0, 0x01, 0x05, 0x41, 0x87, 0xD2, 0x43, 0x30, 0x0B, 0x90,
    0xD8, 0x47, 0x90, 0xFF, 0xEF, 0x7F, 0x3B, 0x94, 0xBB, 0xDF, 0x79, 0x34, 0xB9, 0x2B, 0xFB, 0x55,
    0x32, 0x15, 0x7A, 0x9D, 0xD8, 0x9C, 0xC8, 0x02, 0xC6, 0xE1, 0x14, 0xEB, 0x05, 0x7B, 0xBB, 0xE0,
    0x11, 0x7C, 0x43, 0x14, 0xC6, 0x8B, 0xE1, 0x1F, 0xC5, 0x0D, 0x70, 0x5B, 0xB5, 0xC9, 0xCC, 0x39,
    0x1D, 0xDE, 0x97, 0x74, 0xAE, 0x5A, 0xDC, 0xC9, 0xD1, 0xC6, 0x01, 0xA5, 0x05, 0x94, 0x01, 0xCA,
    0x69, 0xFF, 0x0C, 0xBA, 0x1B, 0xA4, 0xB6, 0x6A, 0xD9, 0xBA, 0xD1, 0xBE, 0x41, 0x32, 0xDF, 0x8A,
    0xFF, 0x8A, 0xA5, 0xBF, 0x0E, 0x1A, 0xCF, 0xA6, 0xF1, 0xD1, 0x31, 0x76, 0x87, 0xC4, 0x3E, 0xA4,
    0x5A, 0x62, 0x34, 0xFD, 0x0B, 0xAB, 0xFC, 0xCE, 0xA6, 0xFE, 0x9F, 0x2D, 0x90, 0x9C, 0xD5, 0x4B,
    0xD6, 0xD8, 0x75, 0xF0, 0xEE, 0x8A, 0xAF, 0x1C, 0xD4, 0x05, 0x00, 0xC0, 0x70, 0x0E, 0x5B, 0x2F,
    0x0C, 0x40, 0x75, 0x0E, 0xFE, 0x8E, 0xF0, 0xE1, 0x85, 0xD3, 0x2C, 0xBD, 0x67, 0x32, 0x9D, 0x20,
    0xB5, 0x31, 0x97, 0x76, 0xF4, 0x58, 0xB1, 0x82, 0x1F, 0x44, 0xE3, 0x7B, 0x62, 0x92, 0x64, 0xE2,
    0x04, 0xA8, 0x89, 0xE6, 0x14, 0x75, 0xCC, 0x15, 0xBB, 0xE8, 0xD1, 0x01, 0x38, 0xA7, 0x8D, 0x7F,
    0x2B, 0xF2, 0x3D, 0x27, 0x97, 0xBA, 0xB0, 0x3E, 0x95, 0x1E, 0xC4, 0x34, 0x8F, 0x33, 0x9F, 0x76,
    0x1C, 0x79, 0x15, 0xDE, 0x73, 0xE9, 0x45, 0xD7, 0x92, 0xF7, 0x05, 0x0B, 0x00, 0xCC, 0x22, 0x87,
    0xC6, 0xEF, 0x05, 0x2C, 0x9A, 0x99, 0x4F, 0xBB, 0x72, 0x2C, 0x75, 0xEE, 0x7D, 0xF0, 0x7F, 0x89,
    0x6A, 0x12, 0xF8, 0x1D, 0x5E, 0xA6, 0x53, 0xD5, 0xBE, 0xE4, 0x60, 0xF4, 0x25, 0x27, 0xEC, 0xF6,
    0x28, 0x04, 0x8D, 0x8F, 0x18, 0x43, 0x32, 0xE0, 0xC8, 0x24, 0x78, 0xD0, 0x77, 0x1F, 0x85, 0xF1,
    0x38, 0xDE, 0x2B, 0xBC, 0xB7, 0x65, 0x9F, 0xD8, 0x06, 0xA7, 0xE2, 0x31, 0xE6, 0xD1, 0x86, 0xA3,
    0x08, 0xCC, 0x89, 0x4D, 0x6D, 0x62, 0x33, 0x23, 0xC7, 0x75, 0x62, 0xBD, 0xE4, 0xEF, 0xC4, 0xEE,
    0x92, 0x45, 0x97, 0x6B, 0x8C, 0x67, 0x92, 0xE9, 0xDD, 0x02, 0x26, 0xF7, 0x01, 0x5C, 0x35, 0xBE,
    0xD2, 0x08, 0x92, 0x22, 0x53, 0x31, 0x1D, 0xF5, 0x8F, 0xBE, 0x55, 0xBF, 0xF6, 0x56, 0xBD, 0x4D,
    0x67, 0x65, 0x30, 0xB0, 0xD9, 0x8D, 0x6A, 0x2E, 0x15, 0x70, 0xA2, 0x9A, 0x8A, 0x37, 0x7F, 0x02,
    0xB7, 0xD4, 0xC4, 0x91, 0x14, 0x4F, 0xD8, 0xEE, 0xEB, 0xF2, 0x8F, 0xB1, 0x6C, 0xD7, 0x18, 0xC5,
    0x9E, 0xF6, 0x62, 0xFD, 0x69, 0x2F, 0x16, 0x9F, 0xC3, 0xD3, 0x5E, 0xAC, 0x7D, 0xBF, 0x17, 0xE3,
    0xAB, 0x11, 0xA7, 0xA4, 0xD5, 0x98, 0xCF, 0x15, 0xF0, 0x57, 0xC1, 0x2E, 0xBE, 0x61, 0x15, 0xFE,
    0xEF, 0x11, 0xEC, 0xF8, 0x56, 0x80, 0xC4, 0xB1, 0xBA, 0xA9, 0x0E, 0x18, 0x1A, 0xB1, 0x2F, 0xC4,
    0x2F, 0xCC, 0x64, 0x17, 0x23, 0xA0, 0xEC, 0x5E, 0xDC, 0xC7, 0x71, 0x39, 0xC7, 0x20, 0xE4, 0x1F,
    0x2D, 0xD6, 0x91, 0xA3, 0xCE, 0x3C, 0x2B, 0x57, 0x8D, 0xBF, 0x9F, 0xB5, 0xF3, 0x51, 0xB7, 0x38,
    0xDE, 0xD8, 0xC1, 0x53, 0x40, 0x77, 0x25, 0xAD, 0x83, 0xB6, 0x7E, 0x16, 0x19, 0xD6, 0x2F, 0x22,
    0x6C, 0x79, 0x0E, 0xBE, 0x27, 0xAC, 0x20, 0x99, 0x53, 0x39, 0x36, 0xA4, 0xA6, 0xE4, 0xCB, 0x2B,
    0xA1, 0x05, 0x85, 0x60, 0x50, 0xAD, 0xE4, 0x7A, 0x88, 0xDD, 0x2C, 0xE8, 0x5F, 0xF2, 0x24, 0x8F,
    0x60, 0xB3, 0x5B, 0x3A, 0x37, 0x97, 0x1B, 0x39, 0x96, 0x5A, 0x41, 0x32, 0x9D, 0x20, 0x1C, 0x63,
    0xEE, 0xC6, 0x6B, 0x7A, 0x5C, 0xF6, 0x1F, 0xF5, 0x1F, 0xA9, 0x53, 0x06, 0xB7, 0x9F, 0xF4, 0x1F,
    0x75, 0xC1, 0xD7, 0x27, 0x57, 0x19, 0xC0, 0x23, 0xF6, 0xBC, 0x53, 0x6C, 0xA0, 0x57, 0xA2, 0x52,
    0xF4, 0x7B, 0xD7, 0x7D, 0xD9, 0x78, 0x6F, 0xF9, 0x38, 0x3F, 0xBF, 0x7C, 0xCC, 0xED, 0xD9, 0x06,
    0x82, 0xDF, 0x65, 0x90, 0xBE, 0x0C, 0xF4, 0x51, 0x02, 0xF7, 0x75, 0x76, 0x95, 0xA1, 0x7F, 0x74,
    0x95, 0x41, 0x42, 0x05, 0x5C, 0xB4, 0xCA, 0x60, 0xC2, 0x2A, 0x43, 0x7E, 0xBC, 0xCA, 0x70, 0x78,
    0x77, 0x19, 0xF7, 0xEF, 0x2E, 0xAB, 0xA3, 0x77, 0x17, 0xF6, 0x18, 0x54, 0x7C, 0x77, 0xE9, 0xBA,
    0x38, 0x3F, 0x51, 0xB5, 0xE9, 0xC9, 0xBB, 0xCB, 0xB9, 0x66, 0xE2, 0x29, 0x17, 0x74, 0x59, 0xB4,
    0xFB, 0xBA, 0x4A, 0xCF, 0xC0, 0x7A, 0xDC, 0x83, 0x85, 0xBA, 0x00, 0x1B, 0x29, 0xE1, 0x1E, 0x4C,
    0x7E, 0x0A, 0xBC, 0xF7, 0x6D, 0xC0, 0x83, 0x26, 0x5B, 0x5E, 0x0F, 0x71, 0x71, 0xD0, 0x4B, 0x3E,
    0x02, 0xA0, 0x9A, 0x57, 0x3B, 0xDA, 0x9A, 0xE6, 0x75, 0x7E, 0xFC, 0x21, 0x40, 0x1D, 0xD5, 0x9C,
    0x11, 0xDD, 0x6E, 0x62, 0x73, 0xEF, 0xA0, 0xBC, 0x15, 0xF5, 0x9C, 0x83, 0xA2, 0xCE, 0xB6, 0xDD,
    0xD5, 0x5B, 0xDC, 0x78, 0xB1, 0x91, 0x2F, 0x6E, 0x6E, 0x4E, 0x86, 0x88, 0xC9, 0x89, 0x10, 0x94,
    0x46, 0xC5, 0xC6, 0x2C, 0xF1, 0x3D, 0x92, 0x3B, 0x54, 0x68, 0x50, 0x87, 0x67, 0xBF, 0x0B, 0x0F,
    0xFF, 0x10, 0x9E, 0x6F, 0x87, 0x42, 0x38, 0x8B, 0x5D, 0x23, 0xAE, 0x99, 0x69, 0xC4, 0x31, 0xB5,
    0x4D, 0x66, 0x90, 0x4C, 0x8D, 0x38, 0x63, 0x6E, 0x0A, 0x0D, 0xB8, 0x46, 0xF5, 0x60, 0x31, 0x11,
    0xC9, 0x23, 0x3A, 0xDA, 0xEC, 0xED, 0x33, 0xA1, 0x0D, 0x71, 0xA6, 0x18, 0x33, 0xC4, 0x8F, 0x67,
    0x6C, 0xF8, 0x67, 0xEB, 0x40, 0x00, 0x48, 0x1E, 0x64, 0x8D, 0x21, 0xB1, 0x15, 0x86, 0xD0, 0xE1,
    0x64, 0x46, 0xB5, 0x43, 0x36, 0x16, 0x7A, 0xE0, 0xC0, 0x73, 0xE0, 0xCC, 0xD2, 0xA0, 0xDA, 0xC4,
    0xFB, 0x1D, 0x02, 0x42, 0x92, 0x19, 0x5A, 0xE9, 0xA1, 0xD0, 0xAA, 0x1F, 0xF2, 0xB1, 0x14, 0x0F,
    0x23, 0x01, 0xE4, 0x82, 0x24, 0xCA, 0x6E, 0x25, 0xF1, 0x76, 0x00, 0xF0, 0xA3, 0x73, 0x78, 0x86,
    0xB5, 0x77, 0x64, 0xE6, 0x3C, 0x3E, 0x75, 0x4A, 0x6C, 0x1B, 0xA7, 0xC4, 0x52, 0x3F, 0xB3, 0x8D,
    0x3D, 0xD1, 0x00, 0x38, 0x41, 0x3A, 0x09, 0x32, 0x2B, 0xC8, 0x47, 0x81, 0xD2, 0x82, 0xB2, 0x17,
    0x34, 0x10, 0xD4, 0xC4, 0x40, 0xCC, 0x82, 0xFD, 0x67, 0x99, 0x63, 0x84, 0x24, 0x05, 0x70, 0xD1,
    0x24, 0x1A, 0x57, 0x84, 0xEA, 0x97, 0x50, 0xB9, 0x11, 0xA4, 0xBE, 0x1D, 0xC4, 0xA9, 0x05, 0xA0,
    0xCE, 0x62, 0x40, 0x66, 0xE8, 0x40, 0x77, 0x89, 0x23, 0x72, 0xBC, 0xD7, 0xBC, 0xCB, 0x72, 0xAE,
    0x9E, 0xE2, 0x3E, 0x4F, 0xC9, 0x4B, 0x11, 0x0D, 0xD1, 0xAE, 0x14, 0x5F, 0x35, 0x0F, 0xFB, 0x1E,
    0xF4, 0xBE, 0xFE, 0x72, 0x69, 0xCD, 0xAB, 0x56, 0xD0, 0x40, 0xD0, 0x11, 0x4E, 0xC0, 0xD5, 0xB2,
    0x32, 0xB3, 0x84, 0x11, 0x14, 0x5A, 0xA0, 0x08, 0x4E, 0x81, 0xFB, 0x3B, 0x44, 0x30, 0x19, 0x33,
    0x8A, 0x71, 0x31, 0x4E, 0x6D, 0x0C, 0xC0, 0x50, 0x4B, 0xD0, 0xC6, 0x0A, 0x0A, 0x5B, 0x33, 0x29,
    0x70, 0x02, 0xB1, 0xAB, 0xBF, 0xCA, 0x8C, 0x40, 0x69, 0x41, 0xD9, 0x0A, 0x6A, 0x46, 0x9E, 0x23,
    0x24, 0x49, 0x54, 0x84, 0xEA, 0x05, 0x85, 0xD8, 0x81, 0x1E, 0x48, 0xAC, 0x00, 0xBE, 0xA5, 0x7D,
    0xEB, 0xBD, 0x9C, 0x4E, 0xB0, 0x9F, 0xE0, 0x25, 0xF2, 0x51, 0xA0, 0xB4, 0xA0, 0xEC, 0x97, 0xCF,
    0x69, 0x6A, 0xE2, 0x96, 0x70, 0x82, 0x64, 0x12, 0xF8, 0x91, 0x30, 0x4B, 0x12, 0x8E, 0xE8, 0xA2,
    0x71, 0x74, 0x53, 0x3D, 0xA1, 0x97, 0xA0, 0x99, 0x17, 0x60, 0xBB, 0xF5, 0xC8, 0xAC, 0xA0, 0xD0,
    0x8B, 0x49, 0x75, 0xF0, 0x9D, 0x05, 0xA9, 0x15, 0x78, 0x1D, 0xC1, 0x64, 0xCC, 0xC0, 0x70, 0x26,
    0x7C, 0x31, 0x0B, 0xD2, 0xF9, 0xD3, 0xD7, 0x15, 0x03, 0x3E, 0xCA, 0xCD, 0x6B, 0xC1, 0x23, 0xB3,
    0x24, 0x97, 0xCD, 0xB5, 0x44, 0x7C, 0xD0, 0xD8, 0x6B, 0xE2, 0xB1, 0x39, 0x99, 0xCA, 0x4F, 0x0B,
    0x80, 0x0B, 0xC1, 0x42, 0x47, 0x30, 0xF9, 0x71, 0x58, 0xA1, 0xF2, 0x76, 0x01, 0x70, 0x06, 0x17,
    0x2F, 0x38, 0x2C, 0xF8, 0xF4, 0xAF, 0x0F, 0xA8, 0x7B, 0x5F, 0x1F, 0xD4, 0x47, 0x6F, 0x7D, 0x06,
    0xD5, 0x0E, 0x48, 0xED, 0x7D, 0x7D, 0xF7, 0x39, 0xD1, 0x10, 0xD7, 0x9C, 0x88, 0x76, 0xAE, 0x0A,
    0xEB, 0xF0, 0x1A, 0xB9, 0xCD, 0x0D, 0x94, 0xCE, 0xA6, 0xFD, 0xF2, 0x5C, 0xC3, 0x4B, 0xBD, 0x8D,
    0xAB, 0xEA, 0xD5, 0x37, 0x13, 0x17, 0xE3, 0x0D, 0x3F, 0x2F, 0xD0, 0x40, 0xF6, 0x6E, 0x31, 0xFE,
    0x96, 0xE8, 0x2E, 0x07, 0x87, 0x7B, 0x71, 0x78, 0x37, 0x57, 0xC0, 0xA4, 0xDA, 0x54, 0x8A, 0xC3,
    0xC5, 0x92, 0x5C, 0x58, 0x68, 0x49, 0xB5, 0xE1, 0xDD, 0x6A, 0xFE, 0x91, 0x18, 0xAF, 0xF6, 0x13,
    0xD9, 0xF5, 0x0C, 0x94, 0x87, 0x17, 0xD8, 0x47, 0xA7, 0x6C, 0x4F, 0x8A, 0x94, 0xC5, 0x22, 0x59,
    0x16, 0x69, 0xDE, 0x17, 0xE9, 0xE6, 0xB4, 0x48, 0x56, 0xBC, 0x7E, 0x33, 0xC6, 0x22, 0x25, 0xA1,
    0x48, 0x3B, 0xEE, 0x78, 0x1F, 0xF0, 0xB9, 0x8A, 0xA4, 0xBC, 0x37, 0xD4, 0xB9, 0x22, 0x49, 0x69,
    0x32, 0x09, 0x88, 0xDC, 0x84, 0xD2, 0xA4, 0x13, 0xAA, 0x16, 0x8E, 0x05, 0xB9, 0x61, 0x41, 0x9A,
    0x74, 0x29, 0x48, 0xF1, 0x1B, 0x7D, 0xBF, 0x20, 0x48, 0x3D, 0xE2, 0x4D, 0x53, 0xBF, 0x62, 0x13,
    0xF8, 0x67, 0x16, 0xA8, 0x93, 0x79, 0xDF, 0xE5, 0x25, 0x53, 0xFC, 0x50, 0xA2, 0x2D, 0xB4, 0x44,
    0x2E, 0x7B, 0xE4, 0xBE, 0x89, 0x3E, 0xA8, 0xCE, 0x81, 0x73, 0xC0, 0xE0, 0x24, 0xF0, 0xBE, 0x5A,
    0xC3, 0xA3, 0x18, 0xE6, 0x81, 0xC3, 0x44, 0x30, 0x1A, 0x87, 0x7D, 0xB1, 0xA0, 0x0C, 0xF7, 0x26,
    0x41, 0xCD, 0x63, 0x4E, 0x72, 0x39, 0x1F, 0x0C, 0x4E, 0x08, 0xEF, 0x7D, 0x1B, 0x36, 0x4A, 0xB7,
    0xC0, 0x56, 0xF3, 0x0A, 0xCF, 0x42, 0x9C, 0x3A, 0x3C, 0x88, 0xFA, 0x14, 0x0D, 0x51, 0xB5, 0x02,
    0x65, 0x92, 0x3B, 0x64, 0xDE, 0x73, 0xFA, 0x64, 0x77, 0xE9, 0x03, 0xBA, 0xB1, 0x0B, 0xD2, 0xB3,
    0x18, 0x44, 0x78, 0x10, 0x6B, 0xE2, 0x06, 0x2C, 0x56, 0xFB, 0x22, 0xAE, 0xEA, 0xA6, 0xFE, 0xEF,
    0x1E, 0x0C, 0xE7, 0x35, 0xF1, 0x09, 0x5F, 0x87, 0xA4, 0xE6, 0xA0, 0x4A, 0x54, 0xFE, 0xDC, 0x34,
    0xEA, 0xDF, 0xFE, 0x35, 0x7E, 0x1D, 0xE2, 0xB7, 0x90, 0x63, 0xEF, 0x09, 0x38, 0xD1, 0x7B, 0xB3,
    0xE1, 0xC5, 0xD7, 0x07, 0xD5, 0xC5, 0x37, 0xB6, 0xF9, 0x9B, 0x1F, 0xBF, 0x9B, 0x15, 0x97, 0x63,
    0x07, 0x21, 0x59, 0xF4, 0xE1, 0x11, 0xFF, 0xF6, 0x30, 0xE2, 0x9F, 0x2E, 0x1C, 0xF1, 0x1F, 0xF4,
    0xE8, 0x47, 0x0D, 0xD5, 0x04, 0xE7, 0x3D, 0x76, 0x61, 0xE5, 0xA9, 0x18, 0x8F, 0x5E, 0x78, 0xED,
    0xA5, 0x7A, 0xCA, 0x1F, 0x60, 0xE0, 0x8F, 0xF0, 0x25, 0xB0, 0xC6, 0x1A, 0xA8, 0x31, 0x03, 0x25,
    0x2C, 0x50, 0xF8, 0xF1, 0xF0, 0xC1, 0x55, 0xDC, 0x9E, 0xE3, 0x13, 0xDA, 0xFB, 0x97, 0x96, 0x9C,
    0xBF, 0x34, 0x6E, 0x4F, 0xB3, 0x9E, 0x7D, 0xFA, 0x09, 0xFB, 0xF5, 0xB4, 0xC4, 0xBD, 0xF0, 0x17,
    0x01, 0xCF, 0xF1, 0xB9, 0x7C, 0x82, 0xEF, 0xF3, 0xA8, 0x58, 0xE6, 0xBA, 0x04, 0xB2, 0x91, 0xAF,
    0x56, 0xDE, 0x09, 0x2A, 0x83, 0xFB, 0xDB, 0xD3, 0x7C, 0x3B, 0x12, 0x0A, 0xB3, 0x53, 0x36, 0x22,
    0x24, 0x81, 0x67, 0xAE, 0x97, 0xCC, 0xD4, 0x40, 0x61, 0x37, 0xED, 0x1E, 0x4C, 0x7E, 0x96, 0xDA,
    0x10, 0xFA, 0x09, 0x19, 0x91, 0xFF, 0x93, 0x06, 0x0A, 0x42, 0xFD, 0x98, 0x28, 0x04, 0x25, 0x51,
    0x13, 0x2B, 0x62, 0x4D, 0x0C, 0x85, 0xC4, 0x9F, 0x89, 0x49, 0x92, 0xA9, 0x15, 0x88, 0x7F, 0x44,
    0xAE, 0x25, 0x59, 0x10, 0xAA, 0x17, 0x94, 0xAD, 0xA0, 0x8A, 0x9F, 0x30, 0xFB, 0xA9, 0x26, 0x92,
    0x5D, 0xB2, 0x6D, 0x95, 0xFF, 0x95, 0x37, 0x55, 0xEA, 0xBF, 0xB6, 0x2F, 0xE1, 0xF0, 0xB3, 0xEF,
    0x09, 0x5E, 0x02, 0x6F, 0x22, 0x52, 0xEF, 0xBD, 0x2B, 0x89, 0xA6, 0x7D, 0x83, 0x30, 0x7D, 0x8A,
    0x61, 0x0F, 0x87, 0x2F, 0x07, 0xEC, 0xF0, 0xA6, 0xCE, 0x7F, 0xFA, 0x8D, 0xAD, 0x7C, 0xE1, 0xC7,
    0x7C, 0x4E, 0x76, 0x40, 0x9F, 0xB6, 0xFC, 0xA7, 0x0C, 0x97, 0x63, 0x55, 0xCB, 0x99, 0x60, 0x94,
    0xD3, 0xE7, 0xF9, 0x4D, 0x66, 0x9F, 0x22, 0x1F, 0xF7, 0x63, 0x9C, 0x93, 0x8F, 0xD8, 0xAF, 0xBC,
    0x56, 0x84, 0x6A, 0x3F, 0x22, 0x33, 0xC8, 0xA7, 0x9C, 0x03, 0x8F, 0x30, 0x04, 0x41, 0x83, 0x4A,
    0xB2, 0x0E, 0x9F, 0xA0, 0xA9, 0x9E, 0xD0, 0x11, 0x27, 0x33, 0x96, 0xF5, 0x83, 0x93, 0x95, 0x3D,
    0xEF, 0xCF, 0x78, 0x66, 0xB2, 0x72, 0x13, 0x66, 0x23, 0xDA, 0x72, 0x2C, 0xD9, 0x87, 0x4E, 0xBF,
    0x0F, 0xB8, 0x78, 0x85, 0x2B, 0x51, 0xCD, 0xCB, 0xA6, 0x8E, 0x3E, 0xB4, 0x70, 0x15, 0x38, 0x59,
    0xF9, 0xC2, 0x64, 0xE2, 0x87, 0x57, 0x73, 0x7C, 0xD3, 0x6C, 0xFE, 0xDA, 0x45, 0x30, 0xC9, 0xED,
    0x99, 0x7B, 0x81, 0xB3, 0x57, 0xF5, 0xF4, 0x6D, 0x3F, 0x66, 0xF1, 0x4A, 0x5D, 0x39, 0xEE, 0x11,
    0x92, 0xF7, 0xB6, 0x67, 0x98, 0x67, 0xCA, 0x4C, 0x23, 0x71, 0x36, 0x2D, 0xC5, 0xFD, 0xE3, 0xED,
    0x1A, 0x5F, 0x5F, 0xF1, 0xD1, 0xA7, 0x10, 0xB7, 0xCF, 0xF1, 0xFB, 0x0E, 0xE5, 0xEF, 0x40, 0x71,
    0xBB, 0xF6, 0x17, 0x5A, 0xE7, 0x7F, 0xD7, 0xFA, 0xF4, 0x65, 0x2A, 0xB4, 0x44, 0x33, 0xBB, 0x20,
    0xEE, 0x5F, 0xBB, 0x5C, 0x17, 0x74, 0x8E, 0xCF, 0xF0, 0xC3, 0x8C, 0xC7, 0x6A, 0xFB, 0x0A, 0x9F,
    0x82, 0xFD, 0x7F, 0x5D, 0x05, 0x62, 0xB4, 0x88, 0xB8, 0x3D, 0xF3, 0xCF, 0x3D, 0xCF, 0x5F, 0xD0,
    0x73, 0xAF, 0x1D, 0x9E, 0x7F, 0xA6, 0x9F, 0xBD, 0xAE, 0x1E, 0xBF, 0xAA, 0x67, 0xAD, 0xB0, 0xB0,
    0xA5, 0xE3, 0xCF, 0xC4, 0x6E, 0x74, 0x62, 0xF2, 0x0F, 0x16, 0x50, 0xD9, 0x08, 0x7C, 0x45, 0x97,
    0x3F, 0xC9, 0x9F, 0xBB, 0xEA, 0x2E, 0xBF, 0xBE, 0x67, 0xAC, 0xC4, 0xB9, 0xD0, 0xC9, 0x5D, 0x39,
    0x52, 0xDC, 0xC7, 0xD1, 0xF6, 0x94, 0x3F, 0x79, 0x79, 0xAC, 0x27, 0xBF, 0xC6, 0x67, 0x80, 0x17,
    0x3C, 0xB7, 0xCF, 0xF0, 0x1B, 0x90, 0x0B, 0xAE, 0xEA, 0x49, 0xBE, 0xD3, 0xFB, 0x3F, 0xCD, 0x9A,
    0x21, 0x90, 0xE3, 0xC8, 0x15, 0x86, 0x3F, 0x49, 0x57, 0xA7, 0xBB, 0x13, 0x68, 0x12, 0x76, 0xA9,
    0x68, 0x61, 0xC0, 0xE5, 0x9A, 0x04, 0xCE, 0x58, 0xAA, 0x5B, 0x10, 0x1A, 0x4E, 0x36, 0x9C, 0xCC,
    0x82, 0xB0, 0xD8, 0xE3, 0x0E, 0xC9, 0xC1, 0x1B, 0x8E, 0x86, 0xA3, 0x03, 0x07, 0x16, 0x8C, 0x63,
    0x55, 0x1D, 0x0C, 0xD1, 0x26, 0x20, 0x54, 0x95, 0x84, 0x9F, 0x92, 0x12, 0xD0, 0x56, 0xC9, 0xD3,
    0xD1, 0xEB, 0x92, 0x7B, 0x55, 0xEB, 0x78, 0xD6, 0x95, 0xB1, 0x2D, 0x77, 0x55, 0xFF, 0x63, 0xD9,
    0x6A, 0xF5, 0x7B, 0x5F, 0x3F, 0xF5, 0x6B, 0xA9, 0x87, 0xA8, 0x03, 0x62, 0x91, 0xE4, 0x11, 0x50,
    0x6B, 0x20, 0xBD, 0x01, 0xB4, 0xCA, 0x61, 0xA6, 0x0C, 0x5C, 0x27, 0x05, 0x3C, 0xC4, 0x25, 0x74,
    0x51, 0x05, 0x6D, 0x54, 0x13, 0xD4, 0x41, 0x43, 0x54, 0xD3, 0x12, 0x55, 0x74, 0xC4, 0xD6, 0x76,
    0x24, 0xD6, 0x3E, 0xA2, 0x0C, 0x19, 0x69, 0x8E, 0x46, 0x43, 0x9A, 0x67, 0xA0, 0xCC, 0x0C, 0x54,
    0xB1, 0x82, 0xA4, 0xEC, 0x20, 0xAE, 0xC0, 0x97, 0xA0, 0x01, 0xA2, 0xD6, 0xC9, 0xF6, 0x70, 0xFD,
    0x2F, 0xE4, 0x52, 0x90, 0x19, 0x5D, 0x70, 0x4D, 0x5C, 0xF2, 0x09, 0xD2, 0xAF, 0xF4, 0xE7, 0x24,
    0x58, 0xDB, 0x9A, 0xD4, 0xF6, 0x92, 0xE5, 0x51, 0xCD, 0x8A, 0x5E, 0x3A, 0x2F, 0x2B, 0x12, 0xF9,
    0xE1, 0x56, 0x4E, 0xA9, 0x2D, 0xA1, 0x35, 0x4B, 0x46, 0x45, 0x1C, 0x22, 0x2D, 0xB6, 0xA2, 0x8C,
    0xC8, 0x46, 0xC4, 0x02, 0xA4, 0x22, 0xD7, 0x22, 0x73, 0x91, 0xD7, 0x0C, 0x65, 0x02, 0x4C, 0xCB,
    0x0A, 0x58, 0x36, 0x00, 0x22, 0x81, 0xF3, 0xBE, 0x04, 0xC2, 0x1C, 0x5F, 0x4E, 0x0C, 0x2C, 0x76,
    0x78, 0x1C, 0xAD, 0x1C, 0x98, 0x09, 0x88, 0x39, 0xA8, 0xC7, 0x5F, 0x83, 0xBE, 0xC9, 0x61, 0x21,
    0x4E, 0x37, 0x61, 0x0D, 0x77, 0xDC, 0x01, 0x4C, 0x08, 0x0C, 0xF0, 0xA3, 0xB7, 0x10, 0x69, 0x07,
    0x6C, 0xFA, 0x6F, 0x25, 0x2C, 0xFF, 0x63, 0xA0, 0xED, 0x04, 0xC8, 0x0C, 0x92, 0x22, 0xCD, 0x89,
    0xF9, 0xF4, 0x3C, 0x24, 0xE7, 0x22, 0x33, 0x11, 0xED, 0x63, 0x30, 0xFA, 0xB1, 0x83, 0xE0, 0xBB,
    0x47, 0x2E, 0x94, 0xE4, 0xD7, 0x30, 0x36, 0x37, 0x2E, 0x80, 0xF0, 0x1F, 0x1B, 0xE0, 0xEF, 0x16,
    0x50, 0xDF, 0x15, 0x90, 0x49, 0x6F, 0x0F, 0x41, 0x03, 0xAF, 0xF9, 0x1D, 0xBE, 0x88, 0xA5, 0x39,
    0x08, 0xAB, 0xA8, 0x0D, 0x3B, 0x89, 0xDA, 0x05, 0xE4, 0x38, 0x02, 0xD9, 0x20, 0x5F, 0x5A, 0x4B,
    0x60, 0x7B, 0x89, 0x1A, 0x32, 0x92, 0x92, 0x0C, 0x55, 0x0C, 0x22, 0x87, 0x6B, 0xA2, 0x26, 0xFE,
    0x49, 0x4E, 0x51, 0x35, 0xBA, 0x8D, 0x6B, 0x88, 0x2D, 0x22, 0x06, 0x10, 0xD7, 0x49, 0x05, 0xCE,
    0x95, 0x84, 0xE3, 0xCF, 0x2E, 0x11, 0x62, 0xD6, 0x00, 0x59, 0x07, 0x30, 0x1F, 0xDF, 0xC5, 0xFA,
    0x6D, 0x01, 0xCB, 0x9A, 0x49, 0xC2, 0x31, 0xCB, 0x5F, 0x80, 0x6D, 0x7E, 0x20, 0x78, 0x6B, 0x6B,
    0x30, 0xA9, 0x19, 0x11, 0x12, 0x2E, 0x42, 0xA3, 0x80, 0x56, 0x3A, 0xBA, 0xE7, 0x7E, 0x5A, 0x88,
    0x61, 0x1B, 0x08, 0x83, 0x97, 0x06, 0x95, 0xD8, 0x9C, 0x4F, 0x58, 0x31, 0x14, 0x5D, 0x0A, 0xA1,
    0x06, 0x42, 0x81, 0x18, 0x97, 0x1A, 0x62, 0xE2, 0x93, 0xF3, 0x1B, 0x30, 0x5D, 0xEC, 0x5D, 0xBB,
    0x37, 0xAF, 0x0A, 0xB0, 0x21, 0xEA, 0x36, 0xE3, 0xA8, 0xDB, 0xA1, 0x36, 0x41, 0xFE, 0x1D, 0x7E,
    0x11, 0xD1, 0x7E, 0x06, 0x7F, 0x10, 0xA9, 0x21, 0x28, 0xEF, 0xBE, 0x87, 0x3A, 0xA8, 0x61, 0x25,
    0xAC, 0x32, 0x6B, 0x20, 0xDE, 0x70, 0x11, 0xB0, 0xDF, 0x88, 0xB4, 0x40, 0xE8, 0xB3, 0x73, 0x62,
    0x40, 0xC5, 0x91, 0x41, 0x19, 0x95, 0x13, 0x55, 0x19, 0x04, 0xB6, 0x03, 0x6E, 0xAA, 0x33, 0x71,
    0x4E, 0x9D, 0xE4, 0xC8, 0x00, 0x6F, 0xAD, 0x0A, 0x1C, 0xC9, 0xFB, 0xF7, 0x24, 0xAB, 0xCB, 0x22,
    0xF9, 0x83, 0x48, 0xE7, 0x07, 0x5F, 0x8B, 0x48, 0x8F, 0x2A, 0x7A, 0x69, 0x48, 0x26, 0x20, 0xA9,
    0xDA, 0x61, 0x61, 0x38, 0x5E, 0x0E, 0x36, 0x17, 0x0B, 0x71, 0xE9, 0xEF, 0xEE, 0x60, 0x37, 0x12,
    0x77, 0xF9, 0x4D, 0x98, 0x67, 0x4A, 0xEE, 0x77, 0xF8, 0x25, 0x1B, 0x2E, 0x34, 0xCF, 0x7C, 0x41,
    0x94, 0xA3, 0x84, 0x5F, 0x7C, 0x5E, 0x7E, 0x90, 0xCB, 0x50, 0xD6, 0x43, 0x26, 0x76, 0x79, 0x46,
    0xDB, 0xDC, 0xC5, 0xDA, 0x25, 0xE7, 0x99, 0x80, 0x00, 0x54, 0x9E, 0x18, 0xE2, 0x22, 0x15, 0xE7,
    0x6F, 0xB7, 0xD4, 0xB4, 0x6F, 0x39, 0x65, 0xB2, 0xC9, 0x7A, 0x57, 0xA5, 0xCE, 0x80, 0xFD, 0xF5,
    0xF0, 0xF3, 0xC6, 0xE7, 0xB2, 0x2D, 0xC2, 0x5A, 0xD5, 0xAE, 0xBA, 0xCF, 0xBA, 0x25, 0xB4, 0xD6,
    0x24, 0x55, 0x52, 0xA5, 0x79, 0xD0, 0xCC, 0xE0, 0x61, 0x0E, 0x8B, 0x87, 0xBE, 0xAE, 0x7B, 0xEA,
    0xB6, 0xAF, 0x0F, 0x80, 0xD4, 0x39, 0x30, 0x83, 0x17, 0x69, 0x4E, 0xD7, 0x9F, 0x5F, 0xF7, 0xED,
    0x0A, 0xF4, 0x3B, 0x7C, 0x11, 0x3A, 0x49, 0xED, 0xAA, 0x7C, 0x96, 0x6B, 0xA3, 0x3B, 0xE0, 0x0A,
    0x78, 0x33, 0xCC, 0xF4, 0x05, 0x70, 0x62, 0x5F, 0xB3, 0x06, 0xB2, 0x6D, 0xBF, 0xED, 0xB8, 0x5F,
    0x80, 0xE3, 0xF8, 0xBC, 0xC2, 0x44, 0xF6, 0x6D, 0x19, 0xFF, 0xC9, 0x16, 0x21, 0x7E, 0x64, 0x4F,
    0xEF, 0xDB, 0x46, 0xFA, 0xFD, 0x6B, 0x19, 0x7F, 0x2B, 0xFD, 0xDE, 0x02, 0x1C, 0xD7, 0xAF, 0xBD,
    0x2B, 0x1E, 0x55, 0xD7, 0xA0, 0xBB, 0x3B, 0x58, 0x48, 0xB7, 0x6D, 0x2A, 0xF3, 0x76, 0x52, 0x10,
    0x9A, 0xD0, 0x7C, 0xE0, 0xBC, 0x13, 0x66, 0xC0, 0x21, 0xB2, 0xBF, 0xC5, 0x81, 0xCD, 0xF6, 0xD8,
    0xFC, 0x66, 0xB0, 0x39, 0x6B, 0xEF, 0x60, 0xB5, 0x80, 0xA0, 0xD1, 0x10, 0x95, 0xBB, 0x36, 0x0B,
    0x38, 0x47, 0x0E, 0x41, 0x87, 0xB0, 0x43, 0xE0, 0x21, 0xF4, 0x10, 0x7C, 0x08, 0x3F, 0xAC, 0x88,
    0xD0, 0x73, 0xC2, 0x9C, 0x01, 0x22, 0x42, 0x11, 0xC1, 0x88, 0xE3, 0xE8, 0x41, 0xF2, 0x95, 0x37,
    0x37, 0x15, 0x49, 0xDE, 0x3F, 0x5D, 0xFF, 0xC5, 0x02, 0xE9, 0x2B, 0x03, 0xB3, 0xB8, 0x84, 0x36,
    0xAC, 0x3F, 0x7C, 0xA6, 0x51, 0x7D, 0x77, 0x83, 0x18, 0x38, 0x48, 0xF6, 0xB7, 0x38, 0xAC, 0x19,
    0x00, 0x57, 0x63, 0x9B, 0xD9, 0x7D, 0x23, 0xF0, 0xCA, 0x3F, 0x5B, 0xEC, 0xD8, 0x3C, 0xCC, 0xF4,
    0x6B, 0x5B, 0x11, 0xB6, 0x61, 0x4B, 0x5C, 0xB2, 0x90, 0x0B, 0x68, 0x52, 0x48, 0x73, 0xED, 0xC4,
    0xF6, 0xA0, 0x33, 0x11, 0x0D, 0xA0, 0xC7, 0x1D, 0x7D, 0x26, 0x2D, 0x32, 0x69, 0xDB, 0xC9, 0x55,
    0xEA, 0xE1, 0x69, 0x1D, 0xD5, 0x0D, 0x0F, 0x36, 0x5F, 0x3B, 0xFB, 0x54, 0xDD, 0xA0, 0xBB, 0xDF,
    0x4A, 0x20, 0x4A, 0x1C, 0x4A, 0x18, 0xCA, 0x88, 0x9E, 0xE5, 0xFE, 0x23, 0x95, 0xFA, 0x08, 0xFC,
    0x6A, 0x08, 0x81, 0x06, 0x55, 0xDF, 0x93, 0xB5, 0x2E, 0xC8, 0x24, 0xC6, 0xA2, 0xD2, 0xDB, 0x73,
    0xFC, 0xF9, 0xE6, 0xDB, 0xD1, 0x7C, 0xA3, 0x6A, 0xC8, 0x1E, 0xA0, 0xD3, 0x84, 0xE7, 0x64, 0xB0,
    0x1A, 0xE6, 0xA0, 0xDF, 0x0C, 0x73, 0x90, 0xB7, 0xA5, 0x83, 0xCD, 0x92, 0xA8, 0x56, 0xE6, 0xE8,
    0xFE, 0x2B, 0x37, 0xFB, 0xC0, 0xAD, 0x8C, 0xB9, 0x76, 0x63, 0x1E, 0xF8, 0x3E, 0x26, 0xCA, 0x9D,
    0xF2, 0xD7, 0x8D, 0xFB, 0x6A, 0x3C, 0xEE, 0x39, 0x43, 0x39, 0x69, 0x6E, 0xF5, 0x39, 0xCE, 0x85,
    0xE0, 0xFF, 0xCC, 0xAD, 0x62, 0xE3, 0xB1, 0xEA, 0xA1, 0xB9, 0x75, 0x6D, 0x4B, 0xA9, 0xFF, 0x57,
    0x1F, 0x3D, 0x93, 0x4E, 0xEA, 0xA9, 0xEC, 0xDF, 0x1D, 0xCB, 0xCA, 0x55, 0xF7, 0x39, 0x19, 0x8D,
    0xAD, 0x7C, 0x86, 0x63, 0xFA, 0xB4, 0x3F, 0x86, 0xBE, 0xDC, 0x4E, 0x98, 0x51, 0xFB, 0xA9, 0x9B,
    0x30, 0x57, 0xA8, 0x62, 0x77, 0xA1, 0x2B, 0x52, 0x7C, 0x5C, 0x8C, 0x6B, 0x21, 0x6D, 0xFD, 0xCB,
    0xCA, 0x95, 0xBB, 0xB2, 0xEB, 0x63, 0xE8, 0xED, 0xE9, 0x97, 0x31, 0x37, 0x2E, 0x68, 0x8D, 0xEA,
    0x83, 0x56, 0xE3, 0x83, 0x76, 0xFE, 0x00, 0xD7, 0x1D, 0xCC, 0xB6, 0x55, 0x8E, 0xE5, 0x7B, 0xF9,
    0x5D, 0xCE, 0x93, 0xF3, 0xA5, 0x9D, 0xB4, 0xDF, 0x03, 0xF9, 0x80, 0xDD, 0x8C, 0x09, 0x78, 0x3C,
    0x79, 0x2B, 0xC1, 0x51, 0x88, 0x1C, 0x61, 0xD3, 0x62, 0xBA, 0x38, 0xF9, 0x85, 0x48, 0x36, 0xDE,
    0xB9, 0x50, 0xFF, 0x76, 0x13, 0x5F, 0xE9, 0x66, 0xBE, 0xF1, 0xB2, 0x2A, 0x0F, 0x73, 0x18, 0x83,
    0xC3, 0x91, 0x43, 0x50, 0xA0, 0x19, 0x2D, 0xAB, 0xE6, 0x08, 0x2E, 0x84, 0xDB, 0x48, 0xDC, 0x77,
    0xF2, 0xAB, 0x3B, 0xCF, 0xB5, 0x70, 0x6D, 0xDD, 0x55, 0xDC, 0xF5, 0x8E, 0xB0, 0x69, 0x31, 0x01,
    0xC9, 0x63, 0xDA, 0x1C, 0xB6, 0x24, 0xC5, 0x78, 0x59, 0x85, 0x06, 0xE5, 0x6D, 0x1E, 0xC4, 0x7D,
    0x27, 0xBF, 0xBA, 0xF3, 0x5C, 0x0B, 0x69, 0x3B, 0xB6, 0xEA, 0x59, 0x9B, 0x16, 0x53, 0x40, 0xDC,
    0xBF, 0xF2, 0x1A, 0x67, 0x60, 0x09, 0xC2, 0x23, 0xDE, 0xBA, 0xCF, 0xDB, 0x96, 0x98, 0x00, 0xD3,
    0xE6, 0x63, 0x8B, 0xB3, 0xD4, 0x84, 0x26, 0x32, 0x47, 0x44, 0x74, 0xF8, 0xCE, 0xC3, 0xA5, 0x25,
    0x3B, 0x01, 0x73, 0xF2, 0xF8, 0xD9, 0x97, 0x0C, 0x9F, 0xDC, 0x5A, 0x80, 0xBB, 0xA8, 0x00, 0x06,
    0x91, 0x2D, 0xC9, 0x42, 0x16, 0x13, 0xE6, 0xCC, 0xE4, 0xAE, 0x06, 0x9B, 0x1A, 0x08, 0x6B, 0x67,
    0x09, 0x61, 0xAE, 0x01, 0x57, 0xB9, 0xB1, 0xB6, 0xF7, 0x73, 0xD3, 0xFB, 0x5B, 0x3E, 0x8F, 0x4F,
    0xEA, 0xC4, 0xF8, 0x8D, 0x81, 0x0A, 0x08, 0x6A, 0x80, 0xFB, 0x4B, 0xE0, 0x30, 0x07, 0x6E, 0x01,
    0x8D, 0xB4, 0x82, 0x58, 0x38, 0x98, 0x63, 0x72, 0xD8, 0xB7, 0x38, 0x12, 0xC7, 0x5F, 0xEF, 0x78,
    0x3F, 0xF5, 0xE2, 0xE8, 0xB8, 0x9E, 0xEB, 0xBB, 0x3B, 0xB0, 0xD2, 0xE5, 0xFD, 0xD2, 0x00, 0x4C,
    0x3D, 0xE4, 0x7F, 0xFE, 0x26, 0x8F, 0xFA, 0x0E, 0xC3, 0x3F, 0xCA, 0x01, 0xC7, 0x75, 0xF6, 0x69,
    0xEF, 0xA6, 0x9F, 0x12, 0xF7, 0xFB, 0x7B, 0xD4, 0xE9, 0x6F, 0x01, 0x0F, 0xCF, 0xA9, 0xD7, 0x7D,
    0x9D, 0x41, 0x97, 0x41, 0xAB, 0xF3, 0xB0, 0x51, 0x65, 0x52, 0x47, 0xC2, 0x72, 0xF9, 0x6E, 0x6F,
    0x9F, 0xB2, 0xA5, 0x70, 0x68, 0xED, 0x86, 0xBA, 0x20, 0xA9, 0x32, 0xF3, 0x87, 0x4A, 0xD9, 0x7F,
    0xF6, 0x3E, 0xBD, 0xAC, 0x00, 0x3C, 0xA5, 0xCC, 0xB8, 0x8A, 0x7E, 0xF2, 0x29, 0xE2, 0xB4, 0xBE,
    0xDA, 0x12, 0x6C, 0xED, 0xFA, 0x23, 0x2A, 0x21, 0x31, 0x10, 0xE3, 0xCB, 0x11, 0x7D, 0xBE, 0xF2,
    0x09, 0xAA, 0xF1, 0xDB, 0xCA, 0x45, 0x58, 0x13, 0xE6, 0xEE, 0xF3, 0x20, 0x0B, 0x58, 0x57, 0x22,
    0x85, 0x98, 0xCE, 0xB3, 0xE5, 0x5A, 0x44, 0xBC, 0x47, 0xDC, 0x47, 0xFC, 0x47, 0x00, 0xE0, 0x08,
    0x8C, 0x86, 0x3B, 0xF0, 0x7B, 0x33, 0x71, 0xE9, 0x37, 0x58, 0x50, 0x39, 0x9F, 0x8B, 0xB0, 0x95,
    0x96, 0xC8, 0x8A, 0x3C, 0x3A, 0x34, 0x07, 0x4B, 0xE7, 0x45, 0xE8, 0x20, 0x78, 0x10, 0x3E, 0x8C,
    0x00, 0xCD, 0x45, 0x6E, 0x3F, 0xFC, 0xE7, 0x24, 0x21, 0x64, 0x2E, 0x81, 0x50, 0x50, 0x8B, 0x34,
    0x7E, 0x14, 0xAF, 0xD9, 0x12, 0xFA, 0xE2, 0x0C, 0x84, 0x76, 0xFE, 0xE5, 0x28, 0x94, 0xBD, 0x3E,
    0x91, 0x62, 0x42, 0x2E, 0xB6, 0x14, 0xF9, 0x70, 0x73, 0x5A, 0xE5, 0xC4, 0xA7, 0x47, 0x22, 0x69,
    0x06, 0xC9, 0x33, 0xF4, 0x89, 0xC6, 0x31, 0x98, 0x38, 0x4A, 0xC2, 0x77, 0x9F, 0x83, 0xB2, 0x8F,
    0xF0, 0x79, 0xDC, 0x8A, 0xE7, 0x67, 0x60, 0x00, 0xD3, 0x7B, 0x8E, 0x2F, 0x7E, 0xF2, 0xA8, 0x9C,
    0x6C, 0x0F, 0xE1, 0x6C, 0x34, 0xC6, 0xE9, 0x85, 0xCC, 0x6C, 0x45, 0xE3, 0xED, 0x2B, 0x44, 0xAA,
    0x2D, 0x2E, 0x5A, 0x7F, 0x47, 0xFD, 0x92, 0x51, 0xC9, 0x80, 0x4E, 0x1B, 0xC2, 0x46, 0x15, 0xC4,
    0x75, 0x5C, 0xA1, 0x8A, 0xA8, 0x21, 0x35, 0x81, 0xC3, 0xB0, 0x62, 0x05, 0x19, 0x1D, 0xE8, 0x6F,
    0x1A, 0x50, 0x3F, 0x56, 0x10, 0xFF, 0x54, 0x40, 0x64, 0x0D, 0x60, 0x01, 0x56, 0x22, 0x8B, 0xC3,
    0xE5, 0xA3, 0x2B, 0x79, 0x46, 0xC5, 0xED, 0xDC, 0x6B, 0x21, 0xA9, 0x86, 0xD5, 0xCA, 0x4C, 0x5C,
    0x9B, 0x3B, 0x3E, 0xE2, 0x5A, 0x33, 0x3C, 0x42, 0x76, 0x72, 0x85, 0xB9, 0x78, 0x3D, 0x93, 0x0B,
    0x6A, 0xE1, 0xAF, 0x5E, 0x6D, 0x9F, 0x37, 0xE3, 0x0E, 0x88, 0x44, 0xC2, 0xF7, 0x49, 0xA9, 0xDA,
    0x62, 0x4A, 0x44, 0xA4, 0x41, 0x6A, 0xE9, 0xA5, 0x9D, 0x92, 0x0B, 0xF8, 0xC3, 0x47, 0x2F, 0x8B,
    0x73, 0x80, 0x98, 0x09, 0x88, 0xB5, 0xF4, 0xB0, 0x16, 0x10, 0x33, 0x07, 0x02, 0x89, 0x5F, 0x91,
    0x62, 0x80, 0xE5, 0x5F, 0x01, 0xC1, 0xCF, 0xA7, 0x8B, 0xA1, 0xA7, 0x5F, 0x11, 0x4F, 0x1F, 0x3E,
    0xA8, 0xF2, 0x33, 0xC8, 0xDA, 0xAF, 0xE0, 0xF7, 0xCB, 0x0E, 0x5E, 0xC4, 0x15, 0xC0, 0xC4, 0x77,
    0xDE, 0xF0, 0x8E, 0xAA, 0xFA, 0x7E, 0xE7, 0x1D, 0xD5, 0xE4, 0xC0, 0xFE, 0x0B, 0xBD, 0x51, 0x01,
    0x86, 0x03, 0x31, 0x14, 0x7D, 0x33, 0x43, 0x07, 0x41, 0xA0, 0x40, 0x91, 0x3D, 0x41, 0x73, 0x81,
    0x4E, 0x93, 0xBD, 0x57, 0xAB, 0x61, 0x2F, 0x55, 0xD4, 0x4E, 0x8E, 0x90, 0x23, 0xE4, 0x08, 0x41,
    0x30, 0x68, 0x37, 0xFB, 0xFF, 0xA7, 0xA5, 0xBB, 0x76, 0x81, 0xDD, 0xBC, 0xFC, 0x67, 0xFE, 0xFB,
    0xEF, 0xFD, 0x60, 0x5C, 0x6B, 0x2D, 0x0A, 0xB5, 0xC7, 0x41, 0xED, 0xCA, 0x40, 0x50, 0x59, 0x27,
    0x13, 0x5D, 0x3C, 0x45, 0x40, 0x17, 0x9D, 0x4D, 0xB2, 0xD1, 0x79, 0x87, 0x3D, 0x0E, 0xB8, 0x00,
    0x50, 0x0B, 0xAB, 0xEC, 0xB1, 0xA2, 0xEE, 0x80, 0x33, 0x2A, 0xA3, 0x2F, 0xBD, 0x6C, 0x18, 0xCB,
    0x98, 0x35, 0x23, 0x51, 0x96, 0xD3, 0x04, 0x70, 0xB2, 0xEA, 0xAA, 0xCB, 0x3D, 0xCD, 0xB0, 0x81,
    0x77, 0x30, 0xF6, 0x98, 0x70, 0x20, 0x7C, 0xF7, 0x89, 0xEB, 0xE1, 0x9B, 0xEE, 0xBE, 0x31, 0xFE,
    0x58, 0x73, 0x6B, 0x37, 0x2E, 0xE9, 0xFF, 0xB7, 0x1E, 0x6F, 0xFF, 0x55, 0x6E, 0xBC, 0xC1, 0x36,
    0xEF, 0x5A, 0x70, 0x2D, 0xCA, 0x0D, 0xD4, 0x92, 0xE8, 0xFA, 0x6A, 0xC2, 0xFC, 0x76, 0x75, 0x49,
    0x48, 0x5A, 0xB5, 0x00, 0x70, 0xCD, 0x03, 0x17, 0x1D, 0x81, 0x3A, 0x3C, 0xD1, 0x45, 0x45, 0x99,
    0x8E, 0x51, 0x2D, 0xDD, 0x1C, 0x00, 0x53, 0x81, 0xD5, 0x07, 0x80, 0x39, 0x01, 0x92, 0x55, 0x9E,
    0x08, 0x9B, 0x6A, 0x33, 0x4E, 0xB7, 0x76, 0xC5, 0x62, 0xF2, 0x11, 0x65, 0x8C, 0xDB, 0x8E, 0xC8,
    0xC8, 0x97, 0x68, 0x32, 0xC5, 0xA6, 0xD8, 0x4C, 0xCB, 0xA2, 0x0E, 0xDA, 0x6B, 0x6F, 0x60, 0xB1,
    0x95, 0xDF, 0xBA, 0xC6, 0x18, 0xE9, 0xB1, 0x45, 0x85, 0x45, 0x87, 0xAA, 0x5F, 0x8B, 0xE9, 0x8A,
    0xE9, 0x8B, 0x1D, 0xF2, 0x7E, 0x48, 0xD3, 0x90, 0xD6, 0x9D, 0xC7, 0x0A, 0x30, 0xC0, 0x3B, 0xFA,
    0x05, 0x3A, 0xC3, 0x05, 0x9C, 0xC0, 0xD7, 0x05, 0x6A, 0x49, 0xE4, 0x11, 0x1B, 0x56, 0x78, 0x01,
    0x8E, 0xA4, 0x7B, 0xD6, 0x07, 0xD2, 0x1B, 0x35, 0x72, 0x1B, 0xB7, 0x9C, 0xF5, 0x64, 0x60, 0x1B,
    0x9F, 0x03, 0x53, 0xA5, 0xEA, 0x0A, 0xD1, 0x90, 0x88, 0x54, 0x24, 0xD2, 0x9E, 0xC8, 0x52, 0x61,
    0xC7, 0x74, 0x66, 0x2A, 0xF8, 0x7A, 0x0C, 0xD3, 0xF4, 0xB4, 0xA7, 0xFF, 0x75, 0xCF, 0x27, 0x8C,
    0x8F, 0x81, 0x66, 0x33, 0x41, 0x14, 0x85, 0xBF, 0xCC, 0xFC, 0xFE, 0x8B, 0xA1, 0x9B, 0x27, 0x68,
    0xA1, 0x00, 0x04, 0xA0, 0x25, 0xC9, 0x2E, 0x7D, 0xA9, 0xD0, 0xA4, 0xD9, 0x47, 0x0A, 0x82, 0x20,
    0xD1, 0x4B, 0x5F, 0xE0, 0x3E, 0xC2, 0x2A, 0x14, 0x60, 0xE9, 0x22, 0xA5, 0xD9, 0xE9, 0x9D, 0x2A,
    0x50, 0x28, 0x1F, 0xCE, 0x9C, 0x73, 0x8C, 0x7B, 0xE4, 0xC2, 0x2C, 0x37, 0x8B, 0xA4, 0x87, 0x68,
    0x43, 0xE8, 0x86, 0xD7, 0x82, 0x0B, 0x7F, 0xBA, 0xE9, 0x91, 0x17, 0xA8, 0x94, 0x5A, 0x79, 0x54,
    0xDE, 0x35, 0xBE, 0x68, 0x7A, 0xD0, 0xAB, 0xA8, 0xF3, 0xA8, 0x75, 0xFE, 0x74, 0x88, 0x4A, 0xD1,
    0xAD, 0x73, 0x07, 0xCE, 0xFD, 0x05, 0xD7, 0xF3, 0xE4, 0xBE, 0x4D, 0xA3, 0xAD, 0x93, 0xA7, 0x4D,
    0xFA, 0x80, 0x23, 0xB1, 0x23, 0xB5, 0x5C, 0xC3, 0x62, 0x64, 0x9B, 0xF5, 0x24, 0x76, 0x08, 0x9D,
    0xB3, 0x11, 0x9B, 0xE5, 0x56, 0x2E, 0x3C, 0x67, 0x73, 0x76, 0x51, 0x77, 0xD2, 0x52, 0x51, 0xAA,
    0x73, 0x58, 0xC1, 0xC0, 0xA4, 0x27, 0x1A, 0xA2, 0xA4, 0xEF, 0xFF, 0xD7, 0xA2, 0x2B, 0x3F, 0x43,
    0x34, 0x8D, 0xDC, 0xE4, 0x66, 0x2D, 0xE5, 0xFE, 0xA3, 0x74, 0x75, 0x2E, 0x4E, 0xE9, 0x14, 0x53,
    0xF7, 0xBE, 0x2B, 0xDA, 0x51, 0xAC, 0xF8, 0x6F, 0x4A, 0x05, 0x4B, 0x38, 0x23, 0xC6, 0x5F, 0xB6,
    0xFF, 0x1F, 0xD8, 0x0E, 0x9C, 0xF6, 0x4C, 0xF7, 0xF0, 0x8B, 0x3A, 0x77, 0x8E, 0x9C, 0xCB, 0x3F,
    0x9B, 0xA4, 0xB7, 0x51, 0x11, 0xA5, 0x6A, 0x78, 0x22, 0x9C, 0x49, 0xC6, 0x92, 0x9F, 0x45, 0x93,
    0xB1, 0xA9, 0xB2, 0x55, 0xA1, 0x2F, 0x33, 0x82, 0x91, 0x1B, 0xB2, 0x12, 0xFA, 0x7F, 0xF4, 0xCB,
    0xD0, 0x7B, 0x14, 0xC6, 0xE6, 0x6B, 0xC3, 0x35, 0x9C, 0x01, 0xAD, 0xD4, 0x01, 0x87, 0x1D, 0xD7,
    0x1B, 0xC7, 0xF1, 0xEF, 0xDC, 0x43, 0xE6, 0xCF, 0xF0, 0x3F, 0xB0, 0x40, 0x65, 0x4F, 0x5E, 0x40,
    0xB6, 0x03, 0x10, 0xEC, 0xCE, 0x8C, 0x04, 0x10, 0xE8, 0x8B, 0x09, 0x16, 0xF7, 0x66, 0x46, 0x8B,
    0x20, 0x90, 0xBE, 0x93, 0x62, 0x51, 0xEC, 0xEE, 0x3D, 0xED, 0x62, 0x11, 0xE4, 0xB4, 0x45, 0x50,
    0x9A, 0x69, 0x21, 0x08, 0x7A, 0x5A, 0x43, 0x6E, 0x64, 0xEE, 0x9C, 0x3E, 0x8F, 0xEC, 0xEE, 0xEE,
    0x24, 0x2D, 0x68, 0x2F, 0xCF, 0x67, 0xE7, 0x3C, 0xBF, 0x73, 0x9E, 0x7B, 0xC7, 0x8C, 0x25, 0x7F,
    0xD2, 0x51, 0x3C, 0x6D, 0x28, 0x1E, 0x36, 0xB8, 0xD4, 0x64, 0x29, 0x85, 0x3C, 0xD9, 0xC1, 0xBE,
    0xB0, 0xA3, 0xB3, 0xFF, 0xAF, 0xAA, 0xDD, 0xDD, 0x9D, 0x83, 0xDD, 0x5D, 0x96, 0xB7, 0x6F, 0xB3,
    0xDC, 0xDB, 0xE3, 0xF8, 0xEE, 0x5D, 0x8E, 0xF7, 0xF7, 0xE7, 0x75, 0xEF, 0x1E, 0xCB, 0xC3, 0x43,
    0x0E, 0x1E, 0x3D, 0xA2, 0x3A, 0x3A, 0xDA, 0x71, 0xC3, 0x37, 0x95, 0x8D, 0x71, 0x34, 0xC3, 0xDB,
    0x41, 0xE7, 0xF1, 0x7E, 0x22, 0xFB, 0xA3, 0x27, 0xFB, 0xB5, 0x67, 0xF1, 0x5B, 0x0F, 0xB7, 0xD2,
    0x33, 0x68, 0xD3, 0x96, 0x6C, 0xCB, 0xBA, 0x31, 0x11, 0xEB, 0xF3, 0xC0, 0x82, 0xC2, 0xC3, 0x4D,
    0x02, 0xBA, 0x2D, 0x75, 0x28, 0x2C, 0x22, 0x90, 0x0D, 0x02, 0x9B, 0x59, 0xC0, 0xE6, 0x32, 0x30,
    0x51, 0x70, 0x41, 0x28, 0x1B, 0x25, 0xA5, 0xE4, 0x15, 0x6F, 0xB6, 0x32, 0xD2, 0x4C, 0x4A, 0x52,
    0x5E, 0x35, 0x4A, 0x27, 0xBC, 0xF4, 0xC2, 0x4F, 0x41, 0xF8, 0x31, 0x16, 0xBE, 0xFE, 0x21, 0xA5,
    0xB1, 0x0E, 0x82, 0x09, 0xC7, 0xD2, 0x0B, 0x4B, 0xA5, 0x92, 0x20, 0xA5, 0x62, 0x54, 0x24, 0xB0,
    0x4F, 0xA5, 0x57, 0x3C, 0x17, 0x72, 0xC5, 0xBC, 0x11, 0x16, 0xEF, 0x05, 0xD2, 0x15, 0x6B, 0xDF,
    0x4E, 0x40, 0x9B, 0x3C, 0xAC, 0xF2, 0x28, 0x2C, 0x94, 0x6C, 0x10, 0xD8, 0x28, 0x03, 0xBA, 0x2C,
    0x83, 0x04, 0x29, 0xAE, 0xF2, 0x3F, 0xE3, 0x17, 0x6D, 0x3A, 0xEB, 0x69, 0x27, 0xD3, 0xB3, 0xAA,
    0x64, 0xE3, 0xAA, 0x64, 0x64, 0xE5, 0x9A, 0x9A, 0x95, 0xF5, 0xD6, 0xAF, 0xF2, 0x60, 0xE2, 0xCA,
    0xF4, 0xD9, 0xA0, 0xA3, 0x06, 0x99, 0xA2, 0x9C, 0x4A, 0x8F, 0x3A, 0x85, 0x15, 0xF9, 0x24, 0xF7,
    0x84, 0x09, 0xF9, 0x0C, 0xFF, 0x77, 0xD4, 0x49, 0xEF, 0x52, 0x31, 0xDF, 0xBD, 0x79, 0xE0, 0xCD,
    0xF7, 0x3F, 0x3F, 0xF1, 0xE6, 0xEC, 0xFC, 0x89, 0xAF, 0xCF, 0xCE, 0xCE, 0x47, 0x65, 0x34, 0xE7,
    0x5F, 0x9D, 0x7B, 0x73, 0xFE, 0xE5, 0x4B, 0x6F, 0x9E, 0xDF, 0x7F, 0xED, 0xCD, 0x8B, 0xEC, 0x75,
    0x67, 0x5E, 0x65, 0x6F, 0x3B, 0xF3, 0x3B, 0xEF, 0x3B, 0x33, 0x91, 0x3E, 0x50, 0xA7, 0x67, 0x85,
    0xCC, 0xDB, 0x14, 0xFE, 0x80, 0x13, 0xA5, 0x54, 0xAC, 0x50, 0xDA, 0x87, 0xFF, 0x12, 0x6C, 0xA7,
    0x34, 0x42, 0xCB, 0x41, 0x99, 0x46, 0x25, 0x00, 0x59, 0xBC, 0x20, 0x4F, 0xA9, 0x41, 0xB9, 0xD1,
    0x5B, 0x7F, 0x1D, 0xA5, 0xF5, 0x2E, 0x62, 0x83, 0x8B, 0x94, 0x98, 0x48, 0xC5, 0x22, 0x72, 0xA0,
    0xE9, 0x1C, 0x0D, 0x2E, 0xB6, 0xE8, 0x66, 0x3D, 0x76, 0x31, 0xE0, 0xFA, 0xD3, 0xA6, 0x34, 0xA2,
    0xC0, 0x67, 0x13, 0x59, 0x4A, 0xBD, 0x19, 0xF2, 0xC1, 0x7A, 0x46, 0xD7, 0x50, 0xD5, 0xB0, 0x53,
    0x01, 0x2B, 0x74, 0xE7, 0xC8, 0x5A, 0xEA, 0x18, 0xAE, 0x4A, 0xD7, 0xDA, 0xD7, 0x5C, 0xF7, 0xE9,
    0x7E, 0x3D, 0xA7, 0xE7, 0x75, 0x8E, 0xCE, 0xD3, 0xB9, 0x8B, 0x48, 0xDE, 0x0B, 0xD6, 0x0B, 0x35,
    0xC2, 0xA9, 0x90, 0x8D, 0x82, 0x89, 0x42, 0x11, 0x04, 0xD7, 0x09, 0x35, 0xC2, 0x16, 0xF4, 0xF1,
    0x45, 0x25, 0x2E, 0xE2, 0x09, 0x97, 0x81, 0xF3, 0x82, 0x0D, 0xE8, 0xB1, 0xCB, 0x01, 0x4C, 0x4A,
    0xAD, 0x38, 0x2F, 0xD8, 0x5E, 0x30, 0xF1, 0xFA, 0x25, 0x80, 0x15, 0x7C, 0xCA, 0x2D, 0xA5, 0x15,
    0xDA, 0x8D, 0xB0, 0xEE, 0x20, 0xDF, 0xEA, 0x6A, 0x2B, 0xC1, 0x46, 0x83, 0xEE, 0xE3, 0x00, 0x0D,
    0x84, 0x4E, 0xE1, 0x53, 0xF2, 0x94, 0x82, 0x32, 0x92, 0x07, 0x1E, 0x2B, 0x4E, 0xB1, 0xDD, 0xF5,
    0x6F, 0x91, 0x65, 0xE1, 0xAF, 0x99, 0x05, 0xB6, 0x13, 0xDC, 0xC5, 0x59, 0x69, 0x29, 0x41, 0x97,
    0xFC, 0x33, 0x90, 0x77, 0x42, 0xD1, 0x08, 0x56, 0x2F, 0x52, 0xA3, 0x4F, 0x25, 0xB2, 0x78, 0xE7,
    0xF4, 0x67, 0xEC, 0x3D, 0x96, 0xB1, 0xFB, 0x25, 0xAE, 0xD9, 0xFF, 0x1F, 0x25, 0xFB, 0x50, 0x73,
    0x08, 0x15, 0xDF, 0x2A, 0x47, 0x4A, 0xBC, 0x22, 0x25, 0xAA, 0x4C, 0x59, 0x04, 0x47, 0x6D, 0x84,
    0xD2, 0x78, 0x87, 0x7B, 0xE0, 0x4B, 0xEC, 0x79, 0x57, 0x91, 0xBF, 0xE9, 0x56, 0x2C, 0xD2, 0xFD,
    0x8D, 0x7E, 0x47, 0x0F, 0x6E, 0x6A, 0x04, 0x80, 0x5D, 0x65, 0x4F, 0xB9, 0x95, 0x3A, 0x68, 0xD3,
    0x40, 0xB6, 0xCD, 0x46, 0x88, 0x54, 0x00, 0xE5, 0x9C, 0x9A, 0x9B, 0x8F, 0xC7, 0x05, 0xE0, 0x14,
    0x28, 0x22, 0x37, 0x83, 0x0D, 0xFA, 0xCC, 0x67, 0xB0, 0xD1, 0x7B, 0x5D, 0x37, 0x6D, 0x47, 0x99,
    0xB6, 0x17, 0xFF, 0x6A, 0x71, 0xC0, 0xE7, 0xC0, 0xDE, 0xE5, 0x4B, 0x1C, 0xCC, 0xD0, 0x0E, 0xD6,
    0x1F, 0x8E, 0x8E, 0xA3, 0xAA, 0x22, 0xEE, 0x1C, 0x10, 0x59, 0x6A, 0x65, 0x3D, 0xC7, 0x8B, 0xF0,
    0xA1, 0x8C, 0xBF, 0xAA, 0x65, 0xDE, 0xB1, 0x94, 0xC9, 0x07, 0x16, 0x2A, 0xCB, 0x8E, 0xB3, 0xF2,
    0xE7, 0x17, 0xC6, 0x7C, 0xCA, 0x07, 0x9D, 0x47, 0x3D, 0xC1, 0x3E, 0xB0, 0x04, 0x0E, 0xF5, 0xF6,
    0xA5, 0xA9, 0x04, 0x66, 0x9F, 0x9B, 0x41, 0x36, 0xC0, 0x7F, 0x48, 0xAD, 0x43, 0x95, 0x00, 0x27,
    0x00, 0x4E, 0xB1, 0x9D, 0x50, 0xF8, 0x59, 0x9A, 0x07, 0xB4, 0x77, 0x99, 0xB6, 0x48, 0x3A, 0x2A,
    0xDA, 0x2F, 0xB5, 0x65, 0x7B, 0xC1, 0x0C, 0x02, 0xA3, 0xD2, 0x2A, 0xA5, 0x17, 0x8A, 0xEB, 0x64,
    0x8B, 0x86, 0x33, 0xB2, 0x4E, 0x70, 0x5E, 0xB2, 0x09, 0x48, 0x3D, 0x64, 0x7A, 0xE1, 0x34, 0xA8,
    0x34, 0xB8, 0xF3, 0x71, 0x40, 0xEE, 0xAB, 0x91, 0xC2, 0xDF, 0x51, 0x18, 0xB1, 0x8A, 0xEB, 0x84,
    0x1A, 0xE1, 0x54, 0xC8, 0x37, 0x90, 0x52, 0x2F, 0x4C, 0x60, 0xF4, 0x4A, 0xD8, 0x62, 0x22, 0xAD,
    0x62, 0x3B, 0xA1, 0xF0, 0x57, 0x84, 0xD9, 0xD2, 0x2A, 0x6D, 0xB3, 0xD6, 0x13, 0x42, 0xAF, 0x27,
    0xB8, 0x46, 0x7B, 0x01, 0x65, 0x16, 0xCC, 0x60, 0x38, 0x9C, 0x55, 0x9D, 0x26, 0xA9, 0x14, 0x2A,
    0xF2, 0x58, 0x91, 0x6D, 0x2A, 0x18, 0xE7, 0x95, 0x0D, 0x92, 0xF5, 0xB2, 0xA7, 0x91, 0x7A, 0x56,
    0xB1, 0x90, 0x35, 0x27, 0x52, 0x95, 0x54, 0x7D, 0xA3, 0x74, 0x7D, 0x2C, 0xF9, 0x46, 0xF6, 0x45,
    0xDD, 0xFF, 0xF1, 0x77, 0xFD, 0x05, 0xA5, 0x95, 0x01, 0x6A, 0xD4, 0x4E, 0x14, 0xC6, 0xBF, 0x49,
    0xFE, 0xFC, 0x83, 0x06, 0x98, 0x05, 0x04, 0x84, 0x02, 0xF1, 0x00, 0x62, 0x00, 0x04, 0x04, 0x9A,
    0x66, 0xC0, 0x03, 0xD8, 0xE3, 0x14, 0xD8, 0xEE, 0x46, 0x2F, 0x60, 0x8F, 0xB3, 0x42, 0xB3, 0x9B,
    0x23, 0xE4, 0x06, 0x46, 0xF0, 0x00, 0x41, 0x02, 0x44, 0xDC, 0x18, 0xDF, 0xF7, 0xD8, 0x09, 0x59,
    0xAB, 0xB4, 0x5D, 0x17, 0xFA, 0x83, 0x37, 0xF3, 0xF2, 0xBE, 0xF7, 0xBD, 0x66, 0x26, 0x30, 0x00,
    0x10, 0x17, 0x82, 0xD4, 0x09, 0x4A, 0x00, 0x61, 0x27, 0xB0, 0xB5, 0x20, 0x1F, 0xC7, 0x71, 0xAF,
    0xD0, 0x90, 0x1B, 0x4C, 0xF1, 0xC9, 0xFA, 0x98, 0x16, 0x78, 0x72, 0x58, 0xDA, 0xD5, 0x08, 0xC6,
    0x0E, 0xF1, 0xE7, 0x12, 0xE9, 0xBB, 0xB4, 0x28, 0x6D, 0x5C, 0xBF, 0xB6, 0x41, 0x05, 0x0B, 0x9C,
    0xFC, 0x07, 0x38, 0x6A, 0x37, 0x82, 0xA0, 0x67, 0xB8, 0x25, 0x52, 0x6A, 0x47, 0x0D, 0x9B, 0xEB,
    0x15, 0x1A, 0xFA, 0x8D, 0xAD, 0x4F, 0xE6, 0x63, 0x2C, 0xF0, 0x2F, 0x1D, 0xD0, 0x01, 0x9D, 0xD0,
    0x11, 0x9D, 0xD1, 0x21, 0x9D, 0xD2, 0xB1, 0x3A, 0xFF, 0x8F, 0x02, 0x89, 0x69, 0x81, 0x35, 0x06,
    0x98, 0x3D, 0x72, 0x27, 0xAD, 0xD8, 0x3A, 0x29, 0x64, 0x64, 0x6B, 0x69, 0x6E, 0x50, 0x68, 0xA8,
    0x1B, 0x9A, 0xC2, 0xE4, 0xC3, 0x63, 0x2C, 0x70, 0x3C, 0xC3, 0x5E, 0x66, 0xB8, 0x42, 0xFE, 0xC0,
    0x19, 0xFA, 0x0E, 0x99, 0xCF, 0xE7, 0xF8, 0xFC, 0xBC, 0xC3, 0x7C, 0xEC, 0x3D, 0x2A, 0x00, 0x17,
    0x9D, 0xE0, 0xBC, 0x24, 0x72, 0x27, 0xB0, 0xB5, 0x20, 0xEC, 0x04, 0xEC, 0xE8, 0x19, 0xB8, 0x88,
    0xD9, 0x7F, 0x7C, 0x20, 0x66, 0x8B, 0x04, 0x3B, 0x1E, 0xC7, 0xF6, 0x00, 0x24, 0xC4, 0x4A, 0x60,
    0xBE, 0x0B, 0xA2, 0x2F, 0x82, 0xE4, 0xBD, 0x60, 0x25, 0xF6, 0x4C, 0x2F, 0x10, 0xDF, 0x97, 0x48,
    0x0A, 0x66, 0x01, 0x30, 0xD3, 0xBF, 0x4B, 0x97, 0x5E, 0x81, 0x53, 0x9C, 0xC0, 0x90, 0x1B, 0x4C,
    0xF1, 0xC9, 0x58, 0xCD, 0x17, 0x2F, 0xB5, 0x28, 0xCB, 0x7B, 0x21, 0x4A, 0x52, 0x9C, 0x99, 0xBE,
    0xA1, 0x59, 0x7F, 0x70, 0xBE, 0x71, 0x4B, 0xA8, 0x99, 0x61, 0xF6, 0xAE, 0xD3, 0x34, 0xED, 0xFB,
    0x41, 0xD8, 0xDA, 0x0F, 0xA7, 0xF4, 0x03, 0xE3, 0xE8, 0x66, 0x93, 0xF4, 0xBF, 0x4F, 0xC4, 0x8E,
    0x7B, 0x67, 0x2D, 0xB4, 0x59, 0x03, 0xDC, 0xF2, 0x6C, 0x2C, 0x91, 0x3A, 0x41, 0x29, 0x21, 0x6B,
    0xF6, 0x52, 0x33, 0x6A, 0xF9, 0xAE, 0xD6, 0x82, 0x01, 0xF7, 0x1C, 0x29, 0xFD, 0x5D, 0xD3, 0x2E,
    0xFB, 0xB4, 0x5F, 0x29, 0xCE, 0xA5, 0x0C, 0x60, 0xD5, 0xB0, 0x11, 0x04, 0x3D, 0xC3, 0x2D, 0x37,
    0xD2, 0x22, 0x91, 0xF2, 0x4D, 0xA4, 0x47, 0x61, 0x77, 0xFF, 0x79, 0x50, 0x0D, 0xEB, 0x7C, 0xD5,
    0x3D, 0xF7, 0x5A, 0x2E, 0xD1, 0x09, 0x9B, 0x54, 0x30, 0xB4, 0xDC, 0xB0, 0x92, 0x42, 0xE4, 0x84,
    0x75, 0x02, 0x03, 0x01, 0x1E, 0x85, 0x05, 0x00, 0xDC, 0x12, 0x6B, 0x22, 0xA1, 0x54, 0xA4, 0x43,
    0xDB, 0x63, 0x4D, 0x35, 0xC5, 0x92, 0xE1, 0x92, 0x1B, 0x4B, 0x49, 0x11, 0xAC, 0x21, 0xB8, 0x25,
    0x16, 0x04, 0x1E, 0x8C, 0x47, 0xF6, 0x67, 0x26, 0x6F, 0xB9, 0xFA, 0xF5, 0xCE, 0x39, 0x83, 0xA3,
    0x91, 0xF8, 0x59, 0x61, 0x4F, 0xE4, 0xD3, 0x24, 0x8D, 0xEA, 0x3E, 0x0A, 0x8B, 0xC9, 0xDB, 0x1A,
    0xDE, 0x2F, 0x9D, 0x1F, 0x8F, 0x04, 0x0C, 0x39, 0x2B, 0x3F, 0xB5, 0xF5, 0x34, 0xC9, 0x05, 0x71,
    0x36, 0x08, 0x76, 0x63, 0x85, 0xA0, 0x97, 0x9C, 0xB0, 0x46, 0xAF, 0xEF, 0x1F, 0xBB, 0xCA, 0x68,
    0x45, 0x81, 0x3F, 0xE1, 0x0D, 0x6F, 0x96, 0xAD, 0x8D, 0x6B, 0xA4, 0x1F, 0xD3, 0x42, 0x2F, 0x1D,
    0xDE, 0x1E, 0x2C, 0x37, 0xBD, 0x3C, 0x4F, 0xE1, 0x7F, 0x5C, 0x8B, 0xC6, 0x9F, 0x3C, 0x31, 0xA9,
    0x43, 0x8E, 0xB8, 0x42, 0x46, 0xB9, 0x25, 0x82, 0x06, 0x1B, 0xF0, 0x30, 0xFE, 0x15, 0x51, 0xD1,
    0xBE, 0x44, 0xDC, 0xB4, 0x25, 0x82, 0xEE, 0x5B, 0x07, 0x94, 0x3F, 0x78, 0x3F, 0x8D, 0x0E, 0x88,
    0x07, 0x40, 0x16, 0x05, 0xB8, 0x21, 0x80, 0xA3, 0x1B, 0xAB, 0x06, 0x9E, 0x5F, 0xF4, 0x40, 0x99,
    0xAD, 0x60, 0xBA, 0x2C, 0x29, 0xC2, 0x3A, 0x8B, 0x6A, 0x5B, 0x64, 0x41, 0x9B, 0x20, 0x43, 0xCB,
    0xDB, 0xA2, 0xCF, 0x04, 0x57, 0xE7, 0x1C, 0xE9, 0x6F, 0xE0, 0xC6, 0x86, 0x29, 0x5D, 0xC2, 0x3E,
    0x6C, 0x85, 0xB0, 0x09, 0x1B, 0xD8, 0xCA, 0x0C, 0xD8, 0x1D, 0x24, 0xFE, 0x1F, 0x6F, 0x66, 0x82,
    0x88, 0x89, 0x7C, 0xF3, 0x02, 0xD8, 0x5F, 0x5D, 0x23, 0x6C, 0x37, 0xA9, 0x8B, 0xAA, 0x4D, 0x5C,
    0x59, 0xB7, 0x09, 0x9B, 0x04, 0x1B, 0xA3, 0x92, 0x9D, 0x56, 0xBE, 0xA3, 0xE6, 0x25, 0x53, 0xA6,
    0x58, 0x37, 0x49, 0xB6, 0x77, 0x25, 0x4F, 0xF8, 0xB2, 0x19, 0xA6, 0xC4, 0x1F, 0x7A, 0x09, 0xDE,
    0xCA, 0x52, 0x09, 0x77, 0xCA, 0xD7, 0xFA, 0x94, 0x6F, 0xBE, 0x3B, 0x48, 0xAA, 0xB8, 0x39, 0xE9,
    0x1B, 0xFC, 0x0B, 0xC5, 0xCE, 0x41, 0xAA, 0xE4, 0x54, 0x18, 0xC5, 0xF1, 0x5F, 0x12, 0x31, 0x83,
    0x0C, 0xE2, 0x5C, 0x21, 0x13, 0x87, 0x42, 0x36, 0xD0, 0x55, 0x37, 0x73, 0x17, 0xE1, 0x12, 0xDC,
    0x40, 0xCA, 0xCA, 0x86, 0x9C, 0x8B, 0xA4, 0xFB, 0xE5, 0xAD, 0xC0, 0xD0, 0x2B, 0x28, 0xB1, 0x17,
    0x10, 0xE8, 0x0C, 0xD2, 0x78, 0xAB, 0xAE, 0x86, 0xAA, 0x46, 0xFB, 0x81, 0x8E, 0x04, 0x3F, 0x38,
    0xDF, 0xE0, 0x9C, 0x73, 0xFF, 0xF7, 0xCB, 0x6E, 0x68, 0x66, 0xF2, 0x0D, 0x3F, 0xA0, 0x19, 0x28,
    0x27, 0xE7, 0x5F, 0x97, 0x22, 0x5D, 0xD7, 0xFA, 0x52, 0x8D, 0xAD, 0x2C, 0x1E, 0x79, 0xDD, 0x73,
    0x1A, 0x39, 0xC6, 0xBF, 0x69, 0xE4, 0xD0, 0xD3, 0x1F, 0xD9, 0x7B, 0x7B, 0xFF, 0x92, 0xA7, 0x34,
    0xF8, 0xFE, 0x03, 0x45, 0x44, 0x19, 0x51, 0xDD, 0x50, 0x3F, 0xA1, 0xF9, 0x0E, 0x6D, 0xDD, 0x71,
    0xAC, 0x27, 0x4E, 0xD5, 0xC4, 0x58, 0xCE, 0xC4, 0x62, 0x91, 0xAD, 0xF9, 0x22, 0x5F, 0xB2, 0x55,
    0xB1, 0xD8, 0x14, 0x17, 0x51, 0x35, 0x7B, 0xAD, 0x9E, 0x1C, 0xD5, 0x83, 0xA0, 0xED, 0xB4, 0x5D,
    0xA0, 0x19, 0x02, 0xF5, 0x74, 0xA2, 0x9A, 0xCE, 0x29, 0xA5, 0xF9, 0xE3, 0x8A, 0xBB, 0x4E, 0x8C,
    0xFF, 0xB5, 0x52, 0x4A, 0xB7, 0x5D, 0x57, 0x04, 0x34, 0x13, 0xF5, 0x4C, 0xB1, 0x90, 0x45, 0xBC,
    0x41, 0x40, 0x3D, 0x51, 0x5E, 0x28, 0x56, 0x44, 0x9C, 0x1E, 0x8A, 0xBB, 0xB7, 0x67, 0xF7, 0x4E,
    0xC0, 0x1B, 0xB2, 0xDD, 0x5E, 0xEE, 0xAC, 0xE6, 0x61, 0x5F, 0xF1, 0xF1, 0xBF, 0xF4, 0x18, 0xE8,
    0x61, 0x45, 0xB6, 0xA0, 0x98, 0x51, 0x4D, 0xA8, 0x3B, 0xB4, 0xF0, 0x0A, 0x7E, 0x82, 0xC5, 0xCB,
    0x69, 0xE0, 0xF0, 0x09, 0x27, 0xFF, 0x57, 0x0E, 0x6C, 0x9F, 0x7C, 0x79, 0xEF, 0x5F, 0x50, 0xCE,
    0x61, 0x55, 0x4D, 0x61, 0x53, 0x0F, 0x46, 0x75, 0xA7, 0xD7, 0x70, 0xD0, 0x72, 0x74, 0xA0, 0xF5,
    0x8A, 0xC6, 0xB8, 0x53, 0x37, 0xEA, 0x61, 0xA5, 0x7C, 0x5E, 0x28, 0xDE, 0x5E, 0x28, 0x7E, 0x9B,
    0xC9, 0xDF, 0x4F, 0x64, 0xBF, 0x4F, 0x48, 0x03, 0x52, 0x27, 0xBF, 0x0A, 0x43, 0x9D, 0x86, 0xB4,
    0x84, 0xF2, 0xED, 0xF3, 0xD6, 0x7B, 0xAF, 0x1F, 0xFD, 0xEC, 0x30, 0xEA, 0x3D, 0x96, 0x1F, 0x1D,
    0xFA, 0xEC, 0x17, 0x7D, 0x28, 0xBF, 0x7D, 0xDE, 0x9A, 0x54, 0xA4, 0x25, 0xDF, 0x3C, 0x0D, 0x9C,
    0xD3, 0x44, 0x4A, 0xD3, 0xE3, 0xCE, 0xFF, 0x6B, 0x5D, 0x1E, 0x2B, 0xDD, 0xCF, 0xE9, 0xC8, 0x6F,
    0x5D, 0xD1, 0xD5, 0x69, 0x6D, 0x86, 0x90, 0xA7, 0xE4, 0x1B, 0x5F, 0x6E, 0x00, 0xFE, 0x29, 0x2D,
    0x27, 0xEA, 0x8E, 0x56, 0x7A, 0x8C, 0x6C, 0xA1, 0x98, 0xA9, 0xF6, 0xC8, 0x5F, 0xFE, 0x4A, 0xBE,
    0x47, 0x13, 0xF8, 0x0C, 0x3D, 0x55, 0xE4, 0xE9, 0x9D, 0xE6, 0x26, 0x4B, 0xB3, 0xF6, 0x03, 0x61,
    0xE0, 0x88, 0xF0, 0x8E, 0x32, 0x75, 0x9C, 0x37, 0xF2, 0x34, 0xD3, 0x46, 0xB2, 0x88, 0xAF, 0x00,
    0x42, 0x4A, 0x71, 0xD7, 0x17, 0x38, 0x20, 0xCC, 0x76, 0x94, 0xEC, 0x4F, 0xA4, 0x2A, 0xED, 0x8F,
    0x57, 0x3E, 0x8F, 0x88, 0x34, 0x71, 0xE7, 0x68, 0x37, 0x65, 0x1A, 0x84, 0x95, 0xD0, 0xF1, 0x35,
    0x5E, 0xF2, 0xFE, 0x00, 0xAD, 0xC7, 0x01, 0x06, 0xC0, 0x30, 0x10, 0x05, 0xD1, 0xCF, 0x22, 0xB7,
    0x8A, 0x9C, 0x2C, 0x57, 0x4B, 0x8E, 0x14, 0x04, 0x40, 0xA7, 0xBF, 0x16, 0xAA, 0x80, 0x0A, 0xE6,
    0x31, 0x1A, 0xAB, 0x2B, 0x58, 0xB4, 0x98, 0xA2, 0x95, 0xA9, 0x2E, 0xA3, 0x17, 0xC0, 0x95, 0x78,
    0xEB, 0x21, 0x34, 0x76, 0x0D, 0x9C, 0xA7, 0x7C, 0x82, 0xFD, 0x94, 0xFF, 0xB3, 0x1B,
};

static const EpdGlyph terminalmono_16_regularGlyphs[] = {
    { 0, 0, 0, 0, 0, 0, 0 }, // U+0000
    { 0, 0, 320, 0, 0, 0, 0 }, // U+000D
    { 0, 0, 320, 0, 0, 0, 0 }, // U+0020
    { 6, 23, 320, 7, 23, 35, 0 }, // !
    { 10, 10, 320, 5, 24, 25, 35 }, // "
    { 20, 23, 320, 0, 23, 115, 60 }, // #
    { 18, 29, 320, 1, 26, 131, 175 }, // $
    { 20, 23, 320, 0, 23, 115, 306 }, // %
    { 19, 23, 320, 0, 23, 110, 421 }, // &
    { 4, 10, 320, 8, 24, 10, 531 }, // '
    { 11, 30, 320, 6, 25, 83, 541 }, // (
    { 11, 30, 320, 3, 25, 83, 624 }, // )
    { 18, 17, 320, 1, 19, 77, 707 }, // *
    { 16, 16, 320, 2, 18, 64, 784 }, // +
    { 7, 9, 320, 6, 4, 16, 848 }, // ,
    { 10, 2, 320, 5, 11, 5, 864 }, // -
    { 6, 4, 320, 7, 4, 6, 869 }, // .
    { 15, 30, 320, 2, 25, 113, 875 }, // /
    { 17, 23, 320, 1, 23, 98, 988 }, // 0
    { 18, 23, 320, 1, 23, 104, 1086 }, // 1
    { 16, 23, 320, 2, 23, 92, 1190 }, // 2
    { 17, 23, 320, 1, 23, 98, 1282 }, // 3
    { 18, 23, 320, 1, 23, 104, 1380 }, // 4
    { 16, 23, 320, 2, 23, 92, 1484 }, // 5
    { 16, 23, 320, 2, 23, 92, 1576 }, // 6
    { 16, 23, 320, 2, 23, 92, 1668 }, // 7
    { 17, 23, 320, 1, 23, 98, 1760 }, // 8
    { 16, 23, 320, 2, 23, 92, 1858 }, // 9
    { 6, 17, 320, 7, 17, 26, 1950 }, // :
    { 7, 22, 320, 6, 17, 39, 1976 }, // ;
    { 15, 19, 320, 2, 20, 72, 2015 }, // <
    { 16, 8, 320, 2, 14, 32, 2087 }, // =
    { 15, 19, 320, 2, 20, 72, 2119 }, // >
    { 15, 23, 320, 2, 23, 87, 2191 }, // ?
    { 16, 27, 320, 2, 23, 108, 2278 }, // @
    { 18, 23, 320, 1, 23, 104, 2386 }, // A
    { 16, 23, 320, 2, 23, 92, 2490 }, // B
    { 16, 23, 320, 2, 23, 92, 2582 }, // C
    { 15, 23, 320, 3, 23, 87, 2674 }, // D
    { 16, 23, 320, 2, 23, 92, 2761 }, // E
    { 16, 23, 320, 2, 23, 92, 2853 }, // F
    { 17, 23, 320, 1, 23, 98, 2945 }, // G
    { 16, 23, 320, 2, 23, 92, 3043 }, // H
    { 16, 23, 320, 2, 23, 92, 3135 }, // I
    { 14, 23, 320, 2, 23, 81, 3227 }, // J
    { 18, 23, 320, 2, 23, 104, 3308 }, // K
    { 15, 23, 320, 3, 23, 87, 3412 }, // L
    { 16, 23, 320, 2, 23, 92, 3499 }, // M
    { 16, 23, 320, 2, 23, 92, 3591 }, // N
    { 17, 23, 320, 1, 23, 98, 3683 }, // O
    { 16, 23, 320, 2, 23, 92, 3781 }, // P
    { 17, 28, 320, 1, 23, 119, 3873 }, // Q
    { 17, 23, 320, 2, 23, 98, 3992 }, // R
    { 17, 23, 320, 1, 23, 98, 4090 }, // S
    { 19, 23, 320, 0, 23, 110, 4188 }, // T
    { 16, 23, 320, 2, 23, 92, 4298 }, // U
    { 18, 23, 320, 1, 23, 104, 4390 }, // V
    { 18, 23, 320, 1, 23, 104, 4494 }, // W
    { 19, 23, 320, 0, 23, 110, 4598 }, // X
    { 20, 23, 320, 0, 23, 115, 4708 }, // Y
    { 18, 23, 320, 1, 23, 104, 4823 }, // Z
    { 10, 30, 320, 7, 25, 75, 4927 }, // [
    { 15, 30, 320, 2, 25, 113, 5002 }, // <backslash>
    { 10, 30, 320, 3, 25, 75, 5115 }, // ]
    { 18, 14, 320, 1, 23, 63, 5190 }, // ^
    { 17, 2, 320, 1, -3, 9, 5253 }, // _
    { 6, 7, 320, 6, 26, 11, 5262 }, // `
    { 17, 17, 320, 2, 17, 73, 5273 }, // a
    { 15, 24, 320, 3, 24, 90, 5346 }, // b
    { 16, 17, 320, 2, 17, 68, 5436 }, // c
    { 16, 24, 320, 1, 24, 96, 5504 }, // d
    { 16, 17, 320, 2, 17, 68, 5600 }, // e
    { 16, 24, 320, 2, 24, 96, 5668 }, // f
    { 17, 26, 320, 2, 19, 111, 5764 }, // g
    { 14, 24, 320, 3, 24, 84, 5875 }, // h
    { 16, 24, 320, 3, 24, 96, 5959 }, // i
    { 13, 31, 320, 3, 24, 101, 6055 }, // j
    { 16, 24, 320, 3, 24, 96, 6156 }, // k
    { 16, 24, 320, 2, 24, 96, 6252 }, // l
    { 18, 17, 320, 1, 17, 77, 6348 }, // m
    { 14, 17, 320, 3, 17, 60, 6425 }, // n
    { 16, 17, 320, 2, 17, 68, 6485 }, // o
    { 15, 24, 320, 3, 17, 90, 6553 }, // p
    { 16, 24, 320, 1, 17, 96, 6643 }, // q
    { 17, 17, 320, 2, 17, 73, 6739 }, // r
    { 16, 17, 320, 2, 17, 68, 6812 }, // s
    { 17, 23, 320, 1, 23, 98, 6880 }, // t
    { 14, 17, 320, 3, 17, 60, 6978 }, // u
    { 16, 17, 320, 2, 17, 68, 7038 }, // v
    { 19, 17, 320, 0, 17, 81, 7106 }, // w
    { 16, 17, 320, 2, 17, 68, 7187 }, // x
    { 18, 24, 320, 1, 17, 108, 7255 }, // y
    { 15, 17, 320, 2, 17, 64, 7363 }, // z
    { 14, 30, 320, 3, 25, 105, 7427 }, // {
    { 4, 30, 320, 8, 25, 30, 7532 }, // |
    { 14, 30, 320, 3, 25, 105, 7562 }, // }
    { 18, 7, 320, 1, 14, 32, 7667 }, // ~
    { 0, 0, 320, 0, 0, 0, 0 }, // U+00A0
    { 6, 23, 320, 7, 17, 35, 0 }, // U+00A1
    { 16, 23, 320, 2, 20, 92, 35 }, // U+00A2
    { 18, 23, 320, 1, 23, 104, 127 }, // U+00A3
    { 16, 23, 320, 2, 23, 92, 231 }, // U+00A4
    { 20, 23, 320, 0, 23, 115, 323 }, // U+00A5
    { 4, 30, 320, 8, 25, 30, 438 }, // U+00A6
    { 16, 28, 320, 2, 23, 112, 468 }, // U+00A7
    { 11, 4, 320, 4, 24, 11, 580 }, // U+00A8
    { 20, 21, 320, 0, 22, 105, 591 }, // U+00A9
    { 12, 11, 320, 4, 23, 33, 696 }, // U+00AA
    { 16, 14, 320, 2, 16, 56, 729 }, // U+00AB
    { 16, 9, 320, 2, 11, 36, 785 }, // U+00AC
    { 10, 2, 320, 5, 11, 5, 821 }, // U+00AD
    { 13, 11, 320, 3, 23, 36, 826 }, // U+00AE
    { 10, 2, 320, 5, 23, 5, 862 }, // U+00AF
    { 12, 11, 320, 4, 23, 33, 867 }, // U+00B0
    { 16, 21, 320, 2, 21, 84, 900 }, // U+00B1
    { 10, 12, 320, 5, 23, 30, 984 }, // U+00B2
    { 11, 12, 320, 4, 23, 33, 1014 }, // U+00B3
    { 6, 7, 320, 8, 26, 11, 1047 }, // U+00B4
    { 14, 24, 320, 3, 17, 84, 1058 }, // U+00B5
    { 16, 28, 320, 1, 23, 112, 1142 }, // U+00B6
    { 6, 4, 320, 7, 12, 6, 1254 }, // U+00B7
    { 7, 8, 320, 7, 1, 14, 1260 }, // U+00B8
    { 10, 12, 320, 5, 23, 30, 1274 }, // U+00B9
    { 12, 11, 320, 4, 23, 33, 1304 }, // U+00BA
    { 16, 14, 320, 2, 16, 56, 1337 }, // U+00BB
    { 20, 23, 320, 0, 23, 115, 1393 }, // U+00BC
    { 20, 23, 320, 0, 23, 115, 1508 }, // U+00BD
    { 20, 23, 320, 0, 23, 115, 1623 }, // U+00BE
    { 16, 23, 320, 2, 17, 92, 1738 }, // U+00BF
    { 18, 32, 320, 1, 32, 144, 1830 }, // U+00C0
    { 18, 32, 320, 1, 32, 144, 1974 }, // U+00C1
    { 18, 31, 320, 1, 31, 140, 2118 }, // U+00C2
    { 18, 30, 320, 1, 30, 135, 2258 }, // U+00C3
    { 18, 30, 320, 1, 30, 135, 2393 }, // U+00C4
    { 18, 32, 320, 1, 32, 144, 2528 }, // U+00C5
    { 19, 23, 320, 0, 23, 110, 2672 }, // U+00C6
    { 16, 30, 320, 2, 23, 120, 2782 }, // U+00C7
    { 16, 32, 320, 2, 32, 128, 2902 }, // U+00C8
    { 16, 32, 320, 2, 32, 128, 3030 }, // U+00C9
    { 16, 31, 320, 2, 31, 124, 3158 }, // U+00CA
    { 16, 30, 320, 2, 30, 120, 3282 }, // U+00CB
    { 16, 32, 320, 2, 32, 128, 3402 }, // U+00CC
    { 16, 32, 320, 2, 32, 128, 3530 }, // U+00CD
    { 16, 31, 320, 2, 31, 124, 3658 }, // U+00CE
    { 16, 30, 320, 2, 30, 120, 3782 }, // U+00CF
    { 18, 23, 320, 0, 23, 104, 3902 }, // U+00D0
    { 16, 30, 320, 2, 30, 120, 4006 }, // U+00D1
    { 17, 32, 320, 1, 32, 136, 4126 }, // U+00D2
    { 17, 32, 320, 1, 32, 136, 4262 }, // U+00D3
    { 17, 31, 320, 1, 31, 132, 4398 }, // U+00D4
    { 17, 30, 320, 1, 30, 128, 4530 }, // U+00D5
    { 17, 30, 320, 1, 30, 128, 4658 }, // U+00D6
    { 15, 14, 320, 2, 17, 53, 4786 }, // U+00D7
    { 18, 27, 320, 1, 25, 122, 4839 }, // U+00D8
    { 16, 32, 320, 2, 32, 128, 4961 }, // U+00D9
    { 16, 32, 320, 2, 32, 128, 5089 }, // U+00DA
    { 16, 31, 320, 2, 31, 124, 5217 }, // U+00DB
    { 16, 30, 320, 2, 30, 120, 5341 }, // U+00DC
    { 20, 32, 320, 0, 32, 160, 5461 }, // U+00DD
    { 16, 23, 320, 2, 23, 92, 5621 }, // U+00DE
    { 16, 31, 320, 3, 24, 124, 5713 }, // U+00DF
    { 17, 26, 320, 2, 26, 111, 5837 }, // U+00E0
    { 17, 26, 320, 2, 26, 111, 5948 }, // U+00E1
    { 17, 25, 320, 2, 25, 107, 6059 }, // U+00E2
    { 17, 24, 320, 2, 24, 102, 6166 }, // U+00E3
    { 17, 24, 320, 2, 24, 102, 6268 }, // U+00E4
    { 17, 27, 320, 2, 27, 115, 6370 }, // U+00E5
    { 20, 17, 320, 0, 17, 85, 6485 }, // U+00E6
    { 16, 24, 320, 2, 17, 96, 6570 }, // U+00E7
    { 16, 26, 320, 2, 26, 104, 6666 }, // U+00E8
    { 16, 26, 320, 2, 26, 104, 6770 }, // U+00E9
    { 16, 25, 320, 2, 25, 100, 6874 }, // U+00EA
    { 16, 24, 320, 2, 24, 96, 6974 }, // U+00EB
    { 16, 26, 320, 3, 26, 104, 7070 }, // U+00EC
    { 16, 26, 320, 3, 26, 104, 7174 }, // U+00ED
    { 16, 25, 320, 3, 25, 100, 7278 }, // U+00EE
    { 16, 24, 320, 3, 24, 96, 7378 }, // U+00EF
    { 16, 25, 320, 2, 25, 100, 7474 }, // U+00F0
    { 14, 24, 320, 3, 24, 84, 7574 }, // U+00F1
    { 16, 26, 320, 2, 26, 104, 7658 }, // U+00F2
    { 16, 26, 320, 2, 26, 104, 7762 }, // U+00F3
    { 16, 25, 320, 2, 25, 100, 7866 }, // U+00F4
    { 16, 24, 320, 2, 24, 96, 7966 }, // U+00F5
    { 16, 24, 320, 2, 24, 96, 8062 }, // U+00F6
    { 16, 16, 320, 2, 18, 64, 8158 }, // U+00F7
    { 18, 19, 320, 1, 18, 86, 8222 }, // U+00F8
    { 14, 26, 320, 3, 26, 91, 8308 }, // U+00F9
    { 14, 26, 320, 3, 26, 91, 8399 }, // U+00FA
    { 14, 25, 320, 3, 25, 88, 8490 }, // U+00FB
    { 14, 24, 320, 3, 24, 84, 8578 }, // U+00FC
    { 18, 33, 320, 1, 26, 149, 8662 }, // U+00FD
    { 15, 31, 320, 3, 24, 117, 8811 }, // U+00FE
    { 18, 31, 320, 1, 24, 140, 8928 }, // U+00FF
    { 18, 29, 320, 1, 29, 131, 0 }, // U+0100
    { 17, 23, 320, 2, 23, 98, 131 }, // U+0101
    { 18, 31, 320, 1, 31, 140, 229 }, // U+0102
    { 17, 26, 320, 2, 26, 111, 369 }, // U+0103
    { 19, 30, 320, 1, 23, 143, 480 }, // U+0104
    { 17, 24, 320, 2, 17, 102, 623 }, // U+0105
    { 16, 32, 320, 2, 32, 128, 725 }, // U+0106
    { 16, 26, 320, 2, 26, 104, 853 }, // U+0107
    { 16, 31, 320, 2, 31, 124, 957 }, // U+0108
    { 16, 25, 320, 2, 25, 100, 1081 }, // U+0109
    { 16, 30, 320, 2, 30, 120, 1181 }, // U+010A
    { 16, 24, 320, 2, 24, 96, 1301 }, // U+010B
    { 16, 31, 320, 2, 31, 124, 1397 }, // U+010C
    { 16, 26, 320, 2, 26, 104, 1521 }, // U+010D
    { 15, 31, 320, 3, 31, 117, 1625 }, // U+010E
    { 21, 24, 320, 1, 24, 126, 1742 }, // U+010F
    { 18, 23, 320, 0, 23, 104, 1868 }, // U+0110
    { 18, 24, 320, 1, 24, 108, 1972 }, // U+0111
    { 16, 29, 320, 2, 29, 116, 2080 }, // U+0112
    { 16, 23, 320, 2, 23, 92, 2196 }, // U+0113
    { 16, 31, 320, 2, 31, 124, 2288 }, // U+0114
    { 16, 26, 320, 2, 26, 104, 2412 }, // U+0115
    { 16, 30, 320, 2, 30, 120, 2516 }, // U+0116
    { 16, 24, 320, 2, 24, 96, 2636 }, // U+0117
    { 16, 30, 320, 2, 23, 120, 2732 }, // U+0118
    { 16, 24, 320, 2, 17, 96, 2852 }, // U+0119
    { 16, 31, 320, 2, 31, 124, 2948 }, // U+011A
    { 16, 26, 320, 2, 26, 104, 3072 }, // U+011B
    { 17, 31, 320, 1, 31, 132, 3176 }, // U+011C
    { 17, 32, 320, 2, 25, 136, 3308 }, // U+011D
    { 17, 31, 320, 1, 31, 132, 3444 }, // U+011E
    { 17, 33, 320, 2, 26, 141, 3576 }, // U+011F
    { 17, 30, 320, 1, 30, 128, 3717 }, // U+0120
    { 17, 31, 320, 2, 24, 132, 3845 }, // U+0121
    { 17, 32, 320, 1, 23, 136, 3977 }, // U+0122
    { 17, 33, 320, 2, 26, 141, 4113 }, // U+0123
    { 16, 31, 320, 2, 31, 124, 4254 }, // U+0124
    { 18, 31, 320, -1, 31, 140, 4378 }, // U+0125
    { 20, 23, 320, 0, 23, 115, 4518 }, // U+0126
    { 16, 24, 320, 1, 24, 96, 4633 }, // U+0127
    { 16, 30, 320, 2, 30, 120, 4729 }, // U+0128
    { 16, 24, 320, 3, 24, 96, 4849 }, // U+0129
    { 16, 29, 320, 2, 29, 116, 4945 }, // U+012A
    { 16, 23, 320, 3, 23, 92, 5061 }, // U+012B
    { 16, 31, 320, 2, 31, 124, 5153 }, // U+012C
    { 16, 26, 320, 3, 26, 104, 5277 }, // U+012D
    { 16, 30, 320, 2, 23, 120, 5381 }, // U+012E
    { 16, 31, 320, 3, 24, 124, 5501 }, // U+012F
    { 16, 30, 320, 2, 30, 120, 5625 }, // U+0130
    { 16, 17, 320, 3, 17, 68, 5745 }, // U+0131
    { 15, 23, 320, 2, 23, 87, 5813 }, // U+0132
    { 16, 31, 320, 2, 24, 124, 5900 }, // U+0133
    { 14, 31, 320, 2, 31, 109, 6024 }, // U+0134
    { 16, 32, 320, 3, 25, 128, 6133 }, // U+0135
    { 18, 32, 320, 2, 23, 144, 6261 }, // U+0136
    { 16, 33, 320, 3, 24, 132, 6405 }, // U+0137
    { 17, 17, 320, 3, 17, 73, 6537 }, // U+0138
    { 15, 32, 320, 3, 32, 120, 6610 }, // U+0139
    { 16, 32, 320, 2, 32, 128, 6730 }, // U+013A
    { 15, 32, 320, 3, 23, 120, 6858 }, // U+013B
    { 16, 33, 320, 2, 24, 132, 6978 }, // U+013C
    { 15, 25, 320, 3, 25, 94, 7110 }, // U+013D
    { 16, 25, 320, 2, 25, 100, 7204 }, // U+013E
    { 15, 23, 320, 3, 23, 87, 7304 }, // U+013F
    { 18, 24, 320, 2, 24, 108, 7391 }, // U+0140
    { 17, 23, 320, 1, 23, 98, 7499 }, // U+0141
    { 16, 24, 320, 2, 24, 96, 7597 }, // U+0142
    { 16, 32, 320, 2, 32, 128, 7693 }, // U+0143
    { 14, 26, 320, 3, 26, 91, 7821 }, // U+0144
    { 16, 32, 320, 2, 23, 128, 7912 }, // U+0145
    { 14, 26, 320, 3, 17, 91, 8040 }, // U+0146
    { 16, 31, 320, 2, 31, 124, 8131 }, // U+0147
    { 14, 26, 320, 3, 26, 91, 8255 }, // U+0148
    { 17, 24, 320, 0, 24, 102, 8346 }, // U+0149
    { 16, 30, 320, 2, 23, 120, 8448 }, // U+014A
    { 14, 24, 320, 3, 17, 84, 8568 }, // U+014B
    { 17, 29, 320, 1, 29, 124, 8652 }, // U+014C
    { 16, 23, 320, 2, 23, 92, 8776 }, // U+014D
    { 17, 31, 320, 1, 31, 132, 8868 }, // U+014E
    { 16, 26, 320, 2, 26, 104, 9000 }, // U+014F
    { 17, 32, 320, 1, 32, 136, 9104 }, // U+0150
    { 16, 26, 320, 2, 26, 104, 9240 }, // U+0151
    { 18, 23, 320, 1, 23, 104, 9344 }, // U+0152
    { 20, 17, 320, 0, 17, 85, 9448 }, // U+0153
    { 17, 32, 320, 2, 32, 136, 9533 }, // U+0154
    { 17, 26, 320, 2, 26, 111, 9669 }, // U+0155
    { 17, 32, 320, 2, 23, 136, 9780 }, // U+0156
    { 17, 26, 320, 2, 17, 111, 9916 }, // U+0157
    { 17, 31, 320, 2, 31, 132, 10027 }, // U+0158
    { 17, 26, 320, 2, 26, 111, 10159 }, // U+0159
    { 17, 32, 320, 1, 32, 136, 10270 }, // U+015A
    { 16, 26, 320, 2, 26, 104, 10406 }, // U+015B
    { 17, 31, 320, 1, 31, 132, 10510 }, // U+015C
    { 16, 25, 320, 2, 25, 100, 10642 }, // U+015D
    { 17, 30, 320, 1, 23, 128, 10742 }, // U+015E
    { 16, 24, 320, 2, 17, 96, 10870 }, // U+015F
    { 17, 31, 320, 1, 31, 132, 10966 }, // U+0160
    { 16, 26, 320, 2, 26, 104, 11098 }, // U+0161
    { 19, 30, 320, 0, 23, 143, 11202 }, // U+0162
    { 17, 30, 320, 1, 23, 128, 11345 }, // U+0163
    { 19, 31, 320, 0, 31, 148, 11473 }, // U+0164
    { 17, 26, 320, 1, 26, 111, 11621 }, // U+0165
    { 19, 23, 320, 0, 23, 110, 11732 }, // U+0166
    { 17, 23, 320, 1, 23, 98, 11842 }, // U+0167
    { 16, 30, 320, 2, 30, 120, 11940 }, // U+0168
    { 14, 24, 320, 3, 24, 84, 12060 }, // U+0169
    { 16, 29, 320, 2, 29, 116, 12144 }, // U+016A
    { 14, 23, 320, 3, 23, 81, 12260 }, // U+016B
    { 16, 31, 320, 2, 31, 124, 12341 }, // U+016C
    { 14, 26, 320, 3, 26, 91, 12465 }, // U+016D
    { 16, 32, 320, 2, 32, 128, 12556 }, // U+016E
    { 14, 27, 320, 3, 27, 95, 12684 }, // U+016F
    { 16, 32, 320, 2, 32, 128, 12779 }, // U+0170
    { 14, 26, 320, 3, 26, 91, 12907 }, // U+0171
    { 16, 30, 320, 2, 23, 120, 12998 }, // U+0172
    { 15, 24, 320, 3, 17, 90, 13118 }, // U+0173
    { 18, 31, 320, 1, 31, 140, 13208 }, // U+0174
    { 19, 25, 320, 0, 25, 119, 13348 }, // U+0175
    { 20, 31, 320, 0, 31, 155, 13467 }, // U+0176
    { 18, 32, 320, 1, 25, 144, 13622 }, // U+0177
    { 20, 30, 320, 0, 30, 150, 13766 }, // U+0178
    { 18, 32, 320, 1, 32, 144, 13916 }, // U+0179
    { 15, 26, 320, 2, 26, 98, 14060 }, // U+017A
    { 18, 30, 320, 1, 30, 135, 14158 }, // U+017B
    { 15, 24, 320, 2, 24, 90, 14293 }, // U+017C
    { 18, 31, 320, 1, 31, 140, 14383 }, // U+017D
    { 15, 26, 320, 2, 26, 98, 14523 }, // U+017E
    { 16, 24, 320, 2, 24, 96, 14621 }, // U+017F
    { 18, 26, 320, 1, 26, 117, 0 }, // U+01A0
    { 16, 20, 320, 2, 20, 80, 117 }, // U+01A1
    { 18, 27, 320, 2, 27, 122, 197 }, // U+01AF
    { 17, 21, 320, 3, 21, 90, 319 }, // U+01B0
    { 18, 31, 320, 1, 31, 140, 409 }, // U+01CD
    { 17, 26, 320, 2, 26, 111, 549 }, // U+01CE
    { 16, 31, 320, 2, 31, 124, 660 }, // U+01CF
    { 16, 26, 320, 3, 26, 104, 784 }, // U+01D0
    { 17, 31, 320, 1, 31, 132, 888 }, // U+01D1
    { 16, 26, 320, 2, 26, 104, 1020 }, // U+01D2
    { 16, 31, 320, 2, 31, 124, 1124 }, // U+01D3
    { 14, 26, 320, 3, 26, 91, 1248 }, // U+01D4
    { 16, 33, 320, 2, 33, 132, 1339 }, // U+01D5
    { 14, 28, 320, 3, 28, 98, 1471 }, // U+01D6
    { 16, 36, 320, 2, 36, 144, 1569 }, // U+01D7
    { 14, 31, 320, 3, 31, 109, 1713 }, // U+01D8
    { 16, 36, 320, 2, 36, 144, 1822 }, // U+01D9
    { 14, 31, 320, 3, 31, 109, 1966 }, // U+01DA
    { 16, 36, 320, 2, 36, 144, 2075 }, // U+01DB
    { 14, 31, 320, 3, 31, 109, 2219 }, // U+01DC
    { 18, 38, 320, 1, 38, 171, 2328 }, // U+01FA
    { 17, 33, 320, 2, 33, 141, 2499 }, // U+01FB
    { 19, 32, 320, 0, 32, 152, 2640 }, // U+01FC
    { 20, 26, 320, 0, 26, 130, 2792 }, // U+01FD
    { 18, 34, 320, 1, 32, 153, 2922 }, // U+01FE
    { 18, 27, 320, 1, 26, 122, 3075 }, // U+01FF
    { 17, 32, 320, 1, 23, 136, 3197 }, // U+0218
    { 16, 26, 320, 2, 17, 104, 3333 }, // U+0219
    { 19, 32, 320, 0, 23, 152, 3437 }, // U+021A
    { 17, 32, 320, 1, 23, 136, 3589 }, // U+021B
    { 6, 7, 0, -4, 26, 11, 0 }, // U+0300
    { 6, 7, 0, -2, 26, 11, 11 }, // U+0301
    { 12, 6, 0, -6, 25, 18, 22 }, // U+0302
    { 12, 4, 0, -6, 24, 12, 40 }, // U+0303
    { 10, 2, 0, -5, 23, 5, 52 }, // U+0304
    { 12, 6, 0, -6, 26, 18, 57 }, // U+0306
    { 6, 4, 0, -3, 24, 6, 75 }, // U+0307
    { 10, 4, 0, -5, 24, 10, 81 }, // U+0308
    { 7, 6, 0, -3, 25, 11, 91 }, // U+0309
    { 8, 8, 0, -4, 27, 16, 102 }, // U+030A
    { 11, 7, 0, -4, 26, 20, 118 }, // U+030B
    { 12, 6, 0, -6, 26, 18, 138 }, // U+030C
    { 5, 7, 0, -2, 26, 9, 156 }, // U+0312
    { 4, 7, 0, 0, 25, 7, 165 }, // U+0315
    { 6, 6, 0, -3, 21, 9, 172 }, // U+031B
    { 4, 4, 0, -2, -2, 4, 181 }, // U+0323
    { 5, 7, 0, -3, -2, 9, 185 }, // U+0326
    { 8, 8, 0, -3, 1, 16, 194 }, // U+0327
    { 7, 8, 0, -6, 1, 14, 210 }, // U+0328
    { 16, 32, 320, 2, 32, 128, 0 }, // U+0400
    { 16, 30, 320, 2, 30, 120, 128 }, // U+0401
    { 19, 28, 320, 0, 23, 133, 248 }, // U+0402
    { 14, 32, 320, 4, 32, 112, 381 }, // U+0403
    { 16, 23, 320, 2, 23, 92, 493 }, // U+0404
    { 17, 23, 320, 1, 23, 98, 585 }, // U+0405
    { 16, 23, 320, 2, 23, 92, 683 }, // U+0406
    { 16, 30, 320, 2, 30, 120, 775 }, // U+0407
    { 14, 23, 320, 2, 23, 81, 895 }, // U+0408
    { 21, 23, 320, -1, 23, 121, 976 }, // U+0409
    { 19, 23, 320, 1, 23, 110, 1097 }, // U+040A
    { 19, 23, 320, 0, 23, 110, 1207 }, // U+040B
    { 17, 32, 320, 2, 32, 136, 1317 }, // U+040C
    { 16, 32, 320, 2, 32, 128, 1453 }, // U+040D
    { 18, 31, 320, 1, 31, 140, 1581 }, // U+040E
    { 16, 28, 320, 2, 23, 112, 1721 }, // U+040F
    { 18, 23, 320, 1, 23, 104, 1833 }, // U+0410
    { 16, 23, 320, 2, 23, 92, 1937 }, // U+0411
    { 16, 23, 320, 2, 23, 92, 2029 }, // U+0412
    { 14, 23, 320, 4, 23, 81, 2121 }, // U+0413
    { 20, 28, 320, 0, 23, 140, 2202 }, // U+0414
    { 16, 23, 320, 2, 23, 92, 2342 }, // U+0415
    { 20, 23, 320, 0, 23, 115, 2434 }, // U+0416
    { 17, 23, 320, 1, 23, 98, 2549 }, // U+0417
    { 16, 23, 320, 2, 23, 92, 2647 }, // U+0418
    { 16, 31, 320, 2, 31, 124, 2739 }, // U+0419
    { 17, 23, 320, 2, 23, 98, 2863 }, // U+041A
    { 18, 23, 320, 0, 23, 104, 2961 }, // U+041B
    { 16, 23, 320, 2, 23, 92, 3065 }, // U+041C
    { 16, 23, 320, 2, 23, 92, 3157 }, // U+041D
    { 17, 23, 320, 1, 23, 98, 3249 }, // U+041E
    { 16, 23, 320, 2, 23, 92, 3347 }, // U+041F
    { 16, 23, 320, 2, 23, 92, 3439 }, // U+0420
    { 16, 23, 320, 2, 23, 92, 3531 }, // U+0421
    { 19, 23, 320, 0, 23, 110, 3623 }, // U+0422
    { 18, 23, 320, 1, 23, 104, 3733 }, // U+0423
    { 19, 25, 320, 0, 24, 119, 3837 }, // U+0424
    { 19, 23, 320, 0, 23, 110, 3956 }, // U+0425
    { 17, 28, 320, 2, 23, 119, 4066 }, // U+0426
    { 16, 23, 320, 1, 23, 92, 4185 }, // U+0427
    { 18, 23, 320, 1, 23, 104, 4277 }, // U+0428
    { 19, 28, 320, 1, 23, 133, 4381 }, // U+0429
    { 20, 23, 320, 0, 23, 115, 4514 }, // U+042A
    { 18, 23, 320, 1, 23, 104, 4629 }, // U+042B
    { 15, 23, 320, 3, 23, 87, 4733 }, // U+042C
    { 17, 23, 320, 1, 23, 98, 4820 }, // U+042D
    { 18, 23, 320, 1, 23, 104, 4918 }, // U+042E
    { 16, 23, 320, 1, 23, 92, 5022 }, // U+042F
    { 17, 17, 320, 2, 17, 73, 5114 }, // U+0430
    { 16, 24, 320, 2, 24, 96, 5187 }, // U+0431
    { 15, 17, 320, 3, 17, 64, 5283 }, // U+0432
    { 13, 17, 320, 4, 17, 56, 5347 }, // U+0433
    { 19, 22, 320, 0, 17, 105, 5403 }, // U+0434
    { 16, 17, 320, 2, 17, 68, 5508 }, // U+0435
    { 19, 17, 320, 0, 17, 81, 5576 }, // U+0436
    { 15, 17, 320, 2, 17, 64, 5657 }, // U+0437
    { 14, 17, 320, 3, 17, 60, 5721 }, // U+0438
    { 14, 26, 320, 3, 26, 91, 5781 }, // U+0439
    { 15, 17, 320, 3, 17, 64, 5872 }, // U+043A
    { 17, 17, 320, 0, 17, 73, 5936 }, // U+043B
    { 16, 17, 320, 2, 17, 68, 6009 }, // U+043C
    { 14, 17, 320, 3, 17, 60, 6077 }, // U+043D
    { 16, 17, 320, 2, 17, 68, 6137 }, // U+043E
    { 14, 17, 320, 3, 17, 60, 6205 }, // U+043F
    { 15, 24, 320, 3, 17, 90, 6265 }, // U+0440
    { 16, 17, 320, 2, 17, 68, 6355 }, // U+0441
    { 16, 17, 320, 2, 17, 68, 6423 }, // U+0442
    { 18, 24, 320, 1, 17, 108, 6491 }, // U+0443
    { 18, 30, 320, 1, 23, 135, 6599 }, // U+0444
    { 16, 17, 320, 2, 17, 68, 6734 }, // U+0445
    { 17, 22, 320, 2, 17, 94, 6802 }, // U+0446
    { 15, 17, 320, 2, 17, 64, 6896 }, // U+0447
    { 18, 17, 320, 1, 17, 77, 6960 }, // U+0448
    { 19, 22, 320, 1, 17, 105, 7037 }, // U+0449
    { 19, 17, 320, 0, 17, 81, 7142 }, // U+044A
    { 18, 17, 320, 1, 17, 77, 7223 }, // U+044B
    { 15, 17, 320, 3, 17, 64, 7300 }, // U+044C
    { 16, 17, 320, 2, 17, 68, 7364 }, // U+044D
    { 18, 17, 320, 1, 17, 77, 7432 }, // U+044E
    { 15, 17, 320, 2, 17, 64, 7509 }, // U+044F
    { 16, 26, 320, 2, 26, 104, 7573 }, // U+0450
    { 16, 24, 320, 2, 24, 96, 7677 }, // U+0451
    { 16, 31, 320, 1, 24, 124, 7773 }, // U+0452
    { 13, 26, 320, 4, 26, 85, 7897 }, // U+0453
    { 16, 17, 320, 2, 17, 68, 7982 }, // U+0454
    { 16, 17, 320, 2, 17, 68, 8050 }, // U+0455
    { 16, 24, 320, 3, 24, 96, 8118 }, // U+0456
    { 16, 24, 320, 3, 24, 96, 8214 }, // U+0457
    { 13, 31, 320, 3, 24, 101, 8310 }, // U+0458
    { 20, 17, 320, 0, 17, 85, 8411 }, // U+0459
    { 19, 17, 320, 1, 17, 81, 8496 }, // U+045A
    { 16, 24, 320, 1, 24, 96, 8577 }, // U+045B
    { 15, 26, 320, 3, 26, 98, 8673 }, // U+045C
    { 14, 26, 320, 3, 26, 91, 8771 }, // U+045D
    { 18, 33, 320, 1, 26, 149, 8862 }, // U+045E
    { 14, 22, 320, 3, 17, 77, 9011 }, // U+045F
    { 17, 23, 320, 1, 23, 98, 9088 }, // U+0472
    { 16, 17, 320, 2, 17, 68, 9186 }, // U+0473
    { 14, 28, 320, 4, 28, 98, 9254 }, // U+0490
    { 13, 22, 320, 4, 22, 72, 9352 }, // U+0491
    { 17, 23, 320, 1, 23, 98, 9424 }, // U+0492
    { 17, 17, 320, 1, 17, 73, 9522 }, // U+0493
    { 16, 28, 320, 2, 23, 112, 9595 }, // U+0494
    { 15, 24, 320, 3, 17, 90, 9707 }, // U+0495
    { 22, 28, 320, -1, 23, 154, 9797 }, // U+0496
    { 20, 22, 320, 0, 17, 110, 9951 }, // U+0497
    { 17, 28, 320, 1, 23, 119, 10061 }, // U+0498
    { 15, 21, 320, 2, 17, 79, 10180 }, // U+0499
    { 17, 28, 320, 2, 23, 119, 10259 }, // U+049A
    { 15, 22, 320, 3, 17, 83, 10378 }, // U+049B
    { 18, 23, 320, 1, 23, 104, 10461 }, // U+049C
    { 17, 17, 320, 2, 17, 73, 10565 }, // U+049D
    { 20, 23, 320, 0, 23, 115, 10638 }, // U+04A0
    { 19, 17, 320, 0, 17, 81, 10753 }, // U+04A1
    { 17, 28, 320, 2, 23, 119, 10834 }, // U+04A2
    { 17, 22, 320, 2, 17, 94, 10953 }, // U+04A3
    { 19, 23, 320, 1, 23, 110, 11047 }, // U+04A4
    { 19, 17, 320, 1, 17, 81, 11157 }, // U+04A5
    { 16, 28, 320, 2, 23, 112, 11238 }, // U+04AA
    { 16, 21, 320, 2, 17, 84, 11350 }, // U+04AB
    { 20, 23, 320, 0, 23, 115, 11434 }, // U+04AE
    { 16, 24, 320, 2, 17, 96, 11549 }, // U+04AF
    { 20, 23, 320, 0, 23, 115, 11645 }, // U+04B0
    { 16, 24, 320, 2, 17, 96, 11760 }, // U+04B1
    { 20, 28, 320, 0, 23, 140, 11856 }, // U+04B2
    { 17, 22, 320, 2, 17, 94, 11996 }, // U+04B3
    { 18, 28, 320, 1, 23, 126, 12090 }, // U+04B6
    { 17, 22, 320, 2, 17, 94, 12216 }, // U+04B7
    { 16, 23, 320, 1, 23, 92, 12310 }, // U+04B8
    { 15, 17, 320, 2, 17, 64, 12402 }, // U+04B9
    { 16, 23, 320, 2, 23, 92, 12466 }, // U+04BA
    { 14, 24, 320, 3, 24, 84, 12558 }, // U+04BB
    { 16, 23, 320, 2, 23, 92, 12642 }, // U+04C0
    { 20, 31, 320, 0, 31, 155, 12734 }, // U+04C1
    { 19, 26, 320, 0, 26, 124, 12889 }, // U+04C2
    { 16, 24, 320, 2, 24, 96, 13013 }, // U+04CF
    { 18, 31, 320, 1, 31, 140, 13109 }, // U+04D0
    { 17, 26, 320, 2, 26, 111, 13249 }, // U+04D1
    { 18, 30, 320, 1, 30, 135, 13360 }, // U+04D2
    { 17, 24, 320, 2, 24, 102, 13495 }, // U+04D3
    { 19, 23, 320, 0, 23, 110, 13597 }, // U+04D4
    { 20, 17, 320, 0, 17, 85, 13707 }, // U+04D5
    { 16, 31, 320, 2, 31, 124, 13792 }, // U+04D6
    { 16, 26, 320, 2, 26, 104, 13916 }, // U+04D7
    { 17, 23, 320, 1, 23, 98, 14020 }, // U+04D8
    { 16, 17, 320, 2, 17, 68, 14118 }, // U+04D9
    { 20, 30, 320, 0, 30, 150, 14186 }, // U+04DC
    { 19, 24, 320, 0, 24, 114, 14336 }, // U+04DD
    { 17, 30, 320, 1, 30, 128, 14450 }, // U+04DE
    { 15, 24, 320, 2, 24, 90, 14578 }, // U+04DF
    { 16, 29, 320, 2, 29, 116, 14668 }, // U+04E2
    { 14, 23, 320, 3, 23, 81, 14784 }, // U+04E3
    { 16, 30, 320, 2, 30, 120, 14865 }, // U+04E4
    { 14, 24, 320, 3, 24, 84, 14985 }, // U+04E5
    { 17, 30, 320, 1, 30, 128, 15069 }, // U+04E6
    { 16, 24, 320, 2, 24, 96, 15197 }, // U+04E7
    { 17, 23, 320, 1, 23, 98, 15293 }, // U+04E8
    { 16, 17, 320, 2, 17, 68, 15391 }, // U+04E9
    { 18, 29, 320, 1, 29, 131, 15459 }, // U+04EE
    { 18, 30, 320, 1, 23, 135, 15590 }, // U+04EF
    { 18, 30, 320, 1, 30, 135, 15725 }, // U+04F0
    { 18, 31, 320, 1, 24, 140, 15860 }, // U+04F1
    { 18, 32, 320, 1, 32, 144, 16000 }, // U+04F2
    { 18, 33, 320, 1, 26, 149, 16144 }, // U+04F3
    { 16, 30, 320, 1, 30, 120, 16293 }, // U+04F4
    { 15, 24, 320, 2, 24, 90, 16413 }, // U+04F5
    { 18, 30, 320, 1, 30, 135, 16503 }, // U+04F8
    { 18, 24, 320, 1, 24, 108, 16638 }, // U+04F9
    { 18, 29, 320, 1, 23, 131, 0 }, // U+1EA0
    { 17, 23, 320, 2, 17, 98, 131 }, // U+1EA1
    { 18, 30, 320, 1, 30, 135, 229 }, // U+1EA2
    { 17, 25, 320, 2, 25, 107, 364 }, // U+1EA3
    { 18, 36, 320, 1, 36, 162, 471 }, // U+1EA4
    { 17, 30, 320, 2, 30, 128, 633 }, // U+1EA5
    { 18, 36, 320, 1, 36, 162, 761 }, // U+1EA6
    { 19, 30, 320, 0, 30, 143, 923 }, // U+1EA7
    { 18, 35, 320, 1, 35, 158, 1066 }, // U+1EA8
    { 17, 30, 320, 2, 30, 128, 1224 }, // U+1EA9
    { 18, 35, 320, 1, 35, 158, 1352 }, // U+1EAA
    { 17, 29, 320, 2, 29, 124, 1510 }, // U+1EAB
    { 18, 37, 320, 1, 31, 167, 1634 }, // U+1EAC
    { 17, 31, 320, 2, 25, 132, 1801 }, // U+1EAD
    { 18, 36, 320, 1, 36, 162, 1933 }, // U+1EAE
    { 17, 30, 320, 2, 30, 128, 2095 }, // U+1EAF
    { 18, 36, 320, 1, 36, 162, 2223 }, // U+1EB0
    { 17, 30, 320, 2, 30, 128, 2385 }, // U+1EB1
    { 18, 35, 320, 1, 35, 158, 2513 }, // U+1EB2
    { 17, 29, 320, 2, 29, 124, 2671 }, // U+1EB3
    { 18, 35, 320, 1, 35, 158, 2795 }, // U+1EB4
    { 17, 29, 320, 2, 29, 124, 2953 }, // U+1EB5
    { 18, 37, 320, 1, 31, 167, 3077 }, // U+1EB6
    { 17, 32, 320, 2, 26, 136, 3244 }, // U+1EB7
    { 16, 29, 320, 2, 23, 116, 3380 }, // U+1EB8
    { 16, 23, 320, 2, 17, 92, 3496 }, // U+1EB9
    { 16, 30, 320, 2, 30, 120, 3588 }, // U+1EBA
    { 16, 25, 320, 2, 25, 100, 3708 }, // U+1EBB
    { 16, 30, 320, 2, 30, 120, 3808 }, // U+1EBC
    { 16, 24, 320, 2, 24, 96, 3928 }, // U+1EBD
    { 17, 36, 320, 2, 36, 153, 4024 }, // U+1EBE
    { 17, 30, 320, 2, 30, 128, 4177 }, // U+1EBF
    { 17, 36, 320, 1, 36, 153, 4305 }, // U+1EC0
    { 17, 30, 320, 1, 30, 128, 4458 }, // U+1EC1
    { 16, 35, 320, 2, 35, 140, 4586 }, // U+1EC2
    { 16, 30, 320, 2, 30, 120, 4726 }, // U+1EC3
    { 16, 35, 320, 2, 35, 140, 4846 }, // U+1EC4
    { 16, 29, 320, 2, 29, 116, 4986 }, // U+1EC5
    { 16, 37, 320, 2, 31, 148, 5102 }, // U+1EC6
    { 16, 31, 320, 2, 25, 124, 5250 }, // U+1EC7
    { 16, 30, 320, 2, 30, 120, 5374 }, // U+1EC8
    { 16, 25, 320, 3, 25, 100, 5494 }, // U+1EC9
    { 16, 29, 320, 2, 23, 116, 5594 }, // U+1ECA
    { 16, 30, 320, 3, 24, 120, 5710 }, // U+1ECB
    { 17, 29, 320, 1, 23, 124, 5830 }, // U+1ECC
    { 16, 23, 320, 2, 17, 92, 5954 }, // U+1ECD
    { 17, 30, 320, 1, 30, 128, 6046 }, // U+1ECE
    { 16, 25, 320, 2, 25, 100, 6174 }, // U+1ECF
    { 18, 36, 320, 1, 36, 162, 6274 }, // U+1ED0
    { 17, 30, 320, 2, 30, 128, 6436 }, // U+1ED1
    { 17, 36, 320, 1, 36, 153, 6564 }, // U+1ED2
    { 17, 30, 320, 1, 30, 128, 6717 }, // U+1ED3
    { 17, 35, 320, 1, 35, 149, 6845 }, // U+1ED4
    { 16, 30, 320, 2, 30, 120, 6994 }, // U+1ED5
    { 17, 35, 320, 1, 35, 149, 7114 }, // U+1ED6
    { 16, 29, 320, 2, 29, 116, 7263 }, // U+1ED7
    { 17, 37, 320, 1, 31, 158, 7379 }, // U+1ED8
    { 16, 31, 320, 2, 25, 124, 7537 }, // U+1ED9
    { 18, 32, 320, 1, 32, 144, 7661 }, // U+1EDA
    { 16, 26, 320, 2, 26, 104, 7805 }, // U+1EDB
    { 18, 32, 320, 1, 32, 144, 7909 }, // U+1EDC
    { 16, 26, 320, 2, 26, 104, 8053 }, // U+1EDD
    { 18, 30, 320, 1, 30, 135, 8157 }, // U+1EDE
    { 16, 25, 320, 2, 25, 100, 8292 }, // U+1EDF
    { 18, 29, 320, 1, 29, 131, 8392 }, // U+1EE0
    { 16, 23, 320, 2, 23, 92, 8523 }, // U+1EE1
    { 18, 32, 320, 1, 26, 144, 8615 }, // U+1EE2
    { 16, 26, 320, 2, 20, 104, 8759 }, // U+1EE3
    { 16, 29, 320, 2, 23, 116, 8863 }, // U+1EE4
    { 14, 23, 320, 3, 17, 81, 8979 }, // U+1EE5
    { 16, 30, 320, 2, 30, 120, 9060 }, // U+1EE6
    { 14, 25, 320, 3, 25, 88, 9180 }, // U+1EE7
    { 18, 32, 320, 2, 32, 144, 9268 }, // U+1EE8
    { 17, 26, 320, 3, 26, 111, 9412 }, // U+1EE9
    { 18, 32, 320, 2, 32, 144, 9523 }, // U+1EEA
    { 17, 26, 320, 3, 26, 111, 9667 }, // U+1EEB
    { 18, 30, 320, 2, 30, 135, 9778 }, // U+1EEC
    { 17, 25, 320, 3, 25, 107, 9913 }, // U+1EED
    { 18, 29, 320, 2, 29, 131, 10020 }, // U+1EEE
    { 17, 23, 320, 3, 23, 98, 10151 }, // U+1EEF
    { 18, 33, 320, 2, 27, 149, 10249 }, // U+1EF0
    { 17, 27, 320, 3, 21, 115, 10398 }, // U+1EF1
    { 20, 32, 320, 0, 32, 160, 10513 }, // U+1EF2
    { 18, 33, 320, 1, 26, 149, 10673 }, // U+1EF3
    { 20, 29, 320, 0, 23, 145, 10822 }, // U+1EF4
    { 18, 24, 320, 1, 17, 108, 10967 }, // U+1EF5
    { 20, 30, 320, 0, 30, 150, 11075 }, // U+1EF6
    { 18, 32, 320, 1, 25, 144, 11225 }, // U+1EF7
    { 20, 30, 320, 0, 30, 150, 11369 }, // U+1EF8
    { 18, 31, 320, 1, 24, 140, 11519 }, // U+1EF9
    { 17, 2, 320, 1, 11, 9, 0 }, // U+2013
    { 20, 2, 320, 0, 11, 10, 9 }, // U+2014
    { 7, 10, 320, 6, 24, 18, 19 }, // U+2018
    { 7, 10, 320, 7, 24, 18, 37 }, // U+2019
    { 7, 9, 320, 6, 4, 16, 55 }, // U+201A
    { 15, 10, 320, 2, 24, 38, 71 }, // U+201C
    { 15, 10, 320, 3, 24, 38, 109 }, // U+201D
    { 15, 9, 320, 3, 4, 34, 147 }, // U+201E
    { 16, 31, 320, 2, 24, 124, 181 }, // U+2020
    { 16, 31, 320, 2, 24, 124, 305 }, // U+2021
    { 9, 8, 320, 5, 14, 18, 429 }, // U+2022
    { 18, 4, 320, 1, 4, 18, 447 }, // U+2026
    { 20, 23, 320, 0, 23, 115, 465 }, // U+2030
    { 6, 11, 320, 7, 23, 17, 580 }, // U+2032
    { 11, 11, 320, 4, 23, 31, 597 }, // U+2033
    { 9, 14, 320, 5, 16, 32, 628 }, // U+2039
    { 9, 14, 320, 6, 16, 32, 660 }, // U+203A
    { 20, 23, 320, 0, 23, 115, 692 }, // U+2044
    { 10, 12, 320, 5, 23, 30, 0 }, // U+2070
    { 11, 12, 320, 4, 23, 33, 30 }, // U+2074
    { 10, 12, 320, 5, 23, 30, 63 }, // U+2075
    { 10, 12, 320, 5, 23, 30, 93 }, // U+2076
    { 10, 12, 320, 5, 23, 30, 123 }, // U+2077
    { 10, 12, 320, 5, 23, 30, 153 }, // U+2078
    { 10, 12, 320, 5, 23, 30, 183 }, // U+2079
    { 10, 12, 320, 5, 12, 30, 213 }, // U+2080
    { 10, 12, 320, 5, 12, 30, 243 }, // U+2081
    { 10, 12, 320, 5, 12, 30, 273 }, // U+2082
    { 11, 12, 320, 4, 12, 33, 303 }, // U+2083
    { 11, 12, 320, 4, 12, 33, 336 }, // U+2084
    { 10, 12, 320, 5, 12, 30, 369 }, // U+2085
    { 10, 12, 320, 5, 12, 30, 399 }, // U+2086
    { 10, 12, 320, 5, 12, 30, 429 }, // U+2087
    { 10, 12, 320, 5, 12, 30, 459 }, // U+2088
    { 10, 12, 320, 5, 12, 30, 489 }, // U+2089
    { 16, 29, 320, 2, 26, 116, 0 }, // U+20A1
    { 18, 23, 320, 1, 23, 104, 116 }, // U+20A4
    { 19, 23, 320, 0, 23, 110, 220 }, // U+20A6
    { 19, 23, 320, 1, 23, 110, 330 }, // U+20A8
    { 19, 23, 320, 0, 23, 110, 440 }, // U+20A9
    { 17, 23, 320, 1, 23, 98, 550 }, // U+20AA
    { 17, 24, 320, 2, 24, 102, 648 }, // U+20AB
    { 16, 23, 320, 2, 23, 92, 750 }, // U+20AC
    { 19, 23, 320, 0, 23, 110, 842 }, // U+20AD
    { 19, 23, 320, 0, 23, 110, 952 }, // U+20AE
    { 19, 23, 320, 0, 23, 110, 1062 }, // U+20B1
    { 17, 29, 320, 1, 26, 124, 1172 }, // U+20B2
    { 19, 23, 320, 0, 23, 110, 1296 }, // U+20B4
    { 16, 29, 320, 2, 26, 116, 1406 }, // U+20B5
    { 18, 23, 320, 1, 23, 104, 1522 }, // U+20B8
    { 18, 23, 320, 1, 23, 104, 1626 }, // U+20B9
    { 18, 23, 320, 1, 23, 104, 1730 }, // U+20BA
    { 18, 23, 320, 1, 23, 104, 1834 }, // U+20BD
    { 16, 31, 320, 2, 27, 124, 1938 }, // U+20BF
    { 19, 14, 320, 0, 19, 67, 0 }, // U+2190
    { 14, 23, 320, 3, 23, 81, 67 }, // U+2191
    { 20, 14, 320, 0, 19, 70, 148 }, // U+2192
    { 14, 23, 320, 3, 23, 81, 218 }, // U+2193
    { 20, 14, 320, 0, 19, 70, 299 }, // U+2194
    { 14, 23, 320, 3, 23, 81, 369 }, // U+2195
    { 18, 17, 320, 1, 20, 77, 450 }, // U+2196
    { 18, 17, 320, 0, 20, 77, 527 }, // U+2197
    { 18, 17, 320, 0, 20, 77, 604 }, // U+2198
    { 18, 17, 320, 1, 20, 77, 681 }, // U+2199
    { 20, 19, 320, 0, 21, 95, 758 }, // U+21A9
    { 20, 19, 320, 0, 21, 95, 853 }, // U+21AA
    { 17, 23, 320, 1, 23, 98, 948 }, // U+21B0
    { 17, 23, 320, 2, 23, 98, 1046 }, // U+21B1
    { 17, 23, 320, 1, 23, 98, 1144 }, // U+21B2
    { 17, 23, 320, 2, 23, 98, 1242 }, // U+21B3
    { 20, 21, 320, 0, 21, 105, 1340 }, // U+21B6
    { 20, 21, 320, 0, 21, 105, 1445 }, // U+21B7
    { 19, 23, 320, 0, 23, 110, 1550 }, // U+21BA
    { 19, 23, 320, 0, 23, 110, 1660 }, // U+21BB
    { 20, 24, 320, 0, 24, 120, 1770 }, // U+21C4
    { 20, 24, 320, 0, 24, 120, 1890 }, // U+21C6
    { 16, 23, 320, 2, 23, 92, 0 }, // U+2202
    { 18, 23, 320, 1, 23, 104, 92 }, // U+2206
    { 16, 23, 320, 2, 23, 92, 196 }, // U+220F
    { 16, 30, 320, 2, 23, 120, 288 }, // U+2211
    { 16, 2, 320, 2, 11, 8, 408 }, // U+2212
    { 20, 23, 320, 0, 23, 115, 416 }, // U+2215
    { 19, 23, 320, 0, 23, 110, 531 }, // U+221A
    { 20, 12, 320, 0, 16, 60, 641 }, // U+221E
    { 17, 31, 320, 1, 24, 132, 701 }, // U+222B
    { 18, 10, 320, 1, 15, 45, 833 }, // U+2248
    { 16, 14, 320, 2, 17, 56, 878 }, // U+2260
    { 15, 20, 320, 2, 20, 75, 934 }, // U+2264
    { 15, 20, 320, 2, 20, 75, 1009 }, // U+2265
    { 17, 24, 320, 1, 24, 102, 0 }, // U+FB01
    { 16, 24, 320, 1, 24, 96, 102 }, // U+FB02
};

static const EpdUnicodeInterval terminalmono_16_regularIntervals[] = {
    { 0x0, 0x0, 0x0 },
    { 0xD, 0xD, 0x1 },
    { 0x20, 0x7E, 0x2 },
    { 0xA0, 0x17F, 0x61 },
    { 0x1A0, 0x1A1, 0x141 },
    { 0x1AF, 0x1B0, 0x143 },
    { 0x1CD, 0x1DC, 0x145 },
    { 0x1FA, 0x1FF, 0x155 },
    { 0x218, 0x21B, 0x15B },
    { 0x300, 0x304, 0x15F },
    { 0x306, 0x30C, 0x164 },
    { 0x312, 0x312, 0x16B },
    { 0x315, 0x315, 0x16C },
    { 0x31B, 0x31B, 0x16D },
    { 0x323, 0x323, 0x16E },
    { 0x326, 0x328, 0x16F },
    { 0x400, 0x45F, 0x172 },
    { 0x472, 0x473, 0x1D2 },
    { 0x490, 0x49D, 0x1D4 },
    { 0x4A0, 0x4A5, 0x1E2 },
    { 0x4AA, 0x4AB, 0x1E8 },
    { 0x4AE, 0x4B3, 0x1EA },
    { 0x4B6, 0x4BB, 0x1F0 },
    { 0x4C0, 0x4C2, 0x1F6 },
    { 0x4CF, 0x4D9, 0x1F9 },
    { 0x4DC, 0x4DF, 0x204 },
    { 0x4E2, 0x4E9, 0x208 },
    { 0x4EE, 0x4F5, 0x210 },
    { 0x4F8, 0x4F9, 0x218 },
    { 0x1EA0, 0x1EF9, 0x21A },
    { 0x2013, 0x2014, 0x274 },
    { 0x2018, 0x201A, 0x276 },
    { 0x201C, 0x201E, 0x279 },
    { 0x2020, 0x2022, 0x27C },
    { 0x2026, 0x2026, 0x27F },
    { 0x2030, 0x2030, 0x280 },
    { 0x2032, 0x2033, 0x281 },
    { 0x2039, 0x203A, 0x283 },
    { 0x2044, 0x2044, 0x285 },
    { 0x2070, 0x2070, 0x286 },
    { 0x2074, 0x2079, 0x287 },
    { 0x2080, 0x2089, 0x28D },
    { 0x20A1, 0x20A1, 0x297 },
    { 0x20A4, 0x20A4, 0x298 },
    { 0x20A6, 0x20A6, 0x299 },
    { 0x20A8, 0x20AE, 0x29A },
    { 0x20B1, 0x20B2, 0x2A1 },
    { 0x20B4, 0x20B5, 0x2A3 },
    { 0x20B8, 0x20BA, 0x2A5 },
    { 0x20BD, 0x20BD, 0x2A8 },
    { 0x20BF, 0x20BF, 0x2A9 },
    { 0x2190, 0x2199, 0x2AA },
    { 0x21A9, 0x21AA, 0x2B4 },
    { 0x21B0, 0x21B3, 0x2B6 },
    { 0x21B6, 0x21B7, 0x2BA },
    { 0x21BA, 0x21BB, 0x2BC },
    { 0x21C4, 0x21C4, 0x2BE },
    { 0x21C6, 0x21C6, 0x2BF },
    { 0x2202, 0x2202, 0x2C0 },
    { 0x2206, 0x2206, 0x2C1 },
    { 0x220F, 0x220F, 0x2C2 },
    { 0x2211, 0x2212, 0x2C3 },
    { 0x2215, 0x2215, 0x2C5 },
    { 0x221A, 0x221A, 0x2C6 },
    { 0x221E, 0x221E, 0x2C7 },
    { 0x222B, 0x222B, 0x2C8 },
    { 0x2248, 0x2248, 0x2C9 },
    { 0x2260, 0x2260, 0x2CA },
    { 0x2264, 0x2265, 0x2CB },
    { 0xFB01, 0xFB02, 0x2CD },
};

static const EpdFontGroup terminalmono_16_regularGroups[] = {
    { 0, 2916, 8274, 97, 0 },
    { 2916, 2354, 9596, 96, 97 },
    { 5270, 3100, 15775, 128, 193 },
    { 8370, 1041, 4032, 30, 321 },
    { 9411, 208, 252, 19, 351 },
    { 9619, 3979, 17935, 168, 370 },
    { 13598, 1791, 12742, 90, 538 },
    { 15389, 322, 855, 18, 628 },
    { 15711, 251, 612, 17, 646 },
    { 15962, 940, 2208, 19, 663 },
    { 16902, 701, 2156, 22, 682 },
    { 17603, 449, 1138, 13, 704 },
    { 18052, 58, 216, 2, 717 },
};

static const EpdFontData terminalmono_16_regular = {
    terminalmono_16_regularBitmaps,
    terminalmono_16_regularGlyphs,
    terminalmono_16_regularIntervals,
    70,
    43,
    35,
    -10,
    true,
    terminalmono_16_regularGroups,
    13,
    nullptr,
    nullptr,
    nullptr,
    nullptr,
    nullptr,
    nullptr,
    nullptr,
    nullptr,
    nullptr,
    nullptr,
    nullptr,
    0,
    0,
    0,
    0,
    nullptr,
    0,
};
