/**
 * generated by fontconvert.py
 * name: terminalmono_24_regular
 * size: 24
 * mode: 2-bit  compressed: true
 * Command used: fontconvert.py terminalmono_24_regular 24 ../builtinFonts/source/IBMPlexMono/IBMPlexMono-Regular.ttf --2bit --compress --zopfli
 */
#pragma once
#include "EpdFontData.h"

static const uint8_t terminalmono_24_regularBitmaps[30267] = {
    0xC4, 0x96, 0x41, 0x8E, 0xE5, 0x4A, 0x11, 0x45, 0xAF, 0x9F, 0x45, 0x19, 0xE1, 0x81, 0x99, 0xB7,
    0x90, 0x97, 0xE0, 0x1D, 0x74, 0x7A, 0x07, 0xB0, 0x04, 0x76, 0xD0, 0x4B, 0xB0, 0xC5, 0x84, 0xE9,
    0x5F, 0x10, 0xC2, 0x66, 0xCC, 0x00, 0x0B, 0x31, 0xC7, 0xD2, 0x6F, 0x89, 0xE1, 0x77, 0x4B, 0x96,
    0xBE, 0x1B, 0xA5, 0x1D, 0xF8, 0x28, 0x52, 0x3C, 0x3F, 0xAA, 0x9E, 0xA8, 0x06, 0x21, 0xB2, 0xCA,
    0xF7, 0xBA, 0x5C, 0x11, 0x91, 0x37, 0x32, 0xC2, 0xE9, 0xAC, 0x96, 0xE7, 0x3F, 0xE5, 0x5C, 0xCE,
    0xC5, 0x54, 0x4C, 0xF9, 0xE8, 0x3F, 0xBA, 0x8C, 0x7A, 0xED, 0xF6, 0xE1, 0xE0, 0xA7, 0xDB, 0xCF,
    0xFB, 0xBE, 0x9E, 0xBE, 0xF9, 0x6A, 0xEB, 0x49, 0xCA, 0xA2, 0x42, 0x2B, 0xE9, 0x16, 0xD5, 0x11,
    0x37, 0x8F, 0x1A, 0x04, 0x6F, 0xB2, 0xC4, 0x07, 0x5C, 0xAC, 0xDA, 0xE1, 0x72, 0xC9, 0x60, 0x55,
    0x4B, 0x16, 0x9D, 0x6F, 0xCE, 0xF3, 0x69, 0xA9, 0xC2, 0x6C, 0xCA, 0xCD, 0xC6, 0x3B, 0xDF, 0xAF,
    0xF2, 0xBC, 0xA4, 0x30, 0x96, 0x0B, 0xF6, 0xA1, 0xAF, 0x60, 0x75, 0x6D, 0x35, 0x0B, 0x56, 0x35,
    0xC1, 0x83, 0x6A, 0x58, 0xA6, 0x66, 0x84, 0x0F, 0x05, 0xBC, 0xEC, 0x64, 0xDB, 0x2F, 0x57, 0x54,
    0x77, 0x61, 0xE4, 0x3F, 0xCA, 0x5E, 0x61, 0x64, 0x27, 0xF9, 0x49, 0x76, 0x89, 0xDC, 0x47, 0xD9,
    0xCE, 0x53, 0xBE, 0xC1, 0xF5, 0x78, 0x7A, 0x8A, 0x11, 0xFF, 0x2D, 0x7D, 0xB2, 0xCF, 0x44, 0x34,
    0xB3, 0x16, 0x85, 0x66, 0x8B, 0x74, 0xA2, 0x45, 0xE5, 0x36, 0xC7, 0x4F, 0xA6, 0xE2, 0x50, 0xBC,
    0xD9, 0x58, 0x6D, 0x8A, 0xEA, 0xC8, 0x37, 0xEA, 0x17, 0x82, 0xA4, 0x27, 0xB4, 0x09, 0x2A, 0x0F,
    0x88, 0x28, 0x50, 0x66, 0x06, 0x69, 0x30, 0x43, 0x62, 0x6D, 0x66, 0x23, 0x4F, 0xFD, 0xCF, 0x9F,
    0x98, 0x91, 0xA0, 0xCE, 0xF9, 0x28, 0x23, 0xF3, 0x41, 0x1A, 0x9C, 0xC2, 0x24, 0xA8, 0x99, 0x05,
    0xD5, 0x10, 0x7F, 0xE5, 0x82, 0xA6, 0x7A, 0x14, 0x26, 0x61, 0x11, 0x0E, 0xCD, 0x8E, 0x7B, 0x5F,
    0xDA, 0x67, 0xC4, 0xDF, 0x3C, 0x15, 0x75, 0x24, 0xE6, 0x69, 0xF6, 0x9E, 0xF4, 0xFB, 0x96, 0xE7,
    0xC3, 0x57, 0xFF, 0x23, 0x55, 0x3D, 0x27, 0x0A, 0xD5, 0x5E, 0xCB, 0x8D, 0xEA, 0x56, 0x53, 0x16,
    0x95, 0x45, 0xAA, 0xBC, 0x53, 0xB5, 0xD0, 0xEB, 0xF7, 0x2A, 0x16, 0x9A, 0x71, 0x50, 0x35, 0x3B,
    0x37, 0xA3, 0x73, 0xE8, 0x9D, 0x07, 0xB9, 0xDD, 0x2E, 0xE1, 0x47, 0x09, 0x89, 0x43, 0xC9, 0x88,
    0x4B, 0x67, 0x31, 0x4F, 0x35, 0xA5, 0x79, 0xAF, 0x3A, 0x2E, 0xE3, 0xE5, 0x68, 0x21, 0x05, 0x24,
    0xA9, 0x93, 0x2F, 0xF0, 0x71, 0x3B, 0x32, 0x93, 0x08, 0xA7, 0x8E, 0x4E, 0x42, 0x4D, 0x7F, 0x6A,
    0x2A, 0x67, 0x66, 0xAB, 0xE6, 0x53, 0x55, 0x3D, 0x9E, 0xB7, 0x30, 0xC2, 0x9C, 0x07, 0x39, 0xEF,
    0xC2, 0x6E, 0x3C, 0x35, 0xE1, 0xD7, 0x9F, 0x41, 0x88, 0x43, 0x65, 0x89, 0x4B, 0x57, 0x33, 0x4F,
    0xEA, 0xE6, 0xE5, 0xA2, 0xA3, 0x41, 0x20, 0xCB, 0x8D, 0xEA, 0xCA, 0x6C, 0x15, 0x16, 0xB6, 0x23,
    0xED, 0x73, 0x61, 0xA4, 0xD2, 0xF3, 0x8B, 0xB8, 0x8F, 0x52, 0x76, 0x48, 0x3F, 0x3F, 0xED, 0x77,
    0x31, 0x32, 0xC8, 0x1F, 0x32, 0xCC, 0x69, 0xF0, 0xFC, 0xBA, 0x11, 0x54, 0xB3, 0x80, 0x34, 0x17,
    0xA3, 0xDC, 0x25, 0x8B, 0x6A, 0x0C, 0x62, 0x95, 0x4E, 0xCA, 0x6D, 0x58, 0x4E, 0xAA, 0x62, 0x4D,
    0x03, 0xD6, 0xCB, 0x69, 0x43, 0x5F, 0xE4, 0x96, 0x21, 0x58, 0xF6, 0x07, 0xFA, 0x57, 0xE1, 0xCB,
    0xA6, 0xA1, 0x57, 0xFD, 0xF7, 0x95, 0x09, 0x4A, 0x5B, 0xA0, 0x1B, 0xD4, 0x4B, 0x36, 0x33, 0x9D,
    0xC2, 0x42, 0xCB, 0xA9, 0x3B, 0xFD, 0x56, 0x65, 0x3F, 0x1E, 0xAA, 0x8F, 0xB6, 0xFE, 0x42, 0x53,
    0x99, 0x8D, 0xDD, 0x44, 0x53, 0xB5, 0xCD, 0xE9, 0x6F, 0xBB, 0xCA, 0xA8, 0x17, 0xFB, 0x0E, 0xD1,
    0x0F, 0x43, 0x2C, 0x19, 0xB3, 0xCA, 0xD8, 0x8D, 0xFC, 0xCF, 0x7A, 0xA2, 0xF2, 0xD2, 0x40, 0x7D,
    0xA8, 0xCD, 0x79, 0xD1, 0x94, 0x0B, 0x0D, 0xC0, 0x5B, 0x4B, 0x43, 0xB8, 0x49, 0x68, 0x29, 0xA9,
    0x5F, 0xC3, 0xD3, 0xEB, 0x6E, 0x83, 0x3D, 0x7E, 0xF8, 0x13, 0x87, 0x78, 0xC4, 0xCD, 0xB9, 0x36,
    0xE6, 0x73, 0x07, 0x8C, 0xD0, 0x81, 0x1E, 0x74, 0xA1, 0x0F, 0x9D, 0x3C, 0x00, 0x1F, 0x1F, 0xBB,
    0xAD, 0x07, 0xDA, 0xBC, 0x4C, 0x1E, 0x84, 0xAB, 0xBF, 0xCF, 0x54, 0xCD, 0x6E, 0x54, 0x60, 0xB8,
    0xA6, 0x6B, 0x7B, 0x7E, 0xB9, 0x8D, 0xDB, 0xE3, 0x87, 0xBF, 0xAF, 0x40, 0xCA, 0x9E, 0x79, 0x98,
    0x0F, 0x73, 0x4C, 0xD0, 0xF1, 0x6A, 0x39, 0xF9, 0xD3, 0xFF, 0xFA, 0x76, 0xFA, 0xD8, 0x9E, 0xF4,
    0x61, 0xEC, 0xBE, 0xE6, 0xF1, 0xC5, 0xA6, 0xC1, 0xFE, 0xB6, 0x0F, 0x36, 0x7F, 0xA0, 0x72, 0x47,
    0xAB, 0x4F, 0x66, 0x94, 0x34, 0x1B, 0x7C, 0x97, 0xA8, 0x0C, 0x54, 0xB0, 0x11, 0x3A, 0xED, 0x68,
    0x55, 0xAB, 0x56, 0x62, 0xED, 0x85, 0xEF, 0x78, 0x37, 0x5A, 0xB7, 0x5E, 0x64, 0x2D, 0xBA, 0x5C,
    0x69, 0xCB, 0x03, 0x9A, 0xBD, 0x1C, 0xA5, 0x9F, 0x4A, 0x37, 0xB1, 0xD3, 0xFD, 0x0A, 0xAC, 0x96,
    0xFF, 0x14, 0xED, 0xC9, 0xF8, 0x6F, 0x62, 0xBA, 0xAA, 0xC2, 0xC6, 0x82, 0x16, 0x6F, 0x2B, 0x53,
    0xB5, 0xAB, 0x8A, 0xAA, 0x37, 0x35, 0x8B, 0xBF, 0x0C, 0x64, 0xD4, 0xF5, 0x1A, 0xC4, 0x6F, 0x67,
    0xB6, 0x5F, 0xAF, 0xC7, 0xAF, 0xB8, 0xE4, 0xD5, 0xF2, 0x66, 0xA4, 0xA0, 0x60, 0x77, 0x79, 0xB3,
    0x77, 0x80, 0x6D, 0x8F, 0xF2, 0x82, 0xC5, 0x55, 0xD0, 0x6B, 0xD7, 0x16, 0x1C, 0x00, 0x1D, 0x40,
    0x76, 0x75, 0x5D, 0xC1, 0xD2, 0x5D, 0x67, 0xB0, 0x76, 0x57, 0xC7, 0xD7, 0xAE, 0x97, 0xB9, 0x1F,
    0x5C, 0xFF, 0x37, 0xB2, 0x79, 0x66, 0x3D, 0x7E, 0xF7, 0xEF, 0x5E, 0xEB, 0x9F, 0xA3, 0x49, 0xB2,
    0x35, 0xB3, 0x45, 0x37, 0x3A, 0x65, 0x53, 0x7E, 0x48, 0x65, 0xE4, 0x97, 0x5B, 0xDA, 0x2B, 0x33,
    0x0F, 0x6E, 0xFE, 0xC9, 0x1B, 0xDA, 0x66, 0x82, 0xFA, 0x00, 0x75, 0x63, 0x18, 0xEF, 0x14, 0xEE,
    0x94, 0x47, 0x41, 0x95, 0x3D, 0x27, 0x4C, 0xAE, 0x7E, 0x44, 0xF1, 0x98, 0x69, 0x86, 0x34, 0x9F,
    0xCF, 0x9E, 0xB4, 0x24, 0x65, 0x49, 0x67, 0x52, 0x9D, 0x72, 0x48, 0x19, 0xA5, 0xFC, 0x3C, 0xDB,
    0x94, 0xBB, 0x93, 0xD7, 0x01, 0xE2, 0x7F, 0x50, 0xE9, 0xD4, 0xEC, 0x90, 0x86, 0xD5, 0xDD, 0x26,
    0xA8, 0xB4, 0x16, 0x6A, 0xA2, 0xA0, 0xB0, 0x40, 0x94, 0x15, 0x2A, 0x05, 0x31, 0xFE, 0xFF, 0x54,
    0x19, 0x63, 0x7E, 0x93, 0x94, 0x0D, 0x5F, 0xA9, 0x37, 0xB7, 0x1A, 0xFC, 0x38, 0x75, 0x0E, 0x72,
    0x2B, 0x6D, 0x64, 0xE1, 0x6C, 0x0A, 0x0B, 0xD9, 0x75, 0x23, 0x3B, 0x47, 0xD7, 0xF3, 0xF5, 0x2F,
    0x04, 0xEA, 0x5F, 0x71, 0x01, 0x6B, 0x50, 0xCD, 0x0C, 0x86, 0x09, 0xB4, 0x51, 0xA2, 0x0E, 0x7E,
    0xD8, 0xC2, 0x24, 0x82, 0x1D, 0x86, 0x7E, 0x82, 0x2A, 0x4D, 0xF8, 0x44, 0x70, 0xC0, 0x33, 0xA7,
    0x20, 0xBC, 0xDE, 0x04, 0x21, 0xB8, 0x07, 0x29, 0xB0, 0xA3, 0x9C, 0xB8, 0xCF, 0x02, 0x8D, 0xF1,
    0x1A, 0xA5, 0x4F, 0x47, 0x8B, 0x03, 0x05, 0x0E, 0x54, 0x5B, 0x3C, 0x9E, 0x72, 0x9B, 0x6E, 0xB6,
    0x20, 0xA3, 0xD9, 0x4A, 0x4E, 0x32, 0x31, 0x9B, 0xA5, 0x82, 0x99, 0x13, 0xE6, 0x97, 0xFB, 0x72,
    0xBB, 0x67, 0x17, 0x98, 0xEF, 0x85, 0xA3, 0x81, 0xD9, 0x2E, 0x70, 0x12, 0xF8, 0x19, 0x64, 0x42,
    0xFE, 0x3B, 0xDD, 0x8F, 0x00, 0xD5, 0x25, 0x1A, 0xBD, 0x48, 0xAE, 0xAF, 0x31, 0x13, 0xFF, 0xAD,
    0xDA, 0x13, 0xF7, 0x6E, 0xC2, 0x2B, 0x20, 0x78, 0xAB, 0xAC, 0x7F, 0xB1, 0xA5, 0x40, 0xF3, 0x28,
    0x50, 0xD4, 0x88, 0x06, 0x1F, 0xC8, 0x0B, 0xD7, 0x05, 0xCA, 0x9D, 0x2A, 0xA7, 0xFA, 0x07, 0x48,
    0xE1, 0x4F, 0x90, 0x86, 0x5F, 0x42, 0x3A, 0x2A, 0x28, 0x8F, 0x90, 0x8A, 0x15, 0xE2, 0x7C, 0x05,
    0x35, 0x23, 0xC4, 0x41, 0x11, 0x32, 0x41, 0xB7, 0x28, 0x28, 0xDF, 0x20, 0x2E, 0xA8, 0x1E, 0x21,
    0x76, 0x0C, 0x68, 0x10, 0x94, 0xED, 0x10, 0x86, 0x50, 0x99, 0x8C, 0x27, 0x28, 0x7D, 0xA9, 0x53,
    0x75, 0xE2, 0x9B, 0x94, 0x3A, 0xE6, 0xDD, 0xE4, 0x8D, 0xB9, 0xBC, 0x81, 0xAB, 0x48, 0xEC, 0x8A,
    0x0B, 0x58, 0x3E, 0xC1, 0xCA, 0x71, 0xFE, 0x70, 0xB4, 0x27, 0xD2, 0x20, 0xD5, 0xF7, 0x2C, 0x70,
    0xF5, 0x03, 0x8B, 0xED, 0x0B, 0x4F, 0xF1, 0xBA, 0xF5, 0x67, 0xB3, 0x52, 0x19, 0x4B, 0x2F, 0xE3,
    0x7E, 0x2F, 0xA6, 0xE3, 0xCD, 0xEF, 0x1D, 0xF7, 0x0C, 0x8C, 0x65, 0x8F, 0x7D, 0xC0, 0x77, 0x6B,
    0x36, 0xFA, 0xBC, 0xB2, 0xEF, 0x5E, 0x68, 0xBD, 0x73, 0xF4, 0x3A, 0x61, 0x4F, 0x2F, 0x5C, 0x7A,
    0xF9, 0x52, 0xCF, 0x17, 0xD6, 0x3E, 0xBE, 0x1B, 0xD9, 0xA5, 0xE7, 0x5D, 0x46, 0xF0, 0xBA, 0x8E,
    0x60, 0xDA, 0xAE, 0xEF, 0xBA, 0x5C, 0x63, 0xB5, 0x96, 0xD6, 0xAB, 0x5E, 0x06, 0xDB, 0x14, 0xFE,
    0x4C, 0xE3, 0x87, 0x3F, 0x92, 0x57, 0xF7, 0xD7, 0x53, 0xC3, 0xD2, 0xFD, 0x8E, 0xE6, 0x1A, 0x16,
    0x02, 0x0E, 0x93, 0x54, 0xEC, 0x36, 0xA2, 0xDF, 0x7A, 0x72, 0x19, 0x1C, 0x5B, 0xA6, 0xF6, 0xFB,
    0xAE, 0x07, 0x03, 0x36, 0x7B, 0xC0, 0x3E, 0xD6, 0xF8, 0x6E, 0x55, 0x44, 0x4C, 0x6E, 0xE4, 0x95,
    0x79, 0x5E, 0x9D, 0x19, 0x3B, 0xAE, 0x1F, 0xA9, 0xBB, 0x43, 0x32, 0xC6, 0xF1, 0x06, 0xA2, 0x38,
    0x82, 0x05, 0x78, 0x2A, 0x36, 0x70, 0x01, 0x9B, 0x09, 0x64, 0x3E, 0xB6, 0x77, 0xD0, 0x80, 0xEC,
    0x92, 0x66, 0x91, 0xD2, 0x14, 0x78, 0xDD, 0x6B, 0xC6, 0xCB, 0xDA, 0xB4, 0x77, 0xA7, 0xE3, 0xD5,
    0xEB, 0xEC, 0x4E, 0x60, 0xDA, 0xA0, 0xBA, 0xB4, 0xA0, 0x57, 0x27, 0xD0, 0x9D, 0x2E, 0xF3, 0xE9,
    0x13, 0x07, 0x2E, 0x92, 0xC4, 0xC0, 0xBF, 0x25, 0x99, 0x19, 0x39, 0xE7, 0xF6, 0x39, 0x1B, 0x22,
    0x1B, 0x1C, 0x17, 0xEB, 0x93, 0xDB, 0xE3, 0xD7, 0xF1, 0x91, 0xD2, 0xFF, 0x50, 0x46, 0x62, 0x34,
    0x12, 0xF2, 0x6C, 0x16, 0xD5, 0x69, 0x58, 0x52, 0x36, 0x14, 0xA3, 0x41, 0x12, 0x05, 0xEA, 0xA8,
    0xCC, 0xFE, 0x92, 0x75, 0xAB, 0x8A, 0x5D, 0x5C, 0x1E, 0xC5, 0xB3, 0xB1, 0x87, 0x2F, 0x6E, 0x78,
    0x42, 0xC9, 0x04, 0x07, 0x1B, 0x6B, 0xDC, 0xAD, 0xAD, 0x76, 0x92, 0x52, 0x41, 0x0E, 0xA7, 0x16,
    0x32, 0xDA, 0x52, 0x7E, 0x9E, 0xED, 0x3D, 0x77, 0x3D, 0x7E, 0x2F, 0x92, 0x75, 0x5B, 0xD2, 0x0A,
    0xA3, 0xB7, 0x05, 0x62, 0xAA, 0xD5, 0xDB, 0xA5, 0xA3, 0x75, 0xE2, 0x40, 0x1B, 0xED, 0xDE, 0x52,
    0x46, 0x7B, 0x5D, 0x1B, 0xCE, 0x06, 0x6C, 0xAC, 0xC3, 0xFE, 0x08, 0xF8, 0x1E, 0x7C, 0x09, 0x3E,
    0xEE, 0xBC, 0x36, 0x3F, 0xEE, 0xEC, 0x81, 0xDF, 0x47, 0x56, 0xF9, 0xB7, 0x51, 0x8D, 0x1D, 0xD5,
    0x7A, 0xBA, 0xCC, 0xB5, 0x97, 0x6F, 0x06, 0xBB, 0xB7, 0xDF, 0x87, 0xEB, 0x2B, 0x63, 0x13, 0x8F,
    0xAD, 0x7D, 0xFC, 0xA8, 0x64, 0x3C, 0xF6, 0x6F, 0xD2, 0xAB, 0xB3, 0xE1, 0x93, 0xF1, 0x68, 0x57,
    0xEC, 0xAA, 0xAD, 0x6D, 0xAC, 0xF7, 0xDF, 0xF3, 0x9E, 0xB2, 0xBC, 0x6F, 0xBC, 0xFB, 0x1C, 0xEB,
    0xE3, 0xD7, 0xC0, 0xED, 0xDE, 0xBA, 0x99, 0x81, 0x15, 0x19, 0x68, 0xD8, 0x45, 0xBC, 0xD9, 0x5F,
    0x3C, 0x56, 0x61, 0xF5, 0xD3, 0x0C, 0x66, 0x9B, 0x30, 0xEB, 0xDD, 0xCC, 0x97, 0x02, 0xD4, 0xFD,
    0x9E, 0xE7, 0xD8, 0x8C, 0x84, 0xBD, 0x1E, 0x88, 0x3C, 0x8E, 0x3A, 0x03, 0x89, 0x8F, 0xF1, 0x01,
    0x32, 0x2F, 0xC6, 0x49, 0x8F, 0x6B, 0x73, 0x9D, 0xF6, 0x64, 0xE8, 0x1D, 0xE3, 0x89, 0xAB, 0x37,
    0x9E, 0x36, 0xB7, 0xE9, 0xC1, 0xAB, 0xB2, 0xD2, 0xE6, 0x6B, 0x1A, 0xD3, 0x93, 0x34, 0xC2, 0x35,
    0x8D, 0xEE, 0xFE, 0x29, 0xF0, 0x7B, 0x9E, 0xE3, 0xF0, 0x4F, 0xFB, 0x1A, 0x5F, 0x8F, 0x53, 0xBE,
    0x5A, 0x65, 0xBB, 0x6B, 0xB0, 0xFE, 0xAE, 0xCD, 0x75, 0x72, 0xF6, 0x10, 0x5E, 0xE9, 0xC0, 0xB9,
    0xFB, 0x1E, 0xD1, 0x9E, 0xDB, 0x65, 0x61, 0x23, 0xFD, 0xD7, 0xCD, 0xF4, 0x58, 0xB3, 0xD0, 0xBF,
    0xD5, 0xDA, 0x8C, 0x60, 0xD6, 0x3F, 0x3F, 0x53, 0x35, 0xF7, 0x3E, 0xBF, 0x31, 0x9F, 0x4F, 0x10,
    0x6C, 0x13, 0xD8, 0x83, 0x9B, 0xC0, 0xF1, 0x39, 0x3E, 0x1F, 0xDD, 0x94, 0xB2, 0x21, 0xFA, 0x26,
    0x30, 0xFA, 0xBD, 0x3F, 0xBF, 0xDB, 0x70, 0xF6, 0x48, 0x5B, 0x7C, 0x30, 0x4B, 0x7B, 0x7C, 0x9F,
    0xDB, 0xF4, 0x62, 0x13, 0x9D, 0x1F, 0x16, 0x54, 0x57, 0x4B, 0xC5, 0x99, 0x6A, 0x6B, 0x26, 0xDE,
    0x7D, 0xE6, 0xBE, 0xC5, 0xD0, 0x6B, 0xF8, 0x4D, 0x0C, 0x6D, 0x61, 0x5F, 0x62, 0xA7, 0xDA, 0xBE,
    0xC6, 0x41, 0xC1, 0xF6, 0x7D, 0x60, 0x2D, 0x4E, 0x1C, 0xDA, 0x7C, 0x37, 0x99, 0xB2, 0x13, 0x8F,
    0x6F, 0x44, 0xD3, 0x8D, 0x08, 0xFF, 0xE8, 0xE6, 0xEA, 0x61, 0x24, 0xB7, 0xAD, 0x30, 0x67, 0x14,
    0x44, 0x40, 0x04, 0x84, 0x75, 0x7C, 0x85, 0xDA, 0x00, 0x29, 0xD4, 0xA6, 0x08, 0x40, 0x9D, 0x5D,
    0xBA, 0x70, 0xFA, 0xE6, 0x7A, 0xA4, 0xB8, 0x1E, 0x48, 0x4C, 0xD9, 0x3D, 0x90, 0xF4, 0x4D, 0x9A,
    0xD4, 0x49, 0x8A, 0xB4, 0x36, 0x19, 0x5C, 0x91, 0xF2, 0x14, 0xA4, 0x70, 0x69, 0x19, 0x70, 0x90,
    0xC2, 0x85, 0x15, 0x84, 0x06, 0xB4, 0x3E, 0x49, 0x0C, 0xBF, 0xEF, 0x69, 0x87, 0xDA, 0xDD, 0x99,
    0xF8, 0x7C, 0x7F, 0x5E, 0x67, 0xE1, 0xFD, 0xBE, 0xB5, 0x86, 0x7C, 0xEF, 0x91, 0x14, 0x7F, 0xDE,
    0x7B, 0x9C, 0xEB, 0xCA, 0x84, 0xE6, 0xEA, 0x8F, 0x8B, 0x55, 0x4D, 0x5C, 0x12, 0xEA, 0xF8, 0xD5,
    0x62, 0xDA, 0x22, 0xFE, 0x7D, 0x49, 0xDA, 0x7F, 0x82, 0xD3, 0x4E, 0x76, 0x9E, 0xF4, 0xB8, 0xDB,
    0xD6, 0x65, 0x8F, 0x11, 0x2F, 0xDA, 0xB1, 0x5D, 0x0D, 0xB1, 0x24, 0xAA, 0x9F, 0x11, 0x8B, 0xE8,
    0x15, 0xA9, 0xDF, 0xBD, 0x73, 0xFA, 0xE6, 0xF1, 0xEB, 0x93, 0x00, 0x6A, 0x9E, 0x50, 0xAC, 0x11,
    0xB2, 0x1F, 0x2E, 0x94, 0xFB, 0x70, 0x05, 0xC1, 0x5A, 0x46, 0x90, 0x5C, 0xCB, 0xB0, 0x12, 0x36,
    0x58, 0xBA, 0x39, 0x27, 0x2A, 0x03, 0x87, 0x9B, 0x07, 0xAF, 0x13, 0xD5, 0x83, 0xAA, 0x02, 0xB6,
    0x47, 0xEE, 0x17, 0xC6, 0xA3, 0x30, 0xD7, 0xE7, 0x05, 0x16, 0x9F, 0x86, 0x22, 0x6E, 0xD4, 0xF2,
    0x5C, 0x12, 0x3B, 0x2E, 0x84, 0x16, 0x7E, 0x14, 0x2A, 0x95, 0xA4, 0x41, 0x4F, 0x9C, 0xB3, 0xEC,
    0x81, 0x7A, 0xAC, 0x41, 0x3A, 0xF0, 0x0D, 0xAB, 0x26, 0x2C, 0xDA, 0x5C, 0xB5, 0xB9, 0x8A, 0xA2,
    0x2F, 0x5A, 0xCA, 0x1F, 0x89, 0x0B, 0x31, 0x62, 0x67, 0x2E, 0xA3, 0x4F, 0xA8, 0x1C, 0xD1, 0x0C,
    0xC0, 0x46, 0x70, 0xDC, 0xE1, 0x90, 0xD1, 0x48, 0xF9, 0x8E, 0x75, 0x29, 0x67, 0x22, 0xFA, 0xDD,
    0xDF, 0xB1, 0x75, 0x1D, 0x16, 0xE5, 0x2C, 0x41, 0x4F, 0xC0, 0x6A, 0x06, 0x96, 0x17, 0xB0, 0x22,
    0xEA, 0x49, 0x6A, 0x51, 0xC2, 0x40, 0x69, 0x9E, 0xB8, 0x93, 0xDF, 0x61, 0x30, 0x81, 0x05, 0x9E,
    0xD0, 0x09, 0x94, 0x5E, 0xF4, 0xE2, 0x1E, 0xC2, 0xEB, 0xA8, 0xA7, 0x72, 0x85, 0x64, 0x4D, 0x2F,
    0x92, 0xDB, 0xEB, 0xC4, 0x3E, 0x6A, 0xF7, 0x2E, 0x8D, 0xF1, 0x19, 0xED, 0x0B, 0xA1, 0xD9, 0x23,
    0x65, 0x8A, 0x7C, 0xD1, 0x25, 0x7A, 0xC5, 0x86, 0x92, 0x8E, 0xAC, 0xD8, 0x26, 0x76, 0x8A, 0xCD,
    0x62, 0xBF, 0xB4, 0x45, 0x96, 0x3A, 0x0B, 0x6F, 0x04, 0x18, 0x3B, 0x62, 0x20, 0x2E, 0xD0, 0xF8,
    0x38, 0x02, 0x8F, 0xB1, 0x83, 0x76, 0xE7, 0x81, 0x66, 0x10, 0x97, 0x0E, 0xA8, 0x03, 0xB0, 0x9A,
    0x32, 0x96, 0xF3, 0xCB, 0x62, 0x96, 0x46, 0xF9, 0xD4, 0x95, 0xF5, 0x3A, 0x2F, 0xF6, 0x88, 0x6D,
    0xB4, 0x33, 0xDB, 0x7C, 0x6A, 0x0B, 0x47, 0x70, 0x3C, 0x83, 0x5C, 0x74, 0x5F, 0x0A, 0xE9, 0x0E,
    0xDE, 0xC5, 0x97, 0x96, 0x4C, 0xBC, 0x6C, 0x39, 0x71, 0xBA, 0x8B, 0xAF, 0x48, 0xA3, 0x3F, 0x83,
    0xFC, 0xF4, 0x75, 0x21, 0xA3, 0xFE, 0xDC, 0xA0, 0x8F, 0x31, 0xCE, 0x39, 0x74, 0x64, 0xB6, 0xD0,
    0xD1, 0x74, 0x70, 0x23, 0x37, 0x2D, 0x3D, 0xF3, 0x58, 0x5D, 0x20, 0x16, 0x8D, 0xC2, 0x12, 0x22,
    0xBF, 0x92, 0x95, 0x98, 0x31, 0xC8, 0x3C, 0x09, 0x38, 0x23, 0x9E, 0x97, 0xA0, 0xEA, 0x22, 0x29,
    0x75, 0x9B, 0x9A, 0x41, 0x68, 0x24, 0xD5, 0xB7, 0x42, 0x47, 0xB4, 0x8C, 0x2B, 0x40, 0x54, 0x9C,
    0x72, 0x31, 0x3D, 0x0F, 0xD8, 0x65, 0x18, 0x1D, 0x89, 0xDC, 0x1A, 0xC6, 0xC8, 0xBD, 0xC1, 0x47,
    0xEC, 0xC4, 0x57, 0x09, 0xC4, 0x81, 0x79, 0x2D, 0x88, 0x9F, 0x73, 0xC8, 0x4F, 0xDF, 0xBC, 0x5E,
    0x59, 0xB2, 0xEE, 0x33, 0x5E, 0xB4, 0x1C, 0xE8, 0xEF, 0xE2, 0x7D, 0xB1, 0xDD, 0xFA, 0x07, 0x1E,
    0x68, 0xB8, 0x38, 0x9A, 0x01, 0x5E, 0x6C, 0x3D, 0xD1, 0x8B, 0x4C, 0x7F, 0xAC, 0x0C, 0x7F, 0xCC,
    0x6C, 0x9E, 0xF8, 0x87, 0x74, 0x9D, 0x3E, 0x17, 0x5F, 0xB7, 0x88, 0xA4, 0x6A, 0x21, 0x35, 0x81,
    0x64, 0x07, 0x52, 0xF4, 0xA0, 0x54, 0x02, 0xA4, 0x67, 0x52, 0x13, 0x48, 0xAE, 0x07, 0x1D, 0x62,
    0x07, 0x42, 0x89, 0x44, 0x7A, 0x26, 0x99, 0x91, 0xE4, 0x7A, 0xD0, 0xC3, 0xD8, 0x81, 0xDE, 0x89,
    0x1E, 0xF4, 0x5E, 0xE4, 0x43, 0x1B, 0x59, 0x24, 0x3E, 0x9D, 0x48, 0xD5, 0x02, 0x9A, 0x45, 0x4A,
    0x10, 0x99, 0x03, 0xDD, 0xF1, 0xF4, 0xA7, 0xB4, 0x46, 0xD5, 0x61, 0x6F, 0x44, 0xB1, 0x82, 0xE8,
    0xB2, 0x89, 0x9D, 0x24, 0xDB, 0xEF, 0xA3, 0xA9, 0x7A, 0x3A, 0x35, 0x2C, 0x37, 0x33, 0x09, 0x17,
    0x6F, 0xE2, 0x7B, 0x89, 0xF8, 0xF1, 0x77, 0xD1, 0xD1, 0xF1, 0x75, 0x81, 0x38, 0x2B, 0xD5, 0x10,
    0xCD, 0x0A, 0x7F, 0xCB, 0xAE, 0x0E, 0x9D, 0xB4, 0x3A, 0xD7, 0xAA, 0x75, 0x75, 0xD6, 0x1F, 0x97,
    0xD5, 0x3D, 0xEA, 0x8B, 0xAF, 0x56, 0xF7, 0xDE, 0x50, 0xFE, 0x7B, 0x75, 0xEF, 0x8E, 0xFA, 0xB3,
    0xD5, 0xBD, 0x13, 0xEA, 0xBF, 0x26, 0x9C, 0x9B, 0x84, 0x0F, 0x17, 0xF3, 0x70, 0x75, 0xED, 0xEA,
    0x0E, 0x09, 0xDD, 0x0A, 0x34, 0x33, 0xB0, 0x99, 0x80, 0x75, 0x00, 0xEA, 0x11, 0x58, 0xF6, 0xC0,
    0xC2, 0x03, 0x8F, 0x1D, 0x50, 0xA9, 0x57, 0x81, 0x71, 0xE4, 0x42, 0x32, 0x11, 0x67, 0xE2, 0x42,
    0x8C, 0x3B, 0xB4, 0x1D, 0xD0, 0x78, 0x60, 0xD3, 0x03, 0xF5, 0x98, 0xB1, 0x9C, 0x80, 0xC5, 0x0C,
    0x3C, 0x2E, 0x40, 0x15, 0x77, 0x68, 0x3B, 0xA0, 0xF1, 0xC0, 0xA6, 0x07, 0xEA, 0x31, 0x63, 0x39,
    0x01, 0x8B, 0x19, 0x78, 0x5C, 0x80, 0x2A, 0xEE, 0xD0, 0xFE, 0x16, 0x68, 0x9E, 0x02, 0x9B, 0x4F,
    0x81, 0x3A, 0x66, 0x2C, 0x89, 0x05, 0xF1, 0x48, 0x54, 0x71, 0x7C, 0xAE, 0x24, 0x49, 0xA7, 0x9A,
    0x6F, 0x48, 0x92, 0x90, 0x78, 0x9C, 0xCC, 0x49, 0x92, 0xD7, 0x41, 0x9B, 0x06, 0xD1, 0xF7, 0x0D,
    0x49, 0x12, 0x5A, 0xFD, 0x1C, 0x49, 0x12, 0x47, 0x6F, 0x7C, 0xE7, 0x0C, 0xB4, 0xC4, 0x9E, 0xC7,
    0x6E, 0x39, 0xF4, 0x87, 0x7C, 0x1C, 0x2F, 0xE7, 0x6F, 0x46, 0x96, 0x64, 0x2D, 0x4A, 0xA0, 0xB4,
    0x2C, 0x79, 0x11, 0x8D, 0xAF, 0xF5, 0xF8, 0xF2, 0x12, 0x83, 0x7A, 0x6B, 0x34, 0x5F, 0xE7, 0xA0,
    0x6E, 0xA2, 0x85, 0xDA, 0xFA, 0xF2, 0x68, 0x32, 0xCE, 0x55, 0xCF, 0x17, 0x46, 0xB3, 0x44, 0x9F,
    0xE6, 0x68, 0xDE, 0xE5, 0xD4, 0x73, 0x1E, 0xF8, 0x8D, 0xAC, 0x50, 0x95, 0xE8, 0x8D, 0xBC, 0x05,
    0x3E, 0x4B, 0x86, 0x46, 0xBA, 0xA2, 0x5D, 0x39, 0xAB, 0x84, 0xC5, 0x0A, 0x3C, 0x44, 0xA0, 0x8A,
    0x1D, 0xD0, 0xF4, 0xC0, 0x66, 0x04, 0xEA, 0x00, 0xAC, 0x66, 0x60, 0x2A, 0x4A, 0x99, 0x40, 0x15,
    0x3D, 0xD0, 0x9C, 0x71, 0x30, 0xCF, 0x84, 0x76, 0x07, 0x09, 0xDB, 0xCC, 0x08, 0xED, 0x22, 0xE2,
    0x53, 0xF1, 0x54, 0xD8, 0xE9, 0x29, 0xCF, 0xE2, 0x9F, 0xEF, 0x8F, 0xAD, 0x99, 0xEA, 0x51, 0x28,
    0x90, 0xF4, 0x4C, 0xAA, 0x62, 0x0B, 0x2A, 0xE2, 0x15, 0xE8, 0xC0, 0xF6, 0x50, 0xD1, 0x22, 0x6A,
    0x63, 0xCF, 0x51, 0x91, 0x4E, 0x7E, 0x8B, 0x4F, 0x31, 0x68, 0xA4, 0xA3, 0xD4, 0x45, 0x53, 0x77,
    0x57, 0x4D, 0xCC, 0x2D, 0xFA, 0xA1, 0x7C, 0xD6, 0x74, 0x2C, 0xE9, 0x06, 0x86, 0x76, 0xCD, 0x02,
    0xAB, 0x19, 0x16, 0xB3, 0x0B, 0x0F, 0x11, 0xD0, 0xE0, 0x44, 0x9F, 0xDE, 0x87, 0x76, 0xE3, 0xFF,
    0xF8, 0xD9, 0xB6, 0xAF, 0xFF, 0x3F, 0x92, 0xD3, 0xEE, 0xFD, 0x41, 0xA6, 0x90, 0x37, 0x74, 0xC0,
    0x2D, 0x84, 0x42, 0xC7, 0xB9, 0x37, 0x3D, 0x17, 0x84, 0x80, 0xD4, 0x50, 0xBD, 0xB6, 0x0F, 0x62,
    0x5B, 0x71, 0x74, 0x78, 0x36, 0xE4, 0xA8, 0x0E, 0xC8, 0x16, 0x5C, 0xD1, 0x2D, 0x62, 0xF0, 0x8D,
    0x61, 0x9D, 0x79, 0x0B, 0xF2, 0x68, 0xD2, 0xA8, 0x27, 0xBE, 0xA3, 0xD5, 0xCC, 0x37, 0xB6, 0x04,
    0x99, 0xBE, 0x58, 0x40, 0x9E, 0x81, 0x23, 0x4E, 0x2D, 0x9E, 0xCA, 0x48, 0x7C, 0xEF, 0x38, 0xD9,
    0x3C, 0xF3, 0x14, 0x0C, 0x3F, 0xA1, 0x0E, 0xA9, 0x19, 0x54, 0x39, 0x41, 0x1E, 0x17, 0x23, 0x89,
    0x57, 0x21, 0x58, 0x55, 0x4B, 0x5E, 0xB5, 0xE9, 0x73, 0x80, 0x6B, 0x01, 0x41, 0x84, 0xED, 0x14,
    0xA7, 0x64, 0x8E, 0x88, 0x49, 0x7C, 0x4C, 0xA2, 0x65, 0x12, 0x3B, 0x23, 0xFD, 0x83, 0x54, 0xFF,
    0x2B, 0xDC, 0x0A, 0xB6, 0xE5, 0x08, 0x5C, 0xC9, 0x79, 0x23, 0xD1, 0x39, 0xC3, 0x0C, 0xCE, 0x4C,
    0x3A, 0x9E, 0xC8, 0xDF, 0xA1, 0x62, 0x6E, 0x48, 0xD3, 0x6D, 0x3A, 0xC4, 0xAE, 0x98, 0xEA, 0xFE,
    0x98, 0x28, 0xD4, 0x7D, 0x92, 0xB9, 0x51, 0x19, 0x74, 0x9F, 0x14, 0x95, 0xA3, 0x1E, 0xCA, 0x2F,
    0x06, 0x50, 0xF5, 0xC9, 0x58, 0x25, 0xD2, 0xA4, 0x51, 0x3F, 0x21, 0xD5, 0x4F, 0x42, 0x95, 0xFE,
    0x68, 0x3E, 0x9C, 0xF4, 0x90, 0xE8, 0xE1, 0x0C, 0x32, 0xA0, 0x72, 0x34, 0x6A, 0xD1, 0x49, 0x80,
    0x25, 0x85, 0x8F, 0xD5, 0xC7, 0xA0, 0x45, 0x59, 0xED, 0x0B, 0x50, 0x9D, 0x68, 0x56, 0xE6, 0x91,
    0x2F, 0xAE, 0x12, 0xFD, 0xDE, 0x17, 0x5F, 0x4F, 0xAA, 0xF9, 0xD2, 0x17, 0x31, 0xA8, 0x7A, 0xA3,
    0xE8, 0x91, 0xF3, 0xD5, 0xB1, 0x3B, 0xD1, 0xA0, 0xAA, 0xD8, 0x35, 0x23, 0x87, 0x98, 0x83, 0xAA,
    0x83, 0x8C, 0xE6, 0x58, 0x44, 0x2E, 0x05, 0x72, 0xB0, 0xEE, 0x38, 0x70, 0x91, 0xE9, 0x92, 0x62,
    0x91, 0xA1, 0x9A, 0x50, 0x07, 0x7F, 0x71, 0x54, 0x7A, 0x19, 0x0E, 0x1E, 0xEF, 0x3F, 0x88, 0xD2,
    0xF3, 0x2B, 0xA8, 0x79, 0x36, 0xE7, 0x2E, 0x67, 0xF0, 0x5B, 0x72, 0xF6, 0xA4, 0x1C, 0x10, 0xCD,
    0x45, 0xEA, 0x67, 0x93, 0x54, 0x97, 0xA0, 0x27, 0x84, 0x41, 0x74, 0xEC, 0xA8, 0xC8, 0x7A, 0xAA,
    0x6D, 0x46, 0x2E, 0x8E, 0x3A, 0xD0, 0x24, 0x2E, 0xE9, 0x7E, 0x73, 0x07, 0xB0, 0x64, 0x15, 0x7C,
    0x07, 0x4F, 0xE1, 0xCA, 0xC0, 0xB7, 0x95, 0xCD, 0xD4, 0x12, 0x99, 0x2C, 0x17, 0x43, 0x65, 0x92,
    0xBF, 0x42, 0x95, 0x24, 0xF4, 0xB4, 0x03, 0x42, 0x20, 0x5A, 0xCB, 0x46, 0x42, 0x31, 0xAA, 0xCA,
    0xFC, 0x41, 0xD7, 0x50, 0xD9, 0xE6, 0x8A, 0xD0, 0x1A, 0xD6, 0x29, 0x16, 0x54, 0xCB, 0x71, 0x09,
    0x15, 0x65, 0x8B, 0x95, 0xFD, 0x97, 0x86, 0xA0, 0x9A, 0x4C, 0x4E, 0x70, 0xF5, 0xF5, 0xAA, 0xA4,
    0xF9, 0x33, 0x99, 0xD1, 0x72, 0x56, 0x1C, 0x73, 0x54, 0x9D, 0x15, 0xFD, 0x1B, 0x64, 0x23, 0xCE,
    0xC4, 0x59, 0xCA, 0xD7, 0x42, 0xA4, 0xC9, 0x6C, 0xFC, 0x6E, 0x9F, 0x32, 0x03, 0x89, 0x05, 0xD9,
    0x81, 0xEC, 0x69, 0x12, 0xBB, 0x84, 0x9D, 0x97, 0x73, 0xAC, 0x87, 0xB3, 0xA2, 0xC6, 0x7D, 0x6C,
    0x26, 0x76, 0x7B, 0x51, 0x33, 0x49, 0x67, 0x65, 0x17, 0x44, 0xE9, 0x99, 0xD4, 0x8C, 0xFB, 0x6E,
    0x74, 0x6C, 0xC3, 0x70, 0x96, 0x10, 0x35, 0xDC, 0xFF, 0x42, 0xCC, 0x7D, 0xFB, 0xBD, 0x6D, 0xA3,
    0x6D, 0xF3, 0x0D, 0xAC, 0xC6, 0x03, 0xF5, 0x2E, 0x2F, 0x51, 0x12, 0x8B, 0x29, 0xDF, 0xE4, 0x52,
    0x0B, 0x31, 0x12, 0x2D, 0x71, 0x5F, 0xB9, 0x96, 0xCA, 0x03, 0xB0, 0x92, 0xCA, 0x21, 0x57, 0x3E,
    0x10, 0xD5, 0x4A, 0x74, 0x44, 0xD3, 0x12, 0xA5, 0x32, 0x71, 0x5F, 0xB9, 0x0C, 0xA2, 0xFF, 0x42,
    0xE5, 0x57, 0x6E, 0xBC, 0x8D, 0x71, 0xDE, 0xFF, 0xB2, 0xE2, 0x3D, 0xFB, 0xBD, 0x6B, 0x63, 0xB5,
    0xBD, 0xAF, 0x31, 0x7B, 0x11, 0xF9, 0xFA, 0x65, 0x3D, 0x30, 0xCF, 0x23, 0xD7, 0x2F, 0x67, 0xBE,
    0xFC, 0xE5, 0x54, 0x2C, 0xD2, 0x4B, 0x72, 0xD5, 0x41, 0xB9, 0x7C, 0x0B, 0xD3, 0xB5, 0x3C, 0x3C,
    0xD2, 0x29, 0xA6, 0xC2, 0x72, 0xE2, 0xB6, 0x5A, 0xC0, 0xEB, 0xE5, 0x12, 0x4A, 0x81, 0xB1, 0xDD,
    0xD2, 0xF8, 0xB6, 0xA5, 0x88, 0x86, 0x06, 0x74, 0x07, 0xD0, 0x0F, 0x2E, 0x9E, 0xE0, 0xD2, 0xC7,
    0x4D, 0x87, 0x25, 0xB0, 0x19, 0x20, 0xAD, 0x9C, 0xA8, 0x61, 0xE5, 0x58, 0xFC, 0xF4, 0x74, 0x0B,
    0xA5, 0xB9, 0xBE, 0xD1, 0x14, 0x03, 0xDD, 0x04, 0x7A, 0xEB, 0x6B, 0x5B, 0xC3, 0x3F, 0x96, 0xDB,
    0x7F, 0x5A, 0xA2, 0x39, 0xC7, 0x8B, 0x47, 0xD0, 0x4C, 0x6F, 0x6D, 0x77, 0x15, 0x48, 0x95, 0x50,
    0x23, 0x64, 0xAE, 0x58, 0xC4, 0x7A, 0x92, 0xEB, 0x6E, 0x93, 0xE5, 0x67, 0x87, 0x3F, 0x79, 0x24,
    0x35, 0x1F, 0x3F, 0x8E, 0x1D, 0xEA, 0x69, 0xDE, 0x6A, 0x9E, 0x2B, 0x6C, 0x7B, 0x71, 0x44, 0x78,
    0x09, 0xD7, 0x77, 0x58, 0xF8, 0xA5, 0x11, 0x92, 0xAC, 0x8F, 0xC8, 0xAB, 0x3C, 0x61, 0x1A, 0xE2,
    0x29, 0xFC, 0x0E, 0xFB, 0x65, 0xFB, 0x20, 0x7A, 0x8B, 0x7D, 0xA2, 0xB7, 0xC3, 0xF5, 0x0D, 0x38,
    0x2D, 0x18, 0x5E, 0x24, 0x51, 0x92, 0x53, 0x21, 0x94, 0x23, 0x32, 0x45, 0xBE, 0xE8, 0x12, 0xBD,
    0x7F, 0xA3, 0x0D, 0xB4, 0x47, 0x6D, 0xAD, 0xE4, 0x00, 0x69, 0x8E, 0x8F, 0x8D, 0x71, 0x62, 0xBF,
    0xAE, 0xAA, 0x44, 0x3E, 0xB9, 0xD5, 0xDC, 0x3E, 0xB1, 0xF0, 0x36, 0xDC, 0xAA, 0x7E, 0x7C, 0x1D,
    0x4F, 0xBC, 0xE0, 0xEF, 0xC6, 0x0B, 0xCF, 0x2D, 0x31, 0x27, 0xA4, 0x2A, 0x6E, 0x80, 0xF5, 0x00,
    0xF9, 0xD6, 0x53, 0x17, 0xFA, 0x3E, 0x46, 0xB1, 0x81, 0xF6, 0x0C, 0x62, 0x5B, 0x5E, 0xD8, 0x5F,
    0x18, 0x71, 0x3B, 0x3D, 0xA1, 0x89, 0xB3, 0x0E, 0x68, 0x9D, 0x0E, 0x65, 0xC2, 0xA7, 0x41, 0x27,
    0xBD, 0x5F, 0x86, 0x1A, 0x6D, 0x0C, 0x06, 0x6D, 0x0C, 0x46, 0xFA, 0x90, 0xE8, 0x5A, 0x60, 0x7C,
    0x6E, 0x74, 0x44, 0xA9, 0x6B, 0x88, 0x94, 0x29, 0xF2, 0x45, 0x97, 0xE8, 0x15, 0x1B, 0xC4, 0x1E,
    0xDA, 0x46, 0x2F, 0x69, 0xF3, 0xD4, 0x30, 0x70, 0x9C, 0x1D, 0xF4, 0x4F, 0x99, 0xFD, 0xF6, 0x95,
    0x64, 0xBF, 0x47, 0xC8, 0x6C, 0x7A, 0x4C, 0x5F, 0x49, 0xE9, 0x1A, 0x1E, 0x7C, 0xAC, 0xDC, 0x7F,
    0x41, 0xF9, 0xF5, 0x0C, 0xEE, 0xFB, 0x7F, 0x37, 0x0A, 0xCD, 0x69, 0x51, 0x3D, 0x76, 0x90, 0x5F,
    0x85, 0xA4, 0xEB, 0xE0, 0x02, 0xF5, 0x0E, 0xDB, 0xAD, 0xC6, 0x8A, 0x63, 0xC1, 0xDB, 0x8E, 0xA0,
    0x28, 0x17, 0x18, 0x48, 0xA5, 0x90, 0x26, 0x51, 0xCE, 0xB7, 0x20, 0xB9, 0xA5, 0x77, 0x9E, 0xA4,
    0xC8, 0x77, 0x45, 0x86, 0x5E, 0xF9, 0x79, 0x12, 0xC7, 0x40, 0x76, 0x15, 0xA1, 0x46, 0xC8, 0x80,
    0xDC, 0xD5, 0x2F, 0x20, 0x44, 0x0A, 0xCA, 0x7D, 0x35, 0xB9, 0x99, 0xA1, 0x78, 0x93, 0xCD, 0xF3,
    0x14, 0x63, 0x7B, 0xBE, 0x94, 0x5C, 0x2A, 0x79, 0xA0, 0x39, 0x43, 0xE9, 0xB3, 0x9C, 0x8D, 0xB7,
    0x5E, 0xAA, 0x77, 0xF2, 0x42, 0x88, 0xE8, 0x79, 0x7B, 0x55, 0x68, 0xC1, 0x55, 0xFE, 0xEE, 0x48,
    0x39, 0x92, 0xAA, 0x8D, 0x82, 0x10, 0xEF, 0xF3, 0x8B, 0x73, 0x0E, 0xDF, 0x2E, 0xE7, 0xF5, 0xA3,
    0x2A, 0xE9, 0xD1, 0x75, 0x74, 0xEA, 0xAD, 0x2C, 0xFB, 0xC6, 0x3B, 0x25, 0xD4, 0x0A, 0x79, 0x4E,
    0x6B, 0x3B, 0x21, 0x13, 0xD7, 0xB2, 0x27, 0x56, 0xA5, 0xC5, 0xD3, 0x3F, 0x82, 0x3A, 0xAE, 0xC7,
    0x7F, 0x78, 0x35, 0xB9, 0x8A, 0x07, 0x2B, 0x90, 0x2F, 0xE0, 0x13, 0xF6, 0xFC, 0x53, 0xA8, 0x33,
    0x9F, 0xB6, 0xD0, 0xFD, 0x39, 0x82, 0xF3, 0x66, 0x60, 0x06, 0x83, 0xEB, 0x3B, 0xB1, 0x07, 0x36,
    0xAF, 0x1D, 0x39, 0x30, 0xE8, 0xA6, 0x00, 0x74, 0x53, 0x46, 0x3C, 0xE1, 0x90, 0x3E, 0xD7, 0x0F,
    0xDD, 0xE8, 0x33, 0x48, 0xF9, 0x6F, 0x08, 0x39, 0xF8, 0xE1, 0x2E, 0xF2, 0x63, 0x69, 0x91, 0x34,
    0x4E, 0xC0, 0x86, 0xE7, 0x68, 0x1F, 0x83, 0x5A, 0xB7, 0x80, 0xF2, 0xEE, 0x07, 0xF4, 0xBC, 0xDF,
    0x78, 0x02, 0x95, 0x60, 0x12, 0x7F, 0xE5, 0xA5, 0xD1, 0x8C, 0xC0, 0xE8, 0x13, 0x4A, 0x0E, 0xA9,
    0xA6, 0x64, 0x3B, 0x48, 0xFA, 0x2B, 0x61, 0x49, 0xEF, 0xB3, 0x99, 0x80, 0x6E, 0x48, 0xF8, 0x36,
    0x6B, 0xBC, 0x1B, 0x21, 0xE1, 0xF1, 0x36, 0xB7, 0xF1, 0x7C, 0x65, 0xEE, 0x2C, 0x30, 0x87, 0xD5,
    0x27, 0x61, 0x22, 0x41, 0xB2, 0x69, 0x40, 0x33, 0x02, 0xF5, 0x0C, 0x2C, 0x57, 0xE0, 0x31, 0xB6,
    0xA2, 0x3D, 0x5B, 0x52, 0x4F, 0xC0, 0x6A, 0x11, 0xB7, 0xEC, 0x2E, 0xEE, 0xE7, 0xDC, 0xF7, 0x37,
    0xE3, 0x6A, 0xDF, 0x5E, 0xE1, 0x5B, 0xDA, 0x77, 0xA3, 0x77, 0xAB, 0xB2, 0x8F, 0xE2, 0x67, 0x38,
    0xDE, 0xD8, 0xF8, 0x9F, 0x18, 0x3B, 0xFB, 0x97, 0xFA, 0x59, 0x87, 0x3B, 0x20, 0x25, 0x82, 0x42,
    0xB6, 0x2B, 0x66, 0xD5, 0x78, 0xDB, 0x82, 0x7A, 0x52, 0xFD, 0x5D, 0xD1, 0xBD, 0x5E, 0xE1, 0x78,
    0xDD, 0x80, 0x1B, 0xCB, 0xAD, 0x9B, 0x85, 0xF9, 0xF6, 0x6D, 0x7D, 0xE7, 0x0C, 0x62, 0x05, 0x77,
    0x77, 0x70, 0x2F, 0xA1, 0x94, 0x61, 0xF9, 0x45, 0xEA, 0x8A, 0x1C, 0x91, 0x29, 0xF2, 0x45, 0x97,
    0xE8, 0x15, 0x1B, 0xC4, 0x1E, 0xDA, 0x76, 0xAF, 0x4F, 0xD3, 0xB4, 0xED, 0x05, 0xBD, 0x84, 0xFB,
    0x7E, 0x3E, 0x7D, 0xD1, 0x73, 0xB7, 0xE1, 0xDD, 0x6D, 0x0F, 0x72, 0xA4, 0x77, 0x22, 0xE9, 0x3D,
    0xAE, 0x43, 0xEE, 0x91, 0x5C, 0xF9, 0xFE, 0xB5, 0x22, 0xFD, 0x59, 0xA8, 0x17, 0xF2, 0x42, 0x9D,
    0x50, 0xFB, 0xAA, 0xC9, 0x70, 0xBF, 0x3B, 0x43, 0xF9, 0x5B, 0x30, 0x35, 0xCF, 0xBE, 0x72, 0x07,
    0x15, 0x38, 0x94, 0xB1, 0x3D, 0xB8, 0xC0, 0xE0, 0x66, 0x4F, 0xB7, 0xB9, 0x05, 0x2A, 0xB5, 0xE1,
    0x96, 0xBF, 0xFA, 0x25, 0xC3, 0x76, 0xF1, 0x9F, 0x72, 0xFA, 0x9B, 0xA8, 0x0A, 0x6E, 0xAD, 0xAC,
    0xF0, 0x87, 0x5F, 0xC5, 0x90, 0xBF, 0xA4, 0x54, 0xDC, 0x40, 0xDD, 0x02, 0xED, 0x08, 0x59, 0x26,
    0xFE, 0x0E, 0xBA, 0xA8, 0xF7, 0x00, 0xEC, 0xE0, 0xE0, 0x2E, 0xB4, 0xAD, 0xDB, 0x36, 0xB5, 0x17,
    0x21, 0x03, 0x62, 0x3B, 0x63, 0x7F, 0x96, 0x72, 0x85, 0xEF, 0x86, 0xB4, 0x18, 0x51, 0x09, 0x15,
    0x42, 0xCA, 0x26, 0xB2, 0x74, 0xE2, 0xDF, 0x10, 0x7A, 0xA0, 0x21, 0xCA, 0x72, 0xDC, 0x04, 0x84,
    0xA4, 0x11, 0xB1, 0x70, 0x1E, 0xC6, 0x19, 0x7F, 0x8C, 0x11, 0xCB, 0x98, 0x8B, 0x21, 0x61, 0xC5,
    0xF4, 0x35, 0x6F, 0x26, 0xA0, 0xEE, 0xF1, 0xC6, 0x02, 0xC7, 0x9C, 0x85, 0xB8, 0x6F, 0x63, 0x19,
    0x70, 0x18, 0x61, 0x6A, 0xC3, 0x03, 0x8D, 0xC7, 0xD9, 0xDD, 0x32, 0x19, 0xE2, 0xF8, 0xDF, 0x8A,
    0xFF, 0xC5, 0xC3, 0xA4, 0x42, 0x8A, 0x4D, 0xE8, 0x1D, 0x54, 0xD4, 0xE3, 0x26, 0x6A, 0x40, 0x08,
    0xAC, 0xF6, 0x37, 0x6E, 0x40, 0xA7, 0x9A, 0x56, 0x12, 0xAA, 0x40, 0xBB, 0x00, 0xCD, 0x0C, 0xE4,
    0xF7, 0x84, 0x18, 0x07, 0x5D, 0x40, 0x9D, 0x5A, 0x4C, 0x7B, 0x8C, 0x1D, 0x72, 0x19, 0x45, 0xF4,
    0xA4, 0x67, 0x49, 0x57, 0xE3, 0xCB, 0x2F, 0xFA, 0xE3, 0x94, 0xE8, 0x93, 0x01, 0xD2, 0xAB, 0x27,
    0x63, 0x11, 0xB4, 0xD7, 0x89, 0x46, 0xDD, 0x6F, 0x54, 0x7F, 0x18, 0x90, 0xA1, 0xA8, 0x1F, 0x4E,
    0xD5, 0x50, 0x0D, 0x8D, 0x9A, 0x2B, 0xA6, 0x1F, 0x66, 0xDD, 0x6F, 0x54, 0x8C, 0xEF, 0xAB, 0x8F,
    0x90, 0x77, 0xF8, 0x8D, 0x7A, 0x1F, 0xF4, 0x11, 0xD2, 0x0F, 0xC7, 0x69, 0x56, 0xA6, 0xEE, 0x48,
    0x4D, 0x52, 0x3C, 0xA9, 0xE6, 0x71, 0xB2, 0x26, 0x91, 0x53, 0x8A, 0xE9, 0x07, 0x86, 0xB6, 0x75,
    0x26, 0x97, 0x68, 0x65, 0x7C, 0xB6, 0x58, 0x9A, 0xD3, 0xB7, 0x82, 0x9A, 0xB1, 0x40, 0xF7, 0x78,
    0xB4, 0x05, 0x87, 0x22, 0xCF, 0x8C, 0x11, 0xB3, 0x4C, 0x92, 0x80, 0x2A, 0x67, 0xD3, 0xF3, 0x5B,
    0x1F, 0x5D, 0xEE, 0x89, 0xAD, 0x0F, 0x72, 0x7F, 0xB8, 0x55, 0x72, 0xA4, 0x9C, 0x6F, 0xCE, 0x73,
    0xBE, 0xD1, 0xFF, 0xD2, 0xD3, 0xF5, 0x4D, 0xE6, 0xD8, 0x1E, 0xA3, 0x82, 0xF0, 0xD8, 0x95, 0x74,
    0xDB, 0x74, 0xBE, 0x52, 0xCF, 0x2A, 0xC5, 0xBA, 0xC5, 0xCA, 0xE8, 0x47, 0xDB, 0x5B, 0x5F, 0x16,
    0xAD, 0x26, 0xBC, 0x09, 0x98, 0xD9, 0xF8, 0x3D, 0x2E, 0x78, 0x0B, 0xF0, 0x80, 0x3E, 0x19, 0xC3,
    0x70, 0xA8, 0x73, 0xFD, 0x7D, 0x6E, 0xD9, 0x7E, 0xE9, 0xA3, 0xEB, 0x81, 0x6F, 0x11, 0xA3, 0x78,
    0xA8, 0x44, 0xC7, 0xAE, 0x98, 0x21, 0x28, 0x89, 0x91, 0xB0, 0xE7, 0x0A, 0x21, 0xBC, 0x68, 0x02,
    0xB2, 0x8F, 0xFA, 0x1C, 0x19, 0x64, 0x9C, 0x30, 0x47, 0x0D, 0xAB, 0x7D, 0x9C, 0x9D, 0xD6, 0x50,
    0xE8, 0xDE, 0xE9, 0xAD, 0x41, 0x54, 0x4F, 0x29, 0xBB, 0x65, 0x57, 0xC7, 0xA8, 0x48, 0xAB, 0xD0,
    0x24, 0xC4, 0x35, 0xDB, 0x70, 0xAD, 0xB8, 0x8B, 0xAC, 0x9C, 0xBF, 0x90, 0x29, 0x8A, 0xEB, 0x7C,
    0xC7, 0xFF, 0xB0, 0x7B, 0xAC, 0xA7, 0x1C, 0xAA, 0xA7, 0xD5, 0xC5, 0xBA, 0x7B, 0x3C, 0x02, 0xD9,
    0xA6, 0x22, 0xE6, 0x14, 0x40, 0x33, 0x9E, 0x34, 0x5C, 0x3C, 0x18, 0x72, 0xB5, 0xE0, 0xE2, 0xAB,
    0x8A, 0x13, 0xD0, 0x33, 0xCE, 0x50, 0x10, 0x02, 0xE1, 0x14, 0x85, 0x96, 0x19, 0x73, 0x8A, 0x59,
    0x57, 0xC3, 0xCD, 0x82, 0xD3, 0xE6, 0x52, 0xE3, 0xCA, 0x29, 0x17, 0x64, 0xD9, 0x1F, 0x04, 0x62,
    0x87, 0x0F, 0x50, 0x43, 0x8B, 0xD4, 0x3D, 0x50, 0xA7, 0x44, 0xB1, 0x39, 0x4F, 0xDD, 0xB5, 0xCA,
    0xE3, 0x74, 0xB3, 0xEC, 0x5D, 0x23, 0x73, 0x13, 0xD8, 0x22, 0xB6, 0xED, 0x5B, 0xFE, 0x48, 0x28,
    0xA9, 0x05, 0x78, 0x02, 0x6D, 0x39, 0x81, 0xBF, 0x86, 0xFA, 0x04, 0x0C, 0xDF, 0x73, 0x2D, 0x99,
    0x69, 0x9A, 0x74, 0xC6, 0xBE, 0x58, 0xC3, 0xBF, 0xF8, 0x6C, 0x6D, 0xC5, 0xC8, 0x2D, 0x3C, 0xD4,
    0x24, 0x60, 0x84, 0xA8, 0xE2, 0x1E, 0x3A, 0xB2, 0xC6, 0x1E, 0x44, 0x2D, 0x1B, 0x28, 0xF1, 0xFB,
    0x15, 0x60, 0x00, 0x4D, 0x77, 0xB3, 0xE0, 0x1D, 0x4B, 0x73, 0x13, 0xB6, 0x16, 0x2D, 0xDB, 0xEB,
    0xF5, 0xA3, 0x96, 0x93, 0x5A, 0xFB, 0x23, 0x3E, 0xAC, 0x7D, 0x89, 0xCD, 0xB6, 0xF1, 0x3A, 0x34,
    0x53, 0x6A, 0x8D, 0xEE, 0xAB, 0x95, 0xFF, 0x04, 0xC9, 0x31, 0x7E, 0xB0, 0x62, 0x08, 0x5C, 0x5C,
    0xD0, 0x48, 0x13, 0x27, 0x65, 0x25, 0xD7, 0xFB, 0x96, 0xBC, 0x9B, 0xFF, 0x05, 0xBC, 0x96, 0x31,
    0x8C, 0xDD, 0x40, 0x11, 0x86, 0x3F, 0xDB, 0xE2, 0x1C, 0x61, 0x05, 0x53, 0x22, 0x45, 0xB0, 0x14,
    0xD4, 0xB8, 0xA5, 0x49, 0xD6, 0x82, 0x5E, 0xD0, 0xF7, 0xFD, 0xF5, 0x52, 0x94, 0x75, 0x42, 0x99,
    0x26, 0xF4, 0x05, 0x2D, 0x7D, 0x1D, 0x6E, 0x57, 0xA1, 0x97, 0xDC, 0x57, 0x2E, 0x22, 0x51, 0xD0,
    0xAC, 0x90, 0x25, 0x7C, 0xD2, 0xFA, 0x0D, 0x6F, 0x76, 0x65, 0xC9, 0x4A, 0xEE, 0x42, 0xB8, 0x22,
    0xEB, 0x37, 0xDF, 0xBC, 0xB7, 0x9E, 0xF9, 0x67, 0xF6, 0xEC, 0x5D, 0x9D, 0x59, 0xDD, 0xEE, 0x2F,
    0x7A, 0xB9, 0xDD, 0xAC, 0x9C, 0x46, 0x13, 0xCA, 0xD5, 0xCE, 0x7A, 0x75, 0x4B, 0xB7, 0xF4, 0xF1,
    0xF1, 0xEB, 0x27, 0x7F, 0x82, 0x3E, 0xC0, 0xA3, 0xAC, 0xFC, 0x05, 0x30, 0x22, 0x0B, 0x78, 0x91,
    0x44, 0x2D, 0x22, 0x17, 0x5A, 0xF9, 0xE3, 0x27, 0x19, 0xFB, 0xAD, 0x0F, 0x2E, 0x0C, 0xB1, 0x0F,
    0x43, 0xB0, 0x73, 0x1F, 0x9E, 0xE3, 0x82, 0x66, 0xB9, 0x49, 0xE9, 0x4F, 0x94, 0xC2, 0xAF, 0xE6,
    0x4B, 0x64, 0xC9, 0x52, 0x85, 0x0E, 0x55, 0xEB, 0x67, 0x55, 0xB6, 0x73, 0xA7, 0x55, 0x82, 0x56,
    0x94, 0x52, 0xFD, 0xE8, 0xA4, 0x74, 0xF5, 0xED, 0xCE, 0xB9, 0x91, 0xCF, 0x90, 0xF3, 0x26, 0x68,
    0x45, 0x24, 0xE6, 0x74, 0xD9, 0xC1, 0xED, 0x18, 0x19, 0x91, 0x99, 0x4A, 0x42, 0x25, 0x23, 0xD8,
    0x50, 0x0B, 0xF0, 0x4B, 0x9A, 0xAC, 0x4C, 0xB3, 0x17, 0x97, 0x38, 0xBB, 0xFD, 0xEC, 0xEA, 0x12,
    0x59, 0x49, 0x76, 0x14, 0x87, 0x9F, 0x94, 0x4E, 0x44, 0xD2, 0x23, 0x0E, 0xB3, 0x80, 0xBA, 0x78,
    0x72, 0xC7, 0xE4, 0x30, 0x67, 0x67, 0x43, 0x76, 0x6E, 0x3A, 0x49, 0x77, 0x89, 0x73, 0xBC, 0xE8,
    0x08, 0x0F, 0xBA, 0x1A, 0x60, 0x1A, 0x26, 0xA8, 0x37, 0x3B, 0x43, 0x9B, 0xFA, 0x08, 0x7D, 0xEC,
    0x56, 0xAD, 0xD3, 0xA4, 0xDB, 0x7B, 0x1B, 0x2A, 0x8D, 0x1C, 0x51, 0x52, 0x58, 0xC9, 0xDC, 0xCA,
    0xA8, 0xEB, 0xF7, 0xA1, 0x4D, 0x60, 0xE7, 0x12, 0x5F, 0x72, 0xBF, 0x87, 0x25, 0xBE, 0xE4, 0x16,
    0x9D, 0xA2, 0x79, 0xAE, 0x52, 0xEA, 0x96, 0x1E, 0xCE, 0xFA, 0xA5, 0xCF, 0xD2, 0x73, 0xE9, 0xDF,
    0x07, 0xA0, 0xB9, 0xD8, 0x85, 0x7C, 0x27, 0x02, 0xFD, 0xD6, 0x6F, 0x80, 0x89, 0x6D, 0xE2, 0x28,
    0x82, 0x0B, 0x95, 0x00, 0x5A, 0x66, 0xA2, 0x12, 0x9D, 0xC8, 0x8F, 0xC8, 0x2E, 0x74, 0x49, 0xA5,
    0xF5, 0x43, 0xB7, 0x31, 0x2C, 0xF9, 0x49, 0xDA, 0x00, 0xF5, 0xA5, 0x3C, 0x28, 0x41, 0x00, 0xFC,
    0x3B, 0x15, 0xC2, 0xFE, 0x23, 0x01, 0x98, 0x7F, 0xAD, 0xD0, 0x8A, 0x8E, 0xF9, 0x41, 0x07, 0x08,
    0xF0, 0x34, 0xF7, 0x6D, 0x69, 0xF9, 0x6A, 0x70, 0x8C, 0x07, 0x6E, 0x55, 0xFE, 0xFE, 0xBC, 0x3B,
    0x77, 0xCA, 0x5E, 0x69, 0xE4, 0xC3, 0xCD, 0x9E, 0x17, 0xFF, 0xBB, 0xBC, 0x76, 0x1E, 0xE2, 0xA6,
    0x6C, 0x2F, 0xCA, 0xA6, 0xEC, 0x14, 0xC9, 0xCE, 0xE6, 0xFD, 0xE2, 0x44, 0x36, 0xEA, 0xED, 0x56,
    0x84, 0x7E, 0xE1, 0x56, 0xA6, 0x21, 0x50, 0xCB, 0xEC, 0x46, 0xB0, 0xD1, 0x03, 0x26, 0x0A, 0xD0,
    0x1F, 0x9C, 0x94, 0x7E, 0xBE, 0x72, 0xB6, 0x1B, 0x0C, 0x61, 0x90, 0x19, 0x47, 0x27, 0xF2, 0x97,
    0x44, 0x55, 0xFE, 0x68, 0x26, 0x13, 0x27, 0x2B, 0x50, 0xF9, 0x04, 0xD0, 0x5D, 0x4E, 0x7B, 0xA8,
    0xD0, 0x8F, 0x07, 0x41, 0xA8, 0xB4, 0x2E, 0xCD, 0x3D, 0x66, 0xA7, 0x17, 0x91, 0x74, 0x6C, 0x65,
    0x2F, 0x32, 0x96, 0x4D, 0xCE, 0x30, 0xB7, 0x9B, 0x8B, 0xFD, 0x7E, 0x98, 0xFE, 0xD6, 0x5B, 0xF7,
    0x40, 0x0E, 0x5C, 0x20, 0xA7, 0xED, 0xC0, 0x70, 0x19, 0x5F, 0xC8, 0x04, 0xDA, 0xAC, 0x5B, 0xA8,
    0x2E, 0x40, 0xB7, 0xD2, 0x6C, 0x40, 0x9D, 0xE8, 0x97, 0x9C, 0x83, 0x09, 0xF8, 0xCF, 0xD8, 0x71,
    0x18, 0x5B, 0xB9, 0x30, 0x4C, 0x96, 0x41, 0xF4, 0xFC, 0x7A, 0x83, 0x9D, 0x87, 0xB9, 0x9B, 0xFF,
    0x8E, 0xE7, 0x86, 0x76, 0xD9, 0xD9, 0x81, 0x36, 0xA6, 0x2A, 0x01, 0xCD, 0xFF, 0xF4, 0x1A, 0xDF,
    0xD0, 0x46, 0xCD, 0xEF, 0xE6, 0x76, 0x79, 0x83, 0xCB, 0x7A, 0x87, 0xBE, 0x1D, 0x3B, 0xB9, 0x60,
    0xC2, 0x51, 0xFF, 0xE8, 0xE7, 0xE8, 0xEF, 0xE8, 0xF7, 0xE8, 0xFF, 0x58, 0x4F, 0x59, 0xDF, 0x69,
    0xBD, 0xC7, 0xFA, 0xCD, 0x0E, 0x95, 0x48, 0xD0, 0x80, 0x48, 0xFF, 0xB9, 0xDB, 0xE8, 0x46, 0x15,
    0x82, 0x04, 0x14, 0xEC, 0x70, 0x2B, 0xBB, 0x86, 0xEC, 0x18, 0x85, 0x9D, 0xB9, 0x82, 0x8C, 0xEA,
    0x8A, 0xE9, 0xC5, 0xAE, 0x0D, 0xFA, 0xD0, 0x4B, 0x72, 0xBA, 0xAD, 0x4D, 0x80, 0x67, 0xF9, 0xF3,
    0x5B, 0x78, 0x0D, 0xA2, 0x7B, 0xAA, 0xBD, 0xD0, 0x25, 0xCC, 0x86, 0x8D, 0xF8, 0xA5, 0x92, 0xD0,
    0xC8, 0xD4, 0x0A, 0xFD, 0x85, 0x21, 0x61, 0x37, 0xFC, 0x8A, 0x8B, 0xC8, 0x8C, 0x0B, 0xC8, 0x44,
    0xF9, 0x5E, 0xE6, 0x4B, 0x4C, 0x89, 0x2F, 0xB9, 0x45, 0xA7, 0x68, 0x16, 0xFD, 0x52, 0xAB, 0xD4,
    0x15, 0x1D, 0xE9, 0x6B, 0x02, 0x54, 0x4F, 0x22, 0x7F, 0x73, 0x22, 0xFB, 0xD9, 0xB8, 0x91, 0x0F,
    0x60, 0x25, 0x51, 0xED, 0xB8, 0xB1, 0x5D, 0xE8, 0xE6, 0xFE, 0xBD, 0xFC, 0x3E, 0x9A, 0x4E, 0xC2,
    0xFA, 0xAA, 0x7B, 0xB7, 0x7C, 0x7C, 0xD9, 0xBD, 0x5D, 0x5E, 0xBF, 0xEC, 0xDE, 0x29, 0x24, 0x28,
    0x78, 0xFD, 0xAA, 0x7B, 0x3F, 0x7E, 0x34, 0xDD, 0x9F, 0xC3, 0xDA, 0xBF, 0x7F, 0xFB, 0xEF, 0x98,
    0xD3, 0xB2, 0x40, 0x96, 0xCA, 0xA2, 0x22, 0x12, 0x0F, 0x2B, 0x7B, 0xC0, 0xCB, 0x42, 0xA3, 0xFD,
    0xF7, 0x5B, 0x2D, 0x98, 0x05, 0x3F, 0xDA, 0x80, 0x0D, 0x76, 0xC4, 0x04, 0x07, 0xFD, 0xEC, 0xAF,
    0x58, 0x32, 0xF2, 0xCF, 0x7C, 0x23, 0x87, 0xE4, 0x60, 0x4D, 0xCB, 0x02, 0x45, 0xAA, 0x88, 0xD2,
    0xC7, 0xA7, 0x52, 0x1E, 0x19, 0x4F, 0x53, 0x7B, 0x64, 0x3C, 0x5E, 0xC5, 0x2F, 0x74, 0x92, 0x5F,
    0xB9, 0xD1, 0x4D, 0x2E, 0xDC, 0x61, 0xC2, 0x2F, 0xE8, 0x03, 0xD9, 0x4C, 0x00, 0x3B, 0x81, 0x40,
    0x9B, 0xC0, 0x44, 0xF0, 0xE5, 0xCC, 0xD7, 0xAF, 0x6E, 0x04, 0x2F, 0x12, 0x0F, 0xE3, 0xF6, 0x9E,
    0x5A, 0xF7, 0x96, 0xC8, 0x62, 0x66, 0x13, 0x3B, 0xDA, 0x48, 0x36, 0xB3, 0x60, 0x65, 0xC4, 0x6E,
    0x60, 0x65, 0xCA, 0xBF, 0x69, 0x22, 0x34, 0xAB, 0xDA, 0xAF, 0xAE, 0x66, 0xAF, 0xF1, 0xA6, 0x9C,
    0xCE, 0x23, 0x7E, 0x83, 0x9F, 0xC3, 0x1D, 0xC8, 0x58, 0x5F, 0x68, 0x12, 0xDD, 0x4A, 0xBF, 0x30,
    0x04, 0xEC, 0xC8, 0x4F, 0xC1, 0x06, 0xB5, 0x1F, 0xCA, 0x39, 0x33, 0xFF, 0x01, 0xEC, 0x46, 0x75,
    0xA5, 0x8C, 0xC6, 0x5E, 0x29, 0x72, 0xA5, 0x97, 0x74, 0xE5, 0x5F, 0x25, 0x5E, 0xF9, 0x49, 0xA6,
    0xD2, 0xE1, 0xFF, 0x4F, 0xF0, 0xF9, 0xCD, 0x14, 0xA5, 0x57, 0xD6, 0xA2, 0x6C, 0xAF, 0x56, 0xA5,
    0x3E, 0x73, 0xC8, 0xB4, 0x99, 0x2E, 0xD3, 0x7F, 0x93, 0xEE, 0x14, 0x3F, 0x9C, 0x74, 0x8A, 0x66,
    0x9D, 0x89, 0xCF, 0x34, 0x99, 0x95, 0x57, 0x52, 0xFF, 0x60, 0x7E, 0xF1, 0x9F, 0xF6, 0x4A, 0x15,
    0xA9, 0xF3, 0xA7, 0x91, 0x99, 0x17, 0x5B, 0x3E, 0x93, 0xD3, 0xF3, 0x3A, 0x59, 0xD9, 0x06, 0x89,
    0xAD, 0x4C, 0x00, 0xE6, 0x1A, 0x27, 0x2B, 0xC3, 0xD5, 0xEC, 0x7F, 0xAE, 0xFE, 0x0F, 0x2B, 0xCF,
    0x9A, 0x15, 0xBE, 0xD3, 0x7A, 0x91, 0xFD, 0xB0, 0xD3, 0xEB, 0x1B, 0x87, 0xA5, 0xDB, 0xEC, 0x54,
    0x27, 0x07, 0xFB, 0x1D, 0xDC, 0xED, 0xE0, 0xBE, 0x34, 0x9D, 0xD7, 0xFB, 0x1A, 0xA7, 0xF1, 0x9A,
    0xA7, 0xF9, 0xAA, 0xF3, 0x1B, 0xF8, 0x35, 0xBC, 0x84, 0x8F, 0xE0, 0x26, 0x84, 0x7C, 0x50, 0xCF,
    0xF4, 0x89, 0x61, 0xA5, 0x91, 0xB1, 0xBB, 0x80, 0xCC, 0xB5, 0x84, 0x7C, 0x2A, 0x47, 0x8E, 0x53,
    0x99, 0x6E, 0xA7, 0x12, 0x9A, 0xBD, 0x7C, 0x2F, 0xF3, 0x25, 0xA6, 0xC4, 0x97, 0xDC, 0xA2, 0x53,
    0x34, 0x8B, 0x7E, 0xA9, 0x55, 0xEA, 0x32, 0x44, 0xC0, 0x86, 0x56, 0xD4, 0xBB, 0xD1, 0x66, 0x2F,
    0x98, 0x7F, 0x46, 0xA8, 0x12, 0x3F, 0x6B, 0x23, 0x34, 0x1B, 0xA8, 0x3F, 0xAC, 0x5F, 0x8A, 0x1F,
    0x02, 0xFF, 0x6D, 0xDF, 0x8A, 0x61, 0x35, 0x37, 0x8A, 0xF0, 0xD8, 0x8E, 0xCE, 0x09, 0x96, 0x62,
    0x8A, 0x08, 0x21, 0xAE, 0xD8, 0x14, 0x14, 0x91, 0x10, 0x98, 0x5E, 0x22, 0xEB, 0xA4, 0xA1, 0xA5,
    0x6F, 0xA0, 0x6F, 0xAE, 0x6F, 0xE2, 0x85, 0x86, 0x92, 0xD7, 0x57, 0xF4, 0x0D, 0xBD, 0x44, 0xB0,
    0x45, 0x8A, 0x14, 0x14, 0x67, 0x24, 0x24, 0x0A, 0x8A, 0x58, 0x22, 0x1D, 0x45, 0x8C, 0x64, 0x88,
    0x2F, 0xB1, 0x3D, 0xBC, 0xF9, 0x3E, 0xE7, 0x5F, 0x93, 0x9F, 0xFF, 0x71, 0xB9, 0x24, 0xD1, 0xBD,
    0x7B, 0x6F, 0x65, 0x7D, 0xDF, 0x7B, 0xFE, 0xED, 0xD9, 0x99, 0xD9, 0x5D, 0x7B, 0x66, 0x77, 0x0D,
    0xF6, 0x81, 0xDC, 0x0A, 0x79, 0x25, 0xA7, 0x0B, 0x39, 0x9B, 0xC8, 0x85, 0xDD, 0xAA, 0x3A, 0x96,
    0x3D, 0x59, 0x24, 0x72, 0x2C, 0x31, 0xAA, 0x96, 0xD2, 0xB8, 0x11, 0xF1, 0xC6, 0xDB, 0xB5, 0x0F,
    0x17, 0xE8, 0x94, 0xCC, 0x0B, 0x74, 0xCA, 0xC6, 0x85, 0x72, 0xBB, 0x05, 0x3A, 0xB9, 0x7A, 0x81,
    0x4E, 0x5E, 0xAE, 0xD9, 0xD7, 0xD7, 0x46, 0x2E, 0xD0, 0x69, 0x32, 0x5E, 0x19, 0xF1, 0xA4, 0x0B,
    0x39, 0x9B, 0xC8, 0x7C, 0x10, 0x2E, 0xE2, 0x7A, 0xB2, 0xEF, 0xC0, 0xCF, 0xA5, 0x5F, 0x92, 0xF6,
    0x0A, 0x5C, 0xE8, 0x0C, 0xBF, 0x54, 0xBA, 0xC2, 0x2F, 0xCD, 0x5B, 0x0A, 0x9D, 0xDE, 0x95, 0x06,
    0x3A, 0xBD, 0x2C, 0x9E, 0xF5, 0x49, 0x43, 0x9D, 0x64, 0xA5, 0x4E, 0x19, 0xFD, 0xC2, 0x87, 0x33,
    0xA2, 0x74, 0xFC, 0x94, 0x6E, 0x02, 0x9D, 0x4A, 0x76, 0x74, 0x64, 0x38, 0x25, 0xA3, 0xB9, 0xCE,
    0xF5, 0x64, 0xDF, 0x91, 0xA5, 0x99, 0xE0, 0x97, 0x4C, 0x15, 0x7E, 0x29, 0xED, 0x9C, 0xA8, 0x94,
    0x7D, 0xD5, 0x99, 0x0E, 0x99, 0x94, 0x1D, 0xE3, 0xA2, 0x2A, 0xD0, 0x07, 0x1B, 0x75, 0xF0, 0x13,
    0x75, 0xF0, 0x0A, 0xBF, 0xE0, 0x9F, 0x16, 0x96, 0xF6, 0xA6, 0x43, 0x22, 0x45, 0x6F, 0x3A, 0x38,
    0x29, 0xAD, 0x6D, 0x2C, 0xA0, 0xEB, 0x76, 0xBF, 0x04, 0xF3, 0x4B, 0xA6, 0xCC, 0xEC, 0x2C, 0x00,
    0x7B, 0x2E, 0xFB, 0x8B, 0x30, 0xE5, 0x6F, 0x16, 0x28, 0xB9, 0x1A, 0xEA, 0x16, 0xFF, 0xC6, 0x79,
    0x5C, 0x73, 0xB9, 0xDC, 0xFC, 0xB2, 0x6E, 0x0D, 0x0B, 0x35, 0x6C, 0x0D, 0x53, 0x64, 0x06, 0x7B,
    0x48, 0x01, 0xB9, 0xD5, 0x10, 0x5F, 0x0F, 0xCD, 0xE7, 0xF0, 0x15, 0x60, 0x39, 0x18, 0x56, 0xA3,
    0x1F, 0xC4, 0x42, 0x5C, 0xB3, 0xA9, 0x2B, 0xB5, 0x7E, 0xA8, 0x8C, 0x54, 0x61, 0xE2, 0x84, 0x44,
    0x23, 0x9C, 0x72, 0xF5, 0xC4, 0x00, 0xCD, 0x19, 0x25, 0xA2, 0xAA, 0x18, 0x46, 0xE4, 0x33, 0x28,
    0x5D, 0x40, 0xB2, 0x91, 0x1A, 0xD2, 0x1B, 0x72, 0xB1, 0x64, 0xDA, 0x91, 0x7A, 0x76, 0x6B, 0x08,
    0x2D, 0x75, 0x3C, 0x90, 0xFB, 0x2B, 0x4D, 0x63, 0x16, 0xE8, 0x49, 0xCD, 0xAF, 0x18, 0x54, 0xBF,
    0x85, 0x9A, 0x98, 0x2F, 0x26, 0x1B, 0xD2, 0x93, 0x74, 0x45, 0xF7, 0x45, 0x4A, 0x79, 0xA2, 0x7C,
    0x82, 0xC2, 0xCC, 0x3A, 0x49, 0x08, 0x2C, 0x8A, 0x09, 0xC9, 0x3D, 0x92, 0xE3, 0x0E, 0xA3, 0xA3,
    0x81, 0x1B, 0xF0, 0x3E, 0xDD, 0xF6, 0x48, 0x88, 0x84, 0xE8, 0x42, 0x44, 0x43, 0xB6, 0xC2, 0x0B,
    0xD9, 0xC2, 0xC7, 0x03, 0x68, 0x28, 0xD1, 0xE1, 0x47, 0xB8, 0xC3, 0x8D, 0xCE, 0xA8, 0x9C, 0xE0,
    0xA3, 0x02, 0xC9, 0xBE, 0xE4, 0x0B, 0x1C, 0x87, 0x9B, 0xA5, 0xA6, 0xB7, 0xE0, 0x34, 0x9C, 0xC2,
    0x75, 0xD1, 0xA1, 0x71, 0xC6, 0x21, 0x80, 0x5A, 0xA0, 0xAC, 0xE7, 0xFE, 0xBC, 0xF7, 0x27, 0x8D,
    0x8E, 0xD6, 0x3A, 0x85, 0x7D, 0xFE, 0x6F, 0x30, 0x4C, 0xDF, 0x56, 0x81, 0x0D, 0x6D, 0xB0, 0x5E,
    0x0A, 0xBF, 0x16, 0x83, 0x1D, 0x92, 0x06, 0x49, 0x6B, 0x89, 0xE5, 0xDE, 0x91, 0xCC, 0xEE, 0x73,
    0x9D, 0x24, 0xE0, 0xB9, 0xFB, 0xB6, 0xA9, 0xF4, 0x4B, 0xC5, 0xB3, 0x46, 0x9C, 0xF6, 0x42, 0x63,
    0xCE, 0xCA, 0xBD, 0xEB, 0x90, 0x48, 0x9A, 0xEB, 0x44, 0xFB, 0x0B, 0xC4, 0x4B, 0xCE, 0xCA, 0x7D,
    0xAF, 0x4B, 0xB4, 0x3E, 0xD8, 0x57, 0xE9, 0x0C, 0x8B, 0xDE, 0x82, 0x45, 0xEF, 0xCA, 0x3B, 0xFB,
    0x5B, 0x96, 0xF4, 0x66, 0x3C, 0x89, 0x4B, 0xE2, 0x0D, 0xB8, 0xFD, 0x24, 0xEC, 0xDE, 0xAD, 0xCC,
    0x0B, 0x4F, 0xE4, 0x48, 0xD5, 0x3F, 0x40, 0xFE, 0x7D, 0x3A, 0xF9, 0xA7, 0xA0, 0x36, 0x07, 0x29,
    0x69, 0x03, 0xA5, 0x2B, 0x28, 0x5B, 0x48, 0x33, 0x28, 0x9F, 0x40, 0xC5, 0x08, 0x2A, 0x49, 0x6E,
    0xC8, 0xD5, 0x92, 0xAA, 0x0E, 0xE4, 0x77, 0x0A, 0xA0, 0xA6, 0xC6, 0x25, 0xAD, 0x80, 0x54, 0xF5,
    0x9A, 0x12, 0x52, 0x4A, 0xCA, 0x76, 0x5A, 0x70, 0x49, 0x31, 0x83, 0xCA, 0x89, 0x34, 0x82, 0xDC,
    0x00, 0xAA, 0x7A, 0x90, 0xC7, 0x94, 0xD9, 0xD2, 0x90, 0xDA, 0x00, 0xD2, 0x1A, 0x24, 0xF2, 0x03,
    0x0D, 0x90, 0x39, 0xD3, 0x62, 0x3A, 0xBA, 0x13, 0x9D, 0x12, 0x1D, 0x33, 0x0D, 0xE2, 0xE6, 0x7C,
    0xC3, 0xCC, 0xBB, 0xC5, 0x83, 0x9B, 0x05, 0x4D, 0xC9, 0x0C, 0x37, 0xD6, 0x7B, 0xE8, 0xD4, 0x03,
    0xBB, 0x88, 0xCD, 0x33, 0xA1, 0x3F, 0x22, 0x64, 0x52, 0x3E, 0xEB, 0x62, 0xBD, 0xD4, 0xC1, 0xF4,
    0x29, 0x16, 0xEA, 0x46, 0x3D, 0x77, 0x9D, 0xA9, 0x7F, 0x0A, 0x5B, 0x04, 0x73, 0x89, 0x92, 0x41,
    0x52, 0xDE, 0x01, 0x71, 0x86, 0x02, 0x99, 0x47, 0x30, 0xE8, 0xFE, 0x49, 0x3E, 0xED, 0xF1, 0xA1,
    0x19, 0xDF, 0x9F, 0x02, 0xC4, 0x9F, 0xE1, 0xA6, 0x31, 0xC6, 0x8A, 0xF9, 0x72, 0x08, 0x3E, 0x14,
    0xD8, 0xD4, 0x51, 0xEB, 0x12, 0x75, 0x3D, 0xA8, 0xE5, 0xBC, 0xA0, 0xDB, 0xEA, 0xF8, 0x3F, 0x10,
    0x2A, 0x7D, 0x19, 0x84, 0x9C, 0xFE, 0x1C, 0xBF, 0x02, 0xC9, 0xE1, 0x26, 0xCD, 0x85, 0xA9, 0xB0,
    0xC8, 0x3B, 0x40, 0xF8, 0x36, 0xD1, 0xE8, 0xA0, 0x7C, 0x8E, 0xB1, 0x99, 0xEB, 0x63, 0x64, 0x96,
    0xCB, 0x5D, 0xF1, 0x4F, 0x3B, 0xC2, 0x25, 0x8B, 0x7C, 0x96, 0x89, 0x95, 0x4F, 0xB4, 0xB6, 0x6E,
    0xDD, 0x60, 0xC1, 0xD0, 0xFA, 0xE1, 0x66, 0x6E, 0x4A, 0x16, 0x3B, 0xE4, 0x17, 0x38, 0xEE, 0x82,
    0x67, 0x9A, 0xDA, 0x82, 0x49, 0xED, 0xAA, 0x59, 0x44, 0x7B, 0x1F, 0x11, 0x67, 0xF0, 0x2B, 0xCA,
    0xDD, 0xF0, 0x06, 0x53, 0x1B, 0xDA, 0xEC, 0xC6, 0x98, 0xD7, 0x64, 0xCB, 0x21, 0x78, 0x6C, 0x0F,
    0xB9, 0x8D, 0xEB, 0x0C, 0xBF, 0x75, 0x79, 0x1E, 0x7A, 0x3C, 0x47, 0x3E, 0xA3, 0x9E, 0x67, 0xBC,
    0xAC, 0xB9, 0x7C, 0x1B, 0xA6, 0xFD, 0x01, 0xA8, 0x35, 0x56, 0xAC, 0xA3, 0x83, 0x8A, 0xC9, 0x90,
    0xAB, 0x4B, 0x15, 0xA5, 0xD5, 0x77, 0xCB, 0x3F, 0xF0, 0x51, 0xAA, 0x08, 0x37, 0x74, 0x35, 0x67,
    0xFC, 0x5B, 0xF1, 0x12, 0x6D, 0x3B, 0x4B, 0x50, 0x2A, 0xAC, 0x0D, 0x16, 0x93, 0xA4, 0xB3, 0x1D,
    0xF2, 0x5B, 0x91, 0xAB, 0xBB, 0xE1, 0x99, 0xA6, 0x76, 0xD8, 0x18, 0xE1, 0x27, 0x39, 0x47, 0xFE,
    0x8A, 0x72, 0x37, 0xBC, 0xA1, 0xAA, 0x57, 0xB4, 0x6C, 0x23, 0x69, 0x4F, 0x9A, 0x6C, 0x54, 0x25,
    0xED, 0x62, 0x24, 0xC5, 0x06, 0x4A, 0x15, 0x24, 0x1A, 0x40, 0x4D, 0x07, 0xF2, 0x3D, 0xA8, 0x1A,
    0x8E, 0xE4, 0xC6, 0x9D, 0x10, 0xA0, 0x5F, 0x20, 0x5C, 0x72, 0x33, 0x9D, 0x8B, 0x46, 0x7D, 0xB1,
    0x76, 0x0D, 0x51, 0x33, 0xE8, 0x49, 0xAD, 0x69, 0x03, 0xA9, 0x8F, 0xF6, 0xD1, 0xDA, 0xAA, 0xC7,
    0x3B, 0x78, 0x95, 0xD7, 0x25, 0x53, 0xED, 0x7F, 0x2F, 0xD9, 0xD0, 0xE8, 0x22, 0x12, 0x2C, 0x65,
    0xE7, 0xC6, 0x94, 0x4B, 0x45, 0x91, 0x90, 0xE8, 0x0C, 0x5C, 0x80, 0x2B, 0x50, 0x0F, 0xD8, 0x04,
    0x43, 0xDF, 0x19, 0x56, 0xBD, 0x61, 0x39, 0x46, 0xCC, 0x67, 0xC3, 0x6C, 0x31, 0x4C, 0x57, 0x43,
    0xD1, 0x03, 0x36, 0xC1, 0xD0, 0x77, 0x86, 0x55, 0x6F, 0x58, 0x8E, 0x11, 0xF3, 0xD9, 0x30, 0x5B,
    0x0C, 0xD3, 0xD5, 0x50, 0xF4, 0x80, 0xCD, 0x6F, 0x0C, 0xFD, 0x63, 0xC3, 0xEA, 0x03, 0xC3, 0x52,
    0x23, 0xE6, 0xC0, 0x0C, 0x98, 0x02, 0x61, 0xCF, 0x4B, 0x72, 0x78, 0x94, 0x26, 0x71, 0xA7, 0x0F,
    0x3B, 0xCF, 0x71, 0xFF, 0x4E, 0x31, 0x82, 0xB2, 0x59, 0xE2, 0xC2, 0x32, 0x9E, 0x1D, 0x67, 0xA5,
    0xD2, 0x20, 0xA7, 0xA8, 0xDB, 0xA9, 0xA2, 0xC5, 0xD8, 0x16, 0x0C, 0xCE, 0x53, 0x0D, 0x52, 0xCD,
    0x92, 0x21, 0x6C, 0xB7, 0xC3, 0xFE, 0x44, 0x40, 0x6F, 0xA6, 0x72, 0x85, 0x00, 0xC4, 0x8C, 0xA2,
    0x0D, 0xBE, 0x47, 0x56, 0xF0, 0x75, 0xD0, 0x5E, 0xC3, 0x5E, 0x5F, 0x09, 0xDA, 0x75, 0xD9, 0x35,
    0xDB, 0xF5, 0xDC, 0xB5, 0xDE, 0x6D, 0x38, 0x59, 0x44, 0xFB, 0x60, 0x6D, 0xB4, 0x1D, 0xF3, 0xBD,
    0xF1, 0x25, 0x0E, 0x79, 0xC8, 0x5F, 0x8E, 0x7E, 0x6D, 0x6B, 0xD0, 0x76, 0x9C, 0xF5, 0xCD, 0xA6,
    0x1B, 0xDC, 0x7A, 0xEF, 0xD6, 0x52, 0xA3, 0x27, 0x90, 0x9A, 0x19, 0xE9, 0xA3, 0x11, 0x39, 0x46,
    0xB1, 0xE0, 0xE5, 0x9F, 0x6E, 0xE8, 0xB3, 0x70, 0x6F, 0x15, 0xEC, 0xB0, 0x37, 0xFF, 0x2B, 0x72,
    0x56, 0xEE, 0xFD, 0x99, 0xAE, 0x1C, 0xE0, 0xDA, 0xA7, 0xD8, 0x1E, 0xB5, 0x16, 0x9D, 0xC8, 0x9B,
    0xB9, 0x2A, 0x76, 0xC0, 0x34, 0x5A, 0xEF, 0x69, 0xDB, 0xA5, 0x72, 0xEF, 0xC1, 0x7C, 0x4A, 0x56,
    0xB3, 0x7D, 0xC9, 0xB4, 0xBE, 0x40, 0xB8, 0xE4, 0x42, 0xB9, 0xF7, 0xA0, 0x8D, 0xCB, 0x07, 0x52,
    0x99, 0xBB, 0x42, 0xD3, 0x9F, 0xD6, 0xD3, 0x42, 0xB1, 0x4A, 0xBE, 0x49, 0xAA, 0xB5, 0x9B, 0x45,
    0xDA, 0x1E, 0xDB, 0xC1, 0xFE, 0x65, 0x37, 0x14, 0xBA, 0x9D, 0x82, 0x5B, 0x69, 0x07, 0xBC, 0xB5,
    0xA6, 0x53, 0xA0, 0xEB, 0x3E, 0x81, 0x07, 0x87, 0xB6, 0x37, 0x21, 0xD5, 0x64, 0x42, 0x8A, 0x55,
    0xDC, 0x6C, 0xA2, 0x4C, 0x48, 0xDB, 0xFB, 0x60, 0x69, 0xC1, 0xAB, 0x22, 0x52, 0xC8, 0xA1, 0xBC,
    0x44, 0x2A, 0x6B, 0x28, 0x56, 0xF5, 0xA6, 0xE6, 0xE2, 0x3B, 0x28, 0xAD, 0x35, 0x4C, 0x50, 0x1A,
    0xB4, 0x9B, 0xB7, 0xC0, 0xD8, 0x92, 0x8D, 0xE2, 0xD8, 0x28, 0x9E, 0x8D, 0xD2, 0xB2, 0x51, 0x36,
    0x34, 0x4A, 0xBA, 0xA0, 0x51, 0xF2, 0x09, 0x7E, 0x2C, 0x47, 0x90, 0xEB, 0x40, 0x3E, 0x80, 0x5A,
    0x31, 0x4A, 0x56, 0x50, 0xB6, 0x80, 0xF2, 0x09, 0x54, 0x0E, 0xA0, 0xAA, 0x03, 0xF9, 0x1A, 0xA4,
    0x62, 0xF4, 0xE7, 0xD5, 0xA8, 0xFA, 0xFB, 0x8C, 0x46, 0xF9, 0x74, 0x44, 0xA3, 0xE8, 0x80, 0x46,
    0xD1, 0x0E, 0x8D, 0xA2, 0x35, 0x1A, 0x45, 0xD1, 0x28, 0xD9, 0xDE, 0x95, 0xD8, 0x28, 0x25, 0xA3,
    0xA3, 0xDD, 0x3C, 0xFF, 0x1E, 0x1A, 0xA5, 0x09, 0x68, 0x14, 0x27, 0x28, 0x09, 0xE9, 0x2B, 0xCE,
    0x47, 0x31, 0x07, 0xF4, 0x1C, 0x21, 0x42, 0x4D, 0x62, 0x6B, 0x38, 0xB4, 0xE1, 0xB3, 0x29, 0x19,
    0xDF, 0xFB, 0x1E, 0xAE, 0x46, 0x8A, 0xE0, 0x6C, 0x3B, 0x62, 0x5D, 0xEC, 0xFB, 0x50, 0xF7, 0xFD,
    0x68, 0x3A, 0xC4, 0xED, 0x98, 0xCF, 0x90, 0x95, 0xDE, 0x35, 0x2F, 0x3D, 0x53, 0x6E, 0x7A, 0x87,
    0xFC, 0xF3, 0xD4, 0x19, 0xEA, 0x1D, 0xF2, 0x49, 0x1C, 0x5A, 0x18, 0x5C, 0x71, 0x78, 0x71, 0x80,
    0xC5, 0x21, 0xC6, 0x41, 0x16, 0x87, 0x19, 0x07, 0x5A, 0x1C, 0x6A, 0x18, 0x6C, 0x97, 0x8B, 0x1F,
    0x0D, 0xB5, 0x73, 0x13, 0xD7, 0xC0, 0x10, 0x4F, 0xE2, 0x9D, 0xC6, 0x99, 0xFE, 0x14, 0x66, 0xCD,
    0x48, 0x3B, 0xB1, 0xB1, 0x89, 0x86, 0xF0, 0x46, 0xEB, 0xBD, 0x6E, 0xA2, 0x62, 0xC5, 0xC2, 0x7B,
    0xB2, 0x95, 0x0B, 0x04, 0xA9, 0xE2, 0x36, 0xFB, 0xD1, 0x8D, 0x12, 0xDF, 0xA8, 0xE2, 0x07, 0xBB,
    0x8D, 0x5E, 0x82, 0xFA, 0x9F, 0x6C, 0x34, 0x47, 0x17, 0x30, 0x87, 0x09, 0x06, 0x0D, 0xB9, 0xE9,
    0xC9, 0xBE, 0xFB, 0xA6, 0xF8, 0x0B, 0xCF, 0x68, 0x5E, 0x01, 0x17, 0xA0, 0xD6, 0xC0, 0xAE, 0x0D,
    0x92, 0xB4, 0x98, 0x91, 0x75, 0x93, 0x61, 0x31, 0x1B, 0xE6, 0x8B, 0x61, 0x76, 0x01, 0x73, 0x20,
    0xAE, 0xC4, 0x5D, 0x90, 0x00, 0x69, 0x51, 0xF2, 0xC2, 0x1A, 0xBF, 0xF0, 0xCC, 0x6B, 0xAA, 0x6A,
    0x52, 0x81, 0x1E, 0xD8, 0x02, 0x55, 0x44, 0x9E, 0x12, 0xAD, 0xF4, 0xE7, 0xA8, 0x70, 0x9A, 0x61,
    0x2B, 0x8A, 0xF5, 0x6A, 0x45, 0xCA, 0xCC, 0xCD, 0xC5, 0x0A, 0x8F, 0x2A, 0x52, 0x3F, 0xC5, 0x8B,
    0x53, 0xD1, 0x75, 0x19, 0x35, 0xA8, 0xF8, 0x1E, 0xF8, 0x17, 0xA0, 0x0E, 0xC0, 0x0D, 0xA8, 0x26,
    0xF3, 0x3B, 0x4C, 0xDB, 0xAB, 0xC9, 0xB0, 0x58, 0x0C, 0x33, 0xE2, 0xAA, 0x18, 0x0C, 0x44, 0x61,
    0x64, 0x8F, 0xF3, 0x71, 0x70, 0x94, 0xC0, 0x6A, 0xC2, 0xF6, 0xF9, 0x01, 0xC3, 0xAC, 0x33, 0xDC,
    0xC4, 0x70, 0x30, 0x7C, 0xC2, 0x35, 0x2E, 0x2E, 0x72, 0x1D, 0xF3, 0x56, 0xF4, 0x62, 0x88, 0x43,
    0x51, 0x52, 0x53, 0x1F, 0xFB, 0x4A, 0x49, 0x7A, 0x20, 0x17, 0x4B, 0xD2, 0xA2, 0x82, 0x0A, 0xB1,
    0x20, 0xF6, 0x48, 0x9D, 0xB6, 0xF6, 0x97, 0x5B, 0xED, 0x14, 0x83, 0x2A, 0xD5, 0x1A, 0xA2, 0x34,
    0x48, 0x1A, 0x37, 0x4A, 0xF9, 0x4B, 0xF4, 0x3D, 0x98, 0x91, 0x28, 0xA8, 0x20, 0x55, 0x24, 0xFF,
    0x04, 0x97, 0x34, 0x1D, 0xA8, 0x0D, 0x9F, 0xA7, 0x06, 0xBF, 0x25, 0xBF, 0xC3, 0x86, 0xD0, 0x47,
    0x8F, 0x34, 0xD8, 0x7D, 0xA5, 0x86, 0x42, 0x75, 0x29, 0x34, 0xA4, 0xAA, 0x63, 0xA2, 0x41, 0x1E,
    0x6E, 0x34, 0x53, 0x5E, 0x27, 0xBD, 0x43, 0xD2, 0x10, 0x27, 0x4C, 0xE0, 0xE1, 0x98, 0x29, 0x95,
    0x23, 0xC8, 0xED, 0x5A, 0x06, 0x50, 0xF1, 0xA2, 0xFA, 0xA5, 0x85, 0xB5, 0x5C, 0xD4, 0xC2, 0xAA,
    0xD6, 0x69, 0x59, 0x6B, 0x7F, 0xD4, 0x73, 0x61, 0x6B, 0x5F, 0xD9, 0x92, 0x14, 0xAB, 0x5B, 0xC7,
    0xB5, 0xAD, 0x17, 0xD0, 0x2F, 0x71, 0xAA, 0x47, 0x57, 0x79, 0x4D, 0xF6, 0x89, 0x46, 0x49, 0x47,
    0xEE, 0x35, 0x0D, 0x99, 0x99, 0x02, 0xCF, 0xBC, 0xC8, 0x2E, 0x68, 0xF8, 0x85, 0x0F, 0x57, 0xF2,
    0x12, 0x92, 0x90, 0xF8, 0x1B, 0xCB, 0x8B, 0xEC, 0x02, 0x79, 0x04, 0x2B, 0x53, 0x65, 0x0A, 0xA0,
    0x6A, 0x84, 0x0F, 0x5C, 0x2C, 0xDF, 0xC5, 0x23, 0xB3, 0xAA, 0x23, 0xF1, 0x64, 0xBC, 0x04, 0x37,
    0xF0, 0x76, 0x0A, 0x7B, 0x31, 0xBD, 0xF4, 0x10, 0xB9, 0xBE, 0x88, 0x6A, 0xD7, 0xF0, 0xD5, 0x34,
    0xAA, 0xCE, 0x52, 0x4E, 0xC5, 0xA7, 0x6B, 0xBE, 0x4A, 0xD5, 0x25, 0x3A, 0x48, 0x2B, 0x55, 0x2D,
    0x56, 0xB5, 0xE9, 0xDE, 0x06, 0xFB, 0x0F, 0xEF, 0x51, 0x17, 0xF8, 0x2A, 0x72, 0x9D, 0xB1, 0x48,
    0x79, 0xCE, 0x0F, 0x15, 0x5A, 0xA7, 0x4A, 0x2E, 0x76, 0x76, 0x4F, 0xA4, 0xA1, 0xAD, 0xE4, 0xA6,
    0xB6, 0xC3, 0x6E, 0x8A, 0x1C, 0xC8, 0x6D, 0x27, 0x3F, 0xB2, 0x93, 0xDA, 0x8B, 0xAF, 0x7D, 0x97,
    0x3E, 0x1E, 0x45, 0xA5, 0x1A, 0xDC, 0xAF, 0x4D, 0xBF, 0x52, 0x35, 0x55, 0x9D, 0x91, 0xCE, 0xB4,
    0xDA, 0x63, 0x56, 0x82, 0xFB, 0x45, 0xF6, 0x6F, 0x18, 0x71, 0x4E, 0x75, 0x3E, 0x7D, 0x61, 0x7C,
    0x95, 0x6B, 0x5D, 0x2E, 0x26, 0xD6, 0x9E, 0x8C, 0x15, 0xA2, 0xC1, 0x57, 0x77, 0xD7, 0x37, 0x67,
    0xD1, 0x8A, 0x12, 0xCF, 0xCE, 0x37, 0xC4, 0xD3, 0xFE, 0x98, 0xA2, 0xAE, 0xB0, 0x55, 0xAA, 0x5C,
    0xEC, 0x6C, 0x61, 0xB5, 0x84, 0xCB, 0x5F, 0x18, 0x3B, 0x3E, 0xA6, 0x04, 0xB8, 0x49, 0x14, 0xE8,
    0xE2, 0xD6, 0x95, 0x01, 0xDB, 0xDD, 0x55, 0x3B, 0xF4, 0xA9, 0x53, 0xFC, 0xC0, 0x68, 0x3C, 0x99,
    0x63, 0x68, 0x90, 0x52, 0x80, 0x1E, 0xC4, 0x54, 0x14, 0x33, 0xC4, 0x68, 0x22, 0xBD, 0xF0, 0xB4,
    0x7B, 0xB4, 0x5A, 0x57, 0x87, 0x6E, 0x1E, 0x3D, 0x96, 0xDF, 0xD1, 0x6A, 0xFF, 0x40, 0xBB, 0x62,
    0x15, 0xF1, 0xFC, 0x06, 0x77, 0xAA, 0x7A, 0x7B, 0xC5, 0x72, 0xAB, 0x98, 0x0F, 0xD7, 0xB8, 0x5A,
    0x4D, 0xE9, 0x8A, 0x78, 0x70, 0x3B, 0xC7, 0xA3, 0x97, 0x3C, 0xB1, 0x8B, 0xDB, 0x82, 0x4D, 0x66,
    0x1A, 0x4C, 0x7E, 0x31, 0x65, 0xDA, 0x27, 0xED, 0x84, 0x7A, 0x07, 0xF1, 0x56, 0xBB, 0xE9, 0x33,
    0x9B, 0x6E, 0x5B, 0x1D, 0x27, 0x87, 0x2A, 0x0A, 0xC1, 0xED, 0x0C, 0xDC, 0xF5, 0x10, 0x6B, 0x71,
    0x88, 0x8F, 0x74, 0xDE, 0xED, 0xB6, 0xD7, 0xC3, 0x16, 0xF4, 0x93, 0xC4, 0x7E, 0x94, 0x6C, 0xC3,
    0xBE, 0xF7, 0x19, 0xDD, 0x75, 0xC8, 0x31, 0x53, 0x94, 0xAE, 0x48, 0xC7, 0x5A, 0x91, 0xEF, 0xC6,
    0xED, 0xD4, 0xB7, 0xD2, 0xDE, 0xAA, 0x87, 0x45, 0x63, 0xB9, 0x5E, 0xE3, 0x54, 0x6E, 0xFC, 0x7B,
    0x3F, 0x8F, 0x72, 0x9B, 0xAD, 0xE3, 0x68, 0x4D, 0xD9, 0x31, 0xCF, 0xE7, 0xED, 0xF4, 0x6C, 0xDE,
    0xAE, 0x18, 0x70, 0xD1, 0xA5, 0x5D, 0x6B, 0xC3, 0x39, 0xE2, 0xDE, 0x6F, 0x0C, 0xE1, 0x9F, 0xE9,
    0x1C, 0x45, 0xE4, 0xB5, 0x43, 0xB6, 0xDF, 0x76, 0x37, 0xCE, 0xC3, 0x45, 0x7B, 0xF3, 0x5B, 0x68,
    0x69, 0x03, 0x2B, 0xF6, 0x9D, 0x64, 0x4C, 0x07, 0x91, 0xD2, 0x8E, 0xFC, 0x6C, 0x12, 0xE9, 0x24,
    0x0C, 0xC6, 0x37, 0x38, 0xF2, 0x63, 0x1C, 0x28, 0xB7, 0xCC, 0x52, 0x1F, 0xAC, 0xC1, 0x74, 0x70,
    0x8B, 0x88, 0x8E, 0x95, 0x21, 0xFE, 0xC6, 0x79, 0x94, 0xDB, 0x69, 0x17, 0xC7, 0x65, 0x3B, 0xD9,
    0x37, 0x84, 0x6E, 0xB3, 0xE9, 0xA2, 0x54, 0x3F, 0x9A, 0x4F, 0x8B, 0x9A, 0xA5, 0x42, 0x82, 0x22,
    0xC8, 0xE1, 0x06, 0xF8, 0x6A, 0xB4, 0xF1, 0x8B, 0x75, 0x96, 0xFE, 0xBF, 0x77, 0x9C, 0xDA, 0xDC,
    0xC8, 0x87, 0x5C, 0xAA, 0x70, 0x83, 0x55, 0xF9, 0xA7, 0x31, 0x55, 0xD5, 0x8F, 0xA7, 0x5C, 0xAF,
    0x1E, 0x7C, 0x8A, 0x3D, 0xB2, 0x7E, 0x71, 0x76, 0xFB, 0xE2, 0x4D, 0xD4, 0xEA, 0xBB, 0xD3, 0xF3,
    0x67, 0x6B, 0xFF, 0x3F, 0xF2, 0x4A, 0xDE, 0x45, 0x09, 0x94, 0x36, 0x41, 0xF2, 0x68, 0xB5, 0x68,
    0x8F, 0x48, 0x23, 0x48, 0x83, 0x19, 0x85, 0x82, 0x26, 0xF2, 0xE9, 0x3A, 0xEC, 0x89, 0xD0, 0xF7,
    0x99, 0x07, 0x31, 0x0D, 0x7A, 0xAA, 0x0D, 0x17, 0xBE, 0x7B, 0xB8, 0x19, 0xAA, 0x0E, 0x58, 0xA1,
    0x58, 0xC4, 0x3F, 0x36, 0xF9, 0xFE, 0x03, 0x9B, 0x2F, 0xF4, 0x1F, 0x4A, 0xA2, 0xC1, 0x9B, 0x97,
    0x8F, 0x5F, 0x0E, 0xF7, 0x86, 0xD5, 0xD7, 0x8E, 0x9F, 0x3D, 0x57, 0xBF, 0xB2, 0x28, 0xE8, 0xC9,
    0xE9, 0x3D, 0xD2, 0xE0, 0x23, 0x32, 0xBE, 0x47, 0xCC, 0xB7, 0x1D, 0xFD, 0xEC, 0xCE, 0xDE, 0x23,
    0x0D, 0x90, 0xAD, 0x73, 0x73, 0x3B, 0xF2, 0x1A, 0x5C, 0xBF, 0xB7, 0x23, 0xE5, 0x1C, 0xDB, 0x91,
    0x75, 0xB1, 0x5E, 0xEA, 0x40, 0x7D, 0xA0, 0xDB, 0x85, 0x28, 0x28, 0x7C, 0x3E, 0x0A, 0x9A, 0x8F,
    0x51, 0xD0, 0xED, 0xB6, 0xF7, 0x3C, 0x0A, 0x5A, 0xDB, 0x0E, 0x2A, 0x8D, 0xD6, 0x01, 0x8A, 0x18,
    0x05, 0xE1, 0x78, 0x03, 0x1F, 0x03, 0xA3, 0xDC, 0x4A, 0x7B, 0x0B, 0x8E, 0x46, 0xAD, 0x5F, 0x16,
    0x51, 0x9D, 0x2A, 0x91, 0xD9, 0xA9, 0x8A, 0xBC, 0x9E, 0xE8, 0xCA, 0xC7, 0xD9, 0x6D, 0xB6, 0x2E,
    0xC6, 0x78, 0xC4, 0xF3, 0x18, 0xEF, 0x36, 0x5B, 0x87, 0x78, 0x90, 0x3D, 0xF6, 0x1C, 0xF9, 0xEB,
    0xCD, 0x45, 0x2F, 0x14, 0xB9, 0xA1, 0x7C, 0xF1, 0x7A, 0xF3, 0x20, 0x96, 0xF3, 0x97, 0x58, 0x5C,
    0x9F, 0x7D, 0x10, 0xC7, 0x3A, 0x1A, 0xAE, 0xF9, 0xE8, 0x87, 0x16, 0xC7, 0x66, 0x2A, 0xE2, 0x16,
    0x3C, 0x52, 0xAB, 0x15, 0xBD, 0xB2, 0xDD, 0x4C, 0x52, 0xB2, 0x62, 0x55, 0x3D, 0x9F, 0xB4, 0x76,
    0x83, 0x94, 0x3D, 0xD6, 0x0A, 0x7D, 0x68, 0xC3, 0x35, 0x6D, 0x62, 0x94, 0x2D, 0xA0, 0x62, 0x04,
    0x55, 0xDD, 0x35, 0xB9, 0xC1, 0xB2, 0xF7, 0xDA, 0xFD, 0x73, 0xC5, 0x2C, 0xFB, 0xC7, 0x93, 0x51,
    0xA1, 0x58, 0x64, 0xCC, 0x35, 0xF0, 0xB3, 0xFF, 0x5A, 0xCA, 0x45, 0x12, 0xAB, 0x7D, 0x94, 0x8C,
    0xCB, 0xE2, 0x25, 0x3D, 0x5D, 0xFD, 0x91, 0xCB, 0xE2, 0x9C, 0xA9, 0xF8, 0xA1, 0xB0, 0x5C, 0x5C,
    0x16, 0xBF, 0x39, 0xBC, 0xBE, 0x71, 0x59, 0xBC, 0xC1, 0xE4, 0xC9, 0x37, 0x84, 0x7C, 0x59, 0x02,
    0xF9, 0xFA, 0xAC, 0x26, 0x49, 0xB5, 0xB3, 0x99, 0xA2, 0x16, 0xD3, 0x23, 0xBE, 0x4B, 0x55, 0xAD,
    0x33, 0xB6, 0x3A, 0x5D, 0x63, 0xA1, 0xE1, 0xB0, 0x0A, 0xF7, 0xEE, 0xD3, 0x2F, 0x70, 0xDF, 0x6E,
    0x7B, 0x9F, 0x62, 0xA9, 0x1A, 0x1D, 0x34, 0x9B, 0x10, 0x06, 0x5C, 0xE1, 0x40, 0xB9, 0x95, 0xF6,
    0xB6, 0x71, 0xE9, 0x39, 0xD5, 0xAE, 0x99, 0xF8, 0xF7, 0x7E, 0x1E, 0xE5, 0x96, 0x5A, 0xF7, 0xF5,
    0x6D, 0xC9, 0xDC, 0xEF, 0x05, 0x54, 0x3D, 0x1C, 0xE1, 0x06, 0xC8, 0xE1, 0xEE, 0x28, 0x6C, 0x94,
    0x49, 0x36, 0x8C, 0x90, 0x6C, 0x41, 0x8C, 0x94, 0xCF, 0x76, 0x02, 0xA3, 0x05, 0x8B, 0x82, 0x70,
    0x9E, 0xEB, 0x21, 0x86, 0x91, 0x25, 0xBC, 0x59, 0x0E, 0x50, 0x06, 0x8B, 0x86, 0x76, 0x53, 0xB2,
    0x62, 0xA0, 0x61, 0xA8, 0xA5, 0x2B, 0xC3, 0xAC, 0x8D, 0x43, 0x4E, 0x51, 0x97, 0x34, 0x3F, 0xEF,
    0xA1, 0x8D, 0x76, 0xE7, 0x1B, 0x26, 0x0B, 0x52, 0xBE, 0xDE, 0xB0, 0x5C, 0x45, 0x82, 0x15, 0xD1,
    0x1F, 0x01, 0x32, 0x54, 0x40, 0x1B, 0x69, 0x26, 0x5D, 0xA1, 0xD2, 0xEE, 0xCB, 0xA3, 0x3D, 0x5B,
    0x9B, 0x0E, 0xDB, 0xF3, 0xDF, 0x53, 0x5D, 0xA5, 0x79, 0xAC, 0xAA, 0x75, 0xF3, 0x51, 0xFD, 0x10,
    0xBD, 0x50, 0x14, 0xBB, 0xBF, 0xFC, 0x88, 0x29, 0x28, 0xE2, 0x64, 0x58, 0xCC, 0x86, 0xF9, 0xF2,
    0xB4, 0x88, 0xEB, 0x71, 0x2F, 0xE4, 0x50, 0x26, 0xE5, 0xB3, 0x2E, 0xD6, 0xFB, 0x3E, 0x74, 0x80,
    0x3E, 0xD0, 0xED, 0x19, 0xED, 0x92, 0x62, 0x4A, 0xB6, 0x4B, 0x5B, 0x03, 0xF1, 0xDB, 0xCD, 0xE5,
    0xBE, 0x6F, 0xFD, 0x07, 0xED, 0x5D, 0x3D, 0x8C, 0xE6, 0x46, 0x72, 0x2D, 0x92, 0xBE, 0xA1, 0x2D,
    0xC2, 0xA6, 0x02, 0x0B, 0x30, 0x6E, 0x71, 0xE6, 0x05, 0x17, 0x9C, 0x61, 0xC0, 0x74, 0xE0, 0xC0,
    0x81, 0x7D, 0xA4, 0x4E, 0xA1, 0x03, 0x29, 0x38, 0xC7, 0xBA, 0xD0, 0x80, 0x83, 0x71, 0xE0, 0xC0,
    0x81, 0x56, 0xA4, 0x95, 0x03, 0x9E, 0x3C, 0xB9, 0x0B, 0x9C, 0x4B, 0xE1, 0x05, 0x92, 0x48, 0x40,
    0x80, 0x53, 0x31, 0x53, 0xE0, 0x40, 0x0C, 0xD6, 0x91, 0x02, 0x31, 0xA0, 0x05, 0x8E, 0x4C, 0xB2,
    0xCC, 0x57, 0xAF, 0x67, 0xFB, 0x9B, 0x1D, 0xCE, 0xEE, 0x9E, 0x66, 0xFF, 0xBE, 0x9D, 0x69, 0x11,
    0xEF, 0x2D, 0xF8, 0x35, 0xBB, 0xAA, 0xAB, 0x8A, 0x3D, 0xFD, 0x4B, 0x49, 0xA4, 0xAA, 0xAD, 0x5C,
    0xA6, 0xA7, 0x4A, 0x91, 0xB6, 0xA4, 0x0E, 0x94, 0x68, 0x0F, 0x4A, 0x75, 0x38, 0xA0, 0xEC, 0xAB,
    0x11, 0x94, 0x7F, 0x31, 0x83, 0x0A, 0x52, 0xF5, 0xD1, 0x02, 0x6A, 0xDE, 0x5E, 0x41, 0x2A, 0xBA,
    0x61, 0xB0, 0x4A, 0x53, 0x8A, 0x84, 0x8B, 0x54, 0xB5, 0x48, 0x34, 0x4B, 0xD1, 0x3E, 0xA4, 0x78,
    0x94, 0xBC, 0x17, 0x49, 0x07, 0x5C, 0x17, 0x94, 0xF5, 0x92, 0x8C, 0x22, 0x79, 0x27, 0xF1, 0x2C,
    0xC8, 0x16, 0x6D, 0x54, 0xA9, 0xEA, 0x22, 0xD2, 0x6C, 0xB4, 0x8A, 0x28, 0x92, 0xA3, 0x32, 0x84,
    0x30, 0xAD, 0x23, 0x88, 0xAE, 0xDA, 0x2D, 0x33, 0x1E, 0x8A, 0x8D, 0xFA, 0x74, 0x82, 0x8E, 0x03,
    0x8A, 0x95, 0x6C, 0xC8, 0x40, 0xE9, 0x08, 0x91, 0x92, 0x4C, 0x05, 0x2A, 0x17, 0xCF, 0x15, 0xAA,
    0xBA, 0x3D, 0xAC, 0x6A, 0x15, 0xBB, 0x4C, 0x4F, 0x9F, 0x82, 0xE6, 0x1C, 0x94, 0x2B, 0x6C, 0x16,
    0xA8, 0xEA, 0x28, 0x12, 0x53, 0xE9, 0x74, 0x2D, 0x33, 0x85, 0x1A, 0x12, 0x6A, 0x29, 0x69, 0x0B,
    0x6D, 0x25, 0x34, 0x6D, 0x05, 0xA9, 0xB8, 0x8E, 0x7E, 0x6C, 0x1E, 0x0B, 0xD4, 0x28, 0x21, 0xE5,
    0xA4, 0xE2, 0xDC, 0xB2, 0x54, 0xAD, 0x51, 0x53, 0x3F, 0x4A, 0x95, 0xFD, 0x16, 0x7C, 0xBC, 0xE5,
    0x9C, 0xE4, 0xF4, 0x54, 0x6B, 0x3C, 0x97, 0x6A, 0x9D, 0xA8, 0xCE, 0x89, 0xD6, 0xA1, 0xEA, 0x10,
    0x68, 0x2D, 0xF7, 0xD6, 0x52, 0x7C, 0x4A, 0x5A, 0x89, 0xE0, 0x8E, 0x5E, 0x92, 0xC1, 0x9C, 0x93,
    0x75, 0x0F, 0x5D, 0x15, 0xE8, 0xDB, 0x8A, 0xBC, 0x8D, 0xAE, 0xAC, 0xE7, 0x04, 0x0A, 0xB5, 0x16,
    0x9F, 0xEE, 0x82, 0x88, 0x29, 0x18, 0x45, 0x26, 0x91, 0x70, 0x96, 0x00, 0x25, 0xAC, 0x12, 0x4D,
    0x56, 0x13, 0x2B, 0xA1, 0xE8, 0x0A, 0x3C, 0x9A, 0xF1, 0x65, 0x8C, 0x69, 0x4E, 0x69, 0x1E, 0xBC,
    0xCE, 0x01, 0xC6, 0x60, 0xF0, 0xD1, 0xC0, 0x70, 0xF0, 0x81, 0x40, 0x66, 0x44, 0x4C, 0xC6, 0x08,
    0x09, 0x1F, 0x13, 0x0C, 0x0A, 0x1F, 0x15, 0x0C, 0x0B, 0x1F, 0x17, 0x2E, 0x30, 0x5C, 0x48, 0x90,
    0xE9, 0x19, 0xC6, 0x06, 0xA3, 0xC2, 0xB3, 0x85, 0x07, 0x04, 0x31, 0x3E, 0x1E, 0x06, 0x88, 0x8B,
    0x10, 0x86, 0x08, 0x04, 0xE8, 0x21, 0x97, 0xE2, 0xA2, 0x44, 0x18, 0x26, 0x7C, 0x06, 0x82, 0x5C,
    0xA0, 0x88, 0x8B, 0x14, 0x27, 0x63, 0xC0, 0x25, 0xB8, 0xC9, 0x60, 0xA1, 0x4E, 0xC8, 0x7C, 0x29,
    0x5C, 0xC2, 0x81, 0x9C, 0xD5, 0xE4, 0xCF, 0x48, 0xE1, 0x48, 0x8E, 0x06, 0x72, 0xEC, 0x38, 0x19,
    0x7F, 0x62, 0x1C, 0x43, 0x21, 0xE4, 0x33, 0x05, 0x21, 0x77, 0x7A, 0x42, 0x90, 0xC8, 0xCB, 0x0A,
    0x92, 0xE6, 0xB1, 0x41, 0x52, 0x5A, 0x90, 0x7C, 0xCA, 0x4A, 0xF5, 0x46, 0x79, 0x79, 0x68, 0x89,
    0xD9, 0x30, 0x20, 0x85, 0x4B, 0x8C, 0x1F, 0x03, 0x65, 0x20, 0x35, 0x8C, 0xAB, 0x64, 0xB5, 0x2C,
    0x34, 0x58, 0x2F, 0xB4, 0x36, 0xFD, 0x6D, 0x5E, 0xF6, 0x55, 0x6A, 0x00, 0xB2, 0x58, 0x51, 0x0C,
    0xB5, 0x7F, 0x91, 0x47, 0xD2, 0x5F, 0x6A, 0x8D, 0x40, 0xD5, 0xC9, 0xDE, 0x52, 0x65, 0x54, 0xB4,
    0xA2, 0x63, 0xA0, 0x43, 0xA4, 0xB5, 0x64, 0x53, 0xBC, 0xC2, 0x8D, 0xE9, 0x2C, 0x12, 0xAD, 0xE9,
    0x28, 0x12, 0x4C, 0xE6, 0xE9, 0xD2, 0xFC, 0x2C, 0x85, 0x13, 0xE7, 0xB1, 0xFA, 0x41, 0x58, 0x78,
    0x74, 0x65, 0xB2, 0x7C, 0xCA, 0xA2, 0x5C, 0xEA, 0x00, 0x7D, 0x92, 0x99, 0xBA, 0x51, 0x4F, 0xEA,
    0xEC, 0xF4, 0x67, 0x5D, 0x24, 0x67, 0x63, 0xFD, 0xA7, 0xF4, 0x6C, 0xE9, 0x05, 0x69, 0xC9, 0x57,
    0x89, 0x2F, 0x8E, 0xBD, 0x36, 0xC0, 0x94, 0xD2, 0x2C, 0x0B, 0x8C, 0xBE, 0x97, 0x2C, 0xDE, 0x52,
    0x73, 0x46, 0x05, 0x29, 0x81, 0xB5, 0xAD, 0xB1, 0x9E, 0xC5, 0x5A, 0x42, 0xB7, 0xA6, 0x85, 0xB6,
    0x79, 0x0B, 0xFD, 0xFF, 0xE4, 0xC2, 0x1A, 0xB5, 0x3D, 0x79, 0x05, 0xF5, 0x9A, 0xFB, 0xCC, 0xEF,
    0xED, 0x90, 0x94, 0x99, 0xB5, 0xF0, 0x28, 0xBF, 0x6A, 0x21, 0xCB, 0x42, 0xC9, 0x79, 0x6A, 0x32,
    0x7D, 0x7A, 0xEA, 0x06, 0xCD, 0xAD, 0x76, 0xA9, 0xC5, 0x49, 0xA1, 0x03, 0xEE, 0x7F, 0x39, 0x21,
    0x80, 0xA2, 0xC5, 0xAA, 0xAB, 0x88, 0x12, 0x18, 0x22, 0xB3, 0x2B, 0x16, 0x5C, 0xB7, 0x28, 0x1E,
    0x8A, 0xC9, 0x6C, 0xBF, 0xB8, 0xA6, 0x04, 0x15, 0xD1, 0x16, 0x36, 0x29, 0x7A, 0x08, 0x43, 0xB1,
    0x8D, 0x85, 0xC5, 0x6C, 0xAF, 0xCD, 0xDF, 0xE0, 0x62, 0x3A, 0xCE, 0x78, 0x08, 0x17, 0x1F, 0x15,
    0x89, 0x89, 0x20, 0xF2, 0x4E, 0xB8, 0x0A, 0xD3, 0xAD, 0x8A, 0x81, 0x8C, 0x3A, 0x4E, 0x26, 0x67,
    0x26, 0xBA, 0x3B, 0xFC, 0x95, 0xE9, 0x98, 0xFD, 0x1E, 0xD9, 0x95, 0xB5, 0x92, 0x6E, 0xD7, 0xE0,
    0xFE, 0xE0, 0x2B, 0xDB, 0x01, 0xE4, 0xF9, 0x7A, 0x62, 0xFB, 0xC0, 0xB6, 0x82, 0xF1, 0x70, 0x9B,
    0x62, 0xE0, 0x67, 0xF6, 0x5E, 0x2F, 0x76, 0x35, 0x65, 0x34, 0xA3, 0xE8, 0x64, 0xBC, 0xE8, 0xE9,
    0xC6, 0x4B, 0xD3, 0x3E, 0xEC, 0x6A, 0xE8, 0xC2, 0xD8, 0x38, 0xE6, 0x78, 0x08, 0x6B, 0x09, 0x4B,
    0x1B, 0xE9, 0xF4, 0x12, 0x4F, 0xE8, 0x21, 0x84, 0xAB, 0x15, 0xAB, 0x1F, 0x29, 0x8A, 0xFB, 0x66,
    0xB6, 0x3E, 0xFA, 0xC8, 0xAE, 0xAA, 0xEB, 0xC0, 0x5E, 0x4D, 0x28, 0xF8, 0x81, 0xA1, 0xD6, 0x86,
    0xA3, 0xE1, 0x02, 0x4F, 0x9D, 0x2A, 0x30, 0xD4, 0x7A, 0x43, 0x69, 0x5A, 0x60, 0xD1, 0x03, 0xB3,
    0x01, 0x98, 0x8E, 0xC0, 0x64, 0xF2, 0x18, 0xCF, 0x37, 0xC5, 0xC3, 0xD2, 0x58, 0x3E, 0x65, 0x51,
    0x6E, 0xD3, 0x52, 0x1F, 0xEA, 0x46, 0x3D, 0xBD, 0xCE, 0xB5, 0xAB, 0x0B, 0xE3, 0xA9, 0x18, 0x1D,
    0x0F, 0x8F, 0x70, 0xE7, 0xB8, 0x7D, 0x84, 0x6B, 0xC7, 0xA5, 0x63, 0x21, 0xBF, 0xE5, 0x78, 0x83,
    0x13, 0xAD, 0x8D, 0x0B, 0x1D, 0xC1, 0x81, 0xEA, 0x0A, 0x8E, 0x54, 0xF5, 0x74, 0xE3, 0x54, 0xCB,
    0x7B, 0xDF, 0x6E, 0x9C, 0x21, 0x58, 0x7A, 0xEB, 0xA8, 0x4A, 0xD5, 0xD3, 0xB3, 0x05, 0xB8, 0x65,
    0x39, 0x55, 0x4D, 0x6E, 0x7E, 0x20, 0x57, 0x64, 0x96, 0xE7, 0xCB, 0xA7, 0x3C, 0x2F, 0x9F, 0xFA,
    0x78, 0xFD, 0xA8, 0x2F, 0xF5, 0x9F, 0x2E, 0xEA, 0x23, 0x48, 0xAA, 0x7A, 0x46, 0x5A, 0x49, 0xDA,
    0x91, 0xC6, 0x8D, 0xCA, 0xA0, 0x99, 0x41, 0x92, 0xAC, 0x46, 0xA1, 0x1A, 0x89, 0xD6, 0x46, 0x55,
    0x6B, 0x54, 0x74, 0x46, 0x79, 0x7F, 0x48, 0xD9, 0xE0, 0xC8, 0x1C, 0xB5, 0x4F, 0xCC, 0xF2, 0x64,
    0xF2, 0x45, 0x7B, 0x79, 0x94, 0x4E, 0x5D, 0xA8, 0x19, 0xF5, 0xF4, 0x5A, 0xB3, 0x0E, 0xBE, 0x46,
    0xAB, 0xAF, 0xAD, 0x8D, 0x81, 0xF7, 0x89, 0x23, 0x8E, 0x7E, 0x9F, 0x76, 0x1F, 0x38, 0xD1, 0x33,
    0x50, 0xA1, 0xF3, 0x46, 0x68, 0x29, 0x36, 0x42, 0xF6, 0x2F, 0x47, 0x49, 0xF5, 0x2C, 0xFE, 0x76,
    0x94, 0x0C, 0x4D, 0xC6, 0x28, 0x88, 0xC2, 0x7C, 0xA3, 0xD6, 0x9E, 0xAB, 0x48, 0x4D, 0x69, 0xA4,
    0xBF, 0x2F, 0x35, 0x24, 0x57, 0x4A, 0xE1, 0x88, 0x12, 0x28, 0x8F, 0xD2, 0x9D, 0x2E, 0xD4, 0xCC,
    0xEB, 0x09, 0xAD, 0x9D, 0xFB, 0xC7, 0xCB, 0xF8, 0xB8, 0xC4, 0x91, 0xE5, 0xB0, 0x83, 0x16, 0x4C,
    0x37, 0x42, 0x73, 0xD4, 0x0E, 0xDE, 0xBC, 0xE4, 0xFA, 0x71, 0x9A, 0x4B, 0xA1, 0x3A, 0xCB, 0x21,
    0x3E, 0x5D, 0x3A, 0x5D, 0xAC, 0x71, 0xD5, 0xDE, 0x9E, 0x5A, 0x18, 0x68, 0x65, 0xA4, 0xDD, 0x89,
    0xB6, 0xC9, 0x22, 0x52, 0xD8, 0x8C, 0x4B, 0x3A, 0x62, 0xF4, 0x16, 0x4F, 0x9C, 0xF0, 0x29, 0xEA,
    0x0D, 0x97, 0x6A, 0xC3, 0x70, 0x31, 0xE9, 0xEB, 0x0E, 0x1E, 0xFE, 0x71, 0x20, 0xB6, 0x7E, 0x14,
    0x88, 0x32, 0xC3, 0x1A, 0xE5, 0x27, 0xE3, 0x26, 0x2B, 0x68, 0x46, 0x93, 0xDB, 0x4B, 0x01, 0xE9,
    0xD0, 0x67, 0x82, 0x6E, 0x6B, 0x79, 0x38, 0x97, 0xE3, 0xA6, 0x72, 0xDC, 0x4C, 0x4E, 0x53, 0xA6,
    0x03, 0xE7, 0x71, 0x38, 0x8D, 0x63, 0xB1, 0xCD, 0x49, 0x9C, 0x5B, 0xE2, 0x71, 0xA6, 0x0F, 0x44,
    0x7E, 0x21, 0xD2, 0xD8, 0x55, 0x95, 0x02, 0x97, 0xD9, 0xCC, 0x59, 0x36, 0x66, 0x93, 0x79, 0x16,
    0xA6, 0x56, 0x45, 0x51, 0xF9, 0xF9, 0x71, 0x47, 0x02, 0x9F, 0x68, 0x06, 0xA0, 0x8E, 0x44, 0xDE,
    0x61, 0x79, 0xB7, 0xEA, 0x7D, 0x77, 0x4D, 0x77, 0x31, 0xEF, 0x63, 0x3A, 0x1E, 0xFF, 0xBB, 0xFF,
    0x7A, 0xBE, 0xB3, 0x59, 0x07, 0xFC, 0x1C, 0x10, 0x8D, 0xC0, 0x94, 0xC6, 0xA1, 0xA1, 0x4A, 0xC3,
    0xF6, 0x13, 0xA0, 0x19, 0x22, 0xB5, 0x18, 0x0F, 0xF4, 0xEC, 0x65, 0xFA, 0x2B, 0xEA, 0x50, 0x7E,
    0x36, 0xC1, 0x5F, 0x3A, 0x98, 0xDC, 0xD6, 0xFC, 0x65, 0xFA, 0xCC, 0xF0, 0x97, 0x72, 0xF4, 0x53,
    0x02, 0x67, 0x4E, 0x99, 0xFA, 0xCA, 0x65, 0xC4, 0xFE, 0x5F, 0xAD, 0x42, 0xAC, 0x86, 0x65, 0x6A,
    0x7A, 0x9B, 0xFA, 0xFB, 0xB5, 0x04, 0x6C, 0xDB, 0x15, 0xE3, 0x00, 0xA9, 0x38, 0x2E, 0x61, 0x0F,
    0x7D, 0xD1, 0x12, 0xFD, 0xBF, 0xD5, 0xAC, 0xC0, 0x87, 0x86, 0x5B, 0xF2, 0x8E, 0xFF, 0x99, 0xE0,
    0x42, 0xC3, 0x0E, 0xF7, 0x04, 0x0B, 0xBA, 0x8E, 0xB0, 0x4F, 0x6A, 0x23, 0xDA, 0x68, 0x85, 0x7D,
    0x02, 0xE5, 0x8A, 0xD0, 0xCA, 0x77, 0xFF, 0xB8, 0x5B, 0xF8, 0x44, 0x05, 0x29, 0xD3, 0x16, 0x54,
    0x30, 0xA6, 0xF4, 0x37, 0xA3, 0xCD, 0x09, 0xC5, 0xB3, 0x40, 0xAF, 0x40, 0x59, 0x28, 0xE4, 0x71,
    0xB6, 0x50, 0x62, 0x91, 0x13, 0xB9, 0x92, 0xEE, 0x59, 0xD7, 0x30, 0x64, 0x7C, 0x66, 0x26, 0x4C,
    0x0A, 0xD7, 0x8D, 0x9E, 0x82, 0x66, 0xB0, 0x75, 0xB3, 0x74, 0x96, 0x68, 0x45, 0x15, 0x25, 0x99,
    0x91, 0x99, 0xAB, 0x07, 0xE7, 0xA6, 0xB5, 0x94, 0x92, 0x81, 0x60, 0x76, 0xA3, 0xA2, 0x7B, 0x7A,
    0x82, 0xA8, 0x6B, 0x49, 0xE4, 0x51, 0xCA, 0x7B, 0xD2, 0x60, 0x94, 0x91, 0x6C, 0x16, 0x41, 0x2F,
    0x34, 0xB3, 0x79, 0x0D, 0x15, 0x9B, 0x48, 0xD0, 0xED, 0xFE, 0x18, 0x2C, 0x6A, 0xC1, 0x33, 0x6F,
    0x94, 0xAB, 0x0E, 0x8A, 0xDF, 0xB5, 0x55, 0x98, 0xF3, 0x5C, 0x7C, 0x3C, 0xB8, 0xE0, 0x70, 0x91,
    0x12, 0xD9, 0x2C, 0x02, 0xDC, 0x3C, 0x98, 0x8F, 0x6C, 0x09, 0xA6, 0x2A, 0x6D, 0x46, 0x6E, 0x61,
    0xC3, 0xF4, 0x33, 0xBB, 0x9E, 0xDC, 0x85, 0x6E, 0x25, 0x55, 0xA3, 0xCA, 0x28, 0x50, 0xA3, 0x48,
    0xCF, 0x4E, 0xE0, 0x58, 0x9B, 0x00, 0xB0, 0x3A, 0xE4, 0x9D, 0x5B, 0x0E, 0x24, 0x0D, 0x8F, 0xD2,
    0x68, 0x16, 0x8E, 0xF9, 0x80, 0x3D, 0x5E, 0x33, 0x38, 0x39, 0xB6, 0x9F, 0x2F, 0xC2, 0x16, 0xD5,
    0x44, 0xC5, 0x82, 0xE5, 0x70, 0x31, 0x26, 0x71, 0x34, 0x92, 0x10, 0x91, 0xA5, 0x44, 0x1C, 0x37,
    0x05, 0xEA, 0x57, 0x1B, 0x55, 0xE2, 0x9E, 0x03, 0xE0, 0x5A, 0x20, 0xA9, 0x2A, 0x2D, 0x52, 0x1B,
    0x21, 0x95, 0xA4, 0x76, 0x23, 0xAD, 0xAB, 0x09, 0xF1, 0x53, 0x16, 0x16, 0xDF, 0xAC, 0xE5, 0x24,
    0x21, 0xA8, 0xB6, 0xB5, 0x98, 0xFF, 0x14, 0x26, 0x36, 0x79, 0xA9, 0x0F, 0xC5, 0xB4, 0xB7, 0x57,
    0x20, 0xE1, 0xC8, 0x26, 0x5A, 0xC2, 0x95, 0x96, 0xE7, 0x7C, 0x9E, 0x0E, 0xA0, 0xC4, 0x62, 0xFD,
    0x30, 0xDD, 0x45, 0xAB, 0x4F, 0x9F, 0x8A, 0xFC, 0xFD, 0x46, 0xAB, 0x5D, 0x52, 0xD1, 0xD9, 0xEC,
    0xD3, 0x4A, 0x3E, 0x66, 0xA3, 0xB8, 0x29, 0x24, 0xD7, 0xAD, 0xC5, 0xE3, 0x93, 0x3C, 0x29, 0xDD,
    0x45, 0xAB, 0x84, 0x8B, 0x93, 0x68, 0x94, 0x6A, 0xE9, 0x89, 0x37, 0x99, 0xE5, 0xBA, 0x74, 0x17,
    0x9F, 0x17, 0xEA, 0x17, 0xF3, 0xF5, 0xC4, 0x2C, 0x3E, 0x25, 0xCA, 0x9E, 0x0F, 0x29, 0x27, 0x15,
    0xA0, 0xE6, 0xFC, 0xEF, 0x18, 0xC9, 0x6E, 0xC5, 0x7B, 0x15, 0xBA, 0xBF, 0x64, 0x48, 0xB5, 0x8C,
    0xC8, 0x8E, 0xE1, 0xB6, 0x1F, 0x8A, 0xA4, 0xDE, 0x05, 0xED, 0xB1, 0x45, 0xE4, 0x5D, 0x48, 0x5D,
    0x49, 0xC9, 0x6A, 0x94, 0xCE, 0x97, 0x68, 0x74, 0x91, 0x45, 0xEA, 0x8D, 0xF2, 0xF6, 0x90, 0x8A,
    0xD2, 0xE8, 0x2D, 0x80, 0xE7, 0x86, 0xC4, 0x32, 0x9D, 0xCB, 0x43, 0x52, 0x34, 0x53, 0xDE, 0x25,
    0x41, 0xD9, 0xC4, 0x32, 0xA7, 0xBB, 0xA0, 0x7D, 0x4C, 0xD0, 0xEA, 0x60, 0x31, 0x3B, 0x41, 0x15,
    0x08, 0x91, 0xF4, 0x3B, 0xB5, 0x78, 0x42, 0x21, 0x0D, 0x16, 0x99, 0x82, 0x15, 0x6A, 0x85, 0x13,
    0x2E, 0xF9, 0xAD, 0xC8, 0x99, 0x5C, 0x4D, 0xEC, 0xC3, 0x3E, 0x17, 0x44, 0xDA, 0xC1, 0xE7, 0x27,
    0x91, 0x28, 0x29, 0x98, 0xEB, 0x58, 0xE6, 0xC1, 0x0E, 0xA4, 0xA7, 0x83, 0x75, 0x39, 0x13, 0x73,
    0xE7, 0x18, 0xAE, 0x1C, 0x00, 0xC3, 0xEE, 0x45, 0x6D, 0x63, 0xDE, 0x37, 0x44, 0xFE, 0x48, 0xAE,
    0xA4, 0x68, 0x7E, 0xA6, 0x14, 0x34, 0x3D, 0x28, 0xD5, 0x15, 0x54, 0xA8, 0xB6, 0x1B, 0xD9, 0x20,
    0x24, 0x5A, 0x46, 0x8C, 0x48, 0xA2, 0xB5, 0x44, 0xFC, 0x47, 0xB6, 0x54, 0x67, 0xCF, 0x45, 0x8E,
    0x16, 0xA3, 0xF0, 0xC5, 0x93, 0x33, 0xEB, 0x93, 0xB8, 0x51, 0x4B, 0xFD, 0x75, 0xEC, 0xF3, 0x3F,
    0x2D, 0x23, 0x5D, 0xCF, 0xCC, 0xF7, 0x92, 0x59, 0xF6, 0x89, 0x2D, 0xD2, 0x2E, 0x5D, 0xFB, 0xDC,
    0xE9, 0x04, 0x8A, 0xEC, 0x1D, 0xD7, 0x94, 0x35, 0x2C, 0x54, 0xA7, 0x8D, 0xEE, 0xDB, 0x88, 0x59,
    0xCF, 0x24, 0x5E, 0xB9, 0x4F, 0x4B, 0xF9, 0xDC, 0x05, 0x95, 0x46, 0xCD, 0x0B, 0x27, 0x0E, 0xAC,
    0x03, 0x5D, 0xE4, 0xA7, 0x68, 0xF2, 0xBA, 0x4F, 0x25, 0xEA, 0x2B, 0x34, 0x98, 0x75, 0xAC, 0xA3,
    0x1F, 0x8A, 0xEF, 0xA6, 0xEB, 0x9A, 0x07, 0x8E, 0xD9, 0x5F, 0x65, 0xBC, 0x56, 0xF3, 0xEC, 0x81,
    0x1B, 0xE3, 0xFE, 0x21, 0x1A, 0xEB, 0xFE, 0xBE, 0x04, 0x63, 0x06, 0x97, 0x9F, 0x85, 0x3A, 0x3F,
    0x61, 0x62, 0xB8, 0x51, 0xED, 0xF7, 0x50, 0x24, 0x7B, 0x51, 0xC8, 0x17, 0x78, 0xBC, 0x8A, 0x62,
    0x95, 0x3B, 0x44, 0xA6, 0x5B, 0xE4, 0x59, 0x6E, 0x18, 0x38, 0x44, 0x9F, 0x8E, 0xD2, 0xA7, 0x7E,
    0xAF, 0xE9, 0x24, 0x11, 0x17, 0xB4, 0x16, 0x89, 0xC7, 0x8B, 0x6D, 0xC9, 0x55, 0x57, 0x75, 0xD6,
    0x53, 0xC4, 0x0C, 0x02, 0x5B, 0xAD, 0xA6, 0xBF, 0x25, 0xBE, 0x66, 0xFA, 0x9D, 0xC8, 0xFD, 0x8B,
    0x0D, 0x30, 0x0A, 0xFB, 0x48, 0x55, 0x63, 0xC6, 0xB3, 0xE8, 0xF3, 0xE1, 0x62, 0x2B, 0x4B, 0xC4,
    0x79, 0xAC, 0xD3, 0xF1, 0x38, 0x63, 0xE0, 0xB5, 0xF3, 0x1D, 0x6B, 0x0C, 0x90, 0x09, 0x10, 0xF3,
    0xC6, 0xE1, 0x7A, 0x86, 0x18, 0xFE, 0xBB, 0xDB, 0xB8, 0xE1, 0x36, 0xF5, 0xB8, 0x83, 0x0B, 0xB4,
    0x58, 0x35, 0x02, 0x9B, 0x89, 0xE8, 0xEF, 0xE4, 0xBD, 0xBC, 0x16, 0x6F, 0x7D, 0xD2, 0x01, 0x2B,
    0x40, 0x34, 0x01, 0x53, 0xBB, 0x91, 0xB9, 0xB5, 0x1F, 0xC3, 0xEE, 0x13, 0xB3, 0xCC, 0x8C, 0x5F,
    0xCD, 0x4A, 0x41, 0xD3, 0x5D, 0xD8, 0x5F, 0x87, 0x7D, 0x2C, 0xDA, 0xDB, 0xF4, 0x17, 0xE1, 0x55,
    0xF6, 0x32, 0xB7, 0x36, 0xBD, 0x78, 0x7C, 0xAB, 0x04, 0x8A, 0x5C, 0x8F, 0x45, 0x47, 0xBC, 0x57,
    0x73, 0x9C, 0x6A, 0xE3, 0xE0, 0x5E, 0x44, 0xDB, 0x62, 0xC4, 0x39, 0x84, 0xCC, 0x4E, 0xAE, 0x24,
    0x8A, 0x41, 0x77, 0xC8, 0x00, 0xA9, 0xEC, 0x6F, 0xD0, 0x89, 0x3E, 0x60, 0xF7, 0xA9, 0xAA, 0xB1,
    0xE6, 0xA6, 0xBD, 0x0D, 0xAE, 0x07, 0x22, 0xEF, 0xF0, 0x57, 0x79, 0x8A, 0x54, 0x20, 0x67, 0xFB,
    0x6A, 0xA2, 0xC8, 0x63, 0xB0, 0x26, 0x72, 0xBD, 0xCA, 0xD0, 0xEF, 0xB3, 0xB1, 0xE0, 0x4B, 0xB9,
    0xF6, 0xE6, 0x4E, 0x66, 0xD9, 0x9A, 0x5C, 0x31, 0xD8, 0x78, 0x73, 0xC2, 0x90, 0x25, 0x5A, 0x6C,
    0xA2, 0x06, 0x4F, 0x59, 0x83, 0xF8, 0xC7, 0x82, 0x6B, 0xFF, 0x75, 0x6D, 0x77, 0xF0, 0x15, 0x79,
    0x2F, 0xAB, 0xF6, 0x5E, 0x0B, 0x2C, 0x6C, 0x13, 0x63, 0x81, 0xF8, 0x29, 0x31, 0x64, 0x56, 0x49,
    0x11, 0x42, 0x12, 0xA9, 0xD9, 0x84, 0xF1, 0xC3, 0x3E, 0x4C, 0xB8, 0xC5, 0x8F, 0x6F, 0xCA, 0xF1,
    0x2B, 0x72, 0xD9, 0xC4, 0x93, 0xB5, 0xFC, 0x43, 0x61, 0xED, 0x1B, 0x47, 0x75, 0x7E, 0x77, 0xFB,
    0x5F, 0xDB, 0xB5, 0x9F, 0x2A, 0x55, 0xED, 0x77, 0x70, 0x4B, 0xD9, 0xAB, 0x8F, 0x9D, 0x85, 0x4F,
    0x7B, 0x80, 0x02, 0x9C, 0x44, 0xB8, 0xC8, 0x6D, 0x94, 0x2C, 0x46, 0xF9, 0x68, 0x54, 0xF5, 0x46,
    0xDA, 0x82, 0x22, 0x15, 0x50, 0x3A, 0x1B, 0xE5, 0xA3, 0x51, 0xD3, 0x81, 0x02, 0xAD, 0x41, 0x91,
    0x0A, 0x28, 0x9D, 0x8D, 0x8A, 0xC1, 0xA8, 0xE9, 0x40, 0x6F, 0x6B, 0x0D, 0x7A, 0x47, 0x5B, 0xD0,
    0xBB, 0x6A, 0x37, 0x2B, 0x1D, 0x40, 0xFA, 0xE5, 0x64, 0x94, 0x2C, 0xA0, 0x99, 0xA5, 0x8C, 0x2C,
    0xB3, 0x97, 0x86, 0xE7, 0x94, 0xE8, 0x73, 0xC9, 0xC6, 0x43, 0x25, 0xA2, 0x47, 0xB6, 0x54, 0xB6,
    0x46, 0x55, 0x67, 0x54, 0x0C, 0x46, 0xE9, 0xE4, 0x2A, 0x76, 0x58, 0x4D, 0x14, 0xBE, 0x9F, 0xF2,
    0x89, 0x34, 0x1A, 0x15, 0x03, 0xA9, 0x27, 0xB5, 0x46, 0x55, 0x4D, 0x2A, 0xAF, 0xCE, 0x74, 0xCA,
    0xAF, 0x00, 0x5A, 0x3E, 0x0B, 0x2C, 0x06, 0xD6, 0x89, 0xA6, 0x47, 0xDD, 0x27, 0x60, 0xD5, 0xD3,
    0xE0, 0x1B, 0xC6, 0x56, 0xFD, 0x7C, 0x02, 0x36, 0xB0, 0xCF, 0x2F, 0xED, 0x89, 0x7F, 0x30, 0x03,
    0x9E, 0xBA, 0x29, 0x4D, 0xDC, 0x5F, 0xCD, 0x5B, 0xA3, 0x59, 0xAD, 0x8B, 0xD4, 0xB9, 0x8C, 0xFE,
    0x03, 0x16, 0x03, 0x8D, 0x0A, 0x8C, 0x57, 0x9A, 0xB4, 0xA4, 0x74, 0xAF, 0x49, 0x36, 0x39, 0x3B,
    0xEE, 0xA4, 0x66, 0x30, 0xEC, 0x80, 0xDA, 0x1A, 0xD6, 0x86, 0x80, 0x80, 0x68, 0x0F, 0x86, 0xB3,
    0xE1, 0x64, 0x77, 0xDE, 0xC3, 0x33, 0x88, 0xB6, 0x01, 0xD8, 0xB4, 0x8D, 0xB9, 0x72, 0xC3, 0x64,
    0x06, 0xE6, 0x03, 0xB0, 0x69, 0x37, 0x0C, 0x15, 0x39, 0x93, 0x19, 0x98, 0x0F, 0x40, 0x48, 0x69,
    0xDE, 0x51, 0x94, 0xF0, 0x2E, 0x64, 0x35, 0x36, 0xE9, 0xD7, 0xE8, 0xB7, 0xF8, 0x75, 0x4D, 0x91,
    0x73, 0x8A, 0xF0, 0x54, 0x8F, 0x9A, 0x36, 0x35, 0x94, 0x6B, 0xAC, 0xA6, 0x8D, 0xD5, 0xB4, 0xB1,
    0x9A, 0x9A, 0xC4, 0xD2, 0x49, 0xB7, 0x9A, 0x02, 0xD3, 0x69, 0x43, 0xFC, 0xFC, 0x53, 0x41, 0xFA,
    0xD0, 0x50, 0x6B, 0x56, 0xC5, 0x1F, 0x91, 0x9A, 0xFC, 0xF9, 0xB2, 0xAC, 0xF5, 0xFB, 0x0F, 0x12,
    0xD9, 0x4F, 0x45, 0x7B, 0xB4, 0x68, 0xFD, 0x9F, 0xAB, 0x28, 0x22, 0x6F, 0x0A, 0xD2, 0xE7, 0x86,
    0xFE, 0xF8, 0x8C, 0xB3, 0x50, 0x72, 0x70, 0x88, 0x2C, 0x6F, 0x7D, 0x97, 0xFC, 0x8D, 0xC3, 0x3F,
    0x3B, 0xED, 0x1E, 0x1E, 0x97, 0x85, 0xAE, 0x9F, 0xF6, 0x46, 0x3A, 0x4A, 0x44, 0x6A, 0xAF, 0xA2,
    0x5C, 0x4D, 0x81, 0xDD, 0x65, 0x83, 0x1A, 0xF2, 0xF5, 0x20, 0x2E, 0x86, 0xB3, 0xE1, 0xE4, 0x57,
    0x4F, 0x12, 0xC3, 0x1F, 0x95, 0xAF, 0xBD, 0xF7, 0x77, 0xDB, 0xC9, 0xDE, 0xB5, 0x90, 0x1E, 0x4B,
    0xDF, 0x42, 0xAE, 0xBE, 0x85, 0x24, 0x46, 0x23, 0xDB, 0x49, 0xAE, 0xAC, 0x19, 0x15, 0x83, 0x61,
    0x07, 0x4F, 0x55, 0xED, 0x01, 0xD6, 0x86, 0xA5, 0xA1, 0x78, 0xFC, 0xF0, 0xC8, 0xA2, 0xEB, 0x47,
    0xBF, 0xC2, 0xBF, 0xB2, 0xC9, 0x70, 0x34, 0x1C, 0x80, 0xB9, 0x8D, 0x1C, 0xF3, 0xDE, 0xB0, 0x33,
    0x6C, 0x0D, 0x6B, 0xC3, 0x72, 0xC3, 0xBB, 0x36, 0x21, 0xEB, 0x81, 0xC5, 0x04, 0xAC, 0x66, 0x22,
    0xEF, 0xF0, 0xD7, 0xE7, 0xE2, 0x35, 0xE7, 0xB9, 0x1D, 0x42, 0x2A, 0x5E, 0x00, 0x05, 0xAB, 0x51,
    0xA4, 0x35, 0x28, 0xD6, 0xD6, 0x13, 0x6F, 0x32, 0xCB, 0xCD, 0x04, 0xD1, 0x7D, 0xFB, 0x44, 0x0B,
    0x3D, 0x37, 0xFA, 0x27, 0xA3, 0x7B, 0x33, 0xE8, 0x44, 0x8D, 0x1A, 0x23, 0x1E, 0xC5, 0xC9, 0x78,
    0x6A, 0x4B, 0xF5, 0x5C, 0x8C, 0x4A, 0x12, 0x50, 0xFA, 0x9B, 0x4A, 0x47, 0x6A, 0x77, 0xE9, 0x45,
    0xB4, 0xDE, 0x27, 0x70, 0xDE, 0x7F, 0x29, 0x50, 0x37, 0x3C, 0xD1, 0x0D, 0x01, 0xE7, 0x92, 0x03,
    0x80, 0xED, 0x86, 0xE7, 0xC8, 0xFF, 0x17, 0xCF, 0xF4, 0x3D, 0xBD, 0x79, 0xDF, 0xE6, 0x30, 0xA1,
    0xBC, 0x74, 0xD0, 0xC9, 0x70, 0x36, 0x5C, 0x0C, 0xF5, 0x00, 0xAB, 0x1A, 0x58, 0xB4, 0xC0, 0xBC,
    0x03, 0xA6, 0x83, 0xC7, 0x78, 0x02, 0x46, 0x33, 0x30, 0x5C, 0x80, 0xA2, 0x07, 0x58, 0xD5, 0xC0,
    0xA2, 0x05, 0xE6, 0x1D, 0x30, 0x1D, 0x3C, 0xC6, 0x13, 0x30, 0x9A, 0x81, 0xE1, 0x02, 0x14, 0x3D,
    0xC0, 0xEA, 0x3F, 0x80, 0xC5, 0x97, 0xC0, 0xFC, 0x6B, 0x60, 0xAA, 0x1E, 0x63, 0xC3, 0xC8, 0x30,
    0x04, 0xB2, 0x3E, 0xCF, 0xB2, 0x77, 0x5C, 0xB4, 0xF7, 0x56, 0xA0, 0x6D, 0xCD, 0xFD, 0x42, 0x75,
    0xDE, 0x94, 0x51, 0x5D, 0xA5, 0xF8, 0xBA, 0xC4, 0xA6, 0x88, 0x07, 0xE8, 0x5F, 0x14, 0xBD, 0x8D,
    0xFD, 0xF1, 0x56, 0x13, 0x3B, 0x60, 0xFE, 0xDC, 0xF1, 0x75, 0xF3, 0xDD, 0xB3, 0xEE, 0x99, 0xBC,
    0xCA, 0xBE, 0x7B, 0xB6, 0x63, 0x55, 0xF9, 0x35, 0xF6, 0xD4, 0x70, 0x73, 0x0D, 0x37, 0xDA, 0x48,
    0x53, 0x5B, 0x97, 0xA4, 0xC7, 0x2C, 0x45, 0xFA, 0xBD, 0x72, 0x63, 0x8E, 0xDB, 0xA4, 0x43, 0x5B,
    0xDF, 0x8A, 0xD6, 0x80, 0xE7, 0x28, 0xC2, 0x9D, 0x73, 0x14, 0x76, 0xEE, 0x38, 0x3D, 0xBF, 0xEE,
    0x1C, 0xC5, 0xD1, 0xB5, 0x06, 0x55, 0xCB, 0x20, 0x72, 0x54, 0x93, 0xF6, 0xA6, 0x82, 0x16, 0xD2,
    0x7C, 0x89, 0xDE, 0xDC, 0xAB, 0xA9, 0xAB, 0xAA, 0xAB, 0xAB, 0xAB, 0xAC, 0xAB, 0xAD, 0xB0, 0xBA,
    0xC2, 0xFA, 0x0A, 0x2B, 0x4C, 0xEA, 0x8C, 0xF2, 0x17, 0x4E, 0x2F, 0x31, 0x7C, 0xC7, 0xC7, 0x87,
    0xEF, 0xBB, 0x57, 0xC2, 0xF7, 0xDB, 0xA7, 0x6E, 0x10, 0xD3, 0x27, 0x21, 0x97, 0x1B, 0x7D, 0x0F,
    0xA8, 0x04, 0x4E, 0xAF, 0x7A, 0xF3, 0xF7, 0x64, 0xF4, 0xF3, 0xC1, 0xB5, 0xA1, 0x00, 0x47, 0xD8,
    0x4B, 0x55, 0x1E, 0xA1, 0xC7, 0xA7, 0xDC, 0x4D, 0x02, 0xE8, 0xE4, 0xF7, 0xD4, 0x56, 0x1B, 0x75,
    0x9C, 0xCF, 0xE5, 0x9E, 0xDA, 0xFC, 0x62, 0xA7, 0x1B, 0x2E, 0xFC, 0xD3, 0xED, 0x63, 0x4D, 0x0F,
    0x37, 0xB7, 0xF2, 0x7B, 0x19, 0x4D, 0x5D, 0x74, 0x36, 0xF9, 0xFF, 0x3C, 0xC8, 0x49, 0x70, 0xF2,
    0x52, 0x23, 0xA7, 0x8B, 0xD3, 0xCC, 0xE9, 0xE9, 0xB4, 0x76, 0x75, 0x70, 0x35, 0x72, 0xF5, 0x63,
    0x6D, 0x7D, 0xDD, 0x7F, 0xE8, 0x41, 0xE8, 0x73, 0xB7, 0xE1, 0xD4, 0x4A, 0x5F, 0xDC, 0xBE, 0x56,
    0x6E, 0x6B, 0x4D, 0x51, 0xD4, 0x90, 0x5D, 0x39, 0x1C, 0x55, 0x11, 0x79, 0x38, 0x0A, 0xB8, 0x5E,
    0x87, 0xCC, 0x63, 0xF9, 0x17, 0x3E, 0xCB, 0x72, 0x58, 0x26, 0xCB, 0xA7, 0x2C, 0xCA, 0x35, 0x1D,
    0xA8, 0x0F, 0x75, 0xF3, 0x0E, 0x16, 0x49, 0x6B, 0xEE, 0x9E, 0x6C, 0x6D, 0x45, 0xA1, 0x2A, 0xF9,
    0x6A, 0x88, 0x48, 0xBC, 0xC4, 0x8B, 0x78, 0x7B, 0x34, 0xDA, 0xBB, 0x5D, 0xC5, 0x57, 0xD3, 0x5D,
    0x9C, 0x30, 0x7D, 0x6A, 0xC7, 0xA7, 0x57, 0x77, 0x7C, 0x3A, 0x38, 0x3C, 0x3E, 0x3D, 0xD2, 0xFE,
    0xFE, 0xF8, 0xF4, 0x74, 0xDC, 0xF1, 0x13, 0x48, 0x00, 0x8A, 0xFB, 0xB8, 0x17, 0x7B, 0x6A, 0xB4,
    0x85, 0xA9, 0xAC, 0x17, 0xD7, 0x26, 0xC2, 0x02, 0x88, 0x26, 0x59, 0xC5, 0x7A, 0x09, 0x73, 0x30,
    0x5B, 0x37, 0x93, 0x1D, 0xCD, 0xDF, 0x6E, 0xFF, 0x5D, 0x49, 0x77, 0x61, 0x24, 0x7F, 0xB0, 0xFD,
    0x27, 0x92, 0xD5, 0x99, 0xAD, 0xAE, 0x43, 0x54, 0x55, 0x73, 0x26, 0x50, 0xD1, 0x8B, 0x45, 0x48,
    0x45, 0x53, 0x34, 0x61, 0xEE, 0x35, 0x86, 0xB7, 0xBA, 0xB4, 0xC3, 0x81, 0xC8, 0xB0, 0x3E, 0xD2,
    0x30, 0xBA, 0xE7, 0xF6, 0x09, 0x18, 0x65, 0xA4, 0x8A, 0xA4, 0x53, 0x3C, 0x09, 0x8C, 0x07, 0x8A,
    0x56, 0x01, 0x25, 0xB3, 0x51, 0x3A, 0x1A, 0x65, 0x83, 0x51, 0xDE, 0x93, 0x3A, 0xA3, 0xA2, 0xBD,
    0x86, 0x54, 0xC7, 0x7D, 0xDA, 0x7F, 0xC0, 0x97, 0x49, 0x09, 0x94, 0x47, 0xE9, 0x5E, 0x17, 0x6A,
    0xE6, 0xF5, 0xA4, 0xD6, 0x74, 0xB2, 0xAF, 0x51, 0x48, 0x72, 0xB5, 0x4D, 0xCE, 0xE5, 0x64, 0x2D,
    0xD1, 0xA2, 0xD6, 0xB9, 0xF6, 0xF8, 0xB1, 0x6F, 0x74, 0x92, 0x68, 0x89, 0xFF, 0x77, 0x09, 0x17,
    0x49, 0x06, 0x84, 0x49, 0x23, 0x69, 0x87, 0x31, 0x5C, 0x21, 0x99, 0x7D, 0x71, 0x31, 0xAF, 0x73,
    0xEB, 0x25, 0x66, 0x75, 0x51, 0x1B, 0xB7, 0xE0, 0x5A, 0xD2, 0x2B, 0xEC, 0x36, 0x17, 0x5C, 0x61,
    0xFE, 0x2E, 0x72, 0xC8, 0xED, 0x01, 0xB3, 0x7C, 0x31, 0x79, 0x9D, 0xFC, 0x95, 0xC9, 0x1F, 0xA4,
    0x28, 0xA1, 0xCF, 0x28, 0x0D, 0xF4, 0xFB, 0x6E, 0x0D, 0x17, 0xD3, 0x57, 0x75, 0x32, 0xFD, 0x0B,
    0xB8, 0xF2, 0x9E, 0xD5, 0xC7, 0x77, 0x86, 0x7F, 0x71, 0xD0, 0xA1, 0x56, 0x40, 0xB8, 0x1C, 0x4C,
    0xB3, 0xB0, 0xF7, 0xD5, 0xF9, 0x9D, 0x4A, 0xF1, 0xB5, 0x67, 0xEC, 0xCE, 0x0C, 0x17, 0x43, 0x2D,
    0x1F, 0x1E, 0x93, 0x0E, 0x78, 0x0C, 0x3B, 0x1F, 0x81, 0xE9, 0x04, 0x8C, 0xE7, 0x27, 0x63, 0x3A,
    0xF1, 0x29, 0x96, 0x60, 0xA5, 0xB5, 0xBE, 0xE4, 0x09, 0x52, 0xB6, 0x5A, 0x34, 0x75, 0x3C, 0xCB,
    0x86, 0xD1, 0x0A, 0x0C, 0x14, 0x28, 0x5A, 0x03, 0x8B, 0x0E, 0x98, 0x0F, 0xC0, 0x74, 0x04, 0x26,
    0x33, 0x70, 0xCB, 0x6A, 0x65, 0x02, 0x45, 0x5B, 0x60, 0xD1, 0x99, 0xAC, 0xC1, 0xCB, 0x4D, 0xAC,
    0xF6, 0xEF, 0x1D, 0x8E, 0x24, 0x02, 0x35, 0x8A, 0x16, 0xA3, 0x78, 0x32, 0x4A, 0x07, 0xA3, 0xAC,
    0x33, 0x2A, 0x6A, 0xA3, 0xCA, 0x50, 0x7E, 0x22, 0xFB, 0x09, 0xFE, 0x2D, 0x13, 0x6D, 0x41, 0x8D,
    0xD1, 0x3B, 0x6A, 0xF4, 0xEE, 0x46, 0x22, 0xCD, 0xFB, 0x67, 0x66, 0xD1, 0x0F, 0xC4, 0xE8, 0x13,
    0x52, 0xB7, 0x3F, 0xEC, 0x79, 0xB6, 0xC4, 0x95, 0xC6, 0x71, 0x97, 0x5E, 0x47, 0x17, 0xEF, 0xA4,
    0x6A, 0x30, 0xEC, 0xBD, 0xB5, 0x89, 0x5A, 0x1A, 0xFA, 0x01, 0x66, 0x30, 0x1F, 0xE0, 0x7B, 0x47,
    0xEB, 0xD5, 0xFD, 0x14, 0x68, 0x4B, 0xAA, 0x41, 0xA1, 0xCA, 0x01, 0x45, 0x0B, 0x69, 0x26, 0x4D,
    0x46, 0xF1, 0xE0, 0xC9, 0xAD, 0x2E, 0x72, 0x2F, 0x8F, 0x59, 0x68, 0xBB, 0xD4, 0x1E, 0xE0, 0x7E,
    0x1F, 0xEE, 0xFD, 0x49, 0x16, 0x7E, 0xCD, 0xCF, 0x4A, 0x75, 0x67, 0xA4, 0xC7, 0xDB, 0xD2, 0xB6,
    0x9C, 0x89, 0x74, 0xE8, 0x5E, 0xE1, 0x12, 0x1B, 0x81, 0xB3, 0x1F, 0xD4, 0xC9, 0xC5, 0x13, 0x92,
    0x7D, 0xA7, 0xE2, 0x3F, 0x96, 0x11, 0x39, 0x5F, 0x69, 0x2F, 0xD7, 0xA7, 0x63, 0x8E, 0xC2, 0x40,
    0x2C, 0x25, 0x9D, 0x51, 0x3A, 0x5E, 0x3A, 0xDA, 0xD9, 0x1E, 0x96, 0xB6, 0x1A, 0x86, 0x2E, 0xFE,
    0x98, 0x71, 0xAF, 0x7F, 0x2A, 0xA7, 0x7A, 0xC6, 0x0E, 0xD5, 0xFA, 0x70, 0xF3, 0x58, 0xC0, 0x3F,
    0xED, 0x91, 0x3E, 0x90, 0x4A, 0x6D, 0x74, 0x14, 0x6B, 0x9D, 0x4E, 0xBE, 0x2F, 0xFA, 0xB7, 0x24,
    0x8A, 0xF6, 0x94, 0x0D, 0xA4, 0xF1, 0xF0, 0xD0, 0x64, 0xA2, 0x25, 0x5D, 0xC3, 0x2E, 0xB6, 0x05,
    0x0D, 0xBB, 0x6E, 0x14, 0xAB, 0x9D, 0x29, 0xC1, 0x1E, 0xE3, 0x8F, 0x75, 0x61, 0x11, 0x17, 0x2F,
    0x53, 0xE9, 0x27, 0xEE, 0xAF, 0xFD, 0x04, 0xF4, 0x09, 0x7F, 0xCB, 0x6B, 0xCB, 0xD9, 0xF4, 0x90,
    0x52, 0x16, 0x0B, 0xB4, 0x96, 0x54, 0x3B, 0xA9, 0x16, 0xBC, 0x40, 0x26, 0xA1, 0xA1, 0xBC, 0x94,
    0xB5, 0x65, 0xDD, 0xAD, 0x87, 0xEA, 0x3F, 0xE7, 0x5C, 0x74, 0x74, 0xF0, 0xA3, 0x7F, 0xE9, 0xA7,
    0x47, 0xFF, 0xD2, 0x5F, 0xD3, 0x3F, 0x0D, 0x1A, 0x54, 0x30, 0x33, 0x71, 0x90, 0x5A, 0x9B, 0xEC,
    0x3E, 0xD6, 0x32, 0x68, 0xC6, 0x74, 0x82, 0xF3, 0x10, 0xC7, 0x41, 0x79, 0x69, 0xE6, 0x86, 0xA5,
    0xEB, 0x7B, 0x66, 0x29, 0xFD, 0x1F, 0x54, 0xC1, 0x4A, 0xE0, 0x8C, 0x47, 0xB8, 0x21, 0xAA, 0xF5,
    0xCF, 0x8C, 0x82, 0x8C, 0xC1, 0x7E, 0x09, 0xD3, 0x12, 0x58, 0x0D, 0x28, 0xAB, 0xD0, 0x33, 0xC8,
    0x32, 0xB9, 0x81, 0x5A, 0x09, 0xB9, 0xEA, 0x62, 0xBA, 0x41, 0xE9, 0x67, 0x7A, 0x10, 0xF1, 0x2E,
    0x7E, 0xDC, 0xD1, 0xF6, 0x66, 0xA5, 0x7E, 0x25, 0xBF, 0x20, 0xC2, 0x0F, 0x88, 0xB8, 0xEF, 0x87,
    0xB8, 0xCF, 0x87, 0xAC, 0xB6, 0x52, 0xF7, 0x73, 0xFF, 0xF1, 0x90, 0x23, 0x8C, 0x9F, 0xD7, 0xD0,
    0xE5, 0xD5, 0x53, 0xB8, 0x3C, 0x73, 0x2E, 0xFF, 0x98, 0x2E, 0x0F, 0xA9, 0x77, 0xD4, 0x93, 0xB4,
    0x33, 0xBE, 0x37, 0x1E, 0xB6, 0xBA, 0x81, 0xD1, 0x9F, 0x47, 0x46, 0xC5, 0xC5, 0x90, 0xB8, 0x07,
    0x71, 0x6C, 0xF1, 0x8A, 0xB9, 0x3A, 0xDC, 0x71, 0x75, 0xD2, 0x9A, 0xCC, 0xDA, 0x90, 0xA6, 0x3D,
    0xED, 0x7C, 0x4B, 0x18, 0x03, 0xFF, 0x2D, 0x05, 0x9A, 0x58, 0xEE, 0xEE, 0xC6, 0xE8, 0x09, 0xCD,
    0x05, 0xAE, 0x8B, 0xC6, 0x23, 0xEB, 0xAD, 0x29, 0x49, 0x26, 0x6B, 0x58, 0xA2, 0x95, 0x1D, 0x4B,
    0xFD, 0x78, 0x38, 0x68, 0x82, 0x72, 0x75, 0x72, 0xE4, 0x6A, 0xBA, 0x6B, 0x66, 0x7E, 0x6E, 0x17,
    0x9B, 0x90, 0xAA, 0x0E, 0x6F, 0xF0, 0xAD, 0xAB, 0xA3, 0x68, 0x66, 0xF4, 0x31, 0xC9, 0xFD, 0x69,
    0x7E, 0x2D, 0xE9, 0x03, 0xD2, 0xA7, 0x97, 0xC8, 0xC2, 0xCE, 0x7F, 0xF6, 0xBD, 0x3A, 0xA0, 0xB8,
    0x6E, 0x40, 0xA9, 0xAE, 0xBE, 0x23, 0xCC, 0x73, 0x51, 0xF6, 0xD2, 0xFD, 0x20, 0x2A, 0x40, 0x85,
    0x22, 0x75, 0xBB, 0xE4, 0x72, 0xBE, 0x34, 0x4A, 0xA9, 0x44, 0x42, 0x8A, 0x48, 0x52, 0x81, 0xBC,
    0xD1, 0xA6, 0x4B, 0xA4, 0xA3, 0xD1, 0xC9, 0x62, 0x24, 0x9F, 0x93, 0x1A, 0x40, 0x52, 0x2A, 0x28,
    0xD3, 0x85, 0x65, 0x4F, 0x6C, 0x02, 0xCE, 0x36, 0xA8, 0xAD, 0x9B, 0x97, 0xF4, 0xB8, 0xDC, 0x17,
    0xB8, 0xDD, 0x27, 0xB8, 0xF9, 0x0D, 0x6E, 0x7E, 0x84, 0x9B, 0x4F, 0x8F, 0x74, 0x40, 0x2F, 0xFB,
    0xDF, 0xE1, 0x66, 0xBA, 0xB5, 0x71, 0x2D, 0xC1, 0x3F, 0x1A, 0xC5, 0x2B, 0x69, 0x21, 0xCD, 0xE6,
    0xD4, 0x0B, 0x9A, 0x8C, 0x92, 0x91, 0x34, 0x5C, 0xA2, 0xFE, 0x75, 0x0A, 0xD3, 0xE7, 0x1F, 0x05,
    0xA1, 0xFA, 0x66, 0x5D, 0xDB, 0xCB, 0xF4, 0x52, 0xA2, 0xE0, 0x55, 0x69, 0x90, 0x90, 0x7F, 0xD8,
    0xA7, 0x9B, 0x79, 0xBA, 0x15, 0x49, 0x48, 0x11, 0x49, 0x2A, 0xD0, 0x4D, 0xBE, 0x45, 0x81, 0x92,
    0x87, 0x57, 0x08, 0xD1, 0x65, 0x70, 0xD8, 0x00, 0xDD, 0x09, 0xCB, 0x8A, 0xDB, 0x05, 0x78, 0x5E,
    0x70, 0xC4, 0xC4, 0x58, 0xB6, 0x62, 0x63, 0x01, 0xCC, 0xA1, 0xEE, 0xDC, 0x9B, 0x3B, 0x88, 0x7A,
    0x62, 0x1D, 0xAC, 0xCB, 0x36, 0x39, 0x3B, 0xB4, 0xC9, 0xE0, 0x86, 0xDF, 0xFB, 0x89, 0xE6, 0x2A,
    0xDA, 0x17, 0x84, 0x2D, 0xB0, 0x20, 0xDA, 0xF6, 0x88, 0x7C, 0x94, 0x50, 0xDB, 0x74, 0x2D, 0xB3,
    0xA6, 0x45, 0xED, 0x8A, 0x36, 0x54, 0xC5, 0x4A, 0x51, 0xA3, 0xE3, 0x86, 0x89, 0x42, 0xF1, 0xFD,
    0xEF, 0x52, 0xDC, 0x3E, 0x2F, 0x3F, 0xDE, 0x0E, 0x47, 0xEB, 0xDF, 0x1B, 0x7C, 0xA3, 0xE2, 0x56,
    0xF8, 0xDD, 0xDB, 0x67, 0x94, 0xC8, 0x4C, 0x14, 0xCC, 0x07, 0xF6, 0x69, 0xCC, 0x3E, 0xC5, 0x81,
    0x7D, 0x82, 0xA6, 0x3F, 0xEE, 0x78, 0x40, 0x85, 0x24, 0x82, 0x19, 0x5C, 0x8D, 0xB2, 0xAE, 0x2A,
    0x31, 0xA1, 0x98, 0xA1, 0x58, 0x49, 0x5B, 0xC3, 0x9A, 0x77, 0xF8, 0x2B, 0x73, 0xF2, 0x29, 0x96,
    0x70, 0x4B, 0x62, 0xC3, 0xD9, 0x6A, 0x42, 0xB1, 0x17, 0xB6, 0xDA, 0x30, 0x17, 0x67, 0x2B, 0x87,
    0xBC, 0xC3, 0x5F, 0x99, 0x93, 0x4F, 0xB1, 0x84, 0x23, 0x8D, 0x93, 0x37, 0x6D, 0x35, 0xF9, 0x43,
    0x9E, 0x77, 0x2A, 0xB5, 0x94, 0x60, 0x0D, 0xEC, 0x83, 0x6B, 0x18, 0x1E, 0xC7, 0x23, 0xDE, 0x91,
    0xB4, 0x4F, 0x7B, 0xAC, 0x57, 0x67, 0x28, 0xBC, 0x2C, 0x4A, 0x4C, 0xA2, 0xBC, 0x71, 0xBB, 0x5A,
    0x0F, 0x5A, 0xE9, 0xBE, 0xDC, 0xBF, 0x81, 0x95, 0x8E, 0x27, 0x2A, 0x8E, 0xD6, 0x8F, 0xB5, 0xF9,
    0x91, 0x5F, 0x96, 0x34, 0x3F, 0x4E, 0xDE, 0x8F, 0x9C, 0x10, 0xFB, 0x9D, 0x5F, 0xAB, 0x2A, 0x00,
    0xB2, 0x1C, 0xAC, 0x06, 0xAF, 0x31, 0xF2, 0x5C, 0x8C, 0x88, 0x5A, 0xE4, 0x5C, 0x5F, 0x7D, 0x7F,
    0xE5, 0xE5, 0xC3, 0xDD, 0xF6, 0x29, 0x2B, 0x56, 0xFA, 0xD9, 0x84, 0xD5, 0x50, 0x43, 0x54, 0xA6,
    0xD1, 0xE1, 0xE1, 0x07, 0xDA, 0xE3, 0xB5, 0x74, 0x33, 0x02, 0x9C, 0x1F, 0xF0, 0xB3, 0x05, 0xC5,
    0x7F, 0xCF, 0x20, 0xFD, 0xA5, 0x72, 0xA1, 0x09, 0xA6, 0x76, 0xB3, 0x0C, 0x6E, 0xCE, 0x81, 0xFF,
    0x07, 0xB0, 0xDD, 0x54, 0xD4, 0x66, 0x4D, 0xA3, 0xF0, 0x21, 0xB5, 0x57, 0x28, 0x9A, 0x73, 0xA3,
    0xE9, 0x51, 0x0A, 0xB4, 0x8E, 0xA6, 0xAC, 0x0B, 0x37, 0x1A, 0xB3, 0x2E, 0xD2, 0xD6, 0x51, 0x3C,
    0xA6, 0x5D, 0xAC, 0x5D, 0x3C, 0xA4, 0x7D, 0xFC, 0x4D, 0x0F, 0x4A, 0xBE, 0x1A, 0x92, 0x8D, 0x52,
    0xA3, 0x21, 0xFD, 0xC2, 0x28, 0xFB, 0x62, 0x4C, 0xB6, 0x7F, 0xE4, 0x1F, 0x4D, 0x69, 0xBF, 0xD1,
    0xDB, 0x33, 0xA8, 0x00, 0xC5, 0x43, 0x21, 0x4B, 0xBA, 0x15, 0x50, 0x19, 0x8D, 0x9F, 0xCB, 0xE7,
    0xA0, 0x45, 0xAA, 0xB4, 0x8D, 0x40, 0xD9, 0x46, 0xB3, 0x14, 0xEF, 0xB7, 0xD1, 0xF9, 0x46, 0xBF,
    0x69, 0xA3, 0xEF, 0xB7, 0x4A, 0x7F, 0xDB, 0x62, 0xFD, 0x36, 0x73, 0xA4, 0x6D, 0xA8, 0x83, 0xA4,
    0x5A, 0x3F, 0xA4, 0x1E, 0x0E, 0x78, 0x1E, 0x86, 0x74, 0xA9, 0xC2, 0x84, 0xAC, 0x2C, 0xA0, 0x5A,
    0x96, 0xA2, 0x0C, 0xB5, 0x86, 0x75, 0x37, 0x79, 0x46, 0xFF, 0xD7, 0x86, 0x9B, 0x21, 0xE3, 0x6F,
    0xBA, 0x70, 0xDA, 0xE8, 0xAB, 0x7E, 0x33, 0x5D, 0x9B, 0x7C, 0x31, 0x44, 0x63, 0xDA, 0xA6, 0x1B,
    0x0D, 0x69, 0xE7, 0x28, 0xFB, 0x68, 0x84, 0xCD, 0xB2, 0xB7, 0xA7, 0xA4, 0x4F, 0xFA, 0x5C, 0xE6,
    0xC4, 0x0C, 0x32, 0xA7, 0x9D, 0xA3, 0x68, 0xF8, 0x50, 0x3E, 0x83, 0x25, 0xEE, 0xCB, 0x87, 0xA0,
    0xCF, 0x60, 0x90, 0x70, 0x9A, 0xA5, 0xC8, 0x6A, 0xA3, 0x7C, 0x13, 0xBC, 0x29, 0x7F, 0xBA, 0x69,
    0xB3, 0x51, 0x23, 0x62, 0x06, 0x11, 0x81, 0x25, 0x3C, 0x35, 0x1B, 0xAD, 0xFE, 0x00, 0x87, 0x3B,
    0xCE, 0xE1, 0x0E, 0x77, 0xF0, 0xBB, 0xAB, 0xC6, 0xFC, 0xA2, 0x8D, 0xFB, 0xF6, 0xAA, 0xF0, 0x50,
    0x08, 0xA3, 0x98, 0x81, 0xCC, 0x2F, 0xB0, 0x5E, 0x97, 0x0A, 0x2B, 0x1C, 0xE7, 0x5C, 0xF1, 0xAC,
    0xDA, 0xF7, 0x0D, 0xB8, 0x11, 0x90, 0xD3, 0x37, 0xA1, 0xBA, 0x89, 0x61, 0xB5, 0x15, 0x7C, 0x11,
    0x36, 0x14, 0x7C, 0x10, 0x82, 0xDD, 0xD7, 0x30, 0x24, 0x99, 0xF9, 0x4C, 0xB4, 0xE0, 0x31, 0xFF,
    0xA5, 0x62, 0xD1, 0x32, 0x1B, 0xC4, 0x6F, 0x43, 0x74, 0x07, 0x55, 0xD8, 0x0A, 0x81, 0x93, 0xEF,
    0x57, 0x10, 0xBB, 0x4A, 0xBE, 0x9E, 0xAC, 0xF7, 0x61, 0x87, 0xA0, 0x68, 0x5F, 0x28, 0x3F, 0xFD,
    0x32, 0x2A, 0xD7, 0x3E, 0xF2, 0xDD, 0x65, 0xD4, 0x9D, 0x54, 0xB4, 0x06, 0xB9, 0x35, 0x8D, 0x75,
    0xD6, 0x9B, 0xEF, 0xDC, 0x6E, 0xCC, 0x64, 0x32, 0x0F, 0xBA, 0x0F, 0xB0, 0x86, 0x0B, 0xC2, 0x1C,
    0x37, 0xCC, 0xA7, 0x2A, 0x1C, 0x81, 0xD4, 0x92, 0x75, 0x56, 0x0C, 0x77, 0xD8, 0xE3, 0x86, 0xA4,
    0x50, 0xC2, 0x6F, 0x84, 0x9E, 0x82, 0x45, 0xF8, 0x37, 0xD5, 0x5E, 0x18, 0x2E, 0x6F, 0xAF, 0xC9,
    0x08, 0xD2, 0x94, 0xFE, 0x78, 0x9F, 0xEE, 0xD0, 0xF6, 0xEA, 0xE2, 0x4C, 0x42, 0x8A, 0xFD, 0x36,
    0x97, 0xAB, 0xDB, 0xBD, 0x48, 0xA8, 0x85, 0xB7, 0x59, 0x53, 0x5B, 0x19, 0x2A, 0x46, 0x2B, 0x69,
    0x22, 0xB9, 0x20, 0xAC, 0xCA, 0x8C, 0xB3, 0x03, 0x6D, 0x31, 0x5E, 0xC7, 0x3E, 0x1F, 0xD3, 0x5D,
    0xF8, 0xFE, 0x00, 0x0E, 0x48, 0x49, 0xFF, 0xEC, 0x36, 0x93, 0xF0, 0x59, 0x45, 0x6A, 0x77, 0xC9,
    0x9F, 0x53, 0xA5, 0x35, 0x61, 0xD7, 0xC3, 0xD5, 0xB8, 0x82, 0xE2, 0x99, 0x31, 0xF4, 0x41, 0x46,
    0x27, 0x79, 0x87, 0x0A, 0x6D, 0x1C, 0xEC, 0x16, 0xC5, 0x1C, 0xF4, 0x86, 0xF9, 0xD5, 0x17, 0xC5,
    0x1C, 0xA9, 0x17, 0x76, 0x4D, 0x51, 0x29, 0x33, 0xE6, 0xC3, 0xA1, 0x87, 0x1A, 0x45, 0xEA, 0x77,
    0xE9, 0x99, 0x1E, 0xC5, 0xA5, 0x09, 0xBB, 0xAB, 0x48, 0x75, 0xB9, 0xE4, 0x68, 0x96, 0xF1, 0xA6,
    0x33, 0x1D, 0x83, 0x83, 0xDB, 0xE9, 0xE4, 0xEB, 0xA8, 0x35, 0xAB, 0xE6, 0x6E, 0xFB, 0xD7, 0xC2,
    0xE2, 0x92, 0xB6, 0x63, 0x7D, 0x29, 0xE1, 0xF1, 0x1F, 0xC7, 0x8B, 0x9C, 0x15, 0xF5, 0x3A, 0x62,
    0x96, 0x2B, 0xE9, 0x2E, 0x48, 0x6E, 0xF0, 0xAD, 0xC2, 0x23, 0x08, 0x8C, 0x13, 0x86, 0x73, 0x7E,
    0xC3, 0x15, 0xFF, 0xBB, 0x30, 0xB9, 0x7C, 0x84, 0x37, 0x1E, 0xED, 0x50, 0x06, 0xA2, 0xC7, 0x1D,
    0x54, 0xDD, 0x39, 0xC2, 0x7B, 0x9C, 0x21, 0xC3, 0x3D, 0x15, 0xA6, 0x83, 0x51, 0x4C, 0x4A, 0x1D,
    0xE1, 0xF7, 0xA7, 0xA7, 0x4A, 0x75, 0x9F, 0x98, 0xE5, 0xE5, 0x11, 0x5D, 0x30, 0xEF, 0xD3, 0xFF,
    0x03, 0xED, 0x99, 0x37, 0xD0, 0xE5, 0x48, 0x11, 0xC7, 0xFF, 0x92, 0x8E, 0x55, 0xD5, 0x29, 0x18,
    0xBC, 0x07, 0xE1, 0x3D, 0x08, 0x0F, 0x11, 0x33, 0x17, 0x11, 0x62, 0xF3, 0x22, 0xC6, 0x7D, 0xE4,
    0x01, 0x12, 0x3E, 0xDD, 0x3C, 0xDA, 0x3C, 0xB9, 0x3C, 0x60, 0x35, 0xF8, 0x10, 0x11, 0x91, 0x0A,
    0x97, 0x60, 0x45, 0x95, 0x00, 0x7D, 0xDC, 0x48, 0xCD, 0xF6, 0xBF, 0xC5, 0x5B, 0xED, 0x67, 0xCE,
    0xFB, 0xBB, 0x2E, 0x55, 0xFF, 0x5E, 0xBD, 0xA7, 0x31, 0xFD, 0xD7, 0x4C, 0xAB, 0x6B, 0x1E, 0xD4,
    0xDC, 0xF0, 0xF0, 0x68, 0x36, 0x45, 0x2E, 0x77, 0x2C, 0xA2, 0x56, 0x04, 0xB4, 0x22, 0x32, 0x00,
    0x32, 0x67, 0x32, 0x21, 0x97, 0x0E, 0x4D, 0x42, 0xB1, 0x01, 0xD5, 0x8A, 0x2A, 0x41, 0x3F, 0xBA,
    0x19, 0xC8, 0x04, 0x6E, 0x02, 0x20, 0xA1, 0x26, 0xBA, 0x66, 0x04, 0xD0, 0x77, 0x5E, 0x3B, 0x6F,
    0xE3, 0x53, 0x81, 0x7D, 0x04, 0x1B, 0x2F, 0x38, 0x62, 0x9F, 0xCB, 0x3E, 0x33, 0x9B, 0x67, 0xB2,
    0x59, 0x2F, 0xFF, 0x8F, 0x61, 0x8F, 0x88, 0xF1, 0x05, 0x68, 0xB4, 0x0B, 0x00, 0x34, 0xD2, 0xC1,
    0xAC, 0xBF, 0xDE, 0x9F, 0x89, 0x08, 0x2A, 0x51, 0xAF, 0xBD, 0x6C, 0x99, 0x7E, 0x5C, 0x0A, 0xB9,
    0x79, 0x43, 0xE0, 0x12, 0xE0, 0xA3, 0x4E, 0xC7, 0x8D, 0xCD, 0x00, 0x94, 0xB3, 0x8F, 0x40, 0x91,
    0x5A, 0xF3, 0x1D, 0x90, 0xAF, 0xBD, 0xFA, 0xED, 0x3A, 0xDF, 0xD2, 0xF3, 0xFE, 0xD5, 0xDA, 0xB2,
    0x9F, 0xC4, 0x3E, 0x67, 0xF6, 0x3F, 0x71, 0xAC, 0x21, 0x3B, 0x3D, 0x9B, 0x15, 0x3A, 0x1F, 0x95,
    0xE2, 0x6C, 0x83, 0x59, 0x35, 0x3D, 0x0A, 0x08, 0x00, 0x27, 0x3B, 0x46, 0x43, 0x47, 0x4C, 0x78,
    0x56, 0x21, 0x00, 0xF5, 0x09, 0xBD, 0x62, 0x84, 0xCA, 0xD5, 0x8C, 0x50, 0xA5, 0xFC, 0xA0, 0x97,
    0x7E, 0xF4, 0x33, 0x32, 0x5D, 0xB6, 0x5B, 0x78, 0x83, 0x84, 0xFD, 0x21, 0xA1, 0x10, 0x91, 0x04,
    0xA0, 0x37, 0x8D, 0x6E, 0xC8, 0x39, 0x76, 0x73, 0xC3, 0xA3, 0x80, 0x3E, 0x11, 0x2F, 0xF1, 0x1E,
    0x04, 0x22, 0xE2, 0x69, 0x40, 0x24, 0xFC, 0x8E, 0x11, 0xE8, 0x23, 0x9A, 0x19, 0xB9, 0x44, 0xB8,
    0x2D, 0xD4, 0x7D, 0x64, 0x98, 0x3E, 0xEA, 0x22, 0xE6, 0x8A, 0xE9, 0x65, 0x56, 0x54, 0xB6, 0x96,
    0xB3, 0x0E, 0x79, 0x07, 0x54, 0xA3, 0x5E, 0x28, 0x17, 0xE8, 0x72, 0xCA, 0x37, 0xCA, 0x07, 0xF9,
    0xAE, 0x00, 0x80, 0xFF, 0x4B, 0x52, 0xD4, 0x32, 0x2B, 0x2A, 0xAA, 0x84, 0x42, 0x22, 0xAE, 0x31,
    0xFE, 0x46, 0x0C, 0x87, 0x06, 0x4E, 0xA6, 0x03, 0xEA, 0xDF, 0xCE, 0x8A, 0xE6, 0x67, 0x49, 0xE1,
    0x0D, 0xED, 0x77, 0x57, 0x45, 0xFF, 0xC0, 0xA6, 0x10, 0x3E, 0xDF, 0x6C, 0xE3, 0x13, 0xCD, 0x57,
    0x46, 0x5C, 0x24, 0x86, 0xBA, 0xA3, 0x9C, 0xF5, 0x11, 0xC3, 0x4D, 0x7A, 0x19, 0xF8, 0xEC, 0xAB,
    0x19, 0x1A, 0x47, 0xC9, 0xDD, 0xA6, 0x37, 0x73, 0x27, 0xAE, 0x7C, 0xC4, 0xB2, 0x01, 0xA2, 0xB6,
    0x23, 0xE4, 0x1B, 0x93, 0x51, 0xB1, 0x32, 0x63, 0xE8, 0xCD, 0xF0, 0xB1, 0x24, 0x46, 0xB7, 0xE8,
    0x1C, 0x27, 0x26, 0x8E, 0x7A, 0xAA, 0x15, 0x6E, 0x66, 0x52, 0xA9, 0x16, 0xA6, 0x98, 0x92, 0x5B,
    0x17, 0xC5, 0x8A, 0x6F, 0x01, 0x5F, 0x01, 0xF2, 0x84, 0x2C, 0x71, 0xEE, 0xE5, 0xC2, 0xFE, 0xD8,
    0xA6, 0x99, 0x74, 0xB6, 0x70, 0xE7, 0x12, 0x28, 0x0B, 0xC3, 0xCB, 0x24, 0x29, 0xD0, 0x4F, 0x78,
    0x04, 0xCB, 0xFA, 0x73, 0x45, 0xC3, 0x94, 0xA4, 0xDB, 0x7A, 0x06, 0x4A, 0x06, 0xC4, 0x47, 0x2C,
    0x3A, 0x00, 0x72, 0x09, 0x70, 0x51, 0x23, 0x41, 0xCE, 0x91, 0xA1, 0xE6, 0xAF, 0xC3, 0xEB, 0x99,
    0xBF, 0x33, 0x21, 0x2A, 0x43, 0x63, 0xF0, 0xE7, 0xC7, 0x95, 0xD5, 0x77, 0x17, 0xD1, 0xF2, 0xB7,
    0xEC, 0xC1, 0x08, 0xBF, 0xE0, 0xEC, 0x4C, 0x3A, 0x6D, 0xE7, 0xA4, 0xAB, 0x44, 0x52, 0x25, 0x5D,
    0x2E, 0x32, 0x65, 0xD2, 0xE1, 0x0D, 0x5B, 0x00, 0x28, 0xCA, 0x2D, 0xE4, 0x8B, 0x5E, 0xD9, 0xC6,
    0x27, 0xD3, 0x33, 0xF1, 0xFB, 0xB1, 0x8F, 0x80, 0xFB, 0xAF, 0x40, 0x83, 0x51, 0xF1, 0x73, 0x4B,
    0xB2, 0x72, 0xA5, 0x1E, 0xA2, 0x36, 0x5D, 0xF6, 0x16, 0xCD, 0xB3, 0xD8, 0x5F, 0x3F, 0xF3, 0x77,
    0x00, 0x1F, 0x07, 0x56, 0x5E, 0x12, 0x74, 0xE1, 0xF9, 0x81, 0x0B, 0x78, 0xD2, 0xA5, 0x55, 0xA5,
    0xBE, 0x63, 0x6E, 0x62, 0xF4, 0xB6, 0x3D, 0x66, 0x5C, 0x6B, 0x96, 0xBC, 0x2E, 0x7B, 0xA0, 0x7E,
    0xDA, 0x7C, 0xAF, 0x71, 0xCD, 0x97, 0x3D, 0x6E, 0x00, 0xF7, 0x03, 0x68, 0x3A, 0xBD, 0x98, 0x9C,
    0x83, 0xEE, 0x20, 0xEE, 0xBC, 0x62, 0xAB, 0x18, 0x9C, 0x3C, 0x38, 0x31, 0x46, 0x19, 0x0E, 0x6F,
    0x5A, 0x27, 0xB8, 0x6C, 0xF6, 0x1B, 0xDF, 0xC9, 0xA7, 0x37, 0xF4, 0xE5, 0x0A, 0x64, 0xD9, 0xDF,
    0xEC, 0x57, 0x56, 0x20, 0xA8, 0x89, 0xF0, 0x1C, 0xAD, 0x40, 0x5E, 0x0B, 0xBC, 0x07, 0xB8, 0xCD,
    0xAB, 0xED, 0xB2, 0x15, 0x68, 0x46, 0xCD, 0x37, 0x6E, 0xD1, 0x71, 0x0A, 0x96, 0x07, 0x19, 0xDB,
    0xA1, 0xDF, 0xB8, 0x0E, 0x13, 0x1E, 0xC6, 0xCE, 0xCE, 0xB1, 0x57, 0x08, 0x56, 0x2D, 0x58, 0xE5,
    0xC0, 0x2A, 0x22, 0x5A, 0x45, 0x61, 0xD5, 0x05, 0x2B, 0x8D, 0xE5, 0x71, 0x55, 0x2C, 0xEB, 0xA5,
    0x8A, 0x65, 0xB9, 0x54, 0xB1, 0xC4, 0x2B, 0x2B, 0x96, 0xF3, 0x27, 0x31, 0x87, 0xB0, 0x5C, 0x78,
    0x16, 0x79, 0x16, 0x2C, 0xE6, 0xAD, 0x6A, 0xB1, 0xA2, 0xC5, 0x6A, 0x16, 0x2B, 0x59, 0xAC, 0x62,
    0xB1, 0x82, 0xC5, 0xEA, 0x15, 0x2B, 0x57, 0xF6, 0xED, 0x6D, 0xC5, 0xCA, 0x2D, 0xBD, 0x8A, 0x6B,
    0xF5, 0xF9, 0xD7, 0xA3, 0xD4, 0xC7, 0xCC, 0x0A, 0x8B, 0xA7, 0xC9, 0x47, 0xF5, 0x9E, 0xDE, 0x6A,
    0x17, 0x2B, 0x5D, 0xAC, 0x72, 0xB1, 0xC2, 0x65, 0xAF, 0x5B, 0xAC, 0x6C, 0xB1, 0xAA, 0xC5, 0x12,
    0xFF, 0xD1, 0x5F, 0xB6, 0xDB, 0xA8, 0x46, 0xDD, 0x53, 0x9A, 0x08, 0x24, 0xFA, 0x64, 0xDE, 0xBE,
    0xB1, 0x5F, 0x5F, 0x30, 0x2B, 0xE4, 0x51, 0x2B, 0xE6, 0xA8, 0x98, 0x9F, 0x51, 0xDC, 0xF1, 0x8B,
    0x79, 0xFB, 0xC6, 0x7E, 0x7D, 0x0E, 0xAF, 0x99, 0x93, 0x7D, 0xFA, 0x34, 0x61, 0x40, 0x82, 0x15,
    0x98, 0x60, 0x45, 0x09, 0x16, 0x94, 0xC0, 0x1E, 0x68, 0x1D, 0xE9, 0x83, 0xFA, 0xEC, 0xC2, 0x8A,
    0x7A, 0x71, 0x45, 0x9D, 0xEC, 0xE3, 0xF4, 0x7D, 0xD8, 0x83, 0x65, 0xA5, 0x7E, 0xD2, 0xB3, 0xB2,
    0x92, 0xDF, 0x5E, 0xE9, 0x91, 0x1E, 0x6A, 0xD9, 0xF3, 0x7F, 0xBD, 0xBD, 0x14, 0xF8, 0x3C, 0xF2,
    0x19, 0xD9, 0x82, 0x6C, 0xE5, 0xC2, 0xEA, 0x43, 0x3D, 0xAA, 0xC8, 0xED, 0x29, 0x27, 0x17, 0xAC,
    0xEB, 0x32, 0x99, 0x29, 0xE1, 0x78, 0x65, 0xEE, 0x7A, 0x71, 0xA5, 0x05, 0xBD, 0xF2, 0x49, 0xC5,
    0xCC, 0x13, 0xDF, 0x6E, 0x82, 0x66, 0xD0, 0x4E, 0xB4, 0x43, 0xF7, 0x6F, 0xBE, 0xDD, 0xA8, 0x64,
    0xBE, 0x2B, 0x39, 0xBC, 0xA0, 0x72, 0x5A, 0x6E, 0x1B, 0x8B, 0x41, 0xB3, 0xCE, 0x54, 0x8D, 0x4E,
    0x5B, 0x30, 0x5B, 0x0F, 0xC7, 0x53, 0x3E, 0xF0, 0x26, 0xFA, 0xFB, 0x5E, 0x5C, 0x69, 0x57, 0xE7,
    0xB4, 0xBC, 0xBB, 0x9B, 0xAE, 0xEA, 0x11, 0x1C, 0x82, 0x7A, 0x2E, 0xD4, 0x33, 0x41, 0x6D, 0xA3,
    0xF7, 0x38, 0xE8, 0xF9, 0x82, 0x58, 0x6F, 0x81, 0x3E, 0x5F, 0x88, 0x92, 0xA0, 0x3C, 0x54, 0x8C,
    0x68, 0x41, 0xFB, 0x00, 0x0E, 0x96, 0x49, 0x38, 0x9C, 0xFD, 0x34, 0xB2, 0xF0, 0xC6, 0x07, 0x56,
    0xC5, 0x8F, 0xF1, 0x6D, 0x45, 0x82, 0x37, 0x7C, 0xE6, 0xF0, 0x25, 0x6F, 0x61, 0x83, 0x43, 0x73,
    0xEB, 0xEC, 0xC5, 0x23, 0xA7, 0x8B, 0xEF, 0x60, 0xF4, 0x06, 0xA1, 0x2F, 0xD2, 0xF1, 0x30, 0xD7,
    0x45, 0xA2, 0xC0, 0xD1, 0xCE, 0x28, 0x52, 0x2E, 0xC9, 0x24, 0x13, 0x85, 0x1B, 0x98, 0x23, 0xEA,
    0x8E, 0x2D, 0x9A, 0x70, 0x04, 0xBF, 0x3C, 0xDD, 0xC2, 0x06, 0xD6, 0xDC, 0x3A, 0x7B, 0x7E, 0x1D,
    0x5C, 0xD1, 0x3E, 0x6F, 0x58, 0xE9, 0xB3, 0x5D, 0xD8, 0xF5, 0x8A, 0xB5, 0x5F, 0x0F, 0x84, 0xEF,
    0x8E, 0x5B, 0xE0, 0x4D, 0xB8, 0xCE, 0x9C, 0xE5, 0x9E, 0x1D, 0xB5, 0xA1, 0xF9, 0x0B, 0xE1, 0x7F,
    0x65, 0xBB, 0xE3, 0xB3, 0x44, 0x5F, 0x12, 0x62, 0xD8, 0x88, 0x7C, 0x25, 0x8A, 0x64, 0x58, 0x88,
    0x72, 0x26, 0xAA, 0x89, 0x70, 0x86, 0x7A, 0x2C, 0x55, 0xF4, 0x26, 0x12, 0x7E, 0x47, 0x47, 0xB4,
    0x81, 0xB7, 0xF4, 0x20, 0x84, 0x07, 0x0C, 0x99, 0x21, 0x37, 0x14, 0x3B, 0x12, 0x6F, 0xA9, 0x16,
    0xC2, 0xCD, 0x86, 0x89, 0xA8, 0x47, 0xA2, 0x19, 0x08, 0x1F, 0xF5, 0xF1, 0xA6, 0xD6, 0xD0, 0x77,
    0x84, 0x04, 0x02, 0x56, 0x13, 0xD1, 0x6E, 0xEF, 0x94, 0x40, 0x70, 0x3B, 0x30, 0x20, 0x63, 0x35,
    0x1B, 0xDD, 0x68, 0x6C, 0xA2, 0xD1, 0x07, 0xE3, 0xFD, 0x78, 0x38, 0x7B, 0xC3, 0x8A, 0x72, 0x63,
    0x44, 0xB1, 0x95, 0x51, 0x83, 0x98, 0x34, 0x0C, 0x37, 0x57, 0x0F, 0xAD, 0xE5, 0x8A, 0x26, 0x66,
    0x32, 0xA2, 0x47, 0x13, 0xA0, 0x4B, 0x06, 0x39, 0x74, 0x6D, 0x34, 0xC1, 0x8A, 0xD8, 0xBA, 0x53,
    0xE9, 0xEF, 0x30, 0x2A, 0x01, 0x77, 0x99, 0x6F, 0x10, 0xB5, 0x98, 0x8B, 0xB1, 0xDA, 0x59, 0x9F,
    0xEB, 0xEF, 0xD4, 0x80, 0x6C, 0x83, 0x5E, 0x6C, 0x74, 0x62, 0x67, 0xEC, 0x23, 0x3E, 0xA4, 0x5F,
    0xCA, 0x00, 0x1F, 0x7C, 0xCC, 0x7F, 0x3D, 0x41, 0xD0, 0x8C, 0xF5, 0x8F, 0x74, 0x7E, 0x4E, 0x84,
    0x87, 0x3D, 0xA5, 0xAC, 0xE8, 0x65, 0x60, 0x5D, 0x58, 0x99, 0x40, 0x19, 0x68, 0xD5, 0x48, 0xB8,
    0x99, 0x68, 0xC6, 0xE3, 0x0E, 0xE9, 0x03, 0x61, 0xF7, 0xE7, 0x89, 0x28, 0x66, 0x02, 0xB7, 0xB0,
    0xDB, 0x7D, 0x06, 0x17, 0x78, 0x9E, 0xD4, 0xF0, 0xDF, 0xBC, 0xE4, 0xEF, 0xF9, 0x37, 0x4F, 0xEC,
    0x1C, 0x2A, 0x1D, 0xFF, 0xCD, 0x73, 0x76, 0x96, 0x56, 0x6F, 0x1C, 0xDA, 0xDB, 0x59, 0x5A, 0x6F,
    0x67, 0x69, 0x1B, 0xCF, 0xD2, 0xF2, 0xC4, 0xB3, 0xB4, 0x72, 0xE6, 0xF1, 0x97, 0x9B, 0x88, 0x3A,
    0x12, 0xBE, 0x23, 0x7A, 0x28, 0xB2, 0x95, 0x28, 0x12, 0x51, 0xCE, 0x84, 0x1B, 0x89, 0x26, 0x12,
    0x3E, 0x10, 0x02, 0xC5, 0x6F, 0x56, 0x45, 0xF3, 0x87, 0x85, 0x67, 0x69, 0x0F, 0x4D, 0x3C, 0x4B,
    0x93, 0x11, 0x10, 0x38, 0x66, 0x03, 0x54, 0x12, 0x78, 0x96, 0x26, 0xD0, 0x49, 0x16, 0xFB, 0x09,
    0xA0, 0x9D, 0xA5, 0x39, 0xE1, 0x59, 0xDA, 0x1E, 0x9E, 0xFF, 0x19, 0x57, 0x75, 0xDB, 0xF1, 0x2C,
    0xAD, 0xC6, 0x51, 0xDA, 0x27, 0x49, 0xE4, 0xCB, 0x56, 0x76, 0xD0, 0xBC, 0xE2, 0xA8, 0xF5, 0xE2,
    0x3B, 0x9B, 0x0C, 0xA8, 0x75, 0x02, 0xE4, 0x8F, 0x59, 0x3F, 0x73, 0xF2, 0x75, 0xE2, 0x3B, 0xA4,
    0x59, 0xED, 0x18, 0x67, 0x53, 0x91, 0xB3, 0x95, 0x22, 0x97, 0xB3, 0x84, 0x7A, 0x84, 0x1B, 0x7A,
    0xD5, 0xDA, 0x77, 0x3C, 0xE3, 0xD9, 0xA0, 0x28, 0x12, 0x51, 0x4D, 0x44, 0x13, 0x55, 0xA5, 0xB1,
    0xD5, 0x99, 0xD6, 0xFF, 0x5C, 0xA9, 0xD2, 0x7F, 0x66, 0x85, 0xBE, 0x17, 0xB3, 0x0D, 0xA5, 0x74,
    0x9A, 0xC6, 0x0A, 0xCD, 0xBC, 0x09, 0x99, 0x8E, 0x3E, 0xA1, 0x30, 0x95, 0x9C, 0xA9, 0xD4, 0xFC,
    0xD4, 0x54, 0xB2, 0x6C, 0xF8, 0x41, 0xDC, 0x6B, 0x67, 0x72, 0xD3, 0xDE, 0x00, 0x1B, 0x2C, 0x86,
    0xD1, 0x32, 0xB2, 0x2A, 0xFF, 0x47, 0xB4, 0xA2, 0x2B, 0x56, 0x47, 0x71, 0xCB, 0xDD, 0xD3, 0xD6,
    0x4F, 0x13, 0x14, 0xF3, 0x88, 0x7A, 0x32, 0xCC, 0x84, 0x4B, 0x44, 0x25, 0x41, 0x51, 0xB0, 0x2A,
    0xD3, 0xAE, 0xB7, 0x60, 0x03, 0xAD, 0x36, 0xAC, 0x0C, 0x9C, 0x84, 0x95, 0x05, 0xAF, 0x97, 0xD5,
    0xBA, 0x10, 0x22, 0x97, 0x40, 0x4A, 0x47, 0x5C, 0xF3, 0x3E, 0xB9, 0x61, 0xBF, 0x35, 0x1D, 0xEF,
    0xEC, 0x47, 0x96, 0x15, 0x7E, 0xD5, 0x59, 0xC3, 0xC9, 0x80, 0x76, 0x35, 0x41, 0x74, 0xC5, 0xD9,
    0x78, 0xCE, 0xA2, 0x65, 0xEC, 0x97, 0xCC, 0xAD, 0x86, 0x64, 0x58, 0x0E, 0x31, 0x9D, 0xC2, 0x1E,
    0x0C, 0xFB, 0x0C, 0x3A, 0x43, 0x20, 0x5E, 0x45, 0x9F, 0xF5, 0x1A, 0x66, 0xCD, 0x41, 0x75, 0xEC,
    0x8E, 0x33, 0x18, 0x4B, 0x09, 0x59, 0x3F, 0x6B, 0x9F, 0x15, 0xFF, 0x1F, 0xC8, 0x82, 0x7A, 0x60,
    0xF7, 0x8B, 0x09, 0xF6, 0x79, 0xEA, 0x25, 0x7F, 0x3A, 0x25, 0x71, 0xAF, 0x3D, 0x30, 0x95, 0x6B,
    0x70, 0x5F, 0x93, 0x99, 0x73, 0x49, 0xD4, 0xF5, 0x1E, 0xEF, 0x82, 0xFA, 0x76, 0xD2, 0xBE, 0xBC,
    0xDC, 0xD4, 0xB1, 0x38, 0x6E, 0xC6, 0x39, 0xA0, 0x11, 0x59, 0x39, 0xB7, 0x0E, 0xF7, 0x9A, 0x9F,
    0xE9, 0x27, 0x2A, 0x39, 0xDE, 0xD5, 0xBA, 0xEF, 0x2E, 0x9C, 0x08, 0x60, 0xA3, 0x4F, 0xF4, 0x5F,
    0xD6, 0x6F, 0x1F, 0xC6, 0xF6, 0x46, 0xCF, 0x3F, 0x5C, 0x6D, 0x4C, 0xB0, 0x7C, 0x74, 0x38, 0x62,
    0x25, 0xCA, 0x64, 0x58, 0xAE, 0xF8, 0x7B, 0xDE, 0x0D, 0xC4, 0x4B, 0x02, 0x51, 0x8F, 0x8F, 0x0F,
    0x5E, 0xE1, 0x45, 0x6D, 0xB8, 0x12, 0xFB, 0x9D, 0xCF, 0x18, 0x9C, 0x4D, 0xA2, 0x32, 0x14, 0x06,
    0xB4, 0xC4, 0x95, 0xC6, 0xAC, 0x46, 0x80, 0xD8, 0x8E, 0x4A, 0x56, 0x3B, 0x66, 0xC2, 0x4D, 0x86,
    0xD1, 0x10, 0x4F, 0x82, 0xFE, 0x0F, 0x45, 0x91, 0x01, 0xA6, 0x1D, 0x31, 0x14, 0x86, 0xBF, 0x99,
    0xD1, 0x4E, 0xF5, 0xAA, 0x14, 0x50, 0x8A, 0x01, 0xB8, 0x40, 0x76, 0xF0, 0x92, 0xEE, 0xE1, 0x75,
    0x37, 0xD5, 0x64, 0x61, 0x7D, 0x37, 0x59, 0xC2, 0x2C, 0x21, 0x4B, 0x08, 0x06, 0x41, 0x92, 0xD3,
    0x53, 0xD7, 0x53, 0xDF, 0x7F, 0xC8, 0x39, 0xF9, 0xE3, 0xE7, 0x64, 0x81, 0x23, 0x12, 0x32, 0xB6,
    0x60, 0x2A, 0x7B, 0x63, 0xED, 0x30, 0x21, 0xC0, 0x1D, 0xBE, 0xC2, 0x03, 0xC4, 0xAF, 0x93, 0xAD,
    0x73, 0xBB, 0x30, 0x05, 0x9B, 0x71, 0x9E, 0xCF, 0x80, 0xEB, 0x40, 0x9A, 0xB0, 0x88, 0x78, 0xB6,
    0x11, 0x32, 0xA6, 0xD9, 0x8A, 0x2D, 0xB7, 0x46, 0x88, 0xEB, 0xE0, 0x01, 0x89, 0x3B, 0x2A, 0x6D,
    0xC0, 0xC8, 0xB9, 0xE2, 0x64, 0xDC, 0xF2, 0xCB, 0x47, 0x91, 0xFC, 0x89, 0x20, 0x1E, 0x34, 0x54,
    0x44, 0xEA, 0x7B, 0x01, 0xF0, 0x0B, 0x5E, 0x9E, 0xAF, 0x83, 0x5F, 0x06, 0x2E, 0x6B, 0xFC, 0x71,
    0x1D, 0x17, 0x37, 0x91, 0xC2, 0x2A, 0x12, 0xC1, 0x36, 0x30, 0xD5, 0xF5, 0x27, 0xE6, 0xB2, 0xE7,
    0xDE, 0x42, 0x35, 0x43, 0x6B, 0x6A, 0x8D, 0x7F, 0xBD, 0x93, 0xE8, 0xE4, 0x74, 0x52, 0xB8, 0x15,
    0xCC, 0x89, 0xCB, 0x04, 0x18, 0x70, 0x67, 0x11, 0x6F, 0xA4, 0x5A, 0xE9, 0xEE, 0xC7, 0x78, 0xE3,
    0xF7, 0x1F, 0x9C, 0x4A, 0x0F, 0xDA, 0xEA, 0x50, 0xAF, 0xD4, 0x80, 0xB2, 0xB4, 0xA5, 0x6D, 0x63,
    0x1B, 0x7B, 0xDB, 0x9B, 0xA9, 0xA6, 0x1E, 0xE7, 0x71, 0xBA, 0xE8, 0x62, 0x20, 0x30, 0x94, 0xBB,
    0xF2, 0x0D, 0xD5, 0x03, 0x74, 0x16, 0x97, 0x81, 0x2D, 0x7B, 0xC3, 0xB4, 0xA3, 0xB2, 0xCD, 0x90,
    0x9F, 0xEB, 0x21, 0xCD, 0xF7, 0x95, 0xBD, 0x2E, 0x7D, 0xEB, 0x5B, 0xBB, 0x5D, 0xE6, 0x3A, 0xAA,
    0x53, 0x52, 0xF9, 0xE9, 0xD3, 0x99, 0x72, 0xCA, 0x12, 0xC5, 0x0B, 0x93, 0x41, 0x87, 0xF4, 0x1F,
    0x99, 0x32, 0xA4, 0xD9, 0x98, 0x8A, 0x54, 0x51, 0xBF, 0x8D, 0xB6, 0xB9, 0xAA, 0x9C, 0x21, 0x87,
    0xA8, 0x06, 0x06, 0xAF, 0x70, 0xB1, 0x54, 0x15, 0xAB, 0x26, 0x4B, 0xE1, 0xFB, 0xF3, 0x3B, 0xFB,
    0x97, 0xB5, 0x3B, 0xE9, 0x56, 0xEA, 0x2E, 0x11, 0xE0, 0x83, 0xE7, 0xC8, 0xBC, 0xB1, 0x57, 0x6C,
    0x26, 0xC0, 0x84, 0x01, 0xB2, 0xE6, 0x24, 0xD5, 0x49, 0xD9, 0xA7, 0xFF, 0x0B, 0xE4, 0x9A, 0x2D,
    0xAC, 0xE6, 0x46, 0x74, 0x86, 0xC7, 0x76, 0xBB, 0x56, 0x6A, 0xE0, 0xE2, 0x6C, 0x25, 0x73, 0x15,
    0x98, 0x96, 0x8D, 0xB7, 0x01, 0x05, 0x01, 0x09, 0x2E, 0x29, 0x47, 0xCB, 0x91, 0x9D, 0x54, 0x6A,
    0x41, 0xC9, 0x72, 0x52, 0x54, 0x1C, 0x4E, 0x32, 0x13, 0x05, 0x06, 0xD4, 0x55, 0x41, 0x61, 0x5D,
    0x29, 0xAC, 0x20, 0x8E, 0xE4, 0x4A, 0xDE, 0xC6, 0x33, 0xA7, 0xF3, 0xBE, 0x67, 0xF6, 0xFA, 0xDB,
    0xBD, 0xDF, 0x97, 0x9F, 0xDD, 0xBD, 0x55, 0x72, 0xD7, 0xB9, 0xF7, 0x79, 0xAE, 0xE2, 0xF1, 0x39,
    0x67, 0x3C, 0xE3, 0xFF, 0x35, 0xE6, 0x73, 0x93, 0x96, 0x7A, 0x05, 0xDB, 0x0D, 0xAC, 0x0F, 0xB0,
    0x0A, 0xA0, 0x11, 0x72, 0x1C, 0x40, 0xEB, 0xD9, 0x68, 0x06, 0x9F, 0x0C, 0xE6, 0xCA, 0xE2, 0x24,
    0x2D, 0xEB, 0x15, 0x4E, 0x5C, 0xFB, 0x0E, 0x64, 0x9C, 0xF9, 0x0A, 0xB9, 0xF6, 0x5D, 0x79, 0xBB,
    0xF2, 0xD4, 0xF5, 0x66, 0x31, 0x46, 0x7C, 0xBF, 0x27, 0xCE, 0xF6, 0x24, 0xFF, 0x0F, 0xD7, 0x72,
    0xF9, 0x20, 0xF6, 0x06, 0x39, 0x99, 0xAB, 0xD2, 0x6D, 0xDF, 0x45, 0xFF, 0x20, 0xDF, 0xE7, 0xDC,
    0x59, 0x5E, 0xB5, 0x26, 0x7D, 0x6F, 0xC6, 0x8D, 0x2D, 0xDB, 0x83, 0xAA, 0x55, 0x55, 0xB8, 0x54,
    0x19, 0x1F, 0x44, 0x58, 0xAE, 0x2B, 0x24, 0x8C, 0x22, 0xC7, 0x6B, 0x5A, 0x55, 0xE8, 0x14, 0x0F,
    0x92, 0x62, 0x07, 0xAB, 0xA8, 0xC7, 0xD6, 0x79, 0x9C, 0x75, 0x0B, 0x68, 0xFD, 0x79, 0x80, 0x7D,
    0x0D, 0x98, 0xBF, 0x30, 0xD7, 0x96, 0x51, 0xD2, 0x72, 0x8D, 0xDC, 0xFE, 0x0F, 0x47, 0x2E, 0x3D,
    0x77, 0x52, 0x25, 0xB2, 0x27, 0x75, 0x22, 0x32, 0x68, 0x3F, 0x67, 0x53, 0xC8, 0x56, 0xB8, 0x35,
    0xAD, 0x1A, 0x4C, 0xB7, 0x9B, 0x3A, 0x70, 0xCF, 0xB5, 0xA9, 0x59, 0x29, 0xA6, 0xC3, 0x0E, 0x7E,
    0x69, 0xFA, 0x85, 0x3B, 0xD8, 0xCE, 0x46, 0x77, 0xE3, 0xA5, 0xC6, 0xD7, 0xE4, 0xB2, 0x98, 0xE0,
    0x86, 0x72, 0x93, 0x6B, 0x9B, 0xDB, 0xD7, 0x35, 0x53, 0x39, 0x7B, 0xAE, 0x25, 0x57, 0x96, 0xEB,
    0xCC, 0x55, 0xE7, 0x3E, 0xE4, 0x1E, 0x69, 0xFF, 0xB4, 0xB7, 0x67, 0xDF, 0xCD, 0x73, 0x79, 0x91,
    0xD8, 0x88, 0xC4, 0x3C, 0xC6, 0x8B, 0x29, 0x12, 0x05, 0x51, 0xD2, 0x9C, 0x17, 0xD3, 0xC4, 0x14,
    0x53, 0x26, 0x64, 0x30, 0xB9, 0xEF, 0x7F, 0xA5, 0xD2, 0x22, 0x4E, 0x75, 0xAB, 0x6A, 0xA3, 0xDA,
    0x83, 0x6A, 0x90, 0x13, 0x59, 0x5F, 0x42, 0x29, 0x74, 0x1C, 0x34, 0x51, 0xD0, 0xB4, 0x32, 0xB3,
    0x08, 0xAD, 0xE9, 0x63, 0x09, 0x1A, 0x42, 0xA8, 0x52, 0x06, 0x5A, 0xA6, 0x1B, 0xBB, 0x83, 0x7A,
    0xA2, 0xEB, 0xFA, 0x89, 0x2D, 0xDD, 0x82, 0x2C, 0x83, 0x0D, 0xA8, 0xDA, 0xB4, 0x29, 0xFC, 0x18,
    0xD0, 0x67, 0x66, 0x70, 0x9A, 0xAF, 0xD5, 0xDE, 0x6A, 0xDF, 0x05, 0xCB, 0x7A, 0x9F, 0x9A, 0xE1,
    0x77, 0xCC, 0xDB, 0x95, 0x8F, 0x43, 0x87, 0x19, 0xEC, 0xED, 0x76, 0x85, 0xBA, 0xF6, 0xFA, 0xF2,
    0x28, 0xF7, 0x06, 0xE8, 0xAF, 0xF0, 0x77, 0x52, 0xFB, 0xE8, 0x9F, 0x7A, 0xD0, 0x26, 0x3A, 0x6F,
    0x71, 0xAD, 0x1F, 0xBA, 0xDD, 0x54, 0x98, 0xBC, 0x43, 0x17, 0x39, 0x77, 0x0F, 0x63, 0x74, 0x10,
    0x7A, 0x9E, 0xD6, 0x4B, 0x5E, 0xA7, 0x6A, 0x3D, 0x9E, 0x6F, 0x7B, 0x37, 0xEF, 0xDD, 0x32, 0x65,
    0xEF, 0xD9, 0x62, 0x4C, 0xB3, 0xC1, 0x9E, 0x7E, 0x26, 0x0B, 0x3D, 0xF4, 0xAB, 0xBA, 0xDD, 0xD4,
    0xCD, 0x6E, 0xDA, 0x15, 0x3E, 0xD4, 0xF5, 0x7D, 0x77, 0x8B, 0xAE, 0xEF, 0xE9, 0xDD, 0xD8, 0x59,
    0xB7, 0x77, 0x9E, 0xF1, 0x0A, 0x99, 0x18, 0xDF, 0x8A, 0x61, 0x3E, 0x1B, 0x68, 0x63, 0x37, 0x38,
    0x35, 0x9F, 0xE0, 0xC9, 0xB8, 0x89, 0xE5, 0x3E, 0xB0, 0x64, 0xD1, 0xDB, 0x8E, 0xA8, 0x12, 0xAF,
    0x5A, 0xA1, 0x61, 0xDC, 0xD9, 0xB2, 0x39, 0xA8, 0x2A, 0x50, 0x65, 0x54, 0x09, 0x55, 0x5C, 0x53,
    0x99, 0x15, 0x2F, 0xB7, 0xD3, 0x28, 0x1A, 0x93, 0x19, 0x28, 0x4F, 0xC5, 0xB3, 0x96, 0x0F, 0xF0,
    0xBE, 0xE8, 0xFD, 0xDE, 0xDF, 0xA0, 0x6F, 0xFD, 0x0A, 0xDA, 0x19, 0x1C, 0x3D, 0x28, 0x43, 0x62,
    0x21, 0x46, 0x98, 0x40, 0x90, 0x00, 0x6C, 0x77, 0xB0, 0x5B, 0x41, 0xBB, 0x80, 0xA3, 0x07, 0x31,
    0x47, 0xD1, 0x3C, 0xB1, 0x8A, 0x60, 0xAD, 0x87, 0xEE, 0x46, 0xCE, 0x17, 0xDC, 0x74, 0xED, 0xD9,
    0xB2, 0x14, 0x50, 0x23, 0x70, 0xCE, 0xA3, 0x10, 0x72, 0x65, 0xAE, 0xED, 0xCC, 0xCB, 0x1A, 0xB4,
    0x1E, 0x6C, 0xC6, 0x3A, 0x23, 0xE8, 0x48, 0x4B, 0x36, 0x31, 0xEF, 0x9E, 0x66, 0x39, 0x2F, 0xCE,
    0x8D, 0xEE, 0xAA, 0x03, 0x2C, 0xA2, 0x8E, 0x2E, 0x69, 0x27, 0x36, 0xF2, 0xE0, 0x9F, 0xDD, 0xDC,
    0x3F, 0x9D, 0xEE, 0x1F, 0x72, 0x24, 0x05, 0x2C, 0xC8, 0x8A, 0xAC, 0xC9, 0xF6, 0x27, 0xB0, 0xFB,
    0x6F, 0xD0, 0x7E, 0x07, 0x8E, 0xFF, 0x04, 0x4A, 0x9B, 0x58, 0x44, 0xB0, 0x3A, 0xC0, 0x7A, 0x07,
    0xDB, 0x15, 0xEC, 0x66, 0xD0, 0x7A, 0x70, 0x1C, 0x40, 0xAC, 0x91, 0x32, 0x80, 0xD5, 0x01, 0x36,
    0x1B, 0xD8, 0xAE, 0x89, 0xB1, 0x9F, 0x41, 0xEB, 0x41, 0x37, 0x80, 0x62, 0xB0, 0x36, 0x90, 0x07,
    0xB9, 0x91, 0x2B, 0x39, 0x93, 0x9E, 0x1C, 0x40, 0x53, 0x18, 0xF3, 0x27, 0x18, 0xF5, 0x09, 0x3F,
    0x29, 0x31, 0x7E, 0x52, 0x15, 0x66, 0xE4, 0x6A, 0xF6, 0xB8, 0xDE, 0x8A, 0x90, 0x54, 0xE6, 0x1B,
    0x14, 0x27, 0x0B, 0xF4, 0x34, 0xDE, 0x7C, 0xE4, 0xF2, 0xDC, 0x4D, 0xBC, 0x49, 0xB3, 0x4B, 0xBF,
    0x40, 0x9E, 0xFB, 0x7E, 0xF4, 0x2D, 0x42, 0xE0, 0x54, 0x07, 0xF1, 0xD0, 0x28, 0x23, 0x87, 0x1D,
    0x7F, 0xCA, 0x90, 0x0F, 0x1D, 0x8E, 0x11, 0x7B, 0x85, 0x08, 0x18, 0x37, 0xFC, 0x22, 0x60, 0xBB,
    0xB1, 0xC0, 0xE6, 0x40, 0x2B, 0x0C, 0xA2, 0x18, 0x86, 0x80, 0x0C, 0x76, 0x13, 0xF4, 0xC9, 0x01,
    0x8D, 0xFF, 0xB8, 0x43, 0xF6, 0x3B, 0x3D, 0x10, 0xFE, 0x73, 0x85, 0x5A, 0x2D, 0xBE, 0x11, 0x0F,
    0x55, 0x94, 0xDE, 0x63, 0x71, 0x8A, 0x53, 0x91, 0xAA, 0x82, 0xEA, 0xA0, 0x1A, 0x8D, 0x25, 0xAB,
    0x6A, 0x51, 0x79, 0x4A, 0x93, 0x0E, 0xA8, 0xF1, 0x8F, 0xC8, 0xF7, 0x77, 0xBB, 0x53, 0x49, 0xD6,
    0xAC, 0xFB, 0x78, 0xD1, 0x3D, 0xBE, 0x5E, 0xA8, 0xFB, 0x8F, 0x0D, 0xEA, 0xBF, 0x3D, 0x20, 0xAB,
    0x1A, 0xBF, 0x0C, 0x90, 0x7B, 0x16, 0x21, 0x31, 0xA2, 0xA3, 0xE0, 0x06, 0x3E, 0xDD, 0x8D, 0x1C,
    0x68, 0xA6, 0xC8, 0xAA, 0x37, 0xDE, 0x6E, 0xF3, 0x10, 0xB8, 0x53, 0xC7, 0xAB, 0xAE, 0xE9, 0x67,
    0xCE, 0x21, 0xEB, 0xD1, 0x98, 0x37, 0xF3, 0x41, 0x4F, 0xD4, 0x31, 0xDF, 0x1E, 0x65, 0x0D, 0x3C,
    0x77, 0xCA, 0xC4, 0x61, 0x1E, 0x3D, 0x87, 0xD9, 0xFA, 0x9A, 0x5A, 0x38, 0x4B, 0xFB, 0xB5, 0x5D,
    0x39, 0x91, 0x3B, 0xA8, 0xDD, 0xFA, 0x85, 0xF3, 0x80, 0xD3, 0xBA, 0x3E, 0x46, 0xCF, 0x39, 0xA2,
    0x21, 0xAF, 0x90, 0x33, 0xEA, 0x2D, 0x99, 0x96, 0x89, 0xDC, 0x49, 0x51, 0xFA, 0xB4, 0xB6, 0x90,
    0x19, 0x6D, 0xAC, 0x1E, 0xBD, 0xDB, 0xC9, 0x66, 0xBF, 0xE0, 0xF1, 0xE6, 0xFF, 0x39, 0x5B, 0x72,
    0x5B, 0xC6, 0xD1, 0x98, 0xE4, 0x99, 0x4B, 0xAF, 0x98, 0x71, 0x00, 0x65, 0x25, 0x03, 0x29, 0xBC,
    0xAE, 0x89, 0x4F, 0x34, 0x8E, 0xB4, 0x0B, 0xD8, 0x2B, 0xD7, 0x0B, 0x2E, 0x27, 0xAD, 0xB6, 0x9F,
    0xB8, 0x2D, 0xE3, 0xEC, 0xA4, 0xBF, 0xF8, 0x5B, 0x06, 0x37, 0xA1, 0x9E, 0x33, 0x42, 0xBB, 0x83,
    0xCD, 0x01, 0xD6, 0x37, 0xD8, 0x90, 0x6C, 0xA9, 0x5B, 0x15, 0xB2, 0x30, 0x9A, 0x27, 0x2F, 0xE2,
    0x4F, 0x8F, 0xF2, 0xA9, 0x9D, 0x63, 0xF5, 0x73, 0x1E, 0x8C, 0x7B, 0x10, 0x9B, 0x9F, 0x75, 0xF1,
    0x86, 0xCB, 0xA8, 0xAE, 0x42, 0xF6, 0xA1, 0xAE, 0xB3, 0x9B, 0x5D, 0xDD, 0x6E, 0xEA, 0x6E, 0x55,
    0xDB, 0x45, 0x3D, 0xCE, 0x6A, 0xF1, 0xF4, 0x28, 0x5C, 0xFC, 0x4D, 0xF3, 0x0A, 0x6E, 0xDF, 0xDA,
    0x8F, 0xEF, 0x65, 0xA1, 0xF5, 0x86, 0x3F, 0xFD, 0x0C, 0x8F, 0x53, 0xB7, 0xC0, 0x6E, 0x68, 0x57,
    0x58, 0xF4, 0x7A, 0x5A, 0x88, 0x69, 0xF6, 0xE4, 0x32, 0xE8, 0x19, 0x36, 0xE1, 0x95, 0xCB, 0x98,
    0x9C, 0x56, 0x16, 0x92, 0x8C, 0x51, 0xA2, 0xD7, 0xE4, 0xC1, 0xFA, 0x14, 0x2C, 0x85, 0x64, 0x70,
    0x63, 0x3D, 0xFE, 0x4B, 0x9E, 0x75, 0x77, 0xB6, 0x48, 0xAF, 0x77, 0x0D, 0xB2, 0xE7, 0x27, 0xB2,
    0x90, 0xDC, 0xF1, 0x90, 0xCF, 0xED, 0xF2, 0x43, 0x9F, 0xC5, 0x28, 0x23, 0xCE, 0x92, 0xE3, 0xAE,
    0x77, 0xF9, 0x98, 0xBF, 0xDD, 0x31, 0x81, 0x78, 0x76, 0xAE, 0x59, 0x57, 0x30, 0x0D, 0x1D, 0xB5,
    0xFE, 0x52, 0xCC, 0xAB, 0xFE, 0xF4, 0xEA, 0xC9, 0x6A, 0x3F, 0x7D, 0x02, 0x7F, 0x46, 0xF5, 0x2C,
    0x13, 0x9C, 0x5A, 0x15, 0x2E, 0x0E, 0x5A, 0xCE, 0x7E, 0xF7, 0x5A, 0xAA, 0xE2, 0x90, 0x98, 0x46,
    0x5E, 0x94, 0xB2, 0xE2, 0xED, 0x11, 0x1E, 0xAC, 0x9A, 0x85, 0xEF, 0x71, 0x0A, 0x9D, 0xB5, 0x58,
    0xAA, 0x6B, 0xAA, 0x5F, 0x53, 0xBB, 0x81, 0xC8, 0xC3, 0x5D, 0xE0, 0x01, 0x89, 0x86, 0x5A, 0x54,
    0x3B, 0xC5, 0xA3, 0x95, 0x77, 0x8F, 0x10, 0x73, 0x9A, 0x33, 0x51, 0xA4, 0x4A, 0xA1, 0x8A, 0x37,
    0xF5, 0x91, 0xAE, 0xB3, 0x03, 0x5B, 0xE2, 0xA2, 0xDB, 0x04, 0x63, 0x53, 0x84, 0xFE, 0x30, 0x9D,
    0xBC, 0x78, 0x22, 0x2B, 0xF7, 0x3A, 0x56, 0x40, 0xC3, 0x5D, 0x6F, 0xD9, 0xF7, 0xC7, 0x78, 0x33,
    0xFB, 0xE7, 0xB8, 0xDD, 0x2F, 0x77, 0xFC, 0xE8, 0x1C, 0x2E, 0x02, 0x6E, 0x16, 0x98, 0x36, 0xBF,
    0xF4, 0xC9, 0xAF, 0x0F, 0x1A, 0x89, 0xDC, 0x11, 0xCB, 0x87, 0x71, 0x9B, 0xFF, 0x18, 0x1F, 0xEC,
    0x78, 0x7E, 0xBB, 0x2E, 0x46, 0x7B, 0x18, 0x15, 0xAF, 0x2B, 0x5E, 0xAA, 0x54, 0x55, 0x41, 0x75,
    0x5C, 0xAA, 0x56, 0x35, 0x3B, 0xD5, 0x6E, 0x54, 0xBF, 0x52, 0x76, 0xA1, 0xF2, 0x80, 0xC9, 0x40,
    0x45, 0x43, 0xED, 0xAA, 0x89, 0x72, 0x68, 0x1F, 0xDD, 0x46, 0xA6, 0x80, 0x3D, 0x69, 0xA3, 0x4B,
    0x8D, 0xC7, 0xE8, 0x04, 0xBB, 0xCA, 0xB9, 0xC1, 0xC4, 0xE8, 0x46, 0x5F, 0x86, 0xE8, 0xFE, 0x6E,
    0xAE, 0xFE, 0x27, 0xBA, 0xCF, 0x96, 0xFA, 0xC7, 0xE8, 0x3E, 0x5D, 0xDB, 0xFF, 0x8A, 0xEE, 0x93,
    0xAD, 0xFB, 0x26, 0xF1, 0xE8, 0x13, 0x9F, 0x05, 0xFB, 0x2C, 0xBA, 0x21, 0xBA, 0x22, 0xD1, 0x45,
    0xD0, 0x1E, 0x60, 0xBF, 0x83, 0xDD, 0x06, 0xB6, 0x2B, 0x58, 0xCF, 0x60, 0xE5, 0xC1, 0x72, 0x02,
    0x8D, 0x79, 0x1F, 0x14, 0xF6, 0xEB, 0x41, 0x88, 0xE5, 0x0A, 0xB9, 0xF6, 0x01, 0xF9, 0xEA, 0xAB,
    0x42, 0x79, 0xE5, 0x8B, 0x8A, 0x91, 0x0D, 0x67, 0xFA, 0x32, 0x35, 0xE8, 0x77, 0x1E, 0x1A, 0xCD,
    0x81, 0x1F, 0xC3, 0x2B, 0x19, 0x8F, 0xC5, 0x76, 0xD5, 0x6F, 0x0C, 0xD4, 0xD0, 0x2F, 0x86, 0x97,
    0xC6, 0x99, 0xC7, 0xEC, 0x43, 0x28, 0x67, 0xC8, 0xF9, 0x5A, 0x2A, 0xD7, 0x92, 0x2B, 0xCB, 0x75,
    0xE6, 0xAA, 0xB5, 0x0F, 0xF7, 0xBE, 0xA8, 0xE4, 0xDE, 0x6A, 0xDF, 0x6F, 0xED, 0xFA, 0x3F, 0xEE,
    0x33, 0xB2, 0x13, 0x91, 0x17, 0x97, 0x8F, 0x43, 0x03, 0x39, 0xF3, 0xC1, 0x43, 0x1F, 0x7B, 0xB6,
    0xF3, 0x81, 0xA4, 0x3E, 0x7E, 0x99, 0x6C, 0xC9, 0xAD, 0x18, 0x81, 0xD1, 0xC8, 0x41, 0xB3, 0x68,
    0x46, 0xB4, 0x31, 0x0F, 0x40, 0x2C, 0x7F, 0x29, 0x93, 0x7E, 0x09, 0xD3, 0x41, 0xD4, 0x11, 0xF5,
    0x3A, 0xBC, 0x55, 0x5A, 0xD7, 0xED, 0x75, 0x44, 0xB5, 0x2D, 0x67, 0x01, 0xA7, 0xC4, 0xCE, 0x69,
    0xA2, 0xB3, 0xD2, 0xD8, 0xF9, 0xFE, 0x6B, 0xFC, 0xB7, 0xA1, 0xCD, 0x3C, 0x63, 0x6A, 0x7C, 0xCD,
    0xA5, 0x79, 0xB5, 0x86, 0x9A, 0x13, 0x51, 0x6B, 0xD3, 0x3A, 0xB5, 0x66, 0xAD, 0x5F, 0xFB, 0xA2,
    0x53, 0x50, 0x7E, 0x66, 0xC9, 0x17, 0xF8, 0xC7, 0xA7, 0x0F, 0xF2, 0xBD, 0xDB, 0xAF, 0xDA, 0x3D,
    0xCF, 0xE5, 0xE5, 0xF9, 0xA5, 0xD5, 0xE6, 0x8F, 0x49, 0x58, 0xF0, 0x81, 0x57, 0x9E, 0x8A, 0x6F,
    0xD0, 0x13, 0xB7, 0xF0, 0x0E, 0xA4, 0x5F, 0xFB, 0x35, 0xA9, 0xDD, 0xED, 0xCC, 0xBB, 0x18, 0xEB,
    0x93, 0xAA, 0x63, 0xA4, 0xF8, 0x3D, 0x22, 0x75, 0xFC, 0xD7, 0x2B, 0x6F, 0x97, 0xA3, 0xE4, 0x98,
    0x39, 0x43, 0xCE, 0x97, 0xB3, 0xE7, 0x5A, 0xB4, 0xB2, 0x5C, 0x67, 0xAE, 0x5A, 0xFB, 0xF0, 0xAB,
    0x7A, 0x9B, 0x42, 0x63, 0x9C, 0x38, 0xE0, 0xED, 0xC6, 0x01, 0xB7, 0x6B, 0x25, 0x7A, 0xB8, 0x61,
    0x87, 0xCB, 0x84, 0x99, 0x52, 0x0A, 0x87, 0xB8, 0x0A, 0x1C, 0x62, 0xB4, 0x6E, 0x0E, 0xFC, 0xC5,
    0x27, 0xAD, 0x99, 0x83, 0xC2, 0xF9, 0x24, 0x5F, 0x30, 0xB6, 0xFD, 0xF7, 0x08, 0xF5, 0x3F, 0x1D,
    0x17, 0x2F, 0xF3, 0x6A, 0x59, 0xF2, 0xF3, 0xCD, 0x29, 0xBE, 0xFD, 0x3B, 0x9B, 0x74, 0x3F, 0xED,
    0xBA, 0x79, 0x80, 0x1C, 0x82, 0x21, 0xB4, 0x4C, 0x4C, 0x34, 0x72, 0x4A, 0xB1, 0xE4, 0x6E, 0x4B,
    0xD5, 0xB2, 0x24, 0x4E, 0x45, 0xCF, 0xAB, 0x0E, 0xDF, 0x54, 0x0D, 0xF8, 0xCB, 0xB8, 0xBB, 0x77,
    0x73, 0x1B, 0x67, 0x39, 0xBB, 0xD9, 0xEA, 0x6B, 0xB8, 0x3A, 0xE4, 0xEE, 0x3D, 0x42, 0x71, 0x99,
    0xAE, 0xCA, 0x60, 0xB1, 0xBF, 0x5D, 0xC2, 0xE3, 0xEA, 0x9D, 0x38, 0xBC, 0x49, 0x37, 0x81, 0xA3,
    0x07, 0xED, 0x4C, 0x6E, 0x60, 0x17, 0x87, 0xC2, 0xED, 0x2D, 0xEA, 0xDD, 0x2B, 0xD2, 0x38, 0xF2,
    0x89, 0xC4, 0x4F, 0x39, 0x35, 0x9A, 0xF7, 0x40, 0x37, 0x55, 0xF8, 0x66, 0xFA, 0x08, 0x25, 0x58,
    0x6E, 0x68, 0x6A, 0xF1, 0xD8, 0xF4, 0x08, 0x25, 0x5C, 0xAE, 0xE9, 0xAD, 0x2F, 0x8F, 0x2E, 0x1F,
    0x2F, 0xD7, 0xCD, 0xBF, 0xDE, 0xB7, 0x45, 0x5E, 0x66, 0x8B, 0xCF, 0xDE, 0xB2, 0x0F, 0x6D, 0xD7,
    0x45, 0x75, 0x29, 0x6A, 0x23, 0x03, 0x7D, 0xFE, 0x7A, 0xF5, 0x78, 0xC3, 0x8E, 0x3E, 0x7F, 0x65,
    0x38, 0xE3, 0x69, 0xFC, 0x33, 0xDF, 0x65, 0x7E, 0x9F, 0xEB, 0xCB, 0xD5, 0xF6, 0xCB, 0x43, 0x0A,
    0x69, 0x20, 0x59, 0x54, 0x87, 0x4A, 0xD8, 0xA4, 0x96, 0x01, 0x32, 0xE2, 0x29, 0x9B, 0x35, 0x53,
    0xFD, 0xF2, 0x4B, 0x62, 0xCB, 0x73, 0x3B, 0xA1, 0x34, 0xA6, 0x66, 0x38, 0xF3, 0x2D, 0x54, 0x30,
    0x49, 0x0F, 0xF2, 0x62, 0x9E, 0xF7, 0xEB, 0xE0, 0x41, 0xCA, 0x40, 0xFA, 0xD1, 0xE3, 0xFE, 0x1E,
    0x6D, 0x7A, 0xB2, 0xDD, 0xC1, 0xE6, 0x00, 0xEB, 0xDB, 0x64, 0x1B, 0x6D, 0xAF, 0xDB, 0x6A, 0x1C,
    0x8D, 0x79, 0xC6, 0x3F, 0x34, 0x2F, 0xDF, 0x8E, 0xE8, 0xFD, 0x95, 0xAC, 0x5A, 0x4C, 0xC0, 0x75,
    0x36, 0xBF, 0xD5, 0x7C, 0x51, 0xCB, 0x8C, 0x77, 0x83, 0x66, 0xD4, 0x37, 0x0F, 0xDD, 0x66, 0xEC,
    0x82, 0x04, 0xE6, 0xA9, 0xD7, 0x1B, 0xAE, 0xE1, 0xEE, 0x9F, 0x53, 0x16, 0xD7, 0x8F, 0x9F, 0xE1,
    0x35, 0x4D, 0x4C, 0x71, 0x4B, 0x58, 0x4E, 0x5D, 0xD9, 0x9C, 0x54, 0x31, 0x9F, 0xBE, 0xC0, 0xCC,
    0xB5, 0xE4, 0xCA, 0x3A, 0xAD, 0x53, 0xAB, 0xCE, 0x7D, 0xC8, 0x3D, 0xD2, 0xFE, 0x9D, 0xBD, 0x65,
    0xDF, 0xF5, 0x93, 0x34, 0xBF, 0x52, 0x88, 0x6C, 0x49, 0x95, 0xC8, 0x91, 0x94, 0xDA, 0xC4, 0xA4,
    0x36, 0x94, 0xA2, 0x8F, 0xB9, 0x32, 0xB9, 0xA9, 0x5F, 0xCC, 0xE8, 0xF9, 0x58, 0x6D, 0x21, 0x7F,
    0xA7, 0xD9, 0x4D, 0xA3, 0x37, 0x7D, 0xD6, 0x72, 0x27, 0x77, 0x4F, 0x78, 0x64, 0xBB, 0xAD, 0xC9,
    0xDD, 0x13, 0x83, 0x5D, 0x91, 0x65, 0x3E, 0xC8, 0x66, 0x9D, 0x95, 0x69, 0x9D, 0x5A, 0xB5, 0xF6,
    0xE1, 0xEC, 0x91, 0xF6, 0x4F, 0x7B, 0xAB, 0x7D, 0x4F, 0x7C, 0xCE, 0x01, 0xA8, 0x85, 0xEA, 0x55,
    0xA3, 0x4A, 0xBE, 0xC7, 0xD1, 0x5E, 0xCA, 0x00, 0x55, 0xD1, 0x50, 0x41, 0x75, 0x50, 0xF5, 0x6B,
    0xAA, 0xB2, 0x82, 0x2A, 0x52, 0x05, 0x37, 0x47, 0x30, 0xCA, 0x6A, 0xE8, 0x56, 0x55, 0x38, 0xCA,
    0x94, 0xAA, 0x6E, 0xD5, 0x4F, 0x39, 0x33, 0xE5, 0x3C, 0x25, 0x53, 0x3E, 0x41, 0x41, 0x55, 0xA4,
    0x9A, 0x83, 0x6A, 0x77, 0xAA, 0x5F, 0x29, 0xBB, 0x50, 0xCE, 0x43, 0x56, 0x26, 0x95, 0xA1, 0x82,
    0x6A, 0x83, 0x90, 0x16, 0xE7, 0x59, 0xF4, 0x76, 0xD6, 0x39, 0xBF, 0xDD, 0x7D, 0x6D, 0x68, 0xE3,
    0xD0, 0x89, 0x41, 0x48, 0xF4, 0xBB, 0xF5, 0xCC, 0x5F, 0xDE, 0xFC, 0x67, 0x94, 0xA7, 0x3E, 0xE6,
    0x49, 0xB2, 0x10, 0xAA, 0x51, 0xF5, 0x2A, 0xFB, 0x92, 0x4D, 0x46, 0x4F, 0xB9, 0xE9, 0x4D, 0x8D,
    0x5C, 0x57, 0x7C, 0x95, 0x5A, 0xEE, 0xE6, 0xF9, 0x73, 0x99, 0xB0, 0x5D, 0x2B, 0x18, 0xB6, 0xA3,
    0x91, 0xA9, 0x14, 0x59, 0x0B, 0x99, 0x38, 0x5E, 0x5C, 0xFE, 0xF6, 0xAB, 0x85, 0xE3, 0xB6, 0x98,
    0x4A, 0xC0, 0x8E, 0x1C, 0xE5, 0x5F, 0x3E, 0x37, 0x46, 0xE6, 0xBB, 0xD7, 0xFF, 0xD5, 0x71, 0xDE,
    0xF0, 0xB4, 0x2B, 0xD8, 0x2D, 0x60, 0x3F, 0x23, 0x92, 0xF5, 0xE8, 0xB6, 0xFD, 0x16, 0xBD, 0xB6,
    0xFF, 0x8A, 0x83, 0xC4, 0xFE, 0x90, 0x3E, 0x00, 0xF8, 0xF1, 0xC0, 0xE1, 0x33, 0xAE, 0x78, 0x14,
    0x18, 0x67, 0xBD, 0x45, 0x43, 0x2C, 0x07, 0x06, 0x7E, 0xA1, 0x53, 0x46, 0xE5, 0x78, 0x8F, 0xD6,
    0xA3, 0x8D, 0xE5, 0x56, 0x3D, 0xD9, 0x2D, 0x88, 0xA3, 0x6F, 0x30, 0x6B, 0x1C, 0x9E, 0x4B, 0x25,
    0x73, 0xCA, 0x95, 0x3F, 0x32, 0xD8, 0x57, 0x4F, 0x2D, 0x0B, 0xE6, 0xE3, 0xCB, 0xFC, 0x6D, 0x85,
    0x5C, 0xC9, 0x83, 0xE4, 0xE7, 0xFD, 0x46, 0xC0, 0x82, 0x34, 0xF7, 0x58, 0xB0, 0x4D, 0x7D, 0x9C,
    0xDB, 0x46, 0x8D, 0xB3, 0x9D, 0x11, 0x4A, 0x19, 0xD0, 0xDE, 0x79, 0xD0, 0xDE, 0xA3, 0x03, 0x9F,
    0xC8, 0x74, 0x7E, 0x14, 0x0E, 0x17, 0x11, 0x06, 0x1E, 0x1B, 0xE1, 0x0D, 0x70, 0x6E, 0xFC, 0xBF,
    0x81, 0xB3, 0xEB, 0xB8, 0xA5, 0xCD, 0x54, 0x6F, 0xA3, 0x76, 0xBD, 0xA2, 0x4E, 0xD5, 0x2F, 0x94,
    0xF5, 0xD4, 0xA8, 0x72, 0x13, 0x25, 0x06, 0x2A, 0x23, 0x25, 0x5C, 0xC2, 0x75, 0xF1, 0xD4, 0xFD,
    0x1B, 0x94, 0xA6, 0x42, 0xFA, 0xCD, 0xD3, 0xC2, 0x62, 0x18, 0x74, 0xBA, 0xE8, 0xD4, 0xC1, 0x59,
    0xDE, 0xAE, 0x2D, 0xA7, 0x29, 0x3E, 0x26, 0xD6, 0xBB, 0x4E, 0x38, 0xCB, 0xC7, 0xC4, 0x51, 0xA7,
    0x29, 0xDA, 0xC7, 0x2B, 0xE4, 0x25, 0x66, 0x24, 0xAD, 0xD2, 0x83, 0x88, 0xA3, 0x87, 0x4A, 0x39,
    0x21, 0x7E, 0xB3, 0xA5, 0x5C, 0x85, 0xDB, 0x98, 0x77, 0x31, 0x16, 0xD9, 0x51, 0xCF, 0x8E, 0x69,
    0x8A, 0x43, 0x88, 0x8F, 0xEB, 0xAF, 0x9E, 0xF6, 0x3B, 0x3E, 0xA7, 0x6F, 0xED, 0x92, 0xD4, 0xA0,
    0x32, 0x49, 0xA1, 0x9A, 0x2D, 0xA9, 0x5B, 0x2A, 0x3E, 0xB5, 0xCF, 0xD8, 0x45, 0xFA, 0xD1, 0x54,
    0x52, 0xFA, 0x22, 0xEA, 0xA4, 0xCD, 0x77, 0xA9, 0x7D, 0x62, 0x50, 0x6D, 0xDA, 0xD5, 0x60, 0xB4,
    0x89, 0xC9, 0x1B, 0xE4, 0xCD, 0xB3, 0x1A, 0x8D, 0xD9, 0x6A, 0x86, 0x9C, 0xAF, 0x5B, 0xA0, 0xAD,
    0x67, 0x2D, 0x7B, 0xAE, 0x2C, 0x6B, 0x64, 0xB9, 0xC1, 0x94, 0xF2, 0xBF, 0x98, 0xED, 0x48, 0x53,
    0xF0, 0xA0, 0x68, 0xB8, 0x5F, 0xBB, 0x60, 0x6A, 0xF1, 0x3C, 0x89, 0xCE, 0x3D, 0x1A, 0xCC, 0x7F,
    0x6A, 0x40, 0xA3, 0xCC, 0xB3, 0x4F, 0x4F, 0x8B, 0x98, 0x6A, 0xE0, 0x4C, 0xEE, 0xA4, 0x0C, 0xBC,
    0x36, 0x7B, 0xB6, 0xCF, 0xAF, 0xE3, 0x94, 0x1F, 0x91, 0x88, 0xD9, 0xAF, 0x6E, 0xC6, 0xE1, 0x6F,
    0x83, 0x49, 0x63, 0xD8, 0xE9, 0x78, 0x6A, 0xBF, 0x1D, 0xAF, 0xCC, 0x4F, 0xE4, 0xA5, 0xE6, 0xB1,
    0x33, 0x38, 0x92, 0x02, 0x56, 0x64, 0x4D, 0xB6, 0x64, 0xFF, 0x03, 0x38, 0xFE, 0x33, 0x28, 0x5D,
    0x62, 0x79, 0xF4, 0x89, 0xF5, 0x0E, 0xB6, 0x2B, 0xD8, 0xCF, 0x89, 0xD3, 0x38, 0xD9, 0x44, 0x41,
    0xCC, 0x2F, 0x03, 0xF8, 0xF7, 0x3B, 0xF8, 0xD9, 0x0A, 0x3E, 0x9F, 0x41, 0x37, 0x81, 0x62, 0xC0,
    0x40, 0x1E, 0xE4, 0x4A, 0xCE, 0xA4, 0x07, 0xD3, 0x07, 0xC3, 0x62, 0x30, 0xD5, 0xCE, 0x9F, 0x03,
    0x2C, 0x83, 0x69, 0x52, 0xB3, 0x68, 0x5A, 0x7C, 0xDB, 0x36, 0x9D, 0xE7, 0x18, 0x0E, 0x98, 0xB9,
    0xE1, 0xF6, 0x07, 0x43, 0x2E, 0xBF, 0xEB, 0x9E, 0x3A, 0x5E, 0xB7, 0xEF, 0x4E, 0xB6, 0x55, 0x00,
    0x9B, 0x1D, 0xEC, 0x56, 0xD0, 0xCE, 0xA0, 0x9B, 0x12, 0x53, 0x93, 0xC4, 0x2A, 0x80, 0xBC, 0x28,
    0x8B, 0x2C, 0xE4, 0x74, 0xC1, 0x55, 0xD7, 0x82, 0x75, 0x60, 0x7B, 0x01, 0x8D, 0x0C, 0xA0, 0xF3,
    0xA0, 0x5D, 0xC0, 0x7E, 0x05, 0x5B, 0xE6, 0xAA, 0x65, 0x45, 0x76, 0xD2, 0x28, 0x7B, 0xFD, 0x4A,
    0x1D, 0xAF, 0x71, 0x33, 0xC5, 0x2F, 0xB1, 0xB9, 0xCF, 0x15, 0x6C, 0xEF, 0xB1, 0x5B, 0xC0, 0x7E,
    0x06, 0xAD, 0x07, 0x1D, 0x29, 0x43, 0xA2, 0x13, 0x03, 0x06, 0x72, 0x23, 0x27, 0x70, 0xC4, 0x65,
    0x2E, 0x8C, 0x78, 0x47, 0x1E, 0xB8, 0x6F, 0xC3, 0x18, 0x49, 0xF4, 0x36, 0x8C, 0xF8, 0xD6, 0x16,
    0x46, 0x7C, 0x6B, 0x0B, 0x23, 0xBE, 0xB5, 0x85, 0x34, 0x3A, 0xF5, 0x8F, 0x61, 0xFC, 0x9B, 0xB5,
    0xFD, 0xB7, 0x30, 0x7E, 0xB2, 0x77, 0xDF, 0x84, 0xF1, 0xAF, 0x8F, 0xFE, 0x8B, 0x30, 0x0E, 0xD1,
    0x16, 0x89, 0xEE, 0x6B, 0x70, 0x0C, 0xA0, 0x3D, 0xC0, 0x6E, 0x03, 0xDB, 0x15, 0x6C, 0x16, 0xB0,
    0xF2, 0x60, 0x39, 0x81, 0xC6, 0xDC, 0xA6, 0x8E, 0xEC, 0x5B, 0x52, 0xD2, 0x72, 0x8D, 0x5C, 0xFB,
    0xEE, 0xD4, 0x4B, 0xFF, 0xFF, 0xB5, 0x77, 0xF6, 0xB0, 0x95, 0x2B, 0x55, 0x1C, 0x1F, 0xDB, 0x02,
    0x17, 0x96, 0x9E, 0x29, 0x90, 0x28, 0x52, 0xB8, 0xA5, 0xC2, 0x7D, 0xE5, 0x11, 0xAF, 0x78, 0x2D,
    0x7D, 0x43, 0x2F, 0x0A, 0xFA, 0x02, 0x8D, 0x25, 0xA4, 0x47, 0xBB, 0x7D, 0x03, 0x7D, 0xDF, 0x22,
    0x0F, 0xA2, 0x78, 0x25, 0xEE, 0x1B, 0x2C, 0x01, 0x15, 0xC5, 0xBA, 0xB0, 0x84, 0xF7, 0x61, 0xFB,
    0x70, 0xCF, 0xFF, 0x3F, 0x24, 0x93, 0xDC, 0x38, 0xEF, 0x26, 0xB9, 0xBB, 0x7B, 0xB3, 0x89, 0x37,
    0x3A, 0x3F, 0xAF, 0x3D, 0x9F, 0x1E, 0xDF, 0xF9, 0x3C, 0x67, 0x1C, 0xEA, 0x7B, 0x87, 0xDA, 0x2F,
    0xD4, 0x0F, 0xDA, 0x2D, 0x29, 0xF5, 0x49, 0x8E, 0xD5, 0x51, 0x7D, 0xEF, 0x28, 0xE3, 0x6E, 0xC9,
    0x8E, 0xA4, 0x1B, 0xB8, 0x5F, 0xE9, 0x97, 0xE1, 0x30, 0x4C, 0x86, 0xCF, 0xB8, 0x18, 0x2F, 0xD3,
    0x10, 0x77, 0x4B, 0xD0, 0x77, 0xF5, 0xF7, 0x48, 0x4D, 0xFF, 0x67, 0x96, 0xCE, 0x6B, 0xA7, 0xCE,
    0x79, 0x18, 0xB2, 0xA0, 0x53, 0xE7, 0xD0, 0xA9, 0x73, 0xEF, 0xED, 0x95, 0x78, 0x37, 0xA1, 0x6E,
    0xD1, 0x86, 0x94, 0x43, 0x4A, 0xCA, 0x89, 0xB3, 0x6F, 0x1C, 0x40, 0x9E, 0x2A, 0xE1, 0x1E, 0x7E,
    0x11, 0x0E, 0xC3, 0x64, 0xF8, 0x8C, 0x8B, 0xF1, 0x7E, 0x87, 0x34, 0x20, 0x3D, 0x48, 0xDB, 0x93,
    0xF5, 0xD6, 0xD0, 0x57, 0x67, 0x5B, 0xE3, 0x44, 0xE6, 0xD0, 0x66, 0xE5, 0x3A, 0xBC, 0xB3, 0xD0,
    0x9E, 0xC7, 0x82, 0x45, 0x8D, 0xD5, 0xC9, 0xAF, 0x4C, 0x43, 0xBF, 0x3B, 0x4B, 0x58, 0xB2, 0x73,
    0x1D, 0xEE, 0xA3, 0x05, 0xA5, 0xC2, 0x62, 0x21, 0x63, 0x28, 0xD1, 0xDF, 0xD1, 0xB8, 0xD0, 0x0D,
    0x17, 0x61, 0x1A, 0x90, 0x9E, 0x21, 0xA4, 0x6D, 0xAF, 0x97, 0xC1, 0x9E, 0xC4, 0xE7, 0x95, 0xC8,
    0x11, 0xB5, 0xAD, 0xA8, 0xC9, 0x85, 0x2A, 0x58, 0x6F, 0x43, 0x7F, 0x4B, 0xEB, 0xB2, 0x6C, 0x61,
    0x0F, 0x6E, 0xD5, 0xDF, 0x82, 0x5E, 0x80, 0x4E, 0xAC, 0xD0, 0xBF, 0x6B, 0x4D, 0xD5, 0x5F, 0xEB,
    0x78, 0xD7, 0xBD, 0x5E, 0xD0, 0x76, 0xAE, 0x8B, 0x54, 0xBD, 0xE7, 0x64, 0xC5, 0x60, 0x03, 0xC3,
    0x8D, 0x74, 0xCD, 0x30, 0xDE, 0xD8, 0x8A, 0x49, 0x21, 0x4C, 0xCA, 0xA1, 0xA2, 0x8B, 0x56, 0x61,
    0x6A, 0x96, 0x42, 0x29, 0x2A, 0x4D, 0x41, 0xE4, 0xD1, 0x1A, 0x0E, 0x52, 0xC2, 0x2C, 0x00, 0x15,
    0x51, 0xC7, 0x26, 0x83, 0x2C, 0xB8, 0x52, 0xC4, 0x00, 0x1B, 0x31, 0x13, 0xEF, 0x4C, 0x08, 0xEC,
    0x0C, 0xE8, 0xBE, 0xD6, 0xE1, 0x4B, 0x2E, 0xFF, 0x58, 0xBA, 0xD5, 0x94, 0xF2, 0x9F, 0x55, 0x84,
    0xE3, 0x3A, 0x69, 0x9B, 0xB1, 0x12, 0xAB, 0x3F, 0xFF, 0x5C, 0x55, 0xCD, 0xD0, 0x3F, 0xAB, 0x7B,
    0x67, 0x0F, 0xA8, 0xFA, 0x4E, 0xBD, 0x97, 0xC3, 0x6D, 0x08, 0x30, 0x3E, 0x84, 0x7B, 0xFD, 0x85,
    0x30, 0x43, 0x0C, 0x21, 0xBE, 0x10, 0x7B, 0x48, 0x4B, 0x48, 0x59, 0x48, 0x27, 0x53, 0xFD, 0xDC,
    0xBC, 0xBB, 0x5E, 0xEB, 0x4A, 0x68, 0x9C, 0x60, 0x39, 0xB5, 0x1E, 0x75, 0xF8, 0xED, 0x7C, 0x22,
    0x6C, 0xB4, 0xBD, 0x76, 0xFB, 0x9B, 0x21, 0x5F, 0x50, 0x81, 0x8E, 0x5A, 0x41, 0xE8, 0x8F, 0x27,
    0x15, 0x94, 0x0D, 0x8B, 0xC6, 0x21, 0xBC, 0x9A, 0x4B, 0x3A, 0x7C, 0xA0, 0x1B, 0x2D, 0x1A, 0x2D,
    0x47, 0x95, 0x1A, 0x78, 0x83, 0x55, 0xC3, 0x72, 0x0E, 0xFA, 0xD4, 0xB0, 0xE9, 0xC1, 0x98, 0x42,
    0x30, 0xB5, 0xE0, 0xFA, 0x72, 0xD2, 0xD8, 0xA1, 0xF4, 0x02, 0x2F, 0xD9, 0x26, 0x9C, 0x1C, 0xBA,
    0x44, 0x9C, 0x73, 0xFD, 0x05, 0xD3, 0x17, 0xCF, 0x93, 0x56, 0xA5, 0xF6, 0x5B, 0xA4, 0x75, 0xB3,
    0xA9, 0xA4, 0x6D, 0xC2, 0x0B, 0x23, 0x2B, 0xA6, 0x84, 0xC6, 0xAE, 0xD5, 0xD1, 0xCC, 0xE3, 0x75,
    0x02, 0xC2, 0x5B, 0x79, 0x89, 0x10, 0x3D, 0x76, 0x70, 0xE1, 0xA9, 0x96, 0x7B, 0x11, 0x9A, 0xC2,
    0xD3, 0xE1, 0xE8, 0xE7, 0x18, 0x38, 0x4E, 0x81, 0xC8, 0x4C, 0x48, 0x4B, 0x0C, 0x04, 0x5B, 0x87,
    0x6A, 0x01, 0xB2, 0x15, 0x48, 0x37, 0x20, 0x91, 0x23, 0xE0, 0x5E, 0xE4, 0x12, 0xFE, 0x10, 0x36,
    0x30, 0xC6, 0x31, 0xCC, 0x6C, 0x87, 0xEB, 0xFE, 0xC9, 0x90, 0xCD, 0x02, 0x32, 0x11, 0x2B, 0x21,
    0x70, 0x92, 0x4A, 0x0B, 0x97, 0xCE, 0x03, 0x4D, 0x0F, 0xD4, 0x01, 0x03, 0xD1, 0xC7, 0xF7, 0xE8,
    0x32, 0x15, 0xCF, 0x50, 0x2C, 0xB0, 0xC5, 0x31, 0x20, 0x3E, 0xC4, 0x6E, 0x1E, 0x2B, 0x35, 0x28,
    0x48, 0x19, 0x20, 0x17, 0xC8, 0x4D, 0xEF, 0xE6, 0x02, 0x37, 0xD2, 0xAA, 0x74, 0x5E, 0x65, 0x73,
    0x24, 0x1D, 0x24, 0xDC, 0xE4, 0x61, 0xE9, 0x20, 0x0A, 0x67, 0x44, 0xF8, 0x56, 0x47, 0xD4, 0xBD,
    0xBE, 0x0F, 0x1A, 0x57, 0x06, 0xBD, 0x80, 0x52, 0x90, 0xF8, 0x0F, 0x3A, 0xBD, 0xE2, 0x7A, 0x93,
    0x85, 0xE9, 0x33, 0xFB, 0xD5, 0x1D, 0xC5, 0x9A, 0xBA, 0x87, 0x1C, 0x30, 0x3D, 0x10, 0xCB, 0x91,
    0xE7, 0xB8, 0x1B, 0xCB, 0x9E, 0x7E, 0x2B, 0xF4, 0xDD, 0x18, 0x26, 0xC3, 0xAF, 0x57, 0x8D, 0xAB,
    0x44, 0x09, 0xA7, 0x48, 0x03, 0xDE, 0x44, 0x4D, 0xDB, 0x00, 0x1B, 0xC3, 0x2B, 0x69, 0x15, 0x9D,
    0x4C, 0x07, 0x64, 0xE8, 0x38, 0xDA, 0x1C, 0xF9, 0xB1, 0xE5, 0x9A, 0x88, 0x3D, 0x60, 0xD4, 0xFC,
    0x5A, 0xE8, 0xA2, 0x3B, 0x5B, 0xF7, 0xF8, 0xD5, 0xD4, 0x3E, 0x40, 0x9B, 0x48, 0x91, 0x7D, 0xD8,
    0x86, 0xA8, 0xEF, 0x43, 0xC5, 0x50, 0xAA, 0x1E, 0x28, 0x19, 0x43, 0x88, 0xAF, 0x60, 0xEC, 0x19,
    0xD3, 0x92, 0x30, 0x65, 0xC6, 0xC9, 0xC4, 0x9E, 0x4B, 0xAB, 0x59, 0x40, 0xF9, 0xA9, 0x4C, 0x44,
    0x65, 0x06, 0x59, 0xEA, 0x8B, 0x31, 0xA0, 0xD9, 0x1A, 0xAA, 0x11, 0x72, 0x50, 0x59, 0x43, 0xF2,
    0x9C, 0xD7, 0xE9, 0x86, 0xEE, 0xE9, 0x37, 0x81, 0x34, 0x0D, 0x64, 0x02, 0x99, 0xC3, 0xBE, 0xB7,
    0x9A, 0x54, 0x36, 0xA3, 0x4A, 0xAC, 0x0F, 0x24, 0xD2, 0x62, 0x89, 0xCA, 0xA8, 0x5C, 0x21, 0x67,
    0xC8, 0x9E, 0x85, 0xF2, 0x93, 0x1B, 0x3B, 0xCF, 0x7C, 0x89, 0x36, 0xC0, 0x10, 0x48, 0xBE, 0x86,
    0xB5, 0x57, 0x59, 0x0E, 0x70, 0x34, 0xC2, 0x11, 0xAE, 0x1F, 0x1F, 0x17, 0x3E, 0x1D, 0xA7, 0x1E,
    0xB4, 0xDF, 0xE8, 0xC6, 0x72, 0x3D, 0xC8, 0xA9, 0xDC, 0xC2, 0x39, 0xAF, 0xC7, 0xC7, 0x4B, 0xCC,
    0xDD, 0x7E, 0x65, 0xCD, 0xAA, 0x64, 0x07, 0xBB, 0xFE, 0xDC, 0xAC, 0xC8, 0x59, 0xF7, 0x56, 0xAC,
    0x89, 0x1B, 0x44, 0x27, 0x7F, 0xC6, 0xC3, 0x90, 0xDE, 0xE4, 0x1B, 0x97, 0x3F, 0x84, 0xFE, 0x02,
    0xC4, 0x02, 0xDD, 0xA7, 0x87, 0x39, 0x1D, 0xA8, 0x0E, 0x81, 0x8D, 0x58, 0x08, 0x3C, 0x75, 0x75,
    0x96, 0x6A, 0xFE, 0x33, 0x14, 0x3A, 0x15, 0xA6, 0x59, 0x26, 0x2C, 0x24, 0x36, 0xA3, 0xAB, 0x8A,
    0x9F, 0x9B, 0x3B, 0xC7, 0x25, 0xAC, 0x00, 0x9C, 0x3E, 0x28, 0xF6, 0x3B, 0x83, 0x62, 0x75, 0x1E,
    0xA4, 0x44, 0xE7, 0xE7, 0x1A, 0x14, 0x07, 0x83, 0x91, 0xEA, 0xBA, 0xA1, 0x6F, 0x59, 0xB7, 0xE5,
    0x62, 0x93, 0x6E, 0x82, 0xEE, 0x58, 0xAF, 0x8F, 0x3C, 0xB1, 0xB7, 0x86, 0xAC, 0x54, 0xCE, 0x91,
    0x5F, 0x71, 0x7B, 0x99, 0x7F, 0x19, 0xE4, 0x6B, 0xC6, 0x2F, 0x12, 0xEF, 0x21, 0x22, 0x48, 0x7E,
    0xC3, 0xFA, 0xB7, 0x5A, 0x54, 0x66, 0xB7, 0x64, 0x69, 0x55, 0x3A, 0x0C, 0x59, 0x1A, 0x79, 0xA7,
    0x71, 0xDD, 0xD4, 0xA9, 0x58, 0xDF, 0x5C, 0x91, 0xB6, 0xF6, 0x7A, 0x35, 0xCC, 0x21, 0xAC, 0x6E,
    0x0E, 0x92, 0x57, 0xD8, 0xA8, 0x9D, 0x74, 0x60, 0xAA, 0xF3, 0x58, 0x22, 0xFC, 0x4F, 0x25, 0x51,
    0xD3, 0x4C, 0xC7, 0xD2, 0x34, 0x2D, 0x06, 0xF3, 0x03, 0x7A, 0x5D, 0x63, 0xBD, 0x84, 0x73, 0x5C,
    0x7F, 0xC9, 0xF9, 0xE2, 0x6D, 0x94, 0x14, 0x0A, 0x8D, 0xC2, 0x4D, 0x27, 0x94, 0x1B, 0x9A, 0xEA,
    0x3B, 0x02, 0xE1, 0x5D, 0x86, 0xE8, 0x9B, 0x30, 0xAF, 0x48, 0x61, 0x58, 0x25, 0x57, 0xCC, 0xF4,
    0x3E, 0x7D, 0x7E, 0x12, 0x6B, 0x9F, 0xCB, 0x66, 0x41, 0xF8, 0x04, 0xD7, 0x40, 0xC1, 0xF0, 0x7B,
    0x4A, 0xA5, 0x05, 0xB5, 0xAA, 0x69, 0xDA, 0x03, 0x9B, 0xC0, 0xDA, 0x1B, 0x67, 0x95, 0xBD, 0xE9,
    0x0C, 0xFF, 0x2F, 0x06, 0xF7, 0xD3, 0x4D, 0x09, 0x93, 0x68, 0xF8, 0x97, 0xD9, 0x20, 0x3C, 0x19,
    0x95, 0xAB, 0x36, 0x25, 0x88, 0x6F, 0x33, 0x06, 0xF1, 0x3B, 0xFC, 0x3D, 0x0B, 0xD8, 0x65, 0x49,
    0x0F, 0x4B, 0xF4, 0xC4, 0xC8, 0x7E, 0xFA, 0x0C, 0x97, 0xF9, 0x02, 0x64, 0x44, 0x1A, 0xB0, 0x12,
    0xB7, 0xEE, 0xE5, 0x04, 0xFD, 0x69, 0x28, 0x40, 0x4F, 0x58, 0xC6, 0x77, 0xF6, 0x16, 0xF8, 0xB7,
    0xB3, 0x22, 0x63, 0x0B, 0x5C, 0xDE, 0x6A, 0x81, 0x7F, 0xC7, 0x16, 0xF8, 0xDD, 0x05, 0xB6, 0xC0,
    0xDC, 0x97, 0x2A, 0xDA, 0x71, 0xB0, 0x9C, 0x6F, 0xE6, 0xE8, 0xE2, 0x86, 0x86, 0xF9, 0x84, 0x13,
    0x34, 0xA2, 0xC7, 0xC7, 0x45, 0xAF, 0x30, 0x19, 0x64, 0xA2, 0xE0, 0x20, 0x28, 0xDA, 0x66, 0x91,
    0x2D, 0x4D, 0x1A, 0x6F, 0xB3, 0xD8, 0xD8, 0x9B, 0x8E, 0xF4, 0x57, 0x2F, 0x6E, 0x9D, 0xEF, 0xFC,
    0xFB, 0x79, 0x84, 0xE3, 0x75, 0x4F, 0x3F, 0x5F, 0xC2, 0xA2, 0xD0, 0xDE, 0x82, 0xD5, 0xE9, 0x3B,
    0x74, 0x9C, 0xC9, 0x34, 0x0D, 0x25, 0x7F, 0x92, 0x69, 0x9A, 0xE8, 0xB1, 0x83, 0xCF, 0x63, 0x9A,
    0xF6, 0xB4, 0x75, 0x49, 0x0C, 0x0A, 0x21, 0x77, 0x87, 0x86, 0xE7, 0x5A, 0x97, 0xC4, 0xD1, 0x9D,
    0x2E, 0xBF, 0xC8, 0xDD, 0x2D, 0x4C, 0xB2, 0x3E, 0x2C, 0x2E, 0x60, 0xD4, 0x46, 0x75, 0xC0, 0x1D,
    0xA0, 0x46, 0x7D, 0x26, 0x30, 0x81, 0xB8, 0x03, 0x38, 0xF9, 0x0C, 0x80, 0x92, 0xCF, 0x1E, 0xE0,
    0xE4, 0xD1, 0x80, 0x6E, 0xD4, 0x0E, 0xE0, 0xE4, 0xD9, 0xC0, 0xEF, 0xF3, 0x58, 0x9E, 0xC3, 0x94,
    0xF2, 0x5B, 0xD9, 0x6C, 0xBC, 0x97, 0x0D, 0xA5, 0xEF, 0x3E, 0xE8, 0x4C, 0xAD, 0xBA, 0x69, 0x46,
    0x95, 0x55, 0x64, 0x1C, 0x5A, 0x1C, 0x99, 0x88, 0x66, 0x27, 0xCB, 0x9C, 0x32, 0x56, 0x05, 0x9D,
    0x6E, 0x1A, 0x35, 0x37, 0x46, 0x26, 0xF8, 0xAD, 0xCA, 0xD5, 0xA8, 0xEC, 0x91, 0x2A, 0x7F, 0x2C,
    0x9F, 0x90, 0x6B, 0x9D, 0xBC, 0xEA, 0x7E, 0x0F, 0x75, 0xCC, 0x3F, 0x52, 0x95, 0x13, 0xB9, 0xFE,
    0x60, 0x0A, 0xB1, 0x1D, 0xF4, 0x6B, 0xA3, 0x1D, 0x82, 0x4E, 0x90, 0xBB, 0x3B, 0x42, 0x42, 0xA2,
    0xC6, 0x4E, 0xC2, 0x8E, 0xAD, 0x46, 0xE5, 0x02, 0x39, 0x42, 0x5A, 0x2D, 0xDF, 0x5A, 0xFB, 0x47,
    0xA6, 0x1C, 0x71, 0xE2, 0xC3, 0x89, 0x83, 0x25, 0x63, 0xDD, 0x53, 0x7F, 0x54, 0x4F, 0xA8, 0xD9,
    0x58, 0xF7, 0x89, 0xA0, 0xBB, 0x57, 0xF7, 0x07, 0x41, 0x75, 0x20, 0xF4, 0x12, 0xE4, 0xFA, 0xC4,
    0xD6, 0x7D, 0x31, 0x23, 0xAB, 0xD0, 0xC6, 0x43, 0x3B, 0x84, 0xC9, 0x0D, 0x74, 0x7D, 0xF0, 0x42,
    0xE9, 0xEA, 0x42, 0xD3, 0x53, 0x0D, 0xAE, 0x47, 0x72, 0xA9, 0x73, 0x87, 0xB4, 0xF2, 0xA1, 0x63,
    0x76, 0x23, 0xF4, 0x23, 0x58, 0x18, 0x74, 0x1C, 0x4C, 0x33, 0xFB, 0x7A, 0x08, 0x01, 0xA2, 0xE4,
    0x3A, 0x1F, 0xE2, 0x12, 0x8D, 0x74, 0x0E, 0xE9, 0xD1, 0x62, 0x4E, 0x90, 0xB0, 0xD5, 0x98, 0x0C,
    0x49, 0xD5, 0x69, 0x7F, 0x24, 0x5E, 0x4C, 0xC8, 0x97, 0xD8, 0x90, 0x53, 0x55, 0xC3, 0xE6, 0x68,
    0xCE, 0x9B, 0x8A, 0x0F, 0x41, 0x7C, 0xCD, 0xE7, 0xA3, 0xAD, 0xAD, 0x9E, 0xD4, 0x6A, 0x8E, 0xA0,
    0x27, 0x95, 0x78, 0xC3, 0xA3, 0x79, 0xEE, 0x89, 0xB3, 0xC9, 0xAA, 0x8A, 0x73, 0x4D, 0x7B, 0x20,
    0xC6, 0x8F, 0x07, 0xA2, 0x14, 0x94, 0xC3, 0xE1, 0xEF, 0xC0, 0x4A, 0x4B, 0xE8, 0xC0, 0xDA, 0x9B,
    0x42, 0xD9, 0x78, 0x76, 0xF5, 0x9C, 0x35, 0xD9, 0x72, 0x60, 0x67, 0x4C, 0xAA, 0x94, 0x9B, 0xFA,
    0x00, 0xB3, 0x44, 0x78, 0xFE, 0xD1, 0xDA, 0x95, 0xE6, 0x9F, 0xEE, 0x02, 0x2D, 0xC2, 0x41, 0x79,
    0x4F, 0x08, 0x97, 0xF1, 0x04, 0x22, 0xAB, 0x88, 0x7F, 0x08, 0xE9, 0x19, 0x43, 0xFA, 0xC4, 0x83,
    0x85, 0xF8, 0xCE, 0x6A, 0xBA, 0xC5, 0x8B, 0xD1, 0x7C, 0x48, 0xC8, 0x58, 0xFD, 0x68, 0xBE, 0x8A,
    0x0D, 0x65, 0xA6, 0xBB, 0x1B, 0xCA, 0xD4, 0xF1, 0x86, 0x32, 0xE8, 0x63, 0x3F, 0x0A, 0x97, 0xAD,
    0xBC, 0xFA, 0xFD, 0x63, 0x76, 0xBF, 0xA3, 0xAD, 0x0E, 0x50, 0x8D, 0x40, 0x33, 0x00, 0xCE, 0x03,
    0xD2, 0x2A, 0x12, 0x31, 0x8A, 0x6C, 0x03, 0xF2, 0x05, 0x28, 0x67, 0xA0, 0x1A, 0x81, 0x66, 0x08,
    0x7E, 0x00, 0x69, 0x15, 0x89, 0x18, 0x85, 0x7A, 0x8B, 0xF6, 0x38, 0x1F, 0x6E, 0x61, 0x89, 0x9C,
    0xC0, 0x03, 0xBD, 0x03, 0x9D, 0x8F, 0x83, 0xAE, 0x47, 0xA0, 0x9C, 0x88, 0x05, 0xC8, 0x57, 0x20,
    0x13, 0x20, 0x51, 0x20, 0xD5, 0x40, 0x27, 0x5E, 0xD1, 0x10, 0x25, 0x80, 0xB7, 0x10, 0xB9, 0x7F,
    0x3C, 0xF4, 0x84, 0x12, 0x16, 0x2F, 0x89, 0x50, 0x1D, 0x5D, 0x65, 0x31, 0xAB, 0xAC, 0x46, 0x95,
    0xFC, 0x93, 0x96, 0x5B, 0x3C, 0x51, 0x59, 0x1A, 0x6F, 0x0B, 0x64, 0x1F, 0x49, 0x2A, 0x9B, 0xAC,
    0x86, 0x2E, 0xE1, 0xCB, 0xAA, 0xEC, 0x18, 0xC8, 0x70, 0x13, 0x66, 0x89, 0xF0, 0xF3, 0x15, 0x31,
    0xCA, 0xA2, 0x69, 0xA0, 0x74, 0x90, 0x61, 0x1A, 0xFA, 0x24, 0x19, 0x6C, 0x99, 0x15, 0xD9, 0x06,
    0xE4, 0x0B, 0x50, 0xCE, 0x40, 0x35, 0x02, 0xCD, 0xA0, 0x40, 0x69, 0x64, 0x93, 0x91, 0x56, 0x91,
    0x88, 0x51, 0xA4, 0x44, 0xB6, 0x02, 0xC5, 0x02, 0x94, 0x13, 0x50, 0x8F, 0x40, 0xD3, 0xC7, 0x8B,
    0xEA, 0xAB, 0x01, 0x36, 0x00, 0x17, 0xE1, 0x24, 0xF6, 0x50, 0x4D, 0x40, 0x39, 0x03, 0xF9, 0x02,
    0x64, 0x5B, 0x1C, 0xDF, 0xB5, 0x7E, 0x8B, 0x0F, 0x29, 0x8B, 0xD3, 0x59, 0x8F, 0x40, 0x29, 0x83,
    0xA2, 0x20, 0x32, 0xC2, 0x74, 0x43, 0x47, 0x73, 0x5F, 0x8C, 0xD9, 0x55, 0x5E, 0xAB, 0x16, 0x7F,
    0xAD, 0xFE, 0x0E, 0x32, 0x5B, 0x55, 0x16, 0x8B, 0xCA, 0x72, 0x54, 0xD9, 0xF4, 0x2A, 0x3B, 0x76,
    0x3A, 0x8C, 0xCA, 0x19, 0x72, 0x85, 0x14, 0xCB, 0xBB, 0x37, 0x2E, 0x6B, 0xF8, 0x2A, 0x67, 0x95,
    0xF9, 0x82, 0x30, 0xB7, 0xD8, 0x4E, 0xA4, 0x55, 0xE9, 0x04, 0xB1, 0x43, 0x96, 0x90, 0x69, 0xA8,
    0x93, 0xC4, 0x82, 0xA9, 0x18, 0x30, 0x5B, 0xC9, 0x9C, 0xCD, 0xBB, 0x16, 0x0E, 0x58, 0x8D, 0x64,
    0x33, 0x90, 0xCE, 0x93, 0x5D, 0xA0, 0x58, 0x30, 0x15, 0x03, 0x66, 0x2B, 0x59, 0x2C, 0x64, 0x39,
    0x91, 0x08, 0x06, 0xDD, 0x2E, 0x72, 0x53, 0x30, 0x46, 0xB2, 0x8F, 0xDD, 0xD1, 0x5F, 0x1C, 0x4E,
    0xBE, 0x92, 0xD9, 0x46, 0x26, 0x02, 0x32, 0xFE, 0x38, 0x3D, 0xAE, 0x8F, 0xD3, 0xCB, 0xF4, 0xC7,
    0xF9, 0x29, 0x64, 0x04, 0xB3, 0xC0, 0x84, 0x84, 0xFD, 0x8F, 0xB0, 0xFB, 0x03, 0x16, 0x33, 0x59,
    0x8D, 0x64, 0xE3, 0x6F, 0x6D, 0xE3, 0x17, 0xE2, 0x37, 0x21, 0xBF, 0xEA, 0x1C, 0x2C, 0x47, 0xB2,
    0xE9, 0x41, 0x91, 0x96, 0x84, 0xB3, 0x38, 0xDF, 0x3E, 0xB8, 0x1B, 0xC8, 0x90, 0x6F, 0x4D, 0x26,
    0x98, 0x2F, 0x24, 0xF2, 0x1B, 0xC5, 0x67, 0xA4, 0x25, 0x9D, 0x27, 0x1B, 0xB1, 0x60, 0x15, 0x58,
    0x80, 0xE8, 0x0E, 0x7E, 0x5A, 0xEB, 0xFB, 0x1D, 0x7C, 0xB4, 0x68, 0xA5, 0xBD, 0x17, 0x4F, 0xB5,
    0xF6, 0x3F, 0x9F, 0x1E, 0xDC, 0x0E, 0x9E, 0x17, 0xB4, 0xB4, 0xF7, 0xE2, 0xD1, 0xD9, 0x54, 0x73,
    0x67, 0x91, 0x75, 0x17, 0xA3, 0x31, 0x67, 0x82, 0x88, 0xEC, 0x02, 0x4E, 0x3E, 0x1D, 0x1C, 0xF2,
    0xB7, 0xEC, 0x00, 0x4E, 0x4E, 0x81, 0x88, 0xEC, 0x02, 0x4E, 0xCE, 0x0B, 0x63, 0xEA, 0x7B, 0xB7,
    0x1E, 0x4A, 0x30, 0x7D, 0xC7, 0x0F, 0x77, 0xF0, 0x2B, 0x1E, 0xE5, 0x8C, 0xAD, 0x87, 0xC6, 0x8F,
    0xBC, 0xF5, 0x50, 0x0F, 0x89, 0x90, 0x6B, 0xC4, 0xC2, 0x18, 0x19, 0xBB, 0xA6, 0xA4, 0x58, 0x98,
    0x2A, 0xA6, 0x10, 0xA5, 0xCD, 0xB9, 0x1E, 0x58, 0x9A, 0x2E, 0xFC, 0x8C, 0xC6, 0xC9, 0xFD, 0x86,
    0x0B, 0xD4, 0x83, 0xEF, 0x90, 0x8B, 0x4A, 0x64, 0x40, 0x67, 0xFE, 0x51, 0x5A, 0xE9, 0x38, 0x13,
    0x8F, 0x4F, 0x9E, 0x24, 0x6C, 0xD8, 0x38, 0x35, 0xCB, 0x0E, 0x51, 0xCA, 0x1E, 0x11, 0x93, 0xC9,
    0xAE, 0x27, 0x92, 0x03, 0x8F, 0xDA, 0xB8, 0xA9, 0x47, 0x6E, 0x5B, 0x4C, 0x3F, 0xD9, 0xCA, 0x46,
    0x22, 0x45, 0xA3, 0x11, 0x35, 0x9E, 0xCE, 0xFF, 0xBF, 0xA4, 0xD4, 0x1B, 0x37, 0xE7, 0x52, 0x16,
    0xDF, 0x6F, 0x0A, 0xCE, 0x0E, 0xC0, 0xE3, 0x0C, 0x1A, 0x19, 0x49, 0xD7, 0x93, 0x8D, 0xFF, 0x84,
    0xE4, 0xFE, 0x76, 0x7A, 0x0A, 0xA3, 0xC2, 0x60, 0x38, 0x9B, 0x4F, 0xDC, 0xB2, 0xBA, 0x50, 0x39,
    0xE4, 0xB3, 0xE1, 0xC4, 0x03, 0xEC, 0x08, 0x51, 0x9B, 0x6D, 0x98, 0xD9, 0x15, 0xFC, 0xE9, 0xD8,
    0x1A, 0xB7, 0x16, 0x7D, 0x15, 0x32, 0xFD, 0xB5, 0xF4, 0xF9, 0x14, 0xBC, 0xAB, 0x59, 0xE2, 0x60,
    0x4C, 0x36, 0x57, 0x1A, 0x38, 0xA2, 0x48, 0x16, 0x2C, 0x5E, 0x6D, 0xEE, 0xC6, 0x28, 0xDE, 0xAD,
    0x48, 0x50, 0xD0, 0xDB, 0x3E, 0xBD, 0x5C, 0xCF, 0x59, 0xDE, 0xFD, 0x51, 0x79, 0x27, 0x0F, 0x97,
    0x77, 0x5B, 0x9F, 0xA3, 0xBC, 0x69, 0xFE, 0xBE, 0xCF, 0x57, 0x54, 0xDE, 0x19, 0xBA, 0x2C, 0xC7,
    0xF2, 0xA4, 0xF2, 0x1E, 0xF4, 0x44, 0x37, 0x64, 0x40, 0x11, 0xE8, 0xE9, 0xF5, 0xCE, 0x51, 0x61,
    0x23, 0x29, 0x96, 0xA7, 0xC0, 0xA0, 0x1F, 0x4F, 0x1F, 0xEF, 0x44, 0xCD, 0xCD, 0x26, 0x30, 0xE2,
    0x1A, 0xF8, 0x6E, 0x38, 0xCF, 0x77, 0x85, 0xE5, 0x28, 0xBF, 0x14, 0x85, 0xE9, 0xFE, 0xBA, 0x80,
    0xCD, 0xFB, 0x19, 0xAC, 0x64, 0x04, 0x0B, 0xE9, 0xC1, 0x4C, 0xDA, 0x5B, 0xCC, 0xC5, 0x83, 0x65,
    0x70, 0x57, 0xBF, 0x9F, 0x40, 0xF7, 0xDD, 0x02, 0xCA, 0xD7, 0x9B, 0x22, 0x45, 0x3C, 0x88, 0x17,
    0xEF, 0x4F, 0x39, 0x31, 0x1D, 0xF5, 0xC8, 0xBC, 0x34, 0x9E, 0x79, 0x09, 0xE9, 0x4E, 0x04, 0xAF,
    0x20, 0xF3, 0x25, 0xE1, 0x9E, 0x13, 0xCE, 0xD0, 0x35, 0xD2, 0xF3, 0x39, 0x48, 0x8F, 0xB0, 0x90,
    0x34, 0xC4, 0xFD, 0x64, 0xBA, 0x1E, 0x71, 0xD1, 0x20, 0x43, 0x63, 0xD3, 0xD3, 0x30, 0x31, 0x10,
    0x6C, 0x32, 0x68, 0x94, 0x11, 0xAC, 0x32, 0x82, 0x59, 0x46, 0xB0, 0xCB, 0xB8, 0x36, 0xCC, 0x30,
    0x22, 0xCC, 0xFC, 0x02, 0xB0, 0xCC, 0xF9, 0x02, 0xF0, 0x9D, 0x08, 0xE6, 0x19, 0xC1, 0x3E, 0x83,
    0x06, 0x1A, 0x28, 0x49, 0x16, 0xA4, 0xCF, 0xB7, 0x30, 0xCE, 0xB1, 0x54, 0xEE, 0x0E, 0xD3, 0x12,
    0x32, 0x42, 0x97, 0x55, 0x68, 0xA7, 0x21, 0x23, 0x0C, 0x35, 0xE4, 0x51, 0xF3, 0x3B, 0x00, 0x4D,
    0xCD, 0xCC, 0x59, 0xD1, 0xDC, 0x46, 0x4F, 0x0C, 0x40, 0x3D, 0x02, 0xE5, 0x02, 0x14, 0xD2, 0x26,
    0x6E, 0xE1, 0xFB, 0xBF, 0x98, 0x84, 0x30, 0x35, 0xA0, 0x0D, 0xDD, 0x37, 0x61, 0x92, 0xED, 0xA9,
    0x90, 0x79, 0x17, 0x26, 0x7B, 0x3C, 0x42, 0xD3, 0xF8, 0x54, 0x34, 0xF7, 0x01, 0xD5, 0x6E, 0xAF,
    0x6A, 0xDB, 0x3F, 0x0B, 0xFA, 0xE2, 0x54, 0xE0, 0x91, 0x06, 0xFB, 0xA9, 0x60, 0xB7, 0xAE, 0x2B,
    0x79, 0x77, 0x80, 0x1E, 0x0F, 0x42, 0x86, 0x5D, 0x98, 0xF2, 0x11, 0x38, 0xC7, 0x06, 0x64, 0xA5,
    0xBF, 0x2D, 0xBB, 0x16, 0xD2, 0xAB, 0x6C, 0x7A, 0xC8, 0x49, 0x65, 0xB5, 0xFD, 0xFA, 0x2F, 0x0F,
    0x6D, 0x40, 0xA6, 0x6E, 0x4E, 0x93, 0xC6, 0xEC, 0xCB, 0xD3, 0x2C, 0x78, 0xDC, 0xFD, 0xD2, 0xAA,
    0xEC, 0xBC, 0x33, 0xD2, 0xBA, 0xC9, 0x5D, 0x49, 0xB0, 0xE9, 0xE1, 0xC8, 0x25, 0x17, 0x99, 0xD4,
    0xA6, 0x47, 0xEC, 0x41, 0xC2, 0xFD, 0x7D, 0xD2, 0x3C, 0x20, 0xC9, 0xB3, 0xC9, 0x6F, 0xBB, 0x1F,
    0x58, 0xF2, 0x72, 0x67, 0x5A, 0xF2, 0xDA, 0x97, 0xE7, 0xF8, 0xEC, 0xD8, 0xD5, 0xA6, 0x52, 0x64,
    0xC0, 0xAE, 0x29, 0x0B, 0x76, 0x4D, 0xD9, 0x4C, 0xF3, 0x77, 0x7B, 0x25, 0xB6, 0xF9, 0xA7, 0xDA,
    0x57, 0x61, 0xFE, 0x39, 0xD6, 0xC0, 0xE8, 0x55, 0xD6, 0x1F, 0x5D, 0x7E, 0x81, 0x9F, 0x9F, 0xE3,
    0xC6, 0xEC, 0x26, 0x6C, 0xCD, 0x6E, 0xC2, 0xE6, 0xEC, 0x86, 0xDB, 0xB3, 0xC7, 0xF3, 0x4B, 0xE1,
    0xBB, 0x7C, 0x61, 0x93, 0xF6, 0xB0, 0x4D, 0xFB, 0x0F, 0xED, 0xBB, 0x60, 0x76, 0x3E, 0x72, 0xF0,
    0xF6, 0x91, 0x03, 0x63, 0x4D, 0xC2, 0xAF, 0x5F, 0x15, 0x37, 0xDF, 0xCB, 0xC9, 0x27, 0xE8, 0x61,
    0x21, 0xF3, 0x28, 0x02, 0x67, 0x69, 0x53, 0xC4, 0x07, 0x3F, 0x2B, 0x7E, 0x8C, 0xC7, 0xBF, 0x7F,
    0xBC, 0xD0, 0xDD, 0x52, 0x4E, 0xF9, 0x69, 0xBD, 0xE4, 0x9F, 0xD9, 0xF9, 0x8B, 0xFB, 0x55, 0x7E,
    0xD4, 0xC9, 0xFC, 0x94, 0x3B, 0xE2, 0x2D, 0x26, 0x59, 0x00, 0x04, 0xB4, 0xB1, 0x9F, 0xD6, 0x99,
    0x02, 0x23, 0x02, 0x5B, 0x0E, 0xFC, 0xA5, 0x7B, 0xF5, 0x8A, 0xC7, 0x89, 0x4F, 0x01, 0x3E, 0x7C,
    0xBC, 0xEC, 0xDD, 0xCA, 0xC2, 0xDB, 0x93, 0x8B, 0x91, 0x7E, 0x07, 0x74, 0x72, 0xF7, 0x78, 0x7B,
    0xA5, 0x1C, 0xDF, 0x17, 0x7E, 0xB7, 0x3C, 0x21, 0x0C, 0xC1, 0x7B, 0x38, 0xBE, 0xE8, 0xB7, 0x07,
    0xCD, 0xE5, 0x72, 0x8D, 0x8A, 0xA8, 0xFF, 0x0D, 0x34, 0xDF, 0xD1, 0x5C, 0xE7, 0x1B, 0xA0, 0xCB,
    0x01, 0x21, 0x36, 0x20, 0x5D, 0x81, 0x6C, 0x21, 0x66, 0x20, 0x9F, 0x80, 0x62, 0x04, 0x4A, 0xA2,
    0x1A, 0x60, 0xA0, 0x50, 0x7B, 0xA0, 0x09, 0x68, 0x01, 0x67, 0xE1, 0xA4, 0x33, 0x00, 0xDB, 0xED,
    0x84, 0x48, 0x89, 0x2C, 0x60, 0x81, 0x93, 0x62, 0x06, 0xCA, 0x89, 0x18, 0x81, 0x6A, 0x00, 0xEA,
    0x1E, 0x68, 0x3C, 0x66, 0x81, 0x1D, 0xD1, 0xB5, 0x80, 0x58, 0xC0, 0x5C, 0xAD, 0x86, 0x23, 0x6C,
    0xF1, 0x8E, 0x7B, 0xFC, 0x8D, 0x1A, 0x7C, 0x39, 0x15, 0xFF, 0x5D, 0x73, 0xD5, 0x88, 0x49, 0x64,
    0x30, 0x9D, 0xA9, 0xAD, 0xD1, 0xE7, 0x6D, 0x52, 0xEE, 0x81, 0x68, 0x39, 0xA1, 0x54, 0xB5, 0x07,
    0xBA, 0x03, 0xBD, 0xD2, 0x98, 0xF2, 0x98, 0x57, 0x82, 0xA2, 0x4A, 0x85, 0x2C, 0x02, 0xAB, 0x0F,
    0xC6, 0xB1, 0x80, 0x41, 0x1A, 0x5B, 0x28, 0xCD, 0x0D, 0x5B, 0xB2, 0xF3, 0xE6, 0x17, 0x7A, 0x51,
    0x7A, 0xD3, 0xD8, 0xC6, 0xA7, 0x7F, 0x1B, 0x8D, 0xA8, 0x41, 0xEB, 0x1F, 0x34, 0x7D, 0xA5, 0x08,
    0x54, 0x4B, 0x72, 0x6C, 0x9C, 0xA7, 0x5D, 0x98, 0x01, 0x1F, 0x5F, 0x41, 0x15, 0x89, 0x1A, 0x72,
    0x35, 0xEC, 0x51, 0x85, 0xFA, 0x91, 0xD5, 0x63, 0xD3, 0x96, 0x03, 0x2B, 0x47, 0xBC, 0x9F, 0xAC,
    0x1A, 0x5F, 0xC7, 0xE7, 0xF9, 0xCD, 0x8F, 0xD0, 0xDD, 0xED, 0xE2, 0x79, 0xBD, 0xF6, 0x66, 0x5E,
    0xAF, 0xEC, 0xB3, 0x89, 0xFA, 0xBE, 0x78, 0xE1, 0x60, 0xEA, 0xFE, 0xE1, 0x45, 0x9B, 0xB2, 0x06,
    0x99, 0xF3, 0x52, 0x8D, 0xFB, 0x70, 0xDC, 0x9B, 0x54, 0x86, 0x14, 0x66, 0x43, 0x98, 0x98, 0x2A,
    0x97, 0x9B, 0x4D, 0xE6, 0x37, 0xD4, 0xCC, 0x89, 0xF0, 0xD5, 0x16, 0x93, 0xB4, 0x91, 0xC5, 0x67,
    0x0B, 0x38, 0xFF, 0x00, 0x1E, 0xD6, 0x2D, 0xF7, 0x70, 0x72, 0x1B, 0xC1, 0x6E, 0x01, 0xE8, 0x74,
    0x88, 0xB0, 0xAF, 0x54, 0xBE, 0x06, 0xA5, 0x72, 0x1B, 0x2B, 0x95, 0x37, 0x77, 0x95, 0xCA, 0x97,
    0xB0, 0x92, 0xC5, 0x6A, 0x19, 0xE7, 0xC1, 0xC4, 0x7B, 0x41, 0x9D, 0x8C, 0x8F, 0x57, 0xE7, 0xE2,
    0x6B, 0xD5, 0xB3, 0x19, 0xF2, 0xEB, 0xC9, 0xD6, 0x7C, 0x8E, 0x2C, 0x4F, 0x28, 0x57, 0xC8, 0x6D,
    0xA7, 0xA8, 0x22, 0xA5, 0xF2, 0x74, 0x39, 0x52, 0x2A, 0xC7, 0x3C, 0x9E, 0x1B, 0xB0, 0x43, 0xAE,
    0x4F, 0x82, 0x05, 0x67, 0xBC, 0x07, 0xA7, 0xFB, 0x10, 0x8D, 0xAC, 0xF8, 0xFD, 0xF3, 0x7D, 0xD2,
    0x1D, 0x8F, 0xB7, 0x11, 0xD7, 0xE3, 0x47, 0x5C, 0xE8, 0x87, 0xEC, 0x74, 0x8D, 0x78, 0x0F, 0xC7,
    0x97, 0x38, 0xB8, 0x32, 0x55, 0x8F, 0xC1, 0x7D, 0x33, 0x16, 0x9B, 0x62, 0x2A, 0x63, 0xF0, 0x22,
    0x9C, 0xEC, 0x1C, 0x6F, 0x5F, 0xE4, 0x33, 0x4E, 0x9B, 0x4D, 0xF4, 0x0A, 0x21, 0x97, 0x70, 0xCE,
    0xEB, 0x0F, 0x1F, 0x97, 0xBF, 0x11, 0xA8, 0x11, 0x9C, 0xC7, 0x32, 0x3E, 0x5E, 0xC3, 0xC7, 0xB6,
    0x4F, 0x7F, 0x02, 0x2F, 0xC5, 0xDC, 0x10, 0xCD, 0x05, 0x1B, 0x8F, 0x63, 0x89, 0xBB, 0xAF, 0xA9,
    0x7C, 0x3B, 0x53, 0xF5, 0x5A, 0xB9, 0x34, 0xA3, 0x4A, 0x37, 0x85, 0x73, 0x5C, 0x7F, 0xC9, 0xA5,
    0x1C, 0x2C, 0x46, 0x2B, 0x55, 0x83, 0xD9, 0x01, 0x9C, 0xEC, 0x1C, 0x6F, 0x5F, 0xC4, 0x8B, 0x77,
    0xB3, 0xA1, 0x3C, 0x7D, 0x37, 0x9B, 0xCB, 0xDF, 0x4A, 0xF5, 0xCD, 0xAE, 0xF4, 0x05, 0xD8, 0x95,
    0xA2, 0x31, 0xBF, 0x8B, 0x13, 0x8E, 0xD7, 0xF9, 0x55, 0xB9, 0x27, 0x3E, 0x2C, 0xF3, 0x66, 0x2A,
    0xFF, 0xF4, 0xC6, 0xE2, 0xED, 0xAD, 0x2B, 0xA6, 0x64, 0xDB, 0x7B, 0x74, 0xBC, 0xF7, 0xF0, 0xF1,
    0xF6, 0xF2, 0x99, 0xC4, 0x24, 0x08, 0x6C, 0xC8, 0x07, 0xAA, 0x4C, 0x71, 0x7F, 0xA1, 0x8A, 0x6F,
    0x10, 0xC2, 0x71, 0xD6, 0x41, 0x6D, 0xCE, 0x6C, 0xEA, 0x7E, 0x49, 0xA0, 0xC0, 0x38, 0x65, 0x48,
    0xFC, 0x9F, 0x0E, 0xFF, 0x70, 0xBC, 0xBD, 0x91, 0x1F, 0xEF, 0x79, 0xBE, 0xBD, 0xA6, 0x4D, 0x5B,
    0x60, 0xA0, 0x8F, 0xCE, 0xC5, 0xD0, 0x2C, 0x41, 0xF2, 0x0A, 0xEF, 0xEE, 0x1D, 0x5F, 0xDE, 0xD7,
    0x1B, 0x93, 0x4D, 0x67, 0xBC, 0x32, 0xB1, 0x32, 0x40, 0x8E, 0xE1, 0x9C, 0xD7, 0x1F, 0x3E, 0x2E,
    0x79, 0x4B, 0xE5, 0x33, 0xB5, 0x84, 0xAF, 0xF1, 0x0B, 0x7D, 0x67, 0x69, 0x09, 0x5F, 0xE8, 0x06,
    0xC4, 0xFF, 0x03, 0xED, 0x9C, 0x31, 0x6C, 0xE4, 0xC6, 0xD5, 0xC7, 0xFF, 0xE4, 0xDA, 0xA2, 0x7D,
    0xC4, 0x07, 0x5E, 0x71, 0xC5, 0x07, 0xDF, 0xF7, 0x81, 0x57, 0xA4, 0xB8, 0x8E, 0x8D, 0x8B, 0x34,
    0x31, 0x79, 0xEE, 0x0B, 0xF7, 0x8D, 0xD3, 0x37, 0x72, 0x8F, 0x20, 0x4B, 0xC7, 0x3D, 0xA2, 0xBE,
    0xBA, 0xBE, 0x71, 0x0F, 0xC4, 0x22, 0x11, 0xF7, 0x00, 0x3B, 0x17, 0x69, 0x58, 0x5C, 0x8F, 0x2D,
    0x98, 0x80, 0x0A, 0x48, 0xBE, 0xE0, 0xBD, 0xFF, 0x40, 0x9C, 0xD5, 0x72, 0x65, 0x59, 0x52, 0x0E,
    0xA7, 0x3D, 0x0E, 0x84, 0xF9, 0x0B, 0xDC, 0xE1, 0xCC, 0xF0, 0xCD, 0x8F, 0x8F, 0x7C, 0x8F, 0xDC,
    0x05, 0x36, 0x52, 0x03, 0x2A, 0x8D, 0x4A, 0x2C, 0xAD, 0x4A, 0x22, 0x3B, 0x4F, 0xD2, 0x5F, 0x3A,
    0x95, 0xEC, 0xE7, 0x41, 0x25, 0xA7, 0x6C, 0xFF, 0x32, 0xAA, 0x54, 0x6F, 0x26, 0x15, 0x81, 0x00,
    0x08, 0x26, 0x54, 0x05, 0x10, 0x8E, 0xD8, 0x96, 0xC0, 0x66, 0x40, 0x5E, 0x5F, 0x4B, 0xD4, 0x21,
    0x6B, 0x81, 0x64, 0xA7, 0x7F, 0x4E, 0x90, 0xB6, 0x88, 0x3B, 0x20, 0x6B, 0x10, 0x0D, 0x40, 0x5E,
    0x6B, 0x63, 0x6C, 0x45, 0x64, 0x04, 0x2A, 0x11, 0x99, 0x00, 0xD1, 0xE2, 0xA4, 0x08, 0x75, 0x30,
    0x29, 0x37, 0xA3, 0x4E, 0xA0, 0xD6, 0xC6, 0xC8, 0xEB, 0xC8, 0xA4, 0x4D, 0x7A, 0x9D, 0xE3, 0x4E,
    0xBB, 0x45, 0xBA, 0x4B, 0x55, 0x92, 0x4E, 0x87, 0x44, 0xDC, 0xE7, 0x7A, 0x70, 0xD1, 0xB0, 0xD5,
    0x43, 0xB5, 0x9D, 0x17, 0xCB, 0xA5, 0xD5, 0xA1, 0x94, 0x00, 0xED, 0x42, 0xF1, 0x36, 0xB2, 0x49,
    0x50, 0x5D, 0xA9, 0x64, 0xA2, 0x36, 0x0B, 0x44, 0xA4, 0x03, 0x22, 0x4E, 0x3A, 0x99, 0x8A, 0x54,
    0x74, 0x1A, 0x08, 0xA5, 0x40, 0x52, 0xEB, 0x6C, 0x11, 0xDA, 0x6C, 0x61, 0xC6, 0x3B, 0x26, 0x5F,
    0x88, 0x48, 0x8D, 0x40, 0x4C, 0x62, 0x4A, 0x46, 0xC9, 0xAF, 0xAC, 0xC9, 0xB6, 0x36, 0xA9, 0xCA,
    0x9B, 0xB2, 0xB5, 0xCF, 0x82, 0x1F, 0x6B, 0xE4, 0x3D, 0xCE, 0xCF, 0xA5, 0xD4, 0xFD, 0x12, 0x29,
    0x63, 0x91, 0x21, 0x96, 0x32, 0x14, 0xD9, 0x05, 0x52, 0xE2, 0xE5, 0x54, 0xE0, 0xB0, 0x64, 0xA5,
    0xC9, 0x76, 0x67, 0x52, 0xCD, 0xC2, 0x8D, 0x5E, 0x93, 0x44, 0x5A, 0x4A, 0x47, 0xE9, 0x69, 0x2D,
    0xCA, 0xA6, 0x63, 0x1B, 0xEE, 0x91, 0xBA, 0xE3, 0xE2, 0x80, 0xCF, 0x70, 0x58, 0x3E, 0x46, 0xEA,
    0x36, 0xD2, 0xF3, 0x98, 0x27, 0x8A, 0x80, 0x56, 0xA6, 0x90, 0xCA, 0x70, 0xD8, 0x33, 0x67, 0xC3,
    0x8D, 0x25, 0x96, 0xCB, 0x09, 0xA0, 0x18, 0x50, 0x36, 0xAD, 0x49, 0xDC, 0xFB, 0x18, 0x65, 0x0D,
    0xE7, 0x54, 0x12, 0xCA, 0xD9, 0x4E, 0x1B, 0xF9, 0x7B, 0x4F, 0x6C, 0xBE, 0x53, 0xB3, 0x93, 0xC8,
    0xFC, 0x97, 0x41, 0x45, 0xDE, 0x08, 0x0C, 0x86, 0xAA, 0xE4, 0xF2, 0x37, 0x40, 0xDC, 0xEA, 0x9F,
    0xDA, 0xD1, 0x37, 0xE5, 0x4A, 0xA4, 0x96, 0xC2, 0xC7, 0x2F, 0x10, 0xDA, 0x82, 0x14, 0x46, 0xFD,
    0xD2, 0x49, 0x5D, 0x9A, 0x83, 0xD8, 0x5A, 0xEB, 0xFE, 0xFF, 0xCC, 0x64, 0xA3, 0x35, 0xFB, 0xA7,
    0xA8, 0x64, 0xAD, 0xF5, 0xBE, 0x2D, 0x53, 0x1D, 0x72, 0x42, 0xD4, 0x99, 0x93, 0x08, 0xB4, 0xCB,
    0x3F, 0x02, 0x6F, 0x4F, 0x92, 0xE4, 0x82, 0xF4, 0xD6, 0xA0, 0x05, 0x7C, 0xB3, 0x45, 0xBD, 0x7F,
    0x62, 0x63, 0xA2, 0x6C, 0x29, 0xD9, 0x0F, 0x46, 0xDD, 0xFF, 0x10, 0xB7, 0xFB, 0x92, 0xBC, 0x92,
    0x1C, 0x38, 0x73, 0x52, 0xAA, 0xD2, 0x07, 0x21, 0x71, 0xAE, 0x65, 0x47, 0xE3, 0xF4, 0x26, 0x18,
    0x28, 0x97, 0xB1, 0xA8, 0xFC, 0x3E, 0x95, 0xD2, 0x76, 0xA1, 0xCD, 0xE4, 0x5B, 0x6D, 0x1C, 0x4E,
    0x36, 0x8F, 0xA8, 0x0F, 0x26, 0x76, 0xB3, 0x2D, 0x80, 0xAC, 0xB4, 0x13, 0xE1, 0x6C, 0xF9, 0xB2,
    0xC6, 0xF2, 0x52, 0x2E, 0x74, 0x77, 0x3B, 0x66, 0xA4, 0x7A, 0x94, 0x34, 0x41, 0x03, 0xC8, 0xBB,
    0x40, 0x14, 0x63, 0x20, 0xEB, 0x6C, 0x12, 0x7A, 0x8C, 0xAF, 0xF4, 0x48, 0x38, 0xBB, 0x63, 0x12,
    0xFC, 0x28, 0x32, 0x68, 0x67, 0x26, 0x95, 0x49, 0x28, 0x26, 0x1B, 0xB9, 0xD0, 0x26, 0xD1, 0x00,
    0x95, 0xB8, 0xBF, 0x29, 0x11, 0x3F, 0xFB, 0x42, 0x5B, 0x96, 0x67, 0xFF, 0x92, 0x5E, 0xF7, 0xDB,
    0x49, 0xAF, 0xBD, 0xD4, 0x55, 0x8F, 0x4C, 0x04, 0x69, 0x8F, 0xA0, 0x7A, 0x07, 0x96, 0xAD, 0x14,
    0x94, 0x86, 0xE2, 0x70, 0x6E, 0xF6, 0x2F, 0xED, 0xC6, 0xD9, 0x25, 0x01, 0x1B, 0xC8, 0xEE, 0xF3,
    0x95, 0xDD, 0x7B, 0xB0, 0x7B, 0x8F, 0x5B, 0xAB, 0x6A, 0x97, 0x17, 0xE6, 0x7E, 0x9F, 0xAD, 0xEE,
    0x97, 0x67, 0xBC, 0xC9, 0x46, 0x3A, 0x94, 0x6A, 0x3F, 0xF9, 0x5A, 0x17, 0xF5, 0x7B, 0x51, 0x60,
    0x42, 0xA4, 0x64, 0x2A, 0x9C, 0x8E, 0xE2, 0xE6, 0x38, 0xCB, 0x68, 0xF8, 0xED, 0xCF, 0x23, 0xE9,
    0x91, 0xC2, 0xFC, 0x45, 0x5E, 0x1F, 0x63, 0x77, 0x65, 0xD7, 0x5D, 0xEB, 0x64, 0xC4, 0x0B, 0xBB,
    0xA5, 0x6D, 0xFE, 0x06, 0x6C, 0xDA, 0x73, 0xD1, 0x8E, 0xCA, 0x88, 0x3C, 0xEB, 0x21, 0x1C, 0x14,
    0x86, 0x18, 0xA1, 0x35, 0x44, 0x24, 0x93, 0x4A, 0x7A, 0x65, 0x5E, 0x38, 0x6F, 0x6C, 0x10, 0x41,
    0xA2, 0xEC, 0x0E, 0x08, 0x4F, 0x9B, 0x5D, 0x9F, 0xC1, 0xF9, 0x16, 0xE0, 0x1F, 0x74, 0xA3, 0x5F,
    0xFB, 0x6E, 0xB4, 0xBF, 0xE9, 0x46, 0x8B, 0x15, 0xC5, 0x47, 0x0B, 0xEA, 0x1D, 0x91, 0x81, 0x0C,
    0x5E, 0x90, 0x96, 0x5C, 0x49, 0xB1, 0xE7, 0x54, 0x77, 0x74, 0xAA, 0xBD, 0xE7, 0x54, 0xED, 0xEF,
    0x68, 0xF9, 0x78, 0xF3, 0x05, 0x00, 0xF7, 0x0F, 0x3A, 0x22, 0x39, 0x2E, 0xC5, 0x14, 0x7B, 0x11,
    0xDE, 0xD6, 0x16, 0xA5, 0x18, 0x03, 0x75, 0xE2, 0xF5, 0xEB, 0x8D, 0x22, 0xD5, 0x22, 0xDE, 0x5D,
    0xA3, 0xBF, 0x99, 0x50, 0xD5, 0x30, 0x6E, 0x6C, 0x37, 0xAE, 0xD5, 0x99, 0x5C, 0xC0, 0x2F, 0xEB,
    0x89, 0xF0, 0x1C, 0x56, 0xFE, 0x4C, 0x91, 0xF2, 0x6E, 0xA1, 0xDD, 0x45, 0x56, 0xBE, 0x02, 0x36,
    0xBB, 0x18, 0xE3, 0xEC, 0x77, 0x09, 0x3B, 0xAA, 0x26, 0xDB, 0x99, 0xC5, 0xA5, 0x36, 0x3B, 0x0A,
    0xB9, 0x7E, 0x77, 0xA2, 0xCC, 0x07, 0xA0, 0x5D, 0x0A, 0x13, 0xCE, 0xCB, 0x08, 0xF4, 0xE2, 0xBA,
    0x6E, 0x2F, 0xAE, 0x1B, 0xC9, 0xEE, 0x76, 0x65, 0xF7, 0x61, 0xEC, 0x16, 0x34, 0xEE, 0x1C, 0x42,
    0x5B, 0x2B, 0x1F, 0x5D, 0x4C, 0x94, 0x0A, 0x9E, 0xEF, 0xB8, 0x48, 0x6A, 0x63, 0xF7, 0xD9, 0x5D,
    0xD9, 0xC5, 0xC9, 0xB2, 0x9B, 0x4A, 0x49, 0x69, 0x29, 0x0E, 0x57, 0x4A, 0xD2, 0x10, 0x65, 0x2F,
    0x41, 0x1B, 0x16, 0x97, 0x2B, 0xB4, 0x0F, 0x4C, 0xEC, 0xB6, 0x3C, 0xE6, 0xC1, 0x13, 0x80, 0xB2,
    0xE9, 0xF7, 0xED, 0x7F, 0x1F, 0x4F, 0x4B, 0x5A, 0xD7, 0xC8, 0xCD, 0x68, 0x05, 0x69, 0x85, 0xD2,
    0xCA, 0x7B, 0x61, 0xD2, 0x6A, 0xED, 0xAA, 0x72, 0xA6, 0x35, 0x93, 0x7E, 0xA5, 0xF5, 0x11, 0x42,
    0xB6, 0xB7, 0xC0, 0x97, 0x30, 0x73, 0xEF, 0xD3, 0xDA, 0xCD, 0xB4, 0x66, 0x1F, 0x09, 0xAD, 0x2C,
    0x71, 0x8D, 0x4D, 0x3B, 0xBB, 0xCA, 0x0E, 0x69, 0x73, 0xBD, 0xD2, 0x81, 0xBC, 0x11, 0x6D, 0x5B,
    0xC9, 0xE4, 0x31, 0x18, 0x4A, 0xB9, 0x32, 0xF8, 0x88, 0xB1, 0xDA, 0x75, 0x60, 0xD1, 0x1B, 0x91,
    0x81, 0x11, 0x49, 0x57, 0x2B, 0x48, 0x76, 0x4C, 0x22, 0xB4, 0xCC, 0xBE, 0xD6, 0x4C, 0x30, 0x1C,
    0x01, 0x73, 0x8D, 0xD5, 0xB8, 0xD0, 0xB2, 0x5B, 0xA8, 0x6D, 0xFF, 0x07, 0xD4, 0xEC, 0xB9, 0x59,
    0xA8, 0xF9, 0xE9, 0x03, 0xEB, 0xE3, 0x33, 0xC7, 0x92, 0x35, 0xEA, 0xF9, 0xB8, 0x2B, 0xAF, 0xE6,
    0x16, 0x7E, 0x7A, 0x3E, 0xD2, 0x8B, 0xB5, 0x40, 0x6E, 0x6B, 0x6E, 0xD0, 0x6F, 0xA4, 0x39, 0x93,
    0x3A, 0x1E, 0x81, 0x5C, 0xE9, 0x56, 0xAA, 0x1B, 0xBD, 0xE8, 0xF0, 0xE4, 0xCA, 0x4B, 0x45, 0x5A,
    0xCF, 0xB7, 0x70, 0xB4, 0xD1, 0xA7, 0x85, 0xBA, 0x9C, 0x9D, 0x6A, 0xCE, 0xBA, 0x9E, 0x43, 0x0A,
    0xED, 0x33, 0x2C, 0xB5, 0xFF, 0xB8, 0xDB, 0x48, 0x13, 0x54, 0x9D, 0x8D, 0xDB, 0x22, 0xD7, 0xD1,
    0x75, 0x3E, 0xBD, 0xCE, 0xED, 0x60, 0x8D, 0x19, 0x82, 0x24, 0x83, 0xD6, 0xE9, 0x38, 0xD7, 0xB6,
    0x85, 0x9F, 0x6E, 0xA4, 0xB7, 0x7A, 0xB2, 0x5A, 0xBC, 0x67, 0x4F, 0x13, 0xA3, 0x97, 0x39, 0xC3,
    0x1C, 0xB7, 0x4B, 0xCF, 0x9A, 0x4F, 0x91, 0x0D, 0xA1, 0xC7, 0x94, 0xD2, 0x6A, 0x2E, 0x04, 0x17,
    0xA5, 0xB8, 0x0E, 0x2C, 0x82, 0xD9, 0x32, 0xCB, 0x99, 0xC7, 0x27, 0x40, 0x8B, 0xF9, 0x7B, 0x5E,
    0xE9, 0xED, 0x42, 0xFF, 0x27, 0x84, 0xBB, 0x4C, 0xE7, 0x59, 0x6E, 0xA4, 0xB3, 0x21, 0xFC, 0x3B,
    0xA3, 0x93, 0x5F, 0x77, 0x86, 0x91, 0xB9, 0x14, 0x9F, 0x01, 0x22, 0x5D, 0x06, 0xF4, 0x2F, 0x45,
    0x80, 0x57, 0x81, 0xF0, 0xE4, 0x69, 0xB1, 0x5C, 0x9E, 0x8C, 0x67, 0xF8, 0x66, 0xE9, 0x59, 0xFE,
    0x72, 0xDE, 0xED, 0xF0, 0x59, 0xFE, 0xF0, 0xFF, 0x5E, 0xDE, 0xB3, 0x3F, 0x9A, 0xF7, 0x0C, 0x7E,
    0x3D, 0xEF, 0x49, 0x7B, 0x2F, 0x0B, 0x8F, 0xF7, 0x91, 0x84, 0xE0, 0x2C, 0x0B, 0x9B, 0x3C, 0xA6,
    0xDC, 0x7E, 0x60, 0x56, 0x9E, 0x53, 0xBE, 0x82, 0x9F, 0x37, 0x12, 0x2E, 0xC7, 0xE8, 0x27, 0x31,
    0xFC, 0x70, 0x30, 0x1F, 0xF8, 0x50, 0x6F, 0x8A, 0x6C, 0x1D, 0xA4, 0xB0, 0x55, 0xB3, 0x9D, 0xE3,
    0x2E, 0xDD, 0x19, 0x99, 0xB6, 0x7C, 0x79, 0x69, 0x9D, 0x5C, 0xD2, 0x45, 0xFD, 0x2F, 0xF0, 0xFA,
    0x76, 0x5C, 0xC9, 0xAB, 0x03, 0xD6, 0x11, 0x0B, 0x22, 0x0B, 0x32, 0x0B, 0x42, 0x0B, 0x52, 0x0B,
    0x62, 0x0B, 0x72, 0x0B, 0x82, 0x0B, 0x72, 0x7A, 0x44, 0x4A, 0x3F, 0x5A, 0xC8, 0x9D, 0x1C, 0xA4,
    0xCB, 0xC2, 0x12, 0x64, 0x18, 0x0E, 0x62, 0x47, 0xB1, 0xC3, 0xD8, 0x71, 0xEC, 0x40, 0x0E, 0xB8,
    0x77, 0x31, 0x5B, 0x30, 0x6F, 0x66, 0x74, 0xA3, 0xCE, 0xB3, 0xE2, 0xC8, 0xD1, 0x63, 0x01, 0xF0,
    0x9A, 0xC1, 0x62, 0x6E, 0x47, 0x2C, 0x7F, 0xED, 0xF8, 0xFC, 0xDE, 0x1E, 0xDF, 0x0B, 0x9F, 0xDE,
    0x97, 0x48, 0xED, 0xE1, 0xFD, 0x19, 0xF4, 0xEF, 0xA0, 0xC4, 0xA2, 0x65, 0xA1, 0xB6, 0xA9, 0x3D,
    0xA0, 0x66, 0xCF, 0xE3, 0x42, 0xFD, 0xF0, 0x9E, 0xFB, 0xDB, 0x66, 0x7E, 0xDB, 0x5B, 0x11, 0xE9,
    0xD2, 0x5B, 0x11, 0x01, 0xCD, 0x8A, 0xCB, 0x44, 0x54, 0xBE, 0xCC, 0x84, 0xDE, 0x69, 0xEF, 0xAD,
    0x88, 0x71, 0xF9, 0xAD, 0x88, 0xEC, 0xD7, 0xDF, 0x8A, 0xB0, 0x6C, 0x13, 0x97, 0x3A, 0xE1, 0xC2,
    0xE7, 0xEE, 0xAD, 0x88, 0x2E, 0xA8, 0xDC, 0x5D, 0xF5, 0x60, 0x6B, 0xBB, 0x19, 0x15, 0x16, 0x04,
    0x13, 0x57, 0x5D, 0x90, 0xB4, 0x2A, 0x45, 0xAA, 0x52, 0x15, 0x99, 0x68, 0x29, 0x97, 0xA5, 0xF5,
    0x8F, 0x2F, 0xD9, 0x4F, 0x24, 0x76, 0xF3, 0x39, 0xF8, 0xD6, 0xC6, 0x0B, 0x47, 0x1D, 0x1D, 0xE7,
    0x23, 0xE7, 0xD2, 0x73, 0x66, 0x8D, 0xCD, 0x73, 0x9A, 0xDF, 0xE5, 0xD0, 0xCD, 0xAD, 0xD5, 0x9C,
    0xFC, 0x30, 0x3F, 0x9F, 0xDF, 0x74, 0x1C, 0x47, 0x1D, 0x69, 0x5A, 0xAB, 0x1F, 0xCD, 0xE8, 0x46,
    0xE9, 0x45, 0xE9, 0x44, 0xE9, 0x43, 0xE9, 0x42, 0xE9, 0x41, 0x97, 0x1D, 0xE8, 0xA9, 0xDE, 0x8C,
    0x47, 0xD2, 0x59, 0x3D, 0x5A, 0x3D, 0x79, 0x91, 0xDC, 0xE0, 0xF0, 0x73, 0x3E, 0x31, 0x1F, 0xD4,
    0x25, 0x56, 0xD3, 0x59, 0x41, 0x4F, 0x48, 0x47, 0x48, 0x3F, 0x48, 0x37, 0x48, 0x2F, 0x48, 0x27,
    0x48, 0x1F, 0xF8, 0x24, 0x2F, 0xD7, 0xE4, 0x53, 0x26, 0xBC, 0x40, 0x78, 0x7D, 0x6B, 0x36, 0x78,
    0xB7, 0x66, 0xE5, 0xD2, 0x03, 0x73, 0x3E, 0x2F, 0x8F, 0x44, 0x6C, 0x30, 0xC6, 0x89, 0x0A, 0xBC,
    0x28, 0xDA, 0x01, 0x53, 0x33, 0xDF, 0x91, 0xAB, 0x8F, 0xE9, 0x86, 0xEE, 0xF3, 0x3B, 0xDE, 0xD0,
    0xE5, 0x03, 0xFB, 0xA3, 0x1F, 0x2A, 0x81, 0x68, 0xDC, 0xB6, 0x8A, 0x41, 0xDA, 0xA9, 0x25, 0x37,
    0x83, 0x41, 0x25, 0x06, 0xD5, 0x13, 0xE5, 0x8A, 0x9C, 0xF0, 0x29, 0xB6, 0xF3, 0x42, 0x57, 0xCB,
    0x5E, 0x68, 0xB8, 0x8B, 0x17, 0x5A, 0x53, 0x02, 0x8E, 0x19, 0xB5, 0xA4, 0xF3, 0x48, 0x93, 0x5A,
    0x32, 0xE9, 0xD5, 0x92, 0x99, 0x79, 0xA4, 0x6D, 0x19, 0xDE, 0xEE, 0x91, 0x58, 0x4E, 0x3A, 0xC1,
    0x30, 0x5A, 0xED, 0x7B, 0x76, 0x6B, 0xB9, 0x61, 0x4B, 0x26, 0x33, 0x9B, 0xA5, 0x04, 0x83, 0xD8,
    0xEA, 0x1C, 0xD6, 0x3C, 0x82, 0x0F, 0xB8, 0x3E, 0x3E, 0xF3, 0x50, 0x46, 0x7A, 0x18, 0xD6, 0x85,
    0xED, 0xC0, 0xD3, 0xCA, 0xB3, 0x4C, 0x3F, 0x5B, 0x26, 0xA8, 0x8F, 0x84, 0x51, 0xED, 0x52, 0x0D,
    0xA4, 0xEF, 0xAD, 0x36, 0xBA, 0xBA, 0xC3, 0xFA, 0x04, 0x57, 0xED, 0x68, 0x02, 0xB5, 0xE2, 0xA5,
    0x7A, 0xC7, 0x9A, 0x5B, 0xF8, 0xE9, 0x6C, 0xAB, 0x6D, 0x67, 0xDB, 0x7B, 0xD6, 0xF3, 0x96, 0xAC,
    0xC5, 0x72, 0x79, 0x42, 0x6B, 0x8D, 0x85, 0xC2, 0x04, 0x42, 0xBE, 0xB3, 0xBA, 0xF3, 0xEA, 0xDD,
    0xFC, 0x69, 0x26, 0xA5, 0xBB, 0xE1, 0x3F, 0x7C, 0x0D, 0xBA, 0xE3, 0x6B, 0xD0, 0x25, 0xB2, 0x1E,
    0x9B, 0x09, 0x88, 0x07, 0xFD, 0xD3, 0x7F, 0x93, 0xCE, 0x52, 0x17, 0xEE, 0xBE, 0x3F, 0x35, 0x29,
    0xCC, 0x8C, 0x55, 0x99, 0x37, 0x16, 0x13, 0xFE, 0x37, 0xC4, 0x8D, 0xE0, 0xC6, 0x73, 0xA3, 0xBB,
    0xB9, 0xB8, 0x99, 0xB9, 0x79, 0xBA, 0x59, 0xF3, 0x18, 0xAE, 0x8F, 0xC8, 0x1D, 0x1F, 0x8F, 0x96,
    0xC7, 0x7E, 0x50, 0xC2, 0xDE, 0x24, 0x9E, 0x4C, 0x12, 0xF1, 0x25, 0x9E, 0xFC, 0x26, 0xE7, 0x57,
    0xEE, 0x32, 0x61, 0xFD, 0x8F, 0x08, 0xDC, 0x65, 0xE2, 0xE2, 0x4C, 0xEA, 0x64, 0x50, 0x33, 0xA7,
    0x07, 0x97, 0x89, 0x2D, 0x6B, 0x5E, 0x26, 0xB4, 0x9E, 0x8E, 0xD5, 0x6C, 0x63, 0xED, 0x47, 0xEE,
    0xCB, 0x7E, 0xD8, 0x27, 0xFB, 0xE7, 0x58, 0x1C, 0x97, 0x73, 0xE0, 0x7C, 0x38, 0xB7, 0xFD, 0x12,
    0xF3, 0x74, 0xE8, 0x79, 0xB9, 0x64, 0xCD, 0x2D, 0xF3, 0xA7, 0xB9, 0x94, 0x94, 0x86, 0xD2, 0x72,
    0xCF, 0xBD, 0x77, 0xCB, 0xF3, 0xFA, 0xE0, 0x0B, 0x51, 0xFB, 0x57, 0xD3, 0x15, 0xA9, 0x39, 0x79,
    0x5D, 0x58, 0x5D, 0xDE, 0x4C, 0x5E, 0xCB, 0x9D, 0x93, 0xD7, 0x4F, 0x01, 0xB1, 0x4F, 0x28, 0x49,
    0x09, 0x3A, 0x53, 0x1F, 0x93, 0xAA, 0x30, 0x99, 0x0E, 0xBE, 0x37, 0x97, 0x88, 0x61, 0x95, 0xC9,
    0xF7, 0xF5, 0xCD, 0xE4, 0xC5, 0x86, 0xC9, 0x8B, 0xB8, 0x0B, 0x27, 0xBA, 0xA9, 0xCA, 0x25, 0x2F,
    0x4A, 0xE0, 0xD9, 0x42, 0xF2, 0x62, 0x25, 0x6E, 0x29, 0xAF, 0x59, 0x71, 0xB3, 0xD0, 0xF2, 0xA3,
    0x9F, 0x41, 0x8A, 0xF7, 0xF2, 0x9A, 0x59, 0x79, 0x24, 0xAF, 0x99, 0x30, 0xAF, 0x99, 0x35, 0x16,
    0xC2, 0x6D, 0x0B, 0xEB, 0xE4, 0xD2, 0xFE, 0xE6, 0xD8, 0xEB, 0x28, 0xB5, 0x0E, 0x13, 0xC7, 0x8C,
    0x03, 0x88, 0x34, 0x81, 0x68, 0x21, 0x5D, 0xCA, 0x6B, 0x6E, 0x29, 0x64, 0x13, 0x04, 0xF5, 0x56,
    0x71, 0x2D, 0x89, 0xB1, 0xEB, 0xC5, 0xF5, 0xE9, 0x46, 0x70, 0xE3, 0xB9, 0xD1, 0xDD, 0x5C, 0x38,
    0xB3, 0x79, 0x9E, 0x9C, 0xF5, 0xE3, 0x67, 0xE3, 0x56, 0xA0, 0xEF, 0x03, 0xF4, 0x07, 0xB2, 0x0E,
    0x2C, 0x7C, 0x72, 0x7F, 0x64, 0x39, 0xDE, 0x05, 0x95, 0x92, 0x05, 0x85, 0x2C, 0x5A, 0xCA, 0x8A,
    0xA6, 0x4E, 0x5C, 0x56, 0xD4, 0xA4, 0xBC, 0x4D, 0x5C, 0xCB, 0x7D, 0x7B, 0xB2, 0x4F, 0x37, 0x82,
    0x1B, 0x8F, 0xA3, 0x1F, 0x33, 0xE4, 0xFC, 0x9E, 0xAC, 0x8C, 0x14, 0x29, 0x28, 0xCE, 0x9A, 0xC5,
    0xCD, 0x0B, 0x79, 0x22, 0x61, 0x6F, 0x0B, 0xF0, 0xC3, 0x8E, 0xA6, 0x2B, 0x56, 0x84, 0xEF, 0x8F,
    0xF0, 0x91, 0x8C, 0xEA, 0x4F, 0xA4, 0x75, 0x46, 0x37, 0x66, 0x46, 0xB5, 0x36, 0x27, 0xEC, 0x67,
    0x54, 0xE9, 0x81, 0xE9, 0x80, 0xE9, 0x7F, 0xE9, 0x7E, 0xE9, 0x7D, 0x9F, 0xE6, 0xFD, 0x82, 0xBB,
    0x10, 0x25, 0xD2, 0x84, 0x8A, 0xA0, 0x8C, 0x71, 0x0D, 0x7C, 0x15, 0x89, 0xD4, 0xC0, 0x67, 0xD8,
    0x8A, 0xF7, 0x2A, 0xF1, 0x7E, 0x49, 0xC4, 0xA3, 0x0A, 0x95, 0xF5, 0x18, 0x48, 0x62, 0xF6, 0xED,
    0x37, 0x46, 0x6F, 0x0B, 0xC1, 0xAF, 0x40, 0xB9, 0x42, 0x19, 0x77, 0x07, 0xCF, 0xD7, 0x53, 0x97,
    0x8E, 0x65, 0x38, 0x70, 0x24, 0x1D, 0x3B, 0xF9, 0xE9, 0x58, 0xED, 0x7C, 0x3F, 0x1D, 0x3B, 0x3D,
    0x65, 0x28, 0x3D, 0xB8, 0xFC, 0x6B, 0xC6, 0x39, 0x1D, 0x5F, 0xEC, 0x3B, 0xBE, 0xF6, 0x86, 0xE3,
    0xFB, 0x7C, 0x65, 0xEC, 0x91, 0x22, 0xEA, 0xE5, 0x34, 0xEE, 0x58, 0xD5, 0x86, 0xC6, 0xEC, 0x06,
    0xCB, 0x3D, 0x37, 0xF8, 0x3B, 0x2C, 0x97, 0xD3, 0x8C, 0xCF, 0x11, 0x78, 0x6D, 0x75, 0x98, 0x3B,
    0x44, 0x5C, 0x49, 0xA3, 0x11, 0x97, 0x09, 0xDE, 0x52, 0xE0, 0x4B, 0x36, 0xA9, 0x84, 0x7C, 0xD3,
    0x31, 0x55, 0x29, 0x16, 0x70, 0x1D, 0x88, 0xC1, 0xB8, 0x88, 0x6B, 0x41, 0x7C, 0xCA, 0x27, 0x8B,
    0xEB, 0x27, 0xF0, 0x22, 0xF4, 0x66, 0xBE, 0xE3, 0x14, 0xC6, 0x4E, 0x7B, 0xD7, 0x6A, 0x9A, 0xAD,
    0x02, 0xC2, 0x52, 0x6B, 0xE0, 0x66, 0x7D, 0x2E, 0x22, 0x7C, 0xDA, 0x6F, 0xA3, 0x4E, 0xB6, 0xFC,
    0xBD, 0xA1, 0xC0, 0x40, 0xA4, 0x36, 0x44, 0x5A, 0xC3, 0xA5, 0xBB, 0x17, 0x76, 0xD3, 0x01, 0x76,
    0xC3, 0x01, 0x76, 0xCD, 0x22, 0x76, 0x93, 0x17, 0xB0, 0x5F, 0x12, 0x29, 0xB9, 0xCB, 0x3D, 0xB6,
    0xA1, 0x12, 0x0C, 0x2B, 0x46, 0xB7, 0x60, 0xF4, 0x7C, 0xF6, 0x64, 0xD1, 0xE0, 0x7D, 0x25, 0x42,
    0xBC, 0xD7, 0x6F, 0xB2, 0x7A, 0x7E, 0xE1, 0x21, 0xDA, 0x3D, 0x5D, 0x8C, 0xEE, 0x9E, 0x2D, 0x4C,
    0xCC, 0xE4, 0x30, 0x19, 0x29, 0xAF, 0x57, 0x70, 0xEE, 0x9D, 0x2D, 0x34, 0x40, 0xDE, 0x3E, 0x51,
    0x64, 0x82, 0xA9, 0xF8, 0x14, 0xBA, 0xA9, 0x4B, 0xE7, 0x7B, 0xA3, 0xE4, 0x8D, 0x4C, 0x49, 0x83,
    0x4F, 0xF1, 0xB2, 0x73, 0x58, 0x1C, 0xCA, 0x0A, 0x49, 0x74, 0x85, 0x17, 0x40, 0xA6, 0x2F, 0xA1,
    0x38, 0xC3, 0xFE, 0x21, 0xD2, 0xCF, 0x5F, 0xE0, 0xBC, 0x21, 0x00, 0x4F, 0x13, 0x09, 0x7F, 0xA1,
    0xD7, 0xD5, 0x7F, 0xDC, 0x3B, 0x6A, 0x96, 0x27, 0x4B, 0xC7, 0x6F, 0xBF, 0x43, 0xE6, 0x1B, 0x57,
    0x1F, 0x50, 0x5D, 0x00, 0xA9, 0xAB, 0x2B, 0xAD, 0xDB, 0xAA, 0xE4, 0x5B, 0x3E, 0xFC, 0x01, 0x15,
    0xC3, 0xA6, 0x43, 0x20, 0x75, 0x3A, 0x15, 0x2F, 0xA5, 0xE0, 0x52, 0x6C, 0xDC, 0xEF, 0x47, 0x99,
    0x1D, 0xCE, 0xE4, 0xEA, 0xB7, 0x3F, 0xF0, 0x56, 0xCB, 0xE7, 0xF5, 0x7B, 0xAA, 0x6B, 0xAD, 0x73,
    0xD6, 0x2D, 0x50, 0xD5, 0x59, 0x87, 0x50, 0xEA, 0x64, 0x2A, 0xD2, 0xAA, 0xD6, 0x23, 0xCA, 0xEB,
    0x50, 0x44, 0x09, 0xA8, 0x44, 0x19, 0x8A, 0xA5, 0x5C, 0x3E, 0x22, 0x17, 0x76, 0xB7, 0x5E, 0xDD,
    0xF0, 0xD3, 0x87, 0xBF, 0xC2, 0x72, 0xBA, 0x6C, 0xDC, 0x3D, 0xC9, 0x08, 0x24, 0xB5, 0x59, 0xA9,
    0xC0, 0x42, 0x79, 0x12, 0xCC, 0x3C, 0xF7, 0x23, 0x17, 0x48, 0xE1, 0xDD, 0x65, 0x93, 0x00, 0xC4,
    0x9D, 0xFF, 0x4A, 0x71, 0x56, 0x33, 0xBD, 0x5A, 0x98, 0x3C, 0x83, 0x09, 0x0E, 0x84, 0x4B, 0x22,
    0x4E, 0x5A, 0x4A, 0x69, 0xB2, 0xC3, 0x87, 0x24, 0xC4, 0x05, 0x4E, 0x88, 0x0D, 0xC8, 0x0D, 0x08,
    0x0E, 0x48, 0x0E, 0x88, 0x0E, 0xC8, 0x0E, 0x08, 0x8F, 0xA3, 0xC7, 0xE1, 0x43, 0x7E, 0x7C, 0xB3,
    0xFE, 0xF4, 0x1B, 0xCC, 0x9A, 0x34, 0x6A, 0x56, 0x93, 0x67, 0x47, 0x2F, 0xDD, 0xB6, 0xDA, 0x52,
    0xEF, 0x49, 0x41, 0x04, 0xF0, 0x1E, 0xA4, 0x36, 0xC9, 0x29, 0xE4, 0x0C, 0x04, 0x0D, 0x24, 0x0D,
    0x44, 0x0D, 0x8E, 0x35, 0x07, 0xDB, 0x35, 0x6D, 0x85, 0x1F, 0xD0, 0xA4, 0x4B, 0x3F, 0x73, 0x11,
    0x1C, 0xFC, 0xCC, 0x85, 0x22, 0x95, 0xD6, 0xC7, 0x71, 0x5B, 0x71, 0x5B, 0x34, 0x6B, 0xB2, 0x68,
    0x56, 0xA1, 0xE4, 0xA5, 0x21, 0x95, 0xD6, 0x27, 0x8D, 0xDB, 0x46, 0x7A, 0xCA, 0x48, 0x99, 0xF6,
    0x7C, 0xDD, 0xE8, 0xEC, 0x63, 0x10, 0x45, 0x3B, 0x93, 0xA4, 0x31, 0x09, 0xCB, 0x15, 0x30, 0x1F,
    0xB0, 0x48, 0x3A, 0xCA, 0x48, 0x99, 0x7C, 0xEF, 0x16, 0x0C, 0xFB, 0x6F, 0x42, 0x18, 0x3D, 0x09,
    0xC9, 0x8A, 0x8A, 0xD3, 0x24, 0x2B, 0x7D, 0x87, 0x6F, 0xCC, 0x4A, 0x6F, 0x76, 0xD7, 0x5F, 0x97,
    0x47, 0x97, 0x4A, 0x1B, 0xEF, 0xF0, 0x4D, 0x50, 0x15, 0xCB, 0x5E, 0x6A, 0x65, 0xC9, 0x37, 0xDD,
    0xD7, 0x7A, 0xA2, 0xD1, 0x74, 0x41, 0x97, 0x4A, 0x93, 0x34, 0xB8, 0x08, 0xA6, 0x82, 0x84, 0x9C,
    0x26, 0x36, 0x5C, 0xFE, 0xDB, 0x65, 0x25, 0x64, 0x31, 0x94, 0x71, 0xB1, 0x18, 0x64, 0xE7, 0x0B,
    0x37, 0xB2, 0x89, 0x0F, 0xCA, 0x89, 0x43, 0xB4, 0x60, 0x1E, 0x69, 0x28, 0xED, 0x9E, 0x34, 0x7B,
    0xE6, 0x29, 0xFC, 0xA8, 0xDF, 0x56, 0xCC, 0xBF, 0x01, 0xE3, 0xAD, 0x82, 0x77, 0xAF, 0x80, 0xCA,
    0x69, 0x5E, 0x52, 0xD3, 0x9A, 0xFA, 0x0C, 0xB7, 0x94, 0x9C, 0xF1, 0x73, 0x9D, 0x76, 0xDA, 0x95,
    0x14, 0xF1, 0x00, 0x97, 0xA2, 0x61, 0x16, 0x3F, 0x14, 0x77, 0x73, 0x22, 0x8A, 0xC9, 0x0E, 0x8E,
    0x13, 0xEE, 0x58, 0xD5, 0x80, 0xEE, 0xA8, 0x40, 0xC5, 0x03, 0xF7, 0xD9, 0x8C, 0x4C, 0xFE, 0x87,
    0x62, 0xBB, 0xB9, 0xD4, 0xD3, 0x9C, 0x20, 0x42, 0xDE, 0xEA, 0x6E, 0x8C, 0xFD, 0x54, 0xE3, 0x7F,
    0x4F, 0xF0, 0x7F, 0x91, 0x2A, 0x94, 0x1E, 0x3E, 0x34, 0xD8, 0x36, 0xD4, 0xBC, 0x7E, 0xAF, 0x7A,
    0x9F, 0x87, 0x44, 0xFE, 0x8B, 0x58, 0x6F, 0x8F, 0x9A, 0xBC, 0xB6, 0x2A, 0x6B, 0xE6, 0x5F, 0x40,
    0xAE, 0xAE, 0xDF, 0x72, 0xEA, 0x6D, 0x41, 0x37, 0x83, 0xAD, 0x6F, 0x38, 0xC2, 0xBE, 0x04, 0x35,
    0x31, 0xFE, 0x10, 0x3B, 0x89, 0x15, 0xCC, 0xB4, 0xB9, 0x86, 0x32, 0x6B, 0x8C, 0xD4, 0x84, 0x0F,
    0xE6, 0xDD, 0xB9, 0x1E, 0xF5, 0xC1, 0x68, 0x88, 0x18, 0x24, 0xE1, 0xC8, 0xA9, 0x4D, 0x0C, 0x62,
    0x24, 0xE1, 0x7A, 0x7C, 0xCB, 0xE5, 0x90, 0xDA, 0xA5, 0xD9, 0xFC, 0x1C, 0x1A, 0x25, 0x1A, 0x6F,
    0xF9, 0x35, 0x46, 0x4A, 0xD6, 0x78, 0x06, 0xA1, 0x79, 0x12, 0x11, 0x98, 0x4C, 0x94, 0x9E, 0x72,
    0xB1, 0xE2, 0x76, 0x54, 0x8F, 0x97, 0xD9, 0x1D, 0x54, 0xED, 0xFE, 0x3C, 0xA9, 0xDC, 0xCE, 0x76,
    0xA7, 0xC7, 0x56, 0xD8, 0xDB, 0xE1, 0xC4, 0x93, 0xB1, 0x95, 0x88, 0xB1, 0x65, 0x32, 0x21, 0x9E,
    0x8C, 0xAD, 0xB0, 0x27, 0x5B, 0x2E, 0x82, 0x70, 0x3A, 0x3A, 0x9D, 0xC0, 0x72, 0xE9, 0x74, 0xDC,
    0xF7, 0x9D, 0xD1, 0x6E, 0xEF, 0x3A, 0x84, 0xB0, 0x5C, 0x5D, 0xE4, 0xDD, 0xF5, 0x71, 0xBE, 0x2E,
    0xC1, 0xB2, 0xFA, 0xC6, 0x79, 0x87, 0x40, 0x46, 0xBC, 0x82, 0xFB, 0xD9, 0x3B, 0xD5, 0x76, 0xCB,
    0x85, 0x2F, 0x19, 0xD9, 0x99, 0x6D, 0xA8, 0xEB, 0xA5, 0xFD, 0x1E, 0x1A, 0x8E, 0x5C, 0xA5, 0x63,
    0xEF, 0x60, 0x16, 0x6E, 0x45, 0x8F, 0x94, 0x95, 0xD4, 0xFF, 0x00, 0xDC, 0x90, 0x41, 0xCE, 0xDC,
    0x2A, 0x10, 0x84, 0xCB, 0xF6, 0xC2, 0x4F, 0xF2, 0x82, 0x23, 0x70, 0x04, 0x4E, 0xF0, 0x04, 0x7A,
    0x17, 0xFA, 0x8F, 0x80, 0x8F, 0xF2, 0x4E, 0x12, 0x38, 0x02, 0xFB, 0x6C, 0x58, 0xFC, 0x07, 0x60,
    0xE1, 0x85, 0x23, 0x61, 0x77, 0x28, 0x31, 0x44, 0x91, 0xE6, 0x4F, 0x94, 0x51, 0x56, 0x49, 0x4F,
    0xE1, 0x4F, 0x76, 0x57, 0x17, 0xAD, 0x91, 0x9F, 0x57, 0xF9, 0x11, 0xB1, 0x65, 0xA8, 0x0C, 0x93,
    0x60, 0x23, 0x7C, 0x84, 0x34, 0xED, 0xB3, 0xB8, 0x45, 0xB0, 0x0A, 0x94, 0x40, 0xDF, 0x30, 0x17,
    0x6C, 0x6D, 0xAF, 0x71, 0x95, 0x7D, 0x13, 0xA8, 0xA6, 0x0B, 0xBA, 0x42, 0x9F, 0x30, 0x05, 0x36,
    0xC3, 0xF6, 0x69, 0x87, 0x00, 0x7C, 0x02, 0x86, 0xD3, 0x75, 0xA7, 0xFA, 0xE6, 0x2C, 0xC3, 0xB9,
    0x23, 0x80, 0x82, 0x8E, 0x94, 0xED, 0xDA, 0xA9, 0xD0, 0xE4, 0x20, 0xD4, 0x24, 0x68, 0x5A, 0x28,
    0xAC, 0x4D, 0x37, 0x36, 0xAA, 0x65, 0x52, 0xA6, 0x52, 0x96, 0x82, 0xA7, 0x10, 0x4E, 0x84, 0xA3,
    0x99, 0x13, 0x25, 0xB1, 0xA9, 0xAD, 0xD1, 0x77, 0x6E, 0xE2, 0xE0, 0x98, 0x55, 0x95, 0xD2, 0x07,
    0xA8, 0x02, 0xD3, 0x94, 0x29, 0x1B, 0xBF, 0x93, 0x83, 0x6F, 0x02, 0xF5, 0x42, 0xE6, 0xF9, 0x94,
    0x99, 0x3E, 0xCE, 0x04, 0x54, 0xF9, 0xBD, 0x67, 0x90, 0x56, 0xF7, 0xF3, 0xB3, 0x77, 0xFF, 0xFE,
    0xE7, 0xEB, 0xFF, 0xCC, 0x9F, 0xBE, 0xC3, 0x14, 0xDE, 0xB1, 0xC9, 0x0D, 0x2D, 0xE2, 0xAC, 0x48,
    0xFC, 0xE8, 0xB0, 0x47, 0x0F, 0xBD, 0x26, 0x2D, 0x15, 0x7E, 0x0F, 0x45, 0x09, 0x24, 0xCB, 0xA1,
    0x64, 0x92, 0x22, 0xA7, 0x92, 0xB9, 0xA1, 0xBF, 0x3D, 0x7A, 0x0F, 0xE7, 0x14, 0x32, 0x58, 0x0C,
    0x60, 0x19, 0x91, 0x9D, 0xB4, 0xC9, 0x47, 0x32, 0x40, 0x65, 0xF2, 0xC6, 0x46, 0xE2, 0xC2, 0x56,
    0x9E, 0x39, 0xFA, 0xC3, 0x3F, 0xE6, 0xFF, 0xEF, 0x79, 0xBA, 0x30, 0x1F, 0xB3, 0x1C, 0xE0, 0x7D,
    0xFE, 0x76, 0xFD, 0xCA, 0x4C, 0x4C, 0xF2, 0x85, 0xC0, 0x9B, 0x3C, 0xBE, 0xBE, 0x13, 0x53, 0xB8,
    0x08, 0xCC, 0x7D, 0x1D, 0x4C, 0x07, 0x1E, 0xA5, 0x4F, 0xBC, 0xD1, 0x22, 0xF2, 0x1F, 0x77, 0x5E,
    0x44, 0x3E, 0xF3, 0x8E, 0xED, 0xDC, 0x84, 0x77, 0xAA, 0x3C, 0x09, 0x77, 0x50, 0x91, 0x3B, 0x15,
    0x68, 0x72, 0x7D, 0xE6, 0xE8, 0x0F, 0xFF, 0x98, 0x1F, 0x79, 0x23, 0x9F, 0xF7, 0xF9, 0x77, 0xCC,
    0x75, 0xAE, 0x4B, 0x5D, 0xCE, 0xE5, 0x58, 0x8F, 0xAD, 0x28, 0xFE, 0xB2, 0x4E, 0x3A, 0x9A, 0x68,
    0xA3, 0xDD, 0xAD, 0x5B, 0x2A, 0xEE, 0xE5, 0x9C, 0xAE, 0xF5, 0x98, 0xEA, 0x5A, 0xE6, 0xBA, 0x95,
    0xA5, 0xAA, 0xB2, 0x9C, 0x2A, 0xF3, 0xAC, 0x87, 0x4E, 0x5B, 0x31, 0x91, 0x47, 0x15, 0x1B, 0x55,
    0xB6, 0xBB, 0x4A, 0xD6, 0xE9, 0xE4, 0x9D, 0x89, 0x01, 0x26, 0x02, 0xFF, 0x00, 0xF8, 0x17, 0x98,
    0x04, 0x58, 0x2F, 0xC0, 0x1C, 0x80, 0x24, 0x2C, 0xE2, 0xA0, 0x6F, 0xC0, 0x9F, 0x40, 0xC8, 0xED,
    0x44, 0xB2, 0xBF, 0xF3, 0x3B, 0xFB, 0xF4, 0xD1, 0xCF, 0x39, 0xCE, 0x33, 0x87, 0x79, 0x4C, 0xD4,
    0x00, 0x6C, 0x6A, 0x64, 0xFB, 0x66, 0x3B, 0x02, 0xBE, 0x00, 0xE6, 0x02, 0x36, 0x71, 0xFD, 0x0F,
    0x6E, 0x87, 0xE4, 0x3B, 0xBF, 0xFB, 0x42, 0x1F, 0xFD, 0x9C, 0xEB, 0xF3, 0x60, 0xE2, 0x28, 0x1B,
    0x3B, 0xBD, 0xEB, 0x94, 0x8E, 0xA9, 0x76, 0x2E, 0x67, 0xE7, 0x5A, 0x3A, 0x55, 0xEE, 0x34, 0xB1,
    0xD3, 0xEE, 0x9D, 0xA1, 0x03, 0x57, 0xC7, 0x3C, 0xC6, 0x8F, 0xCE, 0x6D, 0x8C, 0x27, 0xBC, 0x50,
    0xFE, 0xC1, 0xFB, 0xC5, 0x9D, 0xDC, 0x2F, 0xED, 0xA4, 0x4A, 0xA7, 0x4E, 0x5F, 0x87, 0x1A, 0x12,
    0x00, 0xCD, 0x92, 0x31, 0x8E, 0xD5, 0x30, 0x10, 0x86, 0xBF, 0x17, 0xAF, 0x94, 0xC2, 0x85, 0x5B,
    0x2A, 0x72, 0x04, 0x5F, 0x80, 0xC5, 0x91, 0x28, 0x29, 0x38, 0x0A, 0x27, 0x80, 0xA4, 0xA3, 0xE4,
    0x44, 0xBC, 0xF8, 0x08, 0xB9, 0x01, 0x2E, 0x38, 0x80, 0x8B, 0x48, 0x1B, 0x24, 0xBF, 0x0C, 0xE3,
    0xE4, 0x45, 0x5A, 0x3A, 0x16, 0x51, 0xA0, 0xE8, 0x93, 0x67, 0xE4, 0xF1, 0xC4, 0xF3, 0xFB, 0xC7,
    0xAF, 0x34, 0x22, 0x63, 0x2B, 0x32, 0xBB, 0xEC, 0x72, 0x17, 0xCD, 0x12, 0xFA, 0x4B, 0xD9, 0x81,
    0x12, 0x4C, 0x2C, 0xA1, 0x9D, 0x8F, 0x55, 0xF3, 0x73, 0xAF, 0xD6, 0xD5, 0xFA, 0x7A, 0xAE, 0x9E,
    0xAF, 0x7D, 0x40, 0x22, 0x17, 0xC5, 0x28, 0xEE, 0x7B, 0xC4, 0x7F, 0x8D, 0x0C, 0x2E, 0x52, 0x5C,
    0x6C, 0x16, 0x17, 0xDB, 0xE4, 0x62, 0xFD, 0x3C, 0x2E, 0x7E, 0x52, 0x26, 0x91, 0xED, 0x04, 0xCD,
    0x9F, 0xE3, 0x45, 0x62, 0x38, 0x01, 0xDE, 0xDE, 0x79, 0xAC, 0xF8, 0x85, 0x47, 0x11, 0xEA, 0xDE,
    0x30, 0x0E, 0xF3, 0x03, 0x2E, 0x81, 0xDD, 0x79, 0xA3, 0xF1, 0xD4, 0x0F, 0xF5, 0xDC, 0xE8, 0xB4,
    0xED, 0x45, 0x12, 0xB4, 0x2B, 0xF8, 0x19, 0xA4, 0xA7, 0x29, 0x9A, 0x66, 0x70, 0x9A, 0xFA, 0x11,
    0x82, 0x5D, 0x19, 0x06, 0xE9, 0xAF, 0x3A, 0x87, 0x8C, 0x3E, 0x6F, 0xBA, 0x7B, 0xC3, 0xEC, 0x5C,
    0x35, 0x0E, 0xA3, 0x4F, 0xF5, 0x2E, 0x56, 0x04, 0xA6, 0x1F, 0x88, 0x48, 0x3E, 0x29, 0xD8, 0xB9,
    0xE0, 0x62, 0x39, 0x3A, 0x01, 0x9F, 0x95, 0x02, 0x17, 0xC5, 0x2C, 0xC7, 0x8F, 0xEC, 0x7C, 0x8C,
    0x74, 0x96, 0x5C, 0x95, 0x1B, 0xFB, 0x3D, 0xF8, 0xF8, 0x13, 0xA3, 0xBD, 0x9D, 0xF6, 0xEA, 0x92,
    0x5D, 0xFC, 0x68, 0xD6, 0x6E, 0x54, 0xA5, 0xC6, 0x26, 0xDB, 0x64, 0xD3, 0xAE, 0xEB, 0xB4, 0x51,
    0x35, 0xF6, 0x73, 0xBB, 0x9E, 0x6F, 0xB2, 0xAF, 0x73, 0x5B, 0x3A, 0x91, 0xA5, 0xEE, 0x69, 0x1F,
    0xED, 0xB5, 0x62, 0xF6, 0x99, 0xB5, 0x36, 0xD9, 0x1C, 0xFA, 0x66, 0x09, 0x5C, 0x56, 0xA5, 0x68,
    0x5C, 0x42, 0xB2, 0x5A, 0xBF, 0xAD, 0xAD, 0x3C, 0x2D, 0x4C, 0x5F, 0x32, 0xBB, 0x66, 0x5D, 0x84,
    0xA1, 0x87, 0x0D, 0xDA, 0xA2, 0x69, 0x82, 0xA9, 0xE7, 0x9F, 0x7A, 0xA2, 0x5B, 0xB4, 0xD7, 0x82,
    0x57, 0xC2, 0x93, 0xAE, 0xEF, 0x16, 0x1E, 0xAA, 0x36, 0x7F, 0x80, 0x13, 0xB9, 0x9D, 0x30, 0x25,
    0xAC, 0x2E, 0x5E, 0xA4, 0xD7, 0x37, 0x8F, 0x57, 0xBA, 0xF8, 0xEA, 0xF4, 0x0B, 0x5E, 0x09, 0x23,
    0xC8, 0x7D, 0x8E, 0x0C, 0x53, 0xC4, 0xDC, 0x8E, 0xB0, 0x4E, 0x38, 0x89, 0xE4, 0x93, 0xAA, 0x55,
    0x73, 0x68, 0x95, 0xBA, 0xB9, 0xCB, 0x96, 0x36, 0xA3, 0xEC, 0xD5, 0x41, 0x22, 0x61, 0x83, 0x70,
    0xE3, 0xD0, 0xC7, 0xE4, 0xF3, 0x42, 0xAF, 0x95, 0xA0, 0xF5, 0x9D, 0x9E, 0x6B, 0xF7, 0xB7, 0xB9,
    0x7B, 0xBE, 0x51, 0xDA, 0xBB, 0xE7, 0xC3, 0x87, 0xC8, 0xD5, 0xC5, 0xCB, 0xEA, 0xA2, 0xC9, 0x77,
    0xBF, 0xF7, 0x2F, 0xF3, 0xFB, 0xE9, 0x75, 0xE5, 0xE5, 0x5E, 0xB7, 0x2B, 0x84, 0x19, 0x04, 0x8C,
    0x86, 0x36, 0x1F, 0x53, 0x84, 0xF7, 0x7F, 0xED, 0xF3, 0xF4, 0xCC, 0xE7, 0xFD, 0x61, 0xE2, 0x6F,
    0x4A, 0x81, 0x66, 0x3D, 0xE4, 0xB1, 0xE9, 0x77, 0x8F, 0x4F, 0xFF, 0xBF, 0xC7, 0x7F, 0x01, 0xCD,
    0xD6, 0xC1, 0x8E, 0xE5, 0x38, 0x15, 0x06, 0xE0, 0x3F, 0x09, 0x22, 0x23, 0x65, 0x61, 0x96, 0x48,
    0x25, 0x94, 0x59, 0xB0, 0x43, 0xC2, 0x6F, 0xD0, 0xF6, 0xC0, 0x0B, 0xF4, 0x9B, 0xC0, 0x0B, 0x4C,
    0x25, 0x3D, 0xBC, 0x08, 0x0F, 0xD2, 0x35, 0x36, 0xE2, 0x01, 0x88, 0xC4, 0x82, 0x6D, 0x24, 0x66,
    0x4F, 0x40, 0x91, 0xC6, 0x2D, 0x39, 0x39, 0xD8, 0xFF, 0xE9, 0xAE, 0x4A, 0x31, 0xB7, 0xBB, 0xA6,
    0x57, 0x8C, 0x17, 0xFF, 0x57, 0x52, 0x9D, 0xE3, 0xD8, 0xBA, 0xD7, 0xF1, 0x05, 0x4C, 0xCC, 0x78,
    0x9E, 0xE3, 0x5F, 0x98, 0x6F, 0x52, 0x49, 0x2B, 0x25, 0x5B, 0x91, 0x0C, 0x8C, 0x22, 0xE2, 0x31,
    0x95, 0x8C, 0x10, 0xE9, 0x64, 0xEB, 0x64, 0xEA, 0x64, 0xEF, 0x0F, 0xD7, 0x7D, 0x9F, 0x87, 0xE4,
    0xBA, 0xFF, 0x9C, 0x66, 0x7B, 0xD5, 0x6D, 0xC7, 0xB8, 0xDE, 0xF7, 0xEB, 0x6B, 0xBB, 0x94, 0x84,
    0x8B, 0x5F, 0xF7, 0x4B, 0xC9, 0x87, 0xA1, 0xE6, 0xDB, 0x21, 0x62, 0x9A, 0xB3, 0xB9, 0x9D, 0xC9,
    0xCC, 0x98, 0xDE, 0xA4, 0xB1, 0xE6, 0x3E, 0x7A, 0x4C, 0xDF, 0xEC, 0xF6, 0x43, 0xBA, 0xBF, 0x6E,
    0x16, 0x35, 0xDD, 0x87, 0xB4, 0x7F, 0xAF, 0x39, 0xFE, 0x73, 0x7D, 0x05, 0x6F, 0xBE, 0x5F, 0xEF,
    0x71, 0x18, 0x59, 0xEF, 0xDB, 0xB3, 0x97, 0xE5, 0xEB, 0x3E, 0x77, 0xB2, 0x3C, 0x98, 0x1D, 0xB2,
    0x3F, 0x84, 0x4D, 0xD7, 0xCC, 0xF5, 0x03, 0x46, 0x24, 0x95, 0xFC, 0x97, 0xCC, 0xCF, 0x37, 0xAA,
    0x69, 0xBF, 0x61, 0xFE, 0x6E, 0x2F, 0x89, 0x9F, 0xCB, 0x77, 0x95, 0x20, 0xB5, 0xB6, 0x17, 0x91,
    0x0D, 0xB0, 0x85, 0x03, 0x98, 0xDE, 0x61, 0x14, 0x0F, 0x59, 0xD0, 0x48, 0x6C, 0xC4, 0x03, 0x2E,
    0xB6, 0x27, 0x80, 0x5F, 0xA1, 0x3B, 0x0A, 0x78, 0x24, 0x2B, 0xC7, 0x15, 0x56, 0x82, 0xCB, 0xCA,
    0xB7, 0x29, 0x46, 0xD6, 0xB8, 0xF7, 0x2C, 0xC4, 0xBE, 0x67, 0x7D, 0xB1, 0xDD, 0x2E, 0xD7, 0xF6,
    0xC9, 0xD7, 0x6C, 0xF4, 0xB1, 0x66, 0x27, 0xA3, 0xD4, 0x11, 0x6F, 0xD2, 0xD4, 0xAD, 0x3A, 0xDF,
    0xC8, 0xAE, 0xE4, 0x2B, 0xC7, 0x49, 0xB2, 0x28, 0xC1, 0x93, 0x69, 0x26, 0x2E, 0x12, 0xBB, 0x90,
    0x71, 0x2B, 0x84, 0x6C, 0x44, 0xE4, 0x0C, 0x79, 0x50, 0x7A, 0xA5, 0xAB, 0x34, 0xB9, 0x3D, 0x58,
    0xD9, 0x9C, 0x04, 0xA2, 0x04, 0x4F, 0xA6, 0xB9, 0xB4, 0xD7, 0x05, 0xB9, 0xB3, 0xB2, 0x28, 0xAB,
    0xB2, 0xB9, 0xD2, 0x0E, 0xB3, 0xB3, 0xB2, 0x4F, 0xA4, 0xCB, 0xA4, 0x3D, 0x48, 0x73, 0x12, 0x88,
    0x12, 0x26, 0xE2, 0xE4, 0xCA, 0xA8, 0x18, 0xF1, 0xE1, 0xF1, 0xE3, 0xF6, 0xCA, 0xA2, 0x6C, 0x15,
    0x6F, 0x13, 0xE9, 0x33, 0xE9, 0x94, 0xF6, 0xF8, 0x14, 0x4D, 0x98, 0x6B, 0xE5, 0x20, 0xA9, 0xF6,
    0x59, 0xC9, 0x75, 0x16, 0x27, 0x7B, 0x9D, 0x73, 0x8A, 0x7F, 0x2C, 0xC4, 0x50, 0x9F, 0x70, 0x82,
    0xA4, 0xD2, 0x84, 0xF0, 0xFB, 0x8C, 0x29, 0x16, 0x4E, 0xB8, 0x1D, 0xE1, 0x2B, 0x81, 0x39, 0x10,
    0xBC, 0xF8, 0x5E, 0x0A, 0x21, 0xB6, 0xA5, 0xC7, 0xBB, 0x05, 0x61, 0x2B, 0xAC, 0xB0, 0x65, 0xEA,
    0x71, 0xC3, 0x50, 0xA6, 0x36, 0x09, 0xED, 0x11, 0xFC, 0x90, 0xD1, 0x14, 0xBA, 0x53, 0x11, 0xDF,
    0x16, 0x1A, 0x59, 0x6B, 0x49, 0xDD, 0x4D, 0x2A, 0x38, 0x91, 0xAD, 0x60, 0x44, 0x22, 0x80, 0x26,
    0xBC, 0x43, 0xC7, 0x23, 0x10, 0x3F, 0x13, 0x7B, 0x9B, 0x20, 0x75, 0x9C, 0x37, 0xE9, 0xD2, 0xF0,
    0x8F, 0xD5, 0xC6, 0xCA, 0x66, 0x63, 0x9B, 0x4D, 0x39, 0xD7, 0xF3, 0x85, 0xDD, 0xCE, 0x21, 0x8F,
    0xE5, 0xC8, 0x9F, 0x21, 0x97, 0xC3, 0x48, 0xBE, 0xCA, 0x15, 0x87, 0xEC, 0xCE, 0x96, 0xCC, 0x4D,
    0x81, 0x1F, 0xF1, 0x3D, 0x1E, 0x2A, 0xDF, 0xE2, 0xDB, 0xCA, 0x03, 0xA6, 0x4A, 0x86, 0x7B, 0xE2,
    0x2C, 0x88, 0x87, 0x24, 0x58, 0xC1, 0x23, 0x3B, 0x46, 0x81, 0x93, 0xD3, 0xC3, 0x2E, 0x4E, 0x24,
    0x29, 0x02, 0x65, 0x2E, 0xC4, 0x46, 0x62, 0x05, 0x6E, 0x25, 0x66, 0x23, 0x03, 0x39, 0xFB, 0xFD,
    0xFF, 0x45, 0x7C, 0x02, 0x70, 0xCA, 0xA4, 0x88, 0xAF, 0x0C, 0x02, 0x17, 0x45, 0xE4, 0x50, 0x92,
    0xB2, 0x90, 0x77, 0xE0, 0x98, 0xFC, 0xF3, 0xE4, 0xD6, 0x7F, 0x90, 0x37, 0x2A, 0xEF, 0xC4, 0x4F,
    0xBE, 0x11, 0xD9, 0x27, 0xDF, 0x8B, 0x9C, 0x93, 0x37, 0x52, 0x86, 0xB7, 0x47, 0x3D, 0x46, 0x6E,
    0x45, 0x2B, 0x7E, 0x8A, 0x80, 0xF8, 0xE0, 0x6B, 0x7D, 0x60, 0x97, 0x5C, 0x32, 0x68, 0xFA, 0x9A,
    0xAC, 0xD4, 0x2E, 0x9D, 0x41, 0x67, 0xE3, 0xCC, 0xFA, 0x14, 0x7D, 0x22, 0x6E, 0x0C, 0xA9, 0x63,
    0xFB, 0x61, 0x02, 0xBF, 0xA9, 0x0D, 0x5D, 0xDD, 0xB7, 0xBE, 0xF0, 0x3F, 0x5C, 0x58, 0x7B, 0x13,
    0xB6, 0x4E, 0x3C, 0xC6, 0xBD, 0x3F, 0x80, 0x3E, 0x9B, 0x04, 0xB4, 0xA7, 0xD9, 0x00, 0x1C, 0xE3,
    0x5A, 0xD2, 0xEB, 0x2B, 0xD3, 0x45, 0x26, 0xEF, 0x3A, 0xCD, 0xE9, 0x9A, 0xFC, 0xEF, 0xC7, 0xF2,
    0x5A, 0xE9, 0xAE, 0xC9, 0xFF, 0xEA, 0xFC, 0xFA, 0x2C, 0x3E, 0xF7, 0x9D, 0xAE, 0x41, 0xD7, 0xC3,
    0xB5, 0x25, 0xAE, 0xF3, 0xF9, 0x85, 0xA5, 0x7B, 0x81, 0x15, 0x0F, 0x08, 0x00, 0xB7, 0x91, 0x10,
    0x89, 0x78, 0xB0, 0x06, 0x95, 0x21, 0x93, 0x71, 0x27, 0x6E, 0x25, 0x12, 0x2B, 0x8D, 0xA0, 0xD2,
    0x1D, 0xC4, 0x24, 0x62, 0x37, 0x32, 0x2D, 0x44, 0xE6, 0x4A, 0xCB, 0xC9, 0xA5, 0x8E, 0xFD, 0x26,
    0x2C, 0xD1, 0x86, 0x48, 0xA6, 0x95, 0xD8, 0x9D, 0x98, 0x4C, 0xBA, 0x93, 0xB4, 0xE2, 0x2F, 0x8B,
    0x80, 0xDB, 0xC8, 0x98, 0x88, 0xC9, 0xA4, 0x13, 0xD2, 0xC8, 0xAC, 0x1B, 0x5B, 0xAE, 0xDB, 0x1C,
    0x53, 0x10, 0x8E, 0x9B, 0x80, 0x9D, 0x78, 0x91, 0x5F, 0x92, 0x26, 0x93, 0x3F, 0x28, 0xA2, 0xF0,
    0xA5, 0xDF, 0xCB, 0x09, 0x6E, 0x7B, 0x29, 0x79, 0x27, 0xEC, 0x73, 0xA2, 0x24, 0xB6, 0x3B, 0xCF,
    0xF6, 0x5F, 0x7F, 0x7E, 0xBB, 0xE2, 0x0B, 0x6C, 0xAF, 0xE0, 0x45, 0x3A, 0x11, 0xD9, 0x15, 0xF1,
    0xCA, 0xAA, 0xEC, 0xFC, 0x0C, 0xC7, 0x4C, 0xBA, 0x93, 0x40, 0x94, 0x80, 0x4F, 0xBD, 0x7A, 0x59,
    0xE2, 0xE2, 0x4D, 0x5E, 0xEC, 0x0B, 0xA8, 0x34, 0x42, 0xEE, 0x0E, 0x5D, 0x4B, 0x52, 0x36, 0x65,
    0x26, 0x09, 0x60, 0xC3, 0x67, 0xC3, 0xD1, 0x24, 0xD2, 0xEE, 0xA4, 0x7B, 0xCF, 0x76, 0xE1, 0x4E,
    0x2A, 0xAD, 0x48, 0xED, 0x31, 0x22, 0xE2, 0xF5, 0xB4, 0x2E, 0x80, 0x24, 0x23, 0x1B, 0x5A, 0x99,
    0xCD, 0xDF, 0x12, 0xBA, 0x13, 0xE3, 0x9F, 0x0E, 0xF4, 0x19, 0xE3, 0x1B, 0x81, 0xD9, 0x61, 0xFD,
    0x09, 0xB3, 0xC1, 0xE1, 0x17, 0xF5, 0x0C, 0x3A, 0x1E, 0x48, 0xE2, 0x22, 0xEE, 0x95, 0x07, 0xE5,
    0xAD, 0x92, 0xAF, 0x34, 0x49, 0x11, 0x91, 0x42, 0xAB, 0x74, 0xCF, 0xD9, 0x10, 0x0A, 0xFD, 0x4A,
    0x86, 0x8A, 0x5D, 0x86, 0x05, 0x82, 0x71, 0x35, 0xB1, 0x60, 0xB6, 0xC2, 0x09, 0xB3, 0x9B, 0xD8,
    0x9C, 0xE8, 0xF3, 0x38, 0x77, 0x19, 0xDD, 0x69, 0x7D, 0x9F, 0xD1, 0x4A, 0xF0, 0x3C, 0xB7, 0x52,
    0xCF, 0x3F, 0x77, 0x14, 0x75, 0x7F, 0xBA, 0xDB, 0xA4, 0x5F, 0xB0, 0xB9, 0xF2, 0x00, 0x8E, 0x7C,
    0xA5, 0x79, 0x4F, 0x22, 0xB8, 0x93, 0x3F, 0x97, 0x6C, 0x44, 0xCE, 0x82, 0xD1, 0xC9, 0xA6, 0xC2,
    0xC6, 0xBB, 0x6F, 0x4A, 0x80, 0xF5, 0x7C, 0x5D, 0x7C, 0xF1, 0xF4, 0xA3, 0xF4, 0x16, 0x5D, 0xFE,
    0xE4, 0x57, 0x0A, 0xC0, 0x50, 0x03, 0x98, 0x36, 0x76, 0xE9, 0x02, 0x47, 0x5D, 0x4C, 0x58, 0x81,
    0x4F, 0xB7, 0xBB, 0xA8, 0x85, 0xFE, 0xD6, 0x31, 0xF0, 0x8F, 0xFC, 0x8C, 0xAF, 0x3B, 0xFC, 0x96,
    0x6F, 0x85, 0x46, 0x3C, 0xEC, 0x01, 0x2B, 0x33, 0x0C, 0x27, 0xD1, 0xC3, 0xA2, 0x8F, 0x9A, 0xF5,
    0x67, 0xFB, 0xE5, 0xFB, 0xD2, 0xAF, 0x35, 0x07, 0xA6, 0x59, 0x98, 0x11, 0xF5, 0x9A, 0x88, 0xB7,
    0xAF, 0x09, 0x2B, 0x6B, 0x27, 0xDE, 0xF1, 0x9A, 0x70, 0xBC, 0x26, 0x1C, 0xAF, 0x89, 0x7B, 0x5E,
    0x13, 0x0F, 0x78, 0x6D, 0x17, 0x1C, 0xFA, 0xC5, 0x78, 0xCA, 0xA6, 0xE4, 0x34, 0x37, 0xA9, 0x66,
    0xBB, 0xD7, 0xEC, 0xB6, 0xFF, 0xCD, 0x7E, 0xAD, 0x39, 0x2C, 0x4F, 0x69, 0x62, 0xED, 0xBD, 0xE6,
    0x38, 0x03, 0x76, 0xB1, 0x1E, 0x18, 0x57, 0x07, 0xBC, 0x36, 0x5B, 0xC9, 0xC3, 0x24, 0xC7, 0x6B,
    0xE2, 0x9E, 0xD7, 0xC4, 0x89, 0x71, 0x87, 0x1C, 0x4D, 0x58, 0x9F, 0x5D, 0x13, 0xFA, 0x1D, 0x69,
    0x44, 0x7C, 0xC9, 0xF4, 0x74, 0x88, 0x3A, 0xCD, 0xED, 0x31, 0x85, 0x63, 0xBB, 0x09, 0x5E, 0x1C,
    0x2F, 0xB4, 0xF3, 0x77, 0xF1, 0x4F, 0x10, 0x27, 0x75, 0xAC, 0x37, 0x01, 0x9A, 0x30, 0x43, 0xEF,
    0x66, 0xD2, 0xEF, 0xD7, 0xFE, 0x36, 0xBF, 0xD4, 0x8E, 0xE6, 0xD4, 0x4A, 0xA5, 0x3B, 0x48, 0x9F,
    0x89, 0x49, 0x35, 0x1F, 0x0F, 0xF5, 0xA2, 0x78, 0x92, 0x41, 0x66, 0x56, 0x28, 0x08, 0x2B, 0xB1,
    0x89, 0x0C, 0x07, 0xE9, 0xC4, 0x53, 0x59, 0x88, 0xDB, 0x89, 0xC9, 0xA4, 0x13, 0x02, 0x89, 0x97,
    0x93, 0xC8, 0x33, 0x38, 0xF2, 0xCF, 0x8F, 0xF2, 0x85, 0xF2, 0x96, 0xDC, 0xE5, 0xCA, 0xBF, 0x85,
    0x88, 0xEC, 0x8A, 0x27, 0xDF, 0x71, 0x7D, 0x27, 0xDB, 0x84, 0xED, 0x4E, 0xD8, 0x5E, 0x29, 0xED,
    0xAF, 0xB4, 0xFD, 0xCB, 0x8F, 0xB6, 0x8F, 0x6B, 0x6D, 0x2F, 0xB0, 0xDD, 0xAE, 0x8E, 0x2C, 0xC4,
    0xC5, 0xD2, 0x5E, 0xF9, 0xB2, 0x12, 0x22, 0x2A, 0xE2, 0x2B, 0xAD, 0xA0, 0x32, 0x9C, 0xC4, 0xE6,
    0x4A, 0x2B, 0x3B, 0xA7, 0x96, 0x45, 0xF1, 0x24, 0xA1, 0x72, 0x7A, 0x7D, 0x0B, 0xBC, 0x53, 0x64,
    0x55, 0xB2, 0x22, 0x85, 0x19, 0xBD, 0xF8, 0x0A, 0x42, 0x24, 0x6E, 0x21, 0x76, 0xFD, 0xB1, 0xB0,
    0x81, 0xED, 0x9C, 0x6C, 0x16, 0x0E, 0x30, 0xB3, 0xB2, 0x12, 0x2E, 0x62, 0x06, 0x3E, 0x0D, 0x1B,
    0x6E, 0xF3, 0x62, 0xFB, 0x05, 0x3B, 0xE7, 0x97, 0x32, 0x88, 0x88, 0x67, 0xEE, 0xCC, 0x83, 0x29,
    0x9E, 0xDB, 0x88, 0xDC, 0xD3, 0x52, 0xD3, 0xAD, 0x35, 0xAD, 0xE6, 0x76, 0xC9, 0xF5, 0x29, 0x9D,
    0xD6, 0xCF, 0xB5, 0xF7, 0xE4, 0x3C, 0x89, 0x19, 0x99, 0xE9, 0x69, 0xE6, 0x46, 0x96, 0xA7, 0x19,
    0x4C, 0xAA, 0x39, 0xE4, 0x9A, 0xFD, 0xED, 0xD4, 0xFF, 0x6A, 0xA5, 0x76, 0x35, 0xB2, 0x72, 0xB6,
    0xC8, 0xF4, 0x35, 0x33, 0x6A, 0x2E, 0x3F, 0x6A, 0xD7, 0xFF, 0x05, 0xCC, 0x98, 0x4F, 0x6E, 0xE4,
    0x44, 0x14, 0xC6, 0x9F, 0xDB, 0x01, 0x8B, 0xB4, 0x84, 0xB3, 0x61, 0x35, 0x02, 0xDF, 0x00, 0x9F,
    0x60, 0x52, 0x05, 0x9B, 0x59, 0x32, 0x37, 0xC8, 0x11, 0xB8, 0xC0, 0x48, 0x65, 0xD8, 0x70, 0x0D,
    0x8E, 0xC1, 0x22, 0x4A, 0x99, 0x15, 0xCB, 0xB1, 0xC4, 0x05, 0x7A, 0x91, 0x3D, 0x5E, 0x58, 0xA2,
    0x91, 0xEC, 0x7A, 0x54, 0x7D, 0x5F, 0x29, 0xDD, 0x26, 0xEA, 0x24, 0x44, 0x13, 0xCD, 0x58, 0x6A,
    0xFF, 0x1C, 0x7F, 0xF5, 0x5E, 0xD5, 0xFB, 0x33, 0x55, 0xDD, 0x23, 0x72, 0x26, 0xB8, 0x5E, 0x13,
    0x6A, 0xD3, 0xBD, 0x54, 0xFC, 0x51, 0xCF, 0x80, 0x19, 0x29, 0xF5, 0xC7, 0xD2, 0x9E, 0x92, 0xA6,
    0x2B, 0x78, 0xC2, 0x10, 0x59, 0xE3, 0x48, 0xDA, 0xD1, 0x0B, 0x7D, 0xAE, 0x45, 0x7B, 0x3C, 0xFB,
    0x19, 0xF1, 0x19, 0xEE, 0x0D, 0x24, 0x37, 0xC4, 0x5B, 0xA1, 0x53, 0xBC, 0x57, 0xBA, 0xA4, 0xD7,
    0x9A, 0x6C, 0xDC, 0x5F, 0x7E, 0x88, 0xAF, 0xAF, 0xAE, 0x26, 0xA9, 0x96, 0xF6, 0x97, 0x45, 0x9A,
    0xA9, 0xFD, 0x49, 0xAD, 0x19, 0xDA, 0xCE, 0xF5, 0x8D, 0x6D, 0xBB, 0xC6, 0x7E, 0x2E, 0x6D, 0xF7,
    0x85, 0x48, 0xBC, 0xCB, 0x27, 0x72, 0x17, 0xB9, 0x20, 0xE4, 0x1D, 0x51, 0x28, 0xC9, 0x1C, 0x31,
    0x49, 0x39, 0x4B, 0x64, 0xF9, 0xDF, 0x01, 0xED, 0x28, 0x4C, 0xF6, 0x9C, 0xA9, 0x99, 0xF3, 0x9D,
    0x9E, 0xC7, 0x67, 0xFB, 0xB5, 0x3F, 0xB3, 0x96, 0x0B, 0x5D, 0xAF, 0x87, 0xEB, 0xFB, 0x64, 0x32,
    0xC6, 0x0A, 0xB2, 0x9A, 0xAC, 0x2C, 0xAB, 0xCC, 0x8A, 0x17, 0xDA, 0x5C, 0x4D, 0xEC, 0x04, 0x76,
    0x05, 0x3A, 0x84, 0xDD, 0xC2, 0xCE, 0x61, 0x17, 0xB1, 0xA3, 0xD8, 0x5E, 0x05, 0x78, 0x29, 0xDB,
    0x9E, 0xCD, 0xD7, 0x8C, 0x4C, 0x52, 0x3D, 0x33, 0x49, 0xA5, 0xE6, 0x24, 0x69, 0xCF, 0x4F, 0x7C,
    0x2E, 0x15, 0x1A, 0x5B, 0x7E, 0xA3, 0xB9, 0xE7, 0xB5, 0xF7, 0xE4, 0xCE, 0x90, 0x7D, 0xD6, 0xEF,
    0xC6, 0x67, 0xFB, 0x83, 0x3F, 0xFA, 0xCF, 0xF3, 0x1D, 0xCD, 0xCF, 0xF5, 0x70, 0x7D, 0xCF, 0xEF,
    0xFF, 0x7D, 0xFB, 0xB3, 0x5A, 0xB3, 0x6B, 0x3B, 0xDF, 0x37, 0x5D, 0xDB, 0xB5, 0xF6, 0x3C, 0x66,
    0xEF, 0xFC, 0x03, 0x54, 0x81, 0x7E, 0xE8, 0x93, 0xFE, 0x39, 0x17, 0xE7, 0xE5, 0x1A, 0x9E, 0x5E,
    0x05, 0xA3, 0x1A, 0xEE, 0x23, 0x6F, 0x34, 0x4A, 0xB8, 0x1E, 0x68, 0x26, 0xE0, 0xCD, 0x02, 0x7C,
    0xAF, 0x36, 0xC1, 0xFA, 0x01, 0x68, 0x27, 0x60, 0xBB, 0x00, 0x1B, 0xB5, 0x09, 0x92, 0xC4, 0xAF,
    0x44, 0x20, 0x8A, 0x40, 0x14, 0x89, 0x22, 0x08, 0xCB, 0x27, 0x8A, 0x23, 0xC5, 0x1E, 0xE0, 0x38,
    0xD5, 0x71, 0x05, 0x0E, 0x21, 0x4A, 0xA2, 0xFE, 0x1B, 0x70, 0x7F, 0x26, 0x14, 0xFA, 0x26, 0xA1,
    0x0A, 0x55, 0x42, 0xB3, 0x07, 0xDC, 0x2E, 0xA1, 0xD0, 0x2E, 0x22, 0x4A, 0x12, 0x11, 0x25, 0xC0,
    0xED, 0xA4, 0x78, 0x9B, 0x24, 0x11, 0x48, 0x02, 0x2B, 0x20, 0x4A, 0x22, 0x0F, 0x49, 0x62, 0x3A,
    0xE0, 0x4B, 0x59, 0x5F, 0xC7, 0x2F, 0x39, 0x84, 0x06, 0x34, 0xA7, 0x33, 0xBA, 0x7E, 0x5C, 0xE4,
    0x02, 0x21, 0x1E, 0x16, 0xCF, 0x50, 0x20, 0x1E, 0x85, 0xC9, 0xA0, 0x99, 0x02, 0x26, 0xE4, 0x38,
    0x3D, 0xE5, 0x21, 0x75, 0x27, 0xD3, 0xCA, 0x2B, 0x17, 0x80, 0xE5, 0x60, 0x71, 0x58, 0x2A, 0x16,
    0x8E, 0x65, 0x7C, 0x50, 0x62, 0x33, 0xB0, 0x35, 0x8E, 0x1A, 0x25, 0x4A, 0x47, 0x4D, 0x04, 0x2B,
    0x36, 0x18, 0xDB, 0x8D, 0xCD, 0xC7, 0x56, 0x3C, 0x6E, 0xCC, 0x99, 0xB8, 0xDF, 0xC2, 0xAB, 0xAB,
    0xB9, 0x25, 0x34, 0x63, 0x40, 0xEF, 0xFB, 0xF5, 0xF9, 0xB7, 0xE0, 0xB4, 0x2B, 0xA2, 0xE9, 0x65,
    0x4A, 0x05, 0x4F, 0xC2, 0xBC, 0x79, 0x78, 0x8E, 0x52, 0x6E, 0xD7, 0x01, 0x9B, 0xC7, 0x66, 0x81,
    0xB4, 0x9D, 0xB1, 0xCD, 0xB8, 0x89, 0xBB, 0xCE, 0xE0, 0x01, 0xC1, 0x5F, 0xBF, 0xCA, 0x33, 0x4E,
    0xDE, 0xCB, 0xD5, 0xC9, 0xCB, 0xEB, 0xD5, 0x04, 0x28, 0x50, 0x11, 0x75, 0x78, 0x7B, 0xE4, 0x8B,
    0x69, 0x11, 0x6F, 0x71, 0x64, 0x24, 0x8F, 0xD7, 0x40, 0x11, 0x3F, 0x81, 0x33, 0x2B, 0x47, 0x7B,
    0xCE, 0xEC, 0x3A, 0xCC, 0x6C, 0x76, 0x10, 0x9B, 0x05, 0x47, 0x55, 0x95, 0x4F, 0x2E, 0x20, 0xC8,
    0x39, 0xFF, 0x12, 0x68, 0x39, 0x80, 0x47, 0xBE, 0x8D, 0x14, 0x94, 0xE4, 0x9A, 0xB8, 0x38, 0x84,
    0xF2, 0xED, 0xDD, 0x02, 0x69, 0x4F, 0x73, 0x5A, 0xD3, 0x98, 0xAF, 0x99, 0x32, 0x66, 0x93, 0xC9,
    0xE4, 0x33, 0xDE, 0x7B, 0x96, 0x03, 0xE3, 0x3D, 0x6C, 0x59, 0x1A, 0x0F, 0x63, 0x0F, 0xFF, 0x1E,
    0x73, 0xF9, 0x34, 0x2F, 0x82, 0x7D, 0x89, 0x3B, 0x8F, 0xE5, 0xDF, 0x44, 0xD8, 0x31, 0x8C, 0x80,
    0xD1, 0x30, 0x32, 0x86, 0x43, 0x81, 0xF9, 0x63, 0x6A, 0x99, 0x59, 0x3E, 0x07, 0xBC, 0x67, 0x75,
    0x02, 0xC6, 0x07, 0xD8, 0x06, 0xF8, 0x09, 0x30, 0x0D, 0xF0, 0x1F, 0x30, 0x57, 0xC0, 0xBC, 0x9C,
    0xEE, 0xC3, 0xDE, 0x5F, 0x22, 0x4B, 0xCC, 0x3F, 0x6B, 0xC1, 0xBA, 0xB0, 0x46, 0xAC, 0x17, 0x6B,
    0xC7, 0x3A, 0xB2, 0xA6, 0xAC, 0xEF, 0x89, 0xBA, 0xC3, 0xF4, 0xC1, 0x2C, 0x5B, 0xF6, 0x18, 0xFB,
    0xED, 0x65, 0xB2, 0x94, 0xF3, 0xCF, 0x5A, 0xB0, 0x2E, 0xAC, 0x11, 0xEB, 0xC5, 0xDA, 0xB1, 0x8E,
    0xAC, 0xE9, 0x89, 0xBA, 0xB3, 0x1F, 0x18, 0xCE, 0xE9, 0x7F, 0x0D, 0xEC, 0x2B, 0xF6, 0x58, 0xEE,
    0xB7, 0xC2, 0xEF, 0xC1, 0x46, 0x79, 0x00, 0x78, 0xD5, 0x09, 0xBB, 0x6B, 0xD7, 0x24, 0xEB, 0x6A,
    0x8E, 0x8F, 0x91, 0xF5, 0x88, 0x7C, 0x4B, 0x33, 0xF0, 0x8C, 0x69, 0x7B, 0x7C, 0xF0, 0xDC, 0x24,
    0x46, 0xAD, 0x1E, 0xD6, 0x14, 0xF9, 0xBF, 0xFC, 0x26, 0xF2, 0xEB, 0x48, 0xD7, 0x19, 0x71, 0x36,
    0x72, 0x67, 0x0A, 0x8D, 0x6C, 0xF6, 0xA6, 0x5A, 0xD2, 0x6A, 0x16, 0x6E, 0xD9, 0x85, 0x3A, 0x83,
    0x0D, 0xD7, 0x29, 0x8B, 0xD4, 0x68, 0x92, 0xF3, 0x3E, 0x86, 0x01, 0x03, 0x18, 0xBD, 0x90, 0xC9,
    0x2B, 0xAF, 0xAC, 0xDF, 0x82, 0x6D, 0xB6, 0x57, 0xD5, 0x1D, 0xD2, 0x66, 0xDB, 0x3D, 0xF7, 0x8B,
    0x72, 0x89, 0x6C, 0x76, 0x51, 0x12, 0x46, 0xEA, 0x2C, 0xA2, 0xE5, 0xC7, 0xE6, 0xE8, 0x85, 0xD1,
    0x3B, 0x12, 0x57, 0xFD, 0x2C, 0x56, 0xB6, 0xEE, 0x2B, 0xE4, 0xB7, 0xEE, 0x9B, 0x21, 0x72, 0xAA,
    0x7B, 0x17, 0x59, 0x2D, 0xF5, 0xEF, 0x6A, 0xD3, 0x82, 0x7F, 0xF8, 0x03, 0x21, 0xBA, 0xF7, 0xEF,
    0x27, 0x46, 0xCC, 0x10, 0xAB, 0x1C, 0x41, 0x91, 0x33, 0x20, 0x0E, 0x32, 0x2B, 0x45, 0xCF, 0x64,
    0xBE, 0x8C, 0xEA, 0x7C, 0x1F, 0x73, 0xD6, 0x2C, 0xE0, 0xA3, 0x69, 0xD1, 0x23, 0xD5, 0xDB, 0x11,
    0x99, 0x6F, 0xC7, 0x58, 0x08, 0x11, 0xDF, 0xC7, 0xBA, 0xF4, 0x45, 0x10, 0x13, 0xDD, 0x97, 0x73,
    0x44, 0x3D, 0x6E, 0xC7, 0x88, 0x72, 0xAA, 0x87, 0x84, 0x7D, 0x8B, 0x36, 0x9B, 0xF9, 0x35, 0x64,
    0x36, 0x70, 0xBB, 0x38, 0x20, 0xF8, 0x63, 0xDC, 0xDC, 0xDC, 0x7B, 0x49, 0xD0, 0x80, 0x5E, 0x6C,
    0xC4, 0x86, 0xCE, 0xCA, 0x3D, 0x12, 0x5C, 0x4D, 0xF5, 0x0E, 0xED, 0xB8, 0x9D, 0x22, 0xDA, 0x01,
    0x65, 0xF2, 0x9D, 0x68, 0x87, 0x9E, 0x37, 0xFF, 0xC8, 0x8F, 0x73, 0x94, 0x59, 0xCF, 0x42, 0x99,
    0x9C, 0x57, 0x7A, 0x7B, 0x22, 0x70, 0x86, 0x9E, 0x46, 0x02, 0x55, 0x00, 0x9A, 0x69, 0x2E, 0x53,
    0xF7, 0x0D, 0x73, 0x9A, 0x4C, 0xED, 0xCC, 0x7E, 0x98, 0xCB, 0x10, 0xE7, 0x97, 0x59, 0xBC, 0xAD,
    0xC7, 0x08, 0xD3, 0x37, 0x7D, 0x44, 0xBD, 0x6B, 0x13, 0xAA, 0xD1, 0x58, 0xAC, 0xD3, 0x09, 0x56,
    0x0D, 0xC8, 0x9C, 0x23, 0x22, 0xC2, 0x2A, 0xE8, 0x9B, 0x75, 0xEC, 0x8E, 0x30, 0x16, 0x06, 0x08,
    0xBA, 0x98, 0xDB, 0x1E, 0xCE, 0x50, 0xCC, 0x98, 0xE4, 0x51, 0x52, 0x49, 0xAA, 0x3D, 0x7A, 0x73,
    0x13, 0x78, 0x48, 0x6B, 0x2F, 0x9B, 0x43, 0xEC, 0x5B, 0x55, 0x1D, 0xD7, 0xB1, 0xE3, 0xBA, 0x20,
    0xDE, 0xB1, 0xFF, 0x9F, 0xF4, 0xE5, 0x81, 0x62, 0x3B, 0xE6, 0x1F, 0x9F, 0x44, 0x20, 0x1E, 0x39,
    0xC2, 0xCF, 0xE8, 0xF3, 0x35, 0x25, 0xFD, 0x4E, 0xA9, 0x5F, 0x53, 0xBF, 0xF8, 0x18, 0xFF, 0xE1,
    0x40, 0xF0, 0x2D, 0x07, 0x3D, 0xF6, 0xEB, 0x79, 0x25, 0xEF, 0xC9, 0xBC, 0x1A, 0xF1, 0x99, 0x86,
    0xA4, 0xCE, 0xF1, 0x27, 0x7F, 0xED, 0x5F, 0x70, 0x00, 0x6B, 0x90, 0x93, 0x92, 0x73, 0x74, 0x48,
    0xD9, 0xBF, 0x1B, 0xE0, 0x81, 0x01, 0x00, 0xED, 0x54, 0x41, 0x6A, 0xC4, 0x46, 0x10, 0x6C, 0x69,
    0xC1, 0x3A, 0x0C, 0x64, 0x73, 0xF7, 0x41, 0x4F, 0xD8, 0x27, 0x48, 0x3F, 0x49, 0x7E, 0xE0, 0x6B,
    0x20, 0x10, 0xE9, 0x09, 0x7E, 0x4A, 0x7E, 0x30, 0x22, 0xD7, 0x5C, 0x04, 0xF9, 0x80, 0x02, 0x81,
    0x5C, 0x87, 0x44, 0xE0, 0x09, 0x91, 0x54, 0xE9, 0xAE, 0xB6, 0x2D, 0x2D, 0x9B, 0x25, 0x76, 0x6E,
    0x81, 0x34, 0x76, 0x97, 0xCC, 0x54, 0x57, 0x75, 0x37, 0x33, 0x96, 0x66, 0x15, 0x8D, 0x0A, 0x83,
    0x41, 0x9C, 0x2D, 0x9F, 0x37, 0xCB, 0x25, 0x7A, 0x83, 0x38, 0x59, 0xAE, 0x33, 0x59, 0xE4, 0x16,
    0x10, 0x1E, 0xF4, 0x52, 0xC4, 0x5F, 0x9A, 0x41, 0x6A, 0xA0, 0x9E, 0x24, 0x02, 0x3F, 0xA6, 0x12,
    0xC0, 0xCB, 0x5C, 0xE1, 0xF9, 0xE1, 0xCF, 0xE5, 0xBC, 0x88, 0x34, 0x4B, 0x9D, 0x54, 0x6F, 0x6D,
    0x46, 0x2B, 0x56, 0xAE, 0x9C, 0xB6, 0x4E, 0x65, 0xCB, 0x2D, 0xFE, 0x73, 0x5E, 0xC9, 0x5C, 0x58,
    0xB5, 0x50, 0x21, 0x53, 0x6D, 0xA6, 0x72, 0x32, 0x17, 0x8C, 0xE6, 0x88, 0x5E, 0x3A, 0x40, 0x9B,
    0x0E, 0x80, 0x0D, 0xF0, 0xB4, 0xB5, 0x36, 0x05, 0x44, 0x08, 0xAD, 0xC1, 0xC5, 0xA7, 0x69, 0x30,
    0x1C, 0x20, 0x7E, 0xC5, 0xE1, 0x70, 0x4E, 0x3B, 0x14, 0x6B, 0x98, 0xC5, 0x1C, 0x4F, 0xCB, 0x0E,
    0x55, 0x2E, 0x6D, 0xF4, 0x30, 0x73, 0x76, 0xE5, 0x19, 0xD8, 0xD0, 0xAD, 0x2A, 0x8F, 0x62, 0x8D,
    0x36, 0x83, 0xFD, 0xD8, 0xA7, 0xB5, 0x1A, 0x5B, 0x3B, 0x16, 0x90, 0x5C, 0x18, 0xCC, 0x62, 0x12,
    0x21, 0x8B, 0x09, 0x56, 0x0B, 0x41, 0x7F, 0x43, 0xB6, 0x79, 0x8D, 0xA5, 0x34, 0x82, 0x40, 0x2E,
    0x13, 0xF7, 0x6B, 0x42, 0xD2, 0x0D, 0x26, 0xAB, 0xDA, 0x66, 0xA2, 0xDA, 0x11, 0x16, 0xD3, 0xDF,
    0x42, 0x63, 0x79, 0xB9, 0xCD, 0x5C, 0xE1, 0x7F, 0x32, 0xC3, 0x62, 0xBB, 0xCD, 0x9D, 0xED, 0x84,
    0x7B, 0xE2, 0x6A, 0xC5, 0xB8, 0xD7, 0x77, 0x93, 0xCB, 0xB2, 0x5C, 0x27, 0xCB, 0x61, 0x21, 0x69,
    0xE3, 0xB1, 0x5F, 0x89, 0x57, 0x8D, 0x44, 0x8D, 0xCC, 0xE3, 0xE3, 0xFD, 0x06, 0x8F, 0x1B, 0x27,
    0x1D, 0xBE, 0x31, 0x90, 0xB3, 0xF3, 0x59, 0x4B, 0x1D, 0x6A, 0x52, 0x9F, 0x5E, 0xBB, 0x2F, 0x7B,
    0x60, 0x3F, 0xDE, 0xDB, 0x75, 0xFD, 0x7C, 0x53, 0x7F, 0x67, 0x6A, 0xDC, 0x09, 0x61, 0x58, 0x7B,
    0xD4, 0x68, 0x1D, 0xE1, 0x50, 0x2C, 0x8E, 0xA7, 0xEC, 0x58, 0x25, 0xC7, 0xF3, 0x44, 0xE0, 0x6C,
    0x2C, 0xEF, 0x1D, 0xA3, 0x83, 0xAC, 0x0E, 0xE5, 0x5B, 0xF9, 0xEC, 0x18, 0xDE, 0xCA, 0x47, 0xF9,
    0x44, 0x74, 0xAF, 0xB8, 0x7D, 0xB2, 0xA7, 0xF6, 0x43, 0x3D, 0x9D, 0x93, 0x63, 0x3D, 0x5E, 0x6F,
    0xC2, 0xBD, 0xD6, 0x63, 0xCD, 0xC9, 0xA1, 0xCA, 0x84, 0x30, 0x1F, 0xEB, 0xDD, 0x9D, 0x2A, 0xEC,
    0x01, 0x68, 0x4D, 0x0B, 0xE8, 0xED, 0x5D, 0x03, 0x83, 0x35, 0x02, 0xE8, 0x31, 0xFC, 0xEE, 0x6D,
    0x4A, 0x4E, 0x34, 0x50, 0x85, 0x72, 0xA1, 0x1E, 0x9F, 0x77, 0xB6, 0xD6, 0xF8, 0xBC, 0x13, 0xC1,
    0x0C, 0xCA, 0x95, 0x06, 0xC5, 0xE6, 0x06, 0xF0, 0x21, 0xA3, 0xEF, 0xBD, 0x6B, 0x39, 0x6A, 0xD3,
    0x77, 0xDE, 0x3F, 0xD8, 0xC1, 0xB8, 0xB1, 0xAD, 0x9F, 0x17, 0xC2, 0x6F, 0x84, 0xF0, 0x7B, 0xE6,
    0x00, 0x2F, 0x7E, 0xEB, 0x91, 0x0E, 0x50, 0x60, 0xB4, 0xB2, 0xEC, 0xFF, 0x9C, 0x81, 0xF6, 0x84,
    0x2C, 0x15, 0x30, 0x9E, 0xA1, 0xE6, 0x40, 0xBA, 0x40, 0x6D, 0xE7, 0x90, 0x9B, 0x02, 0x7D, 0x33,
    0x94, 0xCB, 0x37, 0x6A, 0xA5, 0xFE, 0xEB, 0xF7, 0xDA, 0x4C, 0xD7, 0xCA, 0x77, 0xA3, 0xF6, 0xA6,
    0xD8, 0x0C, 0x8E, 0x97, 0xFE, 0xFA, 0xEF, 0x6F, 0xED, 0x5C, 0xF9, 0xBF, 0x26, 0xE5, 0x6B, 0xFD,
    0x4F, 0x59, 0x8F, 0x2E, 0xF3, 0xF9, 0x87, 0x4D, 0xF5, 0x54, 0xBF, 0x07, 0x20, 0x01, 0x90, 0x4E,
    0xFD, 0x4A, 0x2C, 0x52, 0x63, 0xE6, 0xA6, 0x4A, 0xF4, 0xEC, 0x1D, 0xEC, 0xB3, 0x71, 0x00, 0xA1,
    0x20, 0xD8, 0x76, 0x2C, 0xFE, 0x07, 0xBF, 0xA8, 0x1D, 0xE0, 0x80, 0xEC, 0x90, 0x1C, 0xF8, 0x1E,
    0x9E, 0xB2, 0xC8, 0x17, 0x52, 0x02, 0x93, 0x5C, 0x86, 0x00, 0x6C, 0x6D, 0x1C, 0x6A, 0x58, 0xB4,
    0xCD, 0xF4, 0x08, 0x6C, 0x76, 0xA7, 0x22, 0xB2, 0x04, 0x91, 0x07, 0x3C, 0xCB, 0x6D, 0xFC, 0x5B,
    0x95, 0xB8, 0x3F, 0x28, 0x3E, 0x24, 0x3E, 0x5C, 0x3E, 0x1C, 0xDC, 0x89, 0x77, 0x7A, 0x3E, 0xD0,
    0xC7, 0xFD, 0x8D, 0x77, 0xAD, 0xDC, 0xAF, 0x0D, 0x07, 0x7A, 0xF3, 0x4E, 0xE7, 0xBB, 0x7B, 0x8D,
    0x2F, 0xB9, 0xB1, 0xC4, 0x23, 0xCB, 0x15, 0x2C, 0x47, 0x68, 0x49, 0xC0, 0x1F, 0x6A, 0x1E, 0xD1,
    0x8B, 0x5F, 0xC3, 0x42, 0x27, 0x54, 0x57, 0xD8, 0x23, 0x07, 0x7B, 0xF2, 0xA1, 0xD0, 0x32, 0x67,
    0x6A, 0x60, 0xA4, 0x08, 0x0D, 0x9E, 0x48, 0x2D, 0x41, 0xC2, 0x85, 0x84, 0x02, 0xBC, 0xC8, 0x8F,
    0xA0, 0x63, 0x64, 0x0E, 0xCC, 0xF2, 0xB5, 0x1C, 0x02, 0x16, 0xE9, 0x36, 0xD3, 0x4A, 0x32, 0x33,
    0x46, 0xE6, 0xD5, 0x7D, 0xA7, 0xA3, 0xEF, 0xBC, 0xFB, 0xD6, 0x20, 0x3B, 0xD2, 0x37, 0x60, 0x9F,
    0x54, 0xEA, 0x44, 0x56, 0x62, 0xC5, 0x68, 0xD5, 0xAB, 0x13, 0xAD, 0xBF, 0xCC, 0x5E, 0x6D, 0x5E,
    0x8A, 0x71, 0x74, 0xC1, 0xB4, 0x2F, 0xEF, 0x99, 0xF9, 0x23, 0x3D, 0xFF, 0x05, 0x63, 0x00, 0x81,
    0xFF, 0x0E, 0x0C, 0x4C, 0xFF, 0xFF, 0x33, 0xFF, 0x3F, 0xC0, 0xC0, 0x0F, 0xA1, 0xEC, 0x51, 0xA8,
    0x7A, 0x07, 0xB0, 0x92, 0xFD, 0x0E, 0x20, 0xB5, 0x84, 0x29, 0xA0, 0x36, 0x10, 0xC0, 0x4A, 0x41,
    0x94, 0x0C, 0x4A, 0x0A, 0x14, 0x04, 0x0E, 0x40, 0x8A, 0x1F, 0x42, 0xD9, 0xA3, 0x50, 0xF5, 0x24,
    0x19, 0x06, 0xF1, 0xAD, 0x03, 0x56, 0x6A, 0x30, 0x07, 0x01, 0x00,
};

static const EpdGlyph terminalmono_24_regularGlyphs[] = {
    { 0, 0, 0, 0, 0, 0, 0 }, // U+0000
    { 0, 0, 480, 0, 0, 0, 0 }, // U+000D
    { 0, 0, 480, 0, 0, 0, 0 }, // U+0020
    { 8, 35, 480, 11, 35, 70, 0 }, // !
    { 14, 14, 480, 8, 37, 49, 70 }, // "
    { 30, 35, 480, 0, 35, 263, 119 }, // #
    { 26, 46, 480, 2, 40, 299, 382 }, // $
    { 30, 37, 480, 0, 36, 278, 681 }, // %
    { 28, 37, 480, 1, 36, 259, 959 }, // &
    { 4, 14, 480, 13, 37, 14, 1218 }, // '
    { 15, 45, 480, 10, 38, 169, 1232 }, // (
    { 15, 45, 480, 5, 38, 169, 1401 }, // )
    { 26, 25, 480, 2, 28, 163, 1570 }, // *
    { 24, 26, 480, 3, 28, 156, 1733 }, // +
    { 10, 14, 480, 10, 7, 35, 1889 }, // ,
    { 16, 4, 480, 7, 17, 16, 1924 }, // -
    { 8, 7, 480, 11, 7, 14, 1940 }, // .
    { 22, 45, 480, 4, 38, 248, 1954 }, // /
    { 26, 37, 480, 2, 36, 241, 2202 }, // 0
    { 26, 35, 480, 2, 35, 228, 2443 }, // 1
    { 24, 36, 480, 3, 36, 216, 2671 }, // 2
    { 24, 37, 480, 2, 36, 222, 2887 }, // 3
    { 28, 35, 480, 1, 35, 245, 3109 }, // 4
    { 24, 36, 480, 3, 35, 216, 3354 }, // 5
    { 24, 36, 480, 3, 35, 216, 3570 }, // 6
    { 24, 35, 480, 3, 35, 210, 3786 }, // 7
    { 26, 37, 480, 2, 36, 241, 3996 }, // 8
    { 24, 36, 480, 3, 36, 216, 4237 }, // 9
    { 8, 27, 480, 11, 27, 54, 4453 }, // :
    { 10, 34, 480, 10, 27, 85, 4507 }, // ;
    { 22, 29, 480, 4, 30, 160, 4592 }, // <
    { 24, 14, 480, 3, 22, 84, 4752 }, // =
    { 22, 29, 480, 4, 30, 160, 4836 }, // >
    { 23, 36, 480, 3, 36, 207, 4996 }, // ?
    { 24, 42, 480, 3, 36, 252, 5203 }, // @
    { 28, 35, 480, 1, 35, 245, 5455 }, // A
    { 24, 35, 480, 4, 35, 210, 5700 }, // B
    { 24, 37, 480, 3, 36, 222, 5910 }, // C
    { 24, 35, 480, 4, 35, 210, 6132 }, // D
    { 22, 35, 480, 4, 35, 193, 6342 }, // E
    { 23, 35, 480, 4, 35, 202, 6535 }, // F
    { 25, 37, 480, 2, 36, 232, 6737 }, // G
    { 22, 35, 480, 4, 35, 193, 6969 }, // H
    { 22, 35, 480, 4, 35, 193, 7162 }, // I
    { 21, 36, 480, 3, 35, 189, 7355 }, // J
    { 25, 35, 480, 4, 35, 219, 7544 }, // K
    { 21, 35, 480, 6, 35, 184, 7763 }, // L
    { 24, 35, 480, 3, 35, 210, 7947 }, // M
    { 22, 35, 480, 4, 35, 193, 8157 }, // N
    { 26, 37, 480, 2, 36, 241, 8350 }, // O
    { 24, 35, 480, 4, 35, 210, 8591 }, // P
    { 26, 44, 480, 2, 36, 286, 8801 }, // Q
    { 24, 35, 480, 4, 35, 210, 9087 }, // R
    { 26, 37, 480, 2, 36, 241, 9297 }, // S
    { 28, 35, 480, 1, 35, 245, 9538 }, // T
    { 22, 36, 480, 4, 35, 198, 9783 }, // U
    { 28, 35, 480, 1, 35, 245, 9981 }, // V
    { 28, 35, 480, 1, 35, 245, 10226 }, // W
    { 28, 35, 480, 1, 35, 245, 10471 }, // X
    { 30, 35, 480, 0, 35, 263, 10716 }, // Y
    { 26, 35, 480, 2, 35, 228, 10979 }, // Z
    { 15, 45, 480, 11, 38, 169, 11207 }, // [
    { 22, 45, 480, 4, 38, 248, 11376 }, // <backslash>
    { 15, 45, 480, 4, 38, 169, 11624 }, // ]
    { 26, 21, 480, 2, 35, 137, 11793 }, // ^
    { 24, 4, 480, 3, -5, 24, 11930 }, // _
    { 9, 10, 480, 9, 39, 23, 11954 }, // `
    { 25, 27, 480, 3, 26, 169, 11977 }, // a
    { 23, 38, 480, 4, 37, 219, 12146 }, // b
    { 22, 27, 480, 4, 26, 149, 12365 }, // c
    { 23, 38, 480, 3, 37, 219, 12514 }, // d
    { 24, 27, 480, 3, 26, 162, 12733 }, // e
    { 25, 37, 480, 3, 37, 232, 12895 }, // f
    { 26, 41, 480, 3, 30, 267, 13127 }, // g
    { 22, 37, 480, 4, 37, 204, 13394 }, // h
    { 23, 38, 480, 5, 38, 219, 13598 }, // i
    { 19, 48, 480, 4, 38, 228, 13817 }, // j
    { 24, 37, 480, 5, 37, 222, 14045 }, // k
    { 22, 37, 480, 4, 37, 204, 14267 }, // l
    { 26, 26, 480, 2, 26, 169, 14471 }, // m
    { 22, 26, 480, 4, 26, 143, 14640 }, // n
    { 24, 27, 480, 3, 26, 162, 14783 }, // o
    { 23, 36, 480, 4, 26, 207, 14945 }, // p
    { 23, 36, 480, 3, 26, 207, 15152 }, // q
    { 25, 26, 480, 3, 26, 163, 15359 }, // r
    { 24, 27, 480, 3, 26, 162, 15522 }, // s
    { 26, 35, 480, 1, 35, 228, 15684 }, // t
    { 22, 27, 480, 4, 26, 149, 15912 }, // u
    { 24, 26, 480, 3, 26, 156, 16061 }, // v
    { 28, 26, 480, 1, 26, 182, 16217 }, // w
    { 24, 26, 480, 3, 26, 156, 16399 }, // x
    { 26, 36, 480, 2, 26, 234, 16555 }, // y
    { 22, 26, 480, 4, 26, 143, 16789 }, // z
    { 20, 45, 480, 5, 38, 225, 16932 }, // {
    { 4, 45, 480, 13, 38, 45, 17157 }, // |
    { 20, 45, 480, 5, 38, 225, 17202 }, // }
    { 26, 11, 480, 2, 21, 72, 17427 }, // ~
    { 0, 0, 480, 0, 0, 0, 0 }, // U+00A0
    { 8, 37, 480, 11, 26, 74, 0 }, // U+00A1
    { 22, 36, 480, 4, 31, 198, 74 }, // U+00A2
    { 26, 36, 480, 2, 36, 234, 272 }, // U+00A3
    { 24, 33, 480, 3, 34, 198, 506 }, // U+00A4
    { 28, 35, 480, 1, 35, 245, 704 }, // U+00A5
    { 4, 45, 480, 13, 38, 45, 949 }, // U+00A6
    { 23, 44, 480, 4, 36, 253, 994 }, // U+00A7
    { 16, 5, 480, 7, 36, 20, 1247 }, // U+00A8
    { 30, 33, 480, 0, 34, 248, 1267 }, // U+00A9
    { 18, 18, 480, 6, 36, 81, 1515 }, // U+00AA
    { 24, 21, 480, 3, 24, 126, 1596 }, // U+00AB
    { 24, 14, 480, 3, 17, 84, 1722 }, // U+00AC
    { 16, 4, 480, 7, 17, 16, 1806 }, // U+00AD
    { 20, 18, 480, 5, 36, 90, 1822 }, // U+00AE
    { 14, 3, 480, 8, 35, 11, 1912 }, // U+00AF
    { 18, 18, 480, 6, 36, 81, 1923 }, // U+00B0
    { 24, 31, 480, 3, 31, 186, 2004 }, // U+00B1
    { 14, 19, 480, 8, 35, 67, 2190 }, // U+00B2
    { 15, 19, 480, 7, 35, 72, 2257 }, // U+00B3
    { 9, 10, 480, 12, 39, 23, 2329 }, // U+00B4
    { 22, 36, 480, 4, 26, 198, 2352 }, // U+00B5
    { 24, 42, 480, 2, 35, 252, 2550 }, // U+00B6
    { 8, 7, 480, 11, 19, 14, 2802 }, // U+00B7
    { 12, 13, 480, 10, 1, 39, 2816 }, // U+00B8
    { 16, 19, 480, 7, 35, 76, 2855 }, // U+00B9
    { 16, 19, 480, 7, 36, 76, 2931 }, // U+00BA
    { 24, 21, 480, 3, 24, 126, 3007 }, // U+00BB
    { 30, 35, 480, 0, 35, 263, 3133 }, // U+00BC
    { 30, 35, 480, 0, 35, 263, 3396 }, // U+00BD
    { 30, 35, 480, 0, 35, 263, 3659 }, // U+00BE
    { 23, 36, 480, 4, 26, 207, 3922 }, // U+00BF
    { 28, 48, 480, 1, 48, 336, 4129 }, // U+00C0
    { 28, 48, 480, 1, 48, 336, 4465 }, // U+00C1
    { 28, 47, 480, 1, 47, 329, 4801 }, // U+00C2
    { 28, 45, 480, 1, 45, 315, 5130 }, // U+00C3
    { 28, 45, 480, 1, 45, 315, 5445 }, // U+00C4
    { 28, 49, 480, 1, 49, 343, 5760 }, // U+00C5
    { 27, 35, 480, 1, 35, 237, 6103 }, // U+00C6
    { 24, 47, 480, 3, 36, 282, 6340 }, // U+00C7
    { 22, 48, 480, 4, 48, 264, 6622 }, // U+00C8
    { 22, 48, 480, 4, 48, 264, 6886 }, // U+00C9
    { 22, 47, 480, 4, 47, 259, 7150 }, // U+00CA
    { 22, 45, 480, 4, 45, 248, 7409 }, // U+00CB
    { 22, 48, 480, 4, 48, 264, 7657 }, // U+00CC
    { 22, 48, 480, 4, 48, 264, 7921 }, // U+00CD
    { 22, 47, 480, 4, 47, 259, 8185 }, // U+00CE
    { 22, 45, 480, 4, 45, 248, 8444 }, // U+00CF
    { 27, 35, 480, 1, 35, 237, 8692 }, // U+00D0
    { 22, 45, 480, 4, 45, 248, 8929 }, // U+00D1
    { 26, 49, 480, 2, 48, 319, 9177 }, // U+00D2
    { 26, 49, 480, 2, 48, 319, 9496 }, // U+00D3
    { 26, 48, 480, 2, 47, 312, 9815 }, // U+00D4
    { 26, 46, 480, 2, 45, 299, 10127 }, // U+00D5
    { 26, 46, 480, 2, 45, 299, 10426 }, // U+00D6
    { 22, 22, 480, 4, 26, 121, 10725 }, // U+00D7
    { 26, 41, 480, 2, 38, 267, 10846 }, // U+00D8
    { 22, 49, 480, 4, 48, 270, 11113 }, // U+00D9
    { 22, 49, 480, 4, 48, 270, 11383 }, // U+00DA
    { 22, 48, 480, 4, 47, 264, 11653 }, // U+00DB
    { 22, 46, 480, 4, 45, 253, 11917 }, // U+00DC
    { 30, 48, 480, 0, 48, 360, 12170 }, // U+00DD
    { 24, 35, 480, 4, 35, 210, 12530 }, // U+00DE
    { 24, 47, 480, 5, 37, 282, 12740 }, // U+00DF
    { 25, 40, 480, 3, 39, 250, 13022 }, // U+00E0
    { 25, 40, 480, 3, 39, 250, 13272 }, // U+00E1
    { 25, 40, 480, 3, 39, 250, 13522 }, // U+00E2
    { 25, 37, 480, 3, 36, 232, 13772 }, // U+00E3
    { 25, 37, 480, 3, 36, 232, 14004 }, // U+00E4
    { 25, 42, 480, 3, 41, 263, 14236 }, // U+00E5
    { 30, 27, 480, 0, 26, 203, 14499 }, // U+00E6
    { 22, 36, 480, 4, 26, 198, 14702 }, // U+00E7
    { 24, 40, 480, 3, 39, 240, 14900 }, // U+00E8
    { 24, 40, 480, 3, 39, 240, 15140 }, // U+00E9
    { 24, 40, 480, 3, 39, 240, 15380 }, // U+00EA
    { 24, 37, 480, 3, 36, 222, 15620 }, // U+00EB
    { 23, 39, 480, 5, 39, 225, 15842 }, // U+00EC
    { 23, 39, 480, 5, 39, 225, 16067 }, // U+00ED
    { 23, 39, 480, 5, 39, 225, 16292 }, // U+00EE
    { 23, 36, 480, 5, 36, 207, 16517 }, // U+00EF
    { 24, 39, 480, 3, 38, 234, 16724 }, // U+00F0
    { 22, 36, 480, 4, 36, 198, 16958 }, // U+00F1
    { 24, 40, 480, 3, 39, 240, 17156 }, // U+00F2
    { 24, 40, 480, 3, 39, 240, 17396 }, // U+00F3
    { 24, 40, 480, 3, 39, 240, 17636 }, // U+00F4
    { 24, 37, 480, 3, 36, 222, 17876 }, // U+00F5
    { 24, 37, 480, 3, 36, 222, 18098 }, // U+00F6
    { 24, 26, 480, 3, 28, 156, 18320 }, // U+00F7
    { 26, 31, 480, 2, 28, 202, 18476 }, // U+00F8
    { 22, 40, 480, 4, 39, 220, 18678 }, // U+00F9
    { 22, 40, 480, 4, 39, 220, 18898 }, // U+00FA
    { 22, 40, 480, 4, 39, 220, 19118 }, // U+00FB
    { 22, 37, 480, 4, 36, 204, 19338 }, // U+00FC
    { 26, 49, 480, 2, 39, 319, 19542 }, // U+00FD
    { 23, 47, 480, 4, 37, 271, 19861 }, // U+00FE
    { 26, 46, 480, 2, 36, 299, 20132 }, // U+00FF
    { 28, 43, 480, 1, 43, 301, 0 }, // U+0100
    { 25, 36, 480, 3, 35, 225, 301 }, // U+0101
    { 28, 47, 480, 1, 47, 329, 526 }, // U+0102
    { 25, 40, 480, 3, 39, 250, 855 }, // U+0103
    { 29, 45, 480, 1, 35, 327, 1105 }, // U+0104
    { 26, 36, 480, 3, 26, 234, 1432 }, // U+0105
    { 24, 49, 480, 3, 48, 294, 1666 }, // U+0106
    { 22, 40, 480, 4, 39, 220, 1960 }, // U+0107
    { 24, 48, 480, 3, 47, 288, 2180 }, // U+0108
    { 22, 40, 480, 4, 39, 220, 2468 }, // U+0109
    { 24, 46, 480, 3, 45, 276, 2688 }, // U+010A
    { 22, 38, 480, 4, 37, 209, 2964 }, // U+010B
    { 24, 48, 480, 3, 47, 288, 3173 }, // U+010C
    { 22, 40, 480, 4, 39, 220, 3461 }, // U+010D
    { 24, 47, 480, 4, 47, 282, 3681 }, // U+010E
    { 31, 38, 480, 2, 37, 295, 3963 }, // U+010F
    { 27, 35, 480, 1, 35, 237, 4258 }, // U+0110
    { 26, 38, 480, 3, 37, 247, 4495 }, // U+0111
    { 22, 43, 480, 4, 43, 237, 4742 }, // U+0112
    { 24, 36, 480, 3, 35, 216, 4979 }, // U+0113
    { 22, 47, 480, 4, 47, 259, 5195 }, // U+0114
    { 24, 40, 480, 3, 39, 240, 5454 }, // U+0115
    { 22, 45, 480, 4, 45, 248, 5694 }, // U+0116
    { 24, 38, 480, 3, 37, 228, 5942 }, // U+0117
    { 24, 45, 480, 4, 35, 270, 6170 }, // U+0118
    { 24, 36, 480, 3, 26, 216, 6440 }, // U+0119
    { 22, 47, 480, 4, 47, 259, 6656 }, // U+011A
    { 24, 40, 480, 3, 39, 240, 6915 }, // U+011B
    { 25, 48, 480, 2, 47, 300, 7155 }, // U+011C
    { 26, 50, 480, 3, 39, 325, 7455 }, // U+011D
    { 25, 48, 480, 2, 47, 300, 7780 }, // U+011E
    { 26, 50, 480, 3, 39, 325, 8080 }, // U+011F
    { 25, 46, 480, 2, 45, 288, 8405 }, // U+0120
    { 26, 48, 480, 3, 37, 312, 8693 }, // U+0121
    { 25, 49, 480, 2, 36, 307, 9005 }, // U+0122
    { 26, 50, 480, 3, 39, 325, 9312 }, // U+0123
    { 22, 47, 480, 4, 47, 259, 9637 }, // U+0124
    { 28, 48, 480, -2, 48, 336, 9896 }, // U+0125
    { 30, 35, 480, 0, 35, 263, 10232 }, // U+0126
    { 25, 37, 480, 1, 37, 232, 10495 }, // U+0127
    { 22, 45, 480, 4, 45, 248, 10727 }, // U+0128
    { 23, 36, 480, 5, 36, 207, 10975 }, // U+0129
    { 22, 43, 480, 4, 43, 237, 11182 }, // U+012A
    { 23, 35, 480, 5, 35, 202, 11419 }, // U+012B
    { 22, 47, 480, 4, 47, 259, 11621 }, // U+012C
    { 23, 39, 480, 5, 39, 225, 11880 }, // U+012D
    { 23, 45, 480, 4, 35, 259, 12105 }, // U+012E
    { 24, 48, 480, 5, 38, 288, 12364 }, // U+012F
    { 22, 45, 480, 4, 45, 248, 12652 }, // U+0130
    { 23, 26, 480, 5, 26, 150, 12900 }, // U+0131
    { 22, 36, 480, 4, 35, 198, 13050 }, // U+0132
    { 22, 48, 480, 4, 38, 264, 13248 }, // U+0133
    { 21, 48, 480, 3, 47, 252, 13512 }, // U+0134
    { 24, 49, 480, 4, 39, 294, 13764 }, // U+0135
    { 25, 48, 480, 4, 35, 300, 14058 }, // U+0136
    { 24, 50, 480, 5, 37, 300, 14358 }, // U+0137
    { 24, 26, 480, 5, 26, 156, 14658 }, // U+0138
    { 22, 48, 480, 5, 48, 264, 14814 }, // U+0139
    { 22, 48, 480, 4, 48, 264, 15078 }, // U+013A
    { 21, 48, 480, 6, 35, 252, 15342 }, // U+013B
    { 22, 50, 480, 4, 37, 275, 15594 }, // U+013C
    { 21, 38, 480, 6, 38, 200, 15869 }, // U+013D
    { 23, 38, 480, 4, 38, 219, 16069 }, // U+013E
    { 21, 35, 480, 6, 35, 184, 16288 }, // U+013F
    { 25, 37, 480, 4, 37, 232, 16472 }, // U+0140
    { 25, 35, 480, 2, 35, 219, 16704 }, // U+0141
    { 22, 37, 480, 4, 37, 204, 16923 }, // U+0142
    { 22, 48, 480, 4, 48, 264, 17127 }, // U+0143
    { 22, 39, 480, 4, 39, 215, 17391 }, // U+0144
    { 22, 48, 480, 4, 35, 264, 17606 }, // U+0145
    { 22, 39, 480, 4, 26, 215, 17870 }, // U+0146
    { 22, 47, 480, 4, 47, 259, 18085 }, // U+0147
    { 22, 39, 480, 4, 39, 215, 18344 }, // U+0148
    { 26, 37, 480, 0, 37, 241, 18559 }, // U+0149
    { 22, 45, 480, 4, 35, 248, 18800 }, // U+014A
    { 22, 36, 480, 4, 26, 198, 19048 }, // U+014B
    { 26, 44, 480, 2, 43, 286, 19246 }, // U+014C
    { 24, 36, 480, 3, 35, 216, 19532 }, // U+014D
    { 26, 48, 480, 2, 47, 312, 19748 }, // U+014E
    { 24, 40, 480, 3, 39, 240, 20060 }, // U+014F
    { 26, 49, 480, 2, 48, 319, 20300 }, // U+0150
    { 24, 40, 480, 3, 39, 240, 20619 }, // U+0151
    { 27, 35, 480, 1, 35, 237, 20859 }, // U+0152
    { 30, 27, 480, 0, 26, 203, 21096 }, // U+0153
    { 24, 48, 480, 4, 48, 288, 21299 }, // U+0154
    { 25, 39, 480, 3, 39, 244, 21587 }, // U+0155
    { 24, 48, 480, 4, 35, 288, 21831 }, // U+0156
    { 25, 39, 480, 3, 26, 244, 22119 }, // U+0157
    { 24, 47, 480, 4, 47, 282, 22363 }, // U+0158
    { 25, 39, 480, 3, 39, 244, 22645 }, // U+0159
    { 26, 49, 480, 2, 48, 319, 22889 }, // U+015A
    { 24, 40, 480, 3, 39, 240, 23208 }, // U+015B
    { 26, 48, 480, 2, 47, 312, 23448 }, // U+015C
    { 24, 40, 480, 3, 39, 240, 23760 }, // U+015D
    { 26, 47, 480, 2, 36, 306, 24000 }, // U+015E
    { 24, 37, 480, 3, 26, 222, 24306 }, // U+015F
    { 26, 48, 480, 2, 47, 312, 24528 }, // U+0160
    { 24, 40, 480, 3, 39, 240, 24840 }, // U+0161
    { 28, 46, 480, 1, 35, 322, 25080 }, // U+0162
    { 26, 46, 480, 1, 35, 299, 25402 }, // U+0163
    { 28, 47, 480, 1, 47, 329, 25701 }, // U+0164
    { 26, 39, 480, 1, 39, 254, 26030 }, // U+0165
    { 28, 35, 480, 1, 35, 245, 26284 }, // U+0166
    { 26, 35, 480, 1, 35, 228, 26529 }, // U+0167
    { 22, 46, 480, 4, 45, 253, 26757 }, // U+0168
    { 22, 37, 480, 4, 36, 204, 27010 }, // U+0169
    { 22, 44, 480, 4, 43, 242, 27214 }, // U+016A
    { 22, 36, 480, 4, 35, 198, 27456 }, // U+016B
    { 22, 48, 480, 4, 47, 264, 27654 }, // U+016C
    { 22, 40, 480, 4, 39, 220, 27918 }, // U+016D
    { 22, 50, 480, 4, 49, 275, 28138 }, // U+016E
    { 22, 42, 480, 4, 41, 231, 28413 }, // U+016F
    { 22, 49, 480, 4, 48, 270, 28644 }, // U+0170
    { 22, 40, 480, 4, 39, 220, 28914 }, // U+0171
    { 22, 45, 480, 4, 35, 248, 29134 }, // U+0172
    { 23, 36, 480, 4, 26, 207, 29382 }, // U+0173
    { 28, 47, 480, 1, 47, 329, 29589 }, // U+0174
    { 28, 39, 480, 1, 39, 273, 29918 }, // U+0175
    { 30, 47, 480, 0, 47, 353, 30191 }, // U+0176
    { 26, 49, 480, 2, 39, 319, 30544 }, // U+0177
    { 30, 45, 480, 0, 45, 338, 30863 }, // U+0178
    { 26, 48, 480, 2, 48, 312, 31201 }, // U+0179
    { 22, 39, 480, 4, 39, 215, 31513 }, // U+017A
    { 26, 45, 480, 2, 45, 293, 31728 }, // U+017B
    { 22, 37, 480, 4, 37, 204, 32021 }, // U+017C
    { 26, 47, 480, 2, 47, 306, 32225 }, // U+017D
    { 22, 39, 480, 4, 39, 215, 32531 }, // U+017E
    { 25, 37, 480, 3, 37, 232, 32746 }, // U+017F
    { 26, 42, 480, 2, 41, 273, 0 }, // U+01A0
    { 24, 32, 480, 3, 31, 192, 273 }, // U+01A1
    { 26, 42, 480, 4, 41, 273, 465 }, // U+01AF
    { 26, 33, 480, 4, 32, 215, 738 }, // U+01B0
    { 28, 47, 480, 1, 47, 329, 953 }, // U+01CD
    { 25, 40, 480, 3, 39, 250, 1282 }, // U+01CE
    { 22, 47, 480, 4, 47, 259, 1532 }, // U+01CF
    { 23, 39, 480, 5, 39, 225, 1791 }, // U+01D0
    { 26, 48, 480, 2, 47, 312, 2016 }, // U+01D1
    { 24, 40, 480, 3, 39, 240, 2328 }, // U+01D2
    { 22, 48, 480, 4, 47, 264, 2568 }, // U+01D3
    { 22, 40, 480, 4, 39, 220, 2832 }, // U+01D4
    { 22, 51, 480, 4, 50, 281, 3052 }, // U+01D5
    { 22, 43, 480, 4, 42, 237, 3333 }, // U+01D6
    { 22, 56, 480, 4, 55, 308, 3570 }, // U+01D7
    { 22, 48, 480, 4, 47, 264, 3878 }, // U+01D8
    { 22, 55, 480, 4, 54, 303, 4142 }, // U+01D9
    { 22, 47, 480, 4, 46, 259, 4445 }, // U+01DA
    { 22, 56, 480, 4, 55, 308, 4704 }, // U+01DB
    { 22, 48, 480, 4, 47, 264, 5012 }, // U+01DC
    { 28, 57, 480, 1, 57, 399, 5276 }, // U+01FA
    { 25, 50, 480, 3, 49, 313, 5675 }, // U+01FB
    { 27, 48, 480, 1, 48, 324, 5988 }, // U+01FC
    { 30, 40, 480, 0, 39, 300, 6312 }, // U+01FD
    { 26, 51, 480, 2, 48, 332, 6612 }, // U+01FE
    { 26, 42, 480, 2, 39, 273, 6944 }, // U+01FF
    { 26, 49, 480, 2, 36, 319, 7217 }, // U+0218
    { 24, 39, 480, 3, 26, 234, 7536 }, // U+0219
    { 28, 48, 480, 1, 35, 336, 7770 }, // U+021A
    { 26, 48, 480, 1, 35, 312, 8106 }, // U+021B
    { 9, 10, 0, -6, 39, 23, 0 }, // U+0300
    { 9, 10, 0, -3, 39, 23, 23 }, // U+0301
    { 17, 9, 0, -8, 39, 39, 46 }, // U+0302
    { 18, 6, 0, -9, 36, 27, 85 }, // U+0303
    { 15, 3, 0, -7, 35, 12, 112 }, // U+0304
    { 17, 9, 0, -8, 39, 39, 124 }, // U+0306
    { 8, 6, 0, -4, 37, 12, 163 }, // U+0307
    { 16, 5, 0, -8, 36, 20, 175 }, // U+0308
    { 10, 9, 0, -5, 38, 23, 195 }, // U+0309
    { 12, 12, 0, -6, 41, 36, 218 }, // U+030A
    { 16, 10, 0, -6, 39, 40, 254 }, // U+030B
    { 17, 9, 0, -8, 39, 39, 294 }, // U+030C
    { 8, 10, 0, -3, 39, 20, 333 }, // U+0312
    { 6, 10, 0, 0, 38, 15, 353 }, // U+0315
    { 8, 9, 0, -4, 32, 18, 368 }, // U+031B
    { 6, 6, 0, -3, -3, 9, 386 }, // U+0323
    { 7, 10, 0, -4, -3, 18, 395 }, // U+0326
    { 12, 13, 0, -5, 1, 39, 413 }, // U+0327
    { 11, 12, 0, -9, 2, 33, 452 }, // U+0328
    { 22, 48, 480, 4, 48, 264, 0 }, // U+0400
    { 22, 45, 480, 4, 45, 248, 264 }, // U+0401
    { 28, 43, 480, 0, 35, 301, 512 }, // U+0402
    { 21, 48, 480, 6, 48, 252, 813 }, // U+0403
    { 25, 37, 480, 3, 36, 232, 1065 }, // U+0404
    { 26, 37, 480, 2, 36, 241, 1297 }, // U+0405
    { 22, 35, 480, 4, 35, 193, 1538 }, // U+0406
    { 22, 45, 480, 4, 45, 248, 1731 }, // U+0407
    { 21, 36, 480, 3, 35, 189, 1979 }, // U+0408
    { 31, 35, 480, -1, 35, 272, 2168 }, // U+0409
    { 28, 35, 480, 2, 35, 245, 2440 }, // U+040A
    { 28, 35, 480, 0, 35, 245, 2685 }, // U+040B
    { 24, 48, 480, 4, 48, 288, 2930 }, // U+040C
    { 22, 48, 480, 4, 48, 264, 3218 }, // U+040D
    { 27, 47, 480, 2, 47, 318, 3482 }, // U+040E
    { 22, 43, 480, 4, 35, 237, 3800 }, // U+040F
    { 28, 35, 480, 1, 35, 245, 4037 }, // U+0410
    { 23, 35, 480, 4, 35, 202, 4282 }, // U+0411
    { 24, 35, 480, 4, 35, 210, 4484 }, // U+0412
    { 21, 35, 480, 6, 35, 184, 4694 }, // U+0413
    { 29, 43, 480, 0, 35, 312, 4878 }, // U+0414
    { 22, 35, 480, 4, 35, 193, 5190 }, // U+0415
    { 30, 35, 480, 0, 35, 263, 5383 }, // U+0416
    { 25, 37, 480, 2, 36, 232, 5646 }, // U+0417
    { 22, 35, 480, 4, 35, 193, 5878 }, // U+0418
    { 22, 47, 480, 4, 47, 259, 6071 }, // U+0419
    { 24, 35, 480, 4, 35, 210, 6330 }, // U+041A
    { 27, 35, 480, 0, 35, 237, 6540 }, // U+041B
    { 24, 35, 480, 3, 35, 210, 6777 }, // U+041C
    { 22, 35, 480, 4, 35, 193, 6987 }, // U+041D
    { 26, 37, 480, 2, 36, 241, 7180 }, // U+041E
    { 22, 35, 480, 4, 35, 193, 7421 }, // U+041F
    { 24, 35, 480, 4, 35, 210, 7614 }, // U+0420
    { 24, 37, 480, 3, 36, 222, 7824 }, // U+0421
    { 28, 35, 480, 1, 35, 245, 8046 }, // U+0422
    { 27, 35, 480, 2, 35, 237, 8291 }, // U+0423
    { 28, 39, 480, 1, 37, 273, 8528 }, // U+0424
    { 28, 35, 480, 1, 35, 245, 8801 }, // U+0425
    { 25, 43, 480, 4, 35, 269, 9046 }, // U+0426
    { 23, 35, 480, 3, 35, 202, 9315 }, // U+0427
    { 26, 35, 480, 2, 35, 228, 9517 }, // U+0428
    { 28, 43, 480, 2, 35, 301, 9745 }, // U+0429
    { 29, 35, 480, 0, 35, 254, 10046 }, // U+042A
    { 26, 35, 480, 2, 35, 228, 10300 }, // U+042B
    { 24, 35, 480, 4, 35, 210, 10528 }, // U+042C
    { 25, 37, 480, 2, 36, 232, 10738 }, // U+042D
    { 26, 37, 480, 2, 36, 241, 10970 }, // U+042E
    { 25, 35, 480, 1, 35, 219, 11211 }, // U+042F
    { 25, 27, 480, 3, 26, 169, 11430 }, // U+0430
    { 24, 38, 480, 3, 37, 228, 11599 }, // U+0431
    { 22, 26, 480, 5, 26, 143, 11827 }, // U+0432
    { 20, 26, 480, 6, 26, 130, 11970 }, // U+0433
    { 28, 33, 480, 1, 26, 231, 12100 }, // U+0434
    { 24, 27, 480, 3, 26, 162, 12331 }, // U+0435
    { 28, 26, 480, 1, 26, 182, 12493 }, // U+0436
    { 22, 27, 480, 3, 26, 149, 12675 }, // U+0437
    { 22, 26, 480, 4, 26, 143, 12824 }, // U+0438
    { 22, 39, 480, 4, 39, 215, 12967 }, // U+0439
    { 22, 26, 480, 5, 26, 143, 13182 }, // U+043A
    { 24, 26, 480, 1, 26, 156, 13325 }, // U+043B
    { 24, 26, 480, 3, 26, 156, 13481 }, // U+043C
    { 22, 26, 480, 4, 26, 143, 13637 }, // U+043D
    { 24, 27, 480, 3, 26, 162, 13780 }, // U+043E
    { 22, 26, 480, 4, 26, 143, 13942 }, // U+043F
    { 23, 36, 480, 4, 26, 207, 14085 }, // U+0440
    { 22, 27, 480, 4, 26, 149, 14292 }, // U+0441
    { 24, 26, 480, 3, 26, 156, 14441 }, // U+0442
    { 26, 36, 480, 2, 26, 234, 14597 }, // U+0443
    { 26, 46, 480, 2, 36, 299, 14831 }, // U+0444
    { 24, 26, 480, 3, 26, 156, 15130 }, // U+0445
    { 25, 33, 480, 4, 26, 207, 15286 }, // U+0446
    { 21, 26, 480, 4, 26, 137, 15493 }, // U+0447
    { 26, 26, 480, 2, 26, 169, 15630 }, // U+0448
    { 28, 33, 480, 2, 26, 231, 15799 }, // U+0449
    { 28, 26, 480, 0, 26, 182, 16030 }, // U+044A
    { 26, 26, 480, 2, 26, 169, 16212 }, // U+044B
    { 22, 26, 480, 5, 26, 143, 16381 }, // U+044C
    { 22, 27, 480, 4, 26, 149, 16524 }, // U+044D
    { 26, 27, 480, 2, 26, 176, 16673 }, // U+044E
    { 22, 26, 480, 3, 26, 143, 16849 }, // U+044F
    { 24, 40, 480, 3, 39, 240, 16992 }, // U+0450
    { 24, 37, 480, 3, 36, 222, 17232 }, // U+0451
    { 25, 47, 480, 1, 37, 294, 17454 }, // U+0452
    { 20, 39, 480, 6, 39, 195, 17748 }, // U+0453
    { 22, 27, 480, 4, 26, 149, 17943 }, // U+0454
    { 24, 27, 480, 3, 26, 162, 18092 }, // U+0455
    { 23, 38, 480, 5, 38, 219, 18254 }, // U+0456
    { 23, 36, 480, 5, 36, 207, 18473 }, // U+0457
    { 19, 48, 480, 4, 38, 228, 18680 }, // U+0458
    { 30, 26, 480, 0, 26, 195, 18908 }, // U+0459
    { 28, 26, 480, 2, 26, 182, 19103 }, // U+045A
    { 25, 37, 480, 1, 37, 232, 19285 }, // U+045B
    { 22, 39, 480, 5, 39, 215, 19517 }, // U+045C
    { 22, 39, 480, 4, 39, 215, 19732 }, // U+045D
    { 26, 49, 480, 2, 39, 319, 19947 }, // U+045E
    { 22, 33, 480, 4, 26, 182, 20266 }, // U+045F
    { 26, 37, 480, 2, 36, 241, 20448 }, // U+0472
    { 24, 27, 480, 3, 26, 162, 20689 }, // U+0473
    { 21, 43, 480, 6, 43, 226, 20851 }, // U+0490
    { 20, 33, 480, 6, 33, 165, 21077 }, // U+0491
    { 26, 35, 480, 2, 35, 228, 21242 }, // U+0492
    { 25, 26, 480, 2, 26, 163, 21470 }, // U+0493
    { 23, 43, 480, 4, 35, 248, 21633 }, // U+0494
    { 21, 36, 480, 5, 26, 189, 21881 }, // U+0495
    { 33, 43, 480, -1, 35, 355, 22070 }, // U+0496
    { 29, 33, 480, 1, 26, 240, 22425 }, // U+0497
    { 25, 44, 480, 2, 36, 275, 22665 }, // U+0498
    { 22, 34, 480, 3, 26, 187, 22940 }, // U+0499
    { 25, 43, 480, 3, 35, 269, 23127 }, // U+049A
    { 23, 33, 480, 4, 26, 190, 23396 }, // U+049B
    { 26, 35, 480, 3, 35, 228, 23586 }, // U+049C
    { 24, 26, 480, 4, 26, 156, 23814 }, // U+049D
    { 30, 35, 480, 0, 35, 263, 23970 }, // U+04A0
    { 29, 26, 480, 0, 26, 189, 24233 }, // U+04A1
    { 25, 43, 480, 4, 35, 269, 24422 }, // U+04A2
    { 25, 33, 480, 4, 26, 207, 24691 }, // U+04A3
    { 28, 35, 480, 2, 35, 245, 24898 }, // U+04A4
    { 27, 26, 480, 2, 26, 176, 25143 }, // U+04A5
    { 24, 43, 480, 3, 36, 258, 25319 }, // U+04AA
    { 22, 34, 480, 4, 26, 187, 25577 }, // U+04AB
    { 30, 35, 480, 0, 35, 263, 25764 }, // U+04AE
    { 24, 36, 480, 3, 26, 216, 26027 }, // U+04AF
    { 30, 35, 480, 0, 35, 263, 26243 }, // U+04B0
    { 24, 36, 480, 3, 26, 216, 26506 }, // U+04B1
    { 30, 43, 480, 1, 35, 323, 26722 }, // U+04B2
    { 26, 33, 480, 3, 26, 215, 27045 }, // U+04B3
    { 27, 43, 480, 2, 35, 291, 27260 }, // U+04B6
    { 26, 33, 480, 3, 26, 215, 27551 }, // U+04B7
    { 23, 35, 480, 3, 35, 202, 27766 }, // U+04B8
    { 21, 26, 480, 4, 26, 137, 27968 }, // U+04B9
    { 23, 35, 480, 4, 35, 202, 28105 }, // U+04BA
    { 22, 37, 480, 4, 37, 204, 28307 }, // U+04BB
    { 22, 35, 480, 4, 35, 193, 28511 }, // U+04C0
    { 30, 47, 480, 0, 47, 353, 28704 }, // U+04C1
    { 28, 39, 480, 1, 39, 273, 29057 }, // U+04C2
    { 22, 37, 480, 4, 37, 204, 29330 }, // U+04CF
    { 28, 47, 480, 1, 47, 329, 29534 }, // U+04D0
    { 25, 40, 480, 3, 39, 250, 29863 }, // U+04D1
    { 28, 45, 480, 1, 45, 315, 30113 }, // U+04D2
    { 25, 37, 480, 3, 36, 232, 30428 }, // U+04D3
    { 27, 35, 480, 1, 35, 237, 30660 }, // U+04D4
    { 30, 27, 480, 0, 26, 203, 30897 }, // U+04D5
    { 22, 47, 480, 4, 47, 259, 31100 }, // U+04D6
    { 24, 40, 480, 3, 39, 240, 31359 }, // U+04D7
    { 26, 37, 480, 2, 36, 241, 31599 }, // U+04D8
    { 24, 27, 480, 3, 26, 162, 31840 }, // U+04D9
    { 30, 45, 480, 0, 45, 338, 32002 }, // U+04DC
    { 28, 36, 480, 1, 36, 252, 32340 }, // U+04DD
    { 25, 46, 480, 2, 45, 288, 32592 }, // U+04DE
    { 22, 37, 480, 3, 36, 204, 32880 }, // U+04DF
    { 22, 43, 480, 4, 43, 237, 33084 }, // U+04E2
    { 22, 35, 480, 4, 35, 193, 33321 }, // U+04E3
    { 22, 45, 480, 4, 45, 248, 33514 }, // U+04E4
    { 22, 36, 480, 4, 36, 198, 33762 }, // U+04E5
    { 26, 46, 480, 2, 45, 299, 33960 }, // U+04E6
    { 24, 37, 480, 3, 36, 222, 34259 }, // U+04E7
    { 26, 37, 480, 2, 36, 241, 34481 }, // U+04E8
    { 24, 27, 480, 3, 26, 162, 34722 }, // U+04E9
    { 27, 43, 480, 2, 43, 291, 34884 }, // U+04EE
    { 26, 45, 480, 2, 35, 293, 35175 }, // U+04EF
    { 27, 45, 480, 2, 45, 304, 35468 }, // U+04F0
    { 26, 46, 480, 2, 36, 299, 35772 }, // U+04F1
    { 27, 48, 480, 2, 48, 324, 36071 }, // U+04F2
    { 26, 49, 480, 2, 39, 319, 36395 }, // U+04F3
    { 23, 45, 480, 3, 45, 259, 36714 }, // U+04F4
    { 21, 36, 480, 4, 36, 189, 36973 }, // U+04F5
    { 26, 45, 480, 2, 45, 293, 37162 }, // U+04F8
    { 26, 36, 480, 2, 36, 234, 37455 }, // U+04F9
    { 28, 44, 480, 1, 35, 308, 0 }, // U+1EA0
    { 25, 35, 480, 3, 26, 219, 308 }, // U+1EA1
    { 28, 46, 480, 1, 46, 322, 527 }, // U+1EA2
    { 25, 39, 480, 3, 38, 244, 849 }, // U+1EA3
    { 28, 55, 480, 1, 55, 385, 1093 }, // U+1EA4
    { 25, 47, 480, 3, 46, 294, 1478 }, // U+1EA5
    { 28, 55, 480, 1, 55, 385, 1772 }, // U+1EA6
    { 27, 47, 480, 1, 46, 318, 2157 }, // U+1EA7
    { 28, 53, 480, 1, 53, 371, 2475 }, // U+1EA8
    { 25, 46, 480, 3, 45, 288, 2846 }, // U+1EA9
    { 28, 54, 480, 1, 54, 378, 3134 }, // U+1EAA
    { 25, 46, 480, 3, 45, 288, 3512 }, // U+1EAB
    { 28, 56, 480, 1, 47, 392, 3800 }, // U+1EAC
    { 25, 48, 480, 3, 39, 300, 4192 }, // U+1EAD
    { 28, 54, 480, 1, 54, 378, 4492 }, // U+1EAE
    { 25, 46, 480, 3, 45, 288, 4870 }, // U+1EAF
    { 28, 54, 480, 1, 54, 378, 5158 }, // U+1EB0
    { 25, 46, 480, 3, 45, 288, 5536 }, // U+1EB1
    { 28, 53, 480, 1, 53, 371, 5824 }, // U+1EB2
    { 25, 45, 480, 3, 44, 282, 6195 }, // U+1EB3
    { 28, 53, 480, 1, 53, 371, 6477 }, // U+1EB4
    { 25, 45, 480, 3, 44, 282, 6848 }, // U+1EB5
    { 28, 56, 480, 1, 47, 392, 7130 }, // U+1EB6
    { 25, 48, 480, 3, 39, 300, 7522 }, // U+1EB7
    { 22, 44, 480, 4, 35, 242, 7822 }, // U+1EB8
    { 24, 35, 480, 3, 26, 210, 8064 }, // U+1EB9
    { 22, 46, 480, 4, 46, 253, 8274 }, // U+1EBA
    { 24, 39, 480, 3, 38, 234, 8527 }, // U+1EBB
    { 22, 45, 480, 4, 45, 248, 8761 }, // U+1EBC
    { 24, 37, 480, 3, 36, 222, 9009 }, // U+1EBD
    { 25, 55, 480, 4, 55, 344, 9231 }, // U+1EBE
    { 26, 47, 480, 3, 46, 306, 9575 }, // U+1EBF
    { 24, 55, 480, 2, 55, 330, 9881 }, // U+1EC0
    { 25, 47, 480, 2, 46, 294, 10211 }, // U+1EC1
    { 23, 53, 480, 4, 53, 305, 10505 }, // U+1EC2
    { 24, 46, 480, 3, 45, 276, 10810 }, // U+1EC3
    { 22, 54, 480, 4, 54, 297, 11086 }, // U+1EC4
    { 24, 46, 480, 3, 45, 276, 11383 }, // U+1EC5
    { 22, 56, 480, 4, 47, 308, 11659 }, // U+1EC6
    { 24, 48, 480, 3, 39, 288, 11967 }, // U+1EC7
    { 22, 46, 480, 4, 46, 253, 12255 }, // U+1EC8
    { 23, 38, 480, 5, 38, 219, 12508 }, // U+1EC9
    { 22, 44, 480, 4, 35, 242, 12727 }, // U+1ECA
    { 23, 47, 480, 5, 38, 271, 12969 }, // U+1ECB
    { 26, 45, 480, 2, 36, 293, 13240 }, // U+1ECC
    { 24, 35, 480, 3, 26, 210, 13533 }, // U+1ECD
    { 26, 47, 480, 2, 46, 306, 13743 }, // U+1ECE
    { 24, 39, 480, 3, 38, 234, 14049 }, // U+1ECF
    { 26, 56, 480, 2, 55, 364, 14283 }, // U+1ED0
    { 25, 47, 480, 3, 46, 294, 14647 }, // U+1ED1
    { 26, 56, 480, 2, 55, 364, 14941 }, // U+1ED2
    { 25, 47, 480, 2, 46, 294, 15305 }, // U+1ED3
    { 26, 54, 480, 2, 53, 351, 15599 }, // U+1ED4
    { 24, 46, 480, 3, 45, 276, 15950 }, // U+1ED5
    { 26, 55, 480, 2, 54, 358, 16226 }, // U+1ED6
    { 24, 46, 480, 3, 45, 276, 16584 }, // U+1ED7
    { 26, 56, 480, 2, 47, 364, 16860 }, // U+1ED8
    { 24, 48, 480, 3, 39, 288, 17224 }, // U+1ED9
    { 26, 49, 480, 2, 48, 319, 17512 }, // U+1EDA
    { 24, 40, 480, 3, 39, 240, 17831 }, // U+1EDB
    { 26, 49, 480, 2, 48, 319, 18071 }, // U+1EDC
    { 24, 40, 480, 3, 39, 240, 18390 }, // U+1EDD
    { 26, 47, 480, 2, 46, 306, 18630 }, // U+1EDE
    { 24, 39, 480, 3, 38, 234, 18936 }, // U+1EDF
    { 26, 45, 480, 2, 44, 293, 19170 }, // U+1EE0
    { 24, 36, 480, 3, 35, 216, 19463 }, // U+1EE1
    { 26, 50, 480, 2, 41, 325, 19679 }, // U+1EE2
    { 24, 40, 480, 3, 31, 240, 20004 }, // U+1EE3
    { 22, 44, 480, 4, 35, 242, 20244 }, // U+1EE4
    { 22, 35, 480, 4, 26, 193, 20486 }, // U+1EE5
    { 22, 47, 480, 4, 46, 259, 20679 }, // U+1EE6
    { 22, 39, 480, 4, 38, 215, 20938 }, // U+1EE7
    { 26, 49, 480, 4, 48, 319, 21153 }, // U+1EE8
    { 26, 40, 480, 4, 39, 260, 21472 }, // U+1EE9
    { 26, 49, 480, 4, 48, 319, 21732 }, // U+1EEA
    { 26, 40, 480, 4, 39, 260, 22051 }, // U+1EEB
    { 26, 47, 480, 4, 46, 306, 22311 }, // U+1EEC
    { 26, 39, 480, 4, 38, 254, 22617 }, // U+1EED
    { 26, 45, 480, 4, 44, 293, 22871 }, // U+1EEE
    { 26, 36, 480, 4, 35, 234, 23164 }, // U+1EEF
    { 26, 50, 480, 4, 41, 325, 23398 }, // U+1EF0
    { 26, 41, 480, 4, 32, 267, 23723 }, // U+1EF1
    { 30, 48, 480, 0, 48, 360, 23990 }, // U+1EF2
    { 26, 49, 480, 2, 39, 319, 24350 }, // U+1EF3
    { 30, 44, 480, 0, 35, 330, 24669 }, // U+1EF4
    { 26, 36, 480, 2, 26, 234, 24999 }, // U+1EF5
    { 30, 46, 480, 0, 46, 345, 25233 }, // U+1EF6
    { 26, 48, 480, 2, 38, 312, 25578 }, // U+1EF7
    { 30, 45, 480, 0, 45, 338, 25890 }, // U+1EF8
    { 26, 46, 480, 2, 36, 299, 26228 }, // U+1EF9
    { 24, 4, 480, 3, 17, 24, 0 }, // U+2013
    { 30, 4, 480, 0, 17, 30, 24 }, // U+2014
    { 10, 14, 480, 9, 37, 35, 54 }, // U+2018
    { 10, 14, 480, 11, 37, 35, 89 }, // U+2019
    { 10, 14, 480, 10, 7, 35, 124 }, // U+201A
    { 22, 14, 480, 4, 37, 77, 159 }, // U+201C
    { 22, 14, 480, 5, 37, 77, 236 }, // U+201D
    { 22, 14, 480, 5, 7, 77, 313 }, // U+201E
    { 24, 47, 480, 3, 37, 282, 390 }, // U+2020
    { 24, 47, 480, 3, 37, 282, 672 }, // U+2021
    { 14, 12, 480, 8, 21, 42, 954 }, // U+2022
    { 26, 7, 480, 2, 7, 46, 996 }, // U+2026
    { 30, 37, 480, 0, 36, 278, 1042 }, // U+2030
    { 8, 16, 480, 11, 35, 32, 1320 }, // U+2032
    { 16, 16, 480, 7, 35, 64, 1352 }, // U+2033
    { 13, 21, 480, 8, 24, 69, 1416 }, // U+2039
    { 13, 21, 480, 9, 24, 69, 1485 }, // U+203A
    { 30, 35, 480, 0, 35, 263, 1554 }, // U+2044
    { 16, 19, 480, 7, 35, 76, 0 }, // U+2070
    { 16, 19, 480, 7, 35, 76, 76 }, // U+2074
    { 14, 19, 480, 8, 35, 67, 152 }, // U+2075
    { 15, 19, 480, 8, 35, 72, 219 }, // U+2076
    { 14, 19, 480, 8, 35, 67, 291 }, // U+2077
    { 16, 19, 480, 7, 35, 76, 358 }, // U+2078
    { 15, 19, 480, 7, 35, 72, 434 }, // U+2079
    { 16, 19, 480, 7, 19, 76, 506 }, // U+2080
    { 16, 18, 480, 7, 18, 72, 582 }, // U+2081
    { 14, 19, 480, 8, 19, 67, 654 }, // U+2082
    { 15, 19, 480, 7, 19, 72, 721 }, // U+2083
    { 16, 18, 480, 7, 18, 72, 793 }, // U+2084
    { 14, 18, 480, 8, 18, 63, 865 }, // U+2085
    { 15, 18, 480, 8, 18, 68, 928 }, // U+2086
    { 14, 18, 480, 8, 18, 63, 996 }, // U+2087
    { 16, 19, 480, 7, 19, 76, 1059 }, // U+2088
    { 15, 19, 480, 7, 19, 72, 1135 }, // U+2089
    { 24, 47, 480, 3, 41, 282, 0 }, // U+20A1
    { 26, 36, 480, 2, 36, 234, 282 }, // U+20A4
    { 28, 35, 480, 1, 35, 245, 516 }, // U+20A6
    { 28, 36, 480, 2, 35, 252, 761 }, // U+20A8
    { 28, 35, 480, 1, 35, 245, 1013 }, // U+20A9
    { 26, 35, 480, 2, 35, 228, 1258 }, // U+20AA
    { 24, 37, 480, 4, 37, 222, 1486 }, // U+20AB
    { 24, 37, 480, 3, 36, 222, 1708 }, // U+20AC
    { 28, 35, 480, 1, 35, 245, 1930 }, // U+20AD
    { 28, 35, 480, 1, 35, 245, 2175 }, // U+20AE
    { 28, 35, 480, 1, 35, 245, 2420 }, // U+20B1
    { 25, 47, 480, 2, 41, 294, 2665 }, // U+20B2
    { 28, 37, 480, 1, 36, 259, 2959 }, // U+20B4
    { 24, 47, 480, 3, 41, 282, 3218 }, // U+20B5
    { 26, 35, 480, 2, 35, 228, 3500 }, // U+20B8
    { 26, 35, 480, 2, 35, 228, 3728 }, // U+20B9
    { 26, 35, 480, 2, 35, 228, 3956 }, // U+20BA
    { 26, 35, 480, 2, 35, 228, 4184 }, // U+20BD
    { 24, 47, 480, 4, 41, 282, 4412 }, // U+20BF
    { 28, 21, 480, 1, 28, 147, 0 }, // U+2190
    { 22, 36, 480, 4, 36, 198, 147 }, // U+2191
    { 29, 21, 480, 1, 28, 153, 345 }, // U+2192
    { 22, 36, 480, 4, 35, 198, 498 }, // U+2193
    { 30, 21, 480, 0, 28, 158, 696 }, // U+2194
    { 22, 37, 480, 4, 36, 204, 854 }, // U+2195
    { 27, 26, 480, 2, 30, 176, 1058 }, // U+2196
    { 27, 26, 480, 1, 30, 176, 1234 }, // U+2197
    { 27, 26, 480, 1, 31, 176, 1410 }, // U+2198
    { 27, 26, 480, 2, 31, 176, 1586 }, // U+2199
    { 28, 28, 480, 1, 32, 196, 1762 }, // U+21A9
    { 28, 28, 480, 1, 32, 196, 1958 }, // U+21AA
    { 24, 35, 480, 2, 35, 210, 2154 }, // U+21B0
    { 24, 35, 480, 4, 35, 210, 2364 }, // U+21B1
    { 24, 35, 480, 2, 35, 210, 2574 }, // U+21B2
    { 24, 35, 480, 4, 35, 210, 2784 }, // U+21B3
    { 30, 31, 480, 0, 33, 233, 2994 }, // U+21B6
    { 30, 31, 480, 0, 33, 233, 3227 }, // U+21B7
    { 28, 36, 480, 1, 35, 252, 3460 }, // U+21BA
    { 28, 36, 480, 1, 35, 252, 3712 }, // U+21BB
    { 28, 37, 480, 1, 36, 259, 3964 }, // U+21C4
    { 29, 37, 480, 1, 36, 269, 4223 }, // U+21C6
    { 24, 36, 480, 3, 35, 216, 0 }, // U+2202
    { 26, 35, 480, 2, 35, 228, 216 }, // U+2206
    { 24, 35, 480, 3, 35, 210, 444 }, // U+220F
    { 24, 45, 480, 3, 35, 270, 654 }, // U+2211
    { 24, 4, 480, 3, 17, 24, 924 }, // U+2212
    { 30, 35, 480, 0, 35, 263, 948 }, // U+2215
    { 28, 35, 480, 1, 35, 245, 1211 }, // U+221A
    { 30, 19, 480, 0, 25, 143, 1456 }, // U+221E
    { 26, 47, 480, 1, 37, 306, 1599 }, // U+222B
    { 26, 17, 480, 2, 24, 111, 1905 }, // U+2248
    { 24, 24, 480, 3, 27, 144, 2016 }, // U+2260
    { 22, 30, 480, 4, 30, 165, 2160 }, // U+2264
    { 22, 30, 480, 4, 30, 165, 2325 }, // U+2265
    { 26, 38, 480, 1, 38, 247, 0 }, // U+FB01
    { 25, 37, 480, 1, 37, 232, 247 }, // U+FB02
};

static const EpdUnicodeInterval terminalmono_24_regularIntervals[] = {
    { 0x0, 0x0, 0x0 },
    { 0xD, 0xD, 0x1 },
    { 0x20, 0x7E, 0x2 },
    { 0xA0, 0x17F, 0x61 },
    { 0x1A0, 0x1A1, 0x141 },
    { 0x1AF, 0x1B0, 0x143 },
    { 0x1CD, 0x1DC, 0x145 },
    { 0x1FA, 0x1FF, 0x155 },
    { 0x218, 0x21B, 0x15B },
    { 0x300, 0x304, 0x15F },
    { 0x306, 0x30C, 0x164 },
    { 0x312, 0x312, 0x16B },
    { 0x315, 0x315, 0x16C },
    { 0x31B, 0x31B, 0x16D },
    { 0x323, 0x323, 0x16E },
    { 0x326, 0x328, 0x16F },
    { 0x400, 0x45F, 0x172 },
    { 0x472, 0x473, 0x1D2 },
    { 0x490, 0x49D, 0x1D4 },
    { 0x4A0, 0x4A5, 0x1E2 },
    { 0x4AA, 0x4AB, 0x1E8 },
    { 0x4AE, 0x4B3, 0x1EA },
    { 0x4B6, 0x4BB, 0x1F0 },
    { 0x4C0, 0x4C2, 0x1F6 },
    { 0x4CF, 0x4D9, 0x1F9 },
    { 0x4DC, 0x4DF, 0x204 },
    { 0x4E2, 0x4E9, 0x208 },
    { 0x4EE, 0x4F5, 0x210 },
    { 0x4F8, 0x4F9, 0x218 },
    { 0x1EA0, 0x1EF9, 0x21A },
    { 0x2013, 0x2014, 0x274 },
    { 0x2018, 0x201A, 0x276 },
    { 0x201C, 0x201E, 0x279 },
    { 0x2020, 0x2022, 0x27C },
    { 0x2026, 0x2026, 0x27F },
    { 0x2030, 0x2030, 0x280 },
    { 0x2032, 0x2033, 0x281 },
    { 0x2039, 0x203A, 0x283 },
    { 0x2044, 0x2044, 0x285 },
    { 0x2070, 0x2070, 0x286 },
    { 0x2074, 0x2079, 0x287 },
    { 0x2080, 0x2089, 0x28D },
    { 0x20A1, 0x20A1, 0x297 },
    { 0x20A4, 0x20A4, 0x298 },
    { 0x20A6, 0x20A6, 0x299 },
    { 0x20A8, 0x20AE, 0x29A },
    { 0x20B1, 0x20B2, 0x2A1 },
    { 0x20B4, 0x20B5, 0x2A3 },
    { 0x20B8, 0x20BA, 0x2A5 },
    { 0x20BD, 0x20BD, 0x2A8 },
    { 0x20BF, 0x20BF, 0x2A9 },
    { 0x2190, 0x2199, 0x2AA },
    { 0x21A9, 0x21AA, 0x2B4 },
    { 0x21B0, 0x21B3, 0x2B6 },
    { 0x21B6, 0x21B7, 0x2BA },
    { 0x21BA, 0x21BB, 0x2BC },
    { 0x21C4, 0x21C4, 0x2BE },
    { 0x21C6, 0x21C6, 0x2BF },
    { 0x2202, 0x2202, 0x2C0 },
    { 0x2206, 0x2206, 0x2C1 },
    { 0x220F, 0x220F, 0x2C2 },
    { 0x2211, 0x2212, 0x2C3 },
    { 0x2215, 0x2215, 0x2C5 },
    { 0x221A, 0x221A, 0x2C6 },
    { 0x221E, 0x221E, 0x2C7 },
    { 0x222B, 0x222B, 0x2C8 },
    { 0x2248, 0x2248, 0x2C9 },
    { 0x2260, 0x2260, 0x2CA },
    { 0x2264, 0x2265, 0x2CB },
    { 0xFB01, 0xFB02, 0x2CD },
};

static const EpdFontGroup terminalmono_24_regularGroups[] = {
    { 0, 4813, 18371, 97, 0 },
    { 4813, 4103, 21514, 96, 97 },
    { 8916, 5165, 35071, 128, 193 },
    { 14081, 1829, 8969, 30, 321 },
    { 15910, 327, 537, 19, 351 },
    { 16237, 6470, 39950, 168, 370 },
    { 22707, 3160, 28048, 90, 538 },
    { 25867, 518, 1935, 18, 628 },
    { 26385, 462, 1272, 17, 646 },
    { 26847, 1436, 4832, 19, 663 },
    { 28283, 1180, 4652, 22, 682 },
    { 29463, 742, 2594, 13, 704 },
    { 30205, 62, 525, 2, 717 },
};

static const EpdFontData terminalmono_24_regular = {
    terminalmono_24_regularBitmaps,
    terminalmono_24_regularGlyphs,
    terminalmono_24_regularIntervals,
    70,
    65,
    52,
    -14,
    true,
    terminalmono_24_regularGroups,
    13,
    nullptr,
    nullptr,
    nullptr,
    nullptr,
    nullptr,
    nullptr,
    nullptr,
    nullptr,
    nullptr,
    nullptr,
    nullptr,
    0,
    0,
    0,
    0,
    nullptr,
    0,
};
