/**
 * generated by fontconvert.py
 * name: terminalmono_22_regular
 * size: 22
 * mode: 2-bit  compressed: true
 * Command used: fontconvert.py terminalmono_22_regular 22 ../builtinFonts/source/IBMPlexMono/IBMPlexMono-Regular.ttf --2bit --compress --zopfli
 */
#pragma once
#include "EpdFontData.h"

static const uint8_t terminalmono_22_regularBitmaps[27289] = {
    0xD5, 0x9B, 0x3D, 0x8C, 0xE5, 0xC8, 0x71, 0xC7, 0x8B, 0xA4, 0xBC, 0x94, 0x4D, 0x58, 0x9D, 0x1A,
    0x58, 0x19, 0x74, 0xE0, 0xCC, 0x30, 0x98, 0x3A, 0x91, 0x9B, 0x80, 0x72, 0x28, 0x76, 0xE4, 0x1C,
    0x0E, 0x36, 0x07, 0x2C, 0x91, 0x8E, 0x1C, 0x6A, 0x01, 0xE7, 0xB0, 0x02, 0xE5, 0x4A, 0x0D, 0x48,
    0x3B, 0xDD, 0xB0, 0x02, 0x07, 0x0E, 0x44, 0x58, 0xA1, 0x83, 0xA3, 0xE0, 0x85, 0x15, 0x18, 0xC2,
    0x51, 0x3A, 0xDA, 0xC7, 0xF1, 0x91, 0x2C, 0xF7, 0xFF, 0x5F, 0x33, 0x43, 0xCE, 0x9B, 0xB9, 0xD9,
    0xDD, 0xFB, 0x5C, 0x73, 0xE7, 0xFD, 0xEA, 0x5D, 0xBF, 0xAE, 0x8F, 0xFE, 0x60, 0xB3, 0x59, 0xE4,
    0xB9, 0xE9, 0x91, 0x7F, 0x63, 0xFA, 0x37, 0xB8, 0xA1, 0x8A, 0x55, 0x2C, 0xD3, 0xBF, 0x22, 0x16,
    0x7D, 0xD1, 0xCB, 0xDD, 0x51, 0x4F, 0xDD, 0x1A, 0xD2, 0xBF, 0x6E, 0xAD, 0xA7, 0x5D, 0xF6, 0x37,
    0xFE, 0x6D, 0xF2, 0x4A, 0xA4, 0x9C, 0x8A, 0x59, 0x44, 0xAA, 0x1B, 0x31, 0x96, 0x53, 0x12, 0x6E,
    0xB8, 0x11, 0x15, 0x45, 0x74, 0x23, 0xCC, 0x47, 0x37, 0x24, 0xD1, 0x44, 0x17, 0x93, 0xF0, 0x7D,
    0x4D, 0xD1, 0x26, 0x51, 0xA9, 0x4A, 0xA3, 0x2B, 0x84, 0xBF, 0x13, 0x22, 0x57, 0xE2, 0x11, 0xD6,
    0x2E, 0x1D, 0xC4, 0x26, 0x01, 0x62, 0x95, 0xAB, 0xC4, 0x6C, 0x95, 0x2D, 0x89, 0x9C, 0xA2, 0xD3,
    0x25, 0x53, 0x8D, 0x9D, 0xCE, 0x37, 0x22, 0x4F, 0x02, 0x81, 0x2D, 0x72, 0xC4, 0x37, 0x16, 0x0C,
    0xE5, 0x7E, 0x7C, 0xB1, 0xBA, 0x1F, 0x18, 0x45, 0x7F, 0x8E, 0x4F, 0x8A, 0xF1, 0x09, 0x66, 0x61,
    0xEF, 0x93, 0xBE, 0xEA, 0x26, 0xA2, 0xE9, 0x88, 0x85, 0xFE, 0xC3, 0xAF, 0x74, 0xAA, 0xD6, 0x62,
    0xAC, 0x57, 0x37, 0x15, 0x63, 0x31, 0xD7, 0x63, 0xAA, 0xD9, 0xD7, 0x43, 0x62, 0xF2, 0x70, 0xD0,
    0x4A, 0xDC, 0x48, 0xCE, 0x60, 0xB9, 0x83, 0xB9, 0xFE, 0x3A, 0x51, 0x82, 0x5E, 0x0B, 0x2D, 0xCF,
    0xF0, 0xA2, 0xDA, 0x8A, 0x14, 0x9F, 0xE8, 0x00, 0xBF, 0xDD, 0x04, 0xBA, 0x05, 0x2C, 0x56, 0x30,
    0x27, 0xB3, 0xED, 0x4C, 0x2B, 0xAF, 0x59, 0xA7, 0x4B, 0x1E, 0xAB, 0xC5, 0x27, 0x2F, 0xCD, 0xE4,
    0x10, 0xE1, 0x90, 0xAB, 0xC2, 0x66, 0xA7, 0xE8, 0xE7, 0x9C, 0xAD, 0x78, 0xBA, 0xA5, 0xCD, 0x8C,
    0xAF, 0x49, 0x4D, 0xA4, 0x98, 0x2B, 0xEB, 0x5F, 0x37, 0xD6, 0xA3, 0xB8, 0xA1, 0xE9, 0x8B, 0x49,
    0xEA, 0xE8, 0xDB, 0x7C, 0x16, 0xDF, 0x7A, 0xC9, 0x17, 0xE9, 0x84, 0x62, 0xA3, 0xC8, 0x57, 0x8A,
    0x54, 0x09, 0x55, 0xAA, 0x51, 0xA0, 0xE0, 0xA2, 0x40, 0xBD, 0xE9, 0x05, 0xC6, 0xBC, 0x99, 0x7E,
    0x65, 0x8E, 0x1E, 0x3D, 0x58, 0xBE, 0x32, 0x80, 0x7C, 0x2D, 0x11, 0x40, 0x31, 0x27, 0x0B, 0x93,
    0x54, 0x63, 0x13, 0x93, 0x6D, 0x67, 0x01, 0x34, 0xBD, 0x97, 0x6C, 0x11, 0x2F, 0x14, 0x57, 0x26,
    0x56, 0x8A, 0x62, 0x61, 0x00, 0xE5, 0x24, 0x50, 0x70, 0x83, 0x40, 0xBD, 0x8E, 0x02, 0x63, 0xBE,
    0x65, 0x00, 0x74, 0xB4, 0x24, 0x74, 0xAF, 0x13, 0x10, 0x5A, 0x8B, 0x12, 0x55, 0x0E, 0xC9, 0xC0,
    0x18, 0x54, 0xCA, 0x95, 0x13, 0x30, 0x4B, 0x85, 0xE8, 0x7F, 0xF9, 0x14, 0x91, 0x9B, 0x90, 0xDD,
    0x84, 0xB6, 0x14, 0x3E, 0x9A, 0x97, 0x91, 0xC2, 0xCD, 0x14, 0x61, 0x95, 0x4A, 0x63, 0xBE, 0x2B,
    0x44, 0xB5, 0x74, 0xBD, 0xD3, 0x58, 0x8F, 0xCD, 0xE8, 0x86, 0x54, 0xBF, 0x9A, 0x5D, 0x94, 0xAE,
    0x2F, 0xD6, 0x24, 0x82, 0x88, 0x9A, 0xE8, 0x7E, 0xD8, 0x8B, 0x8A, 0x34, 0x1F, 0xB6, 0x10, 0x95,
    0x0A, 0x0A, 0x0B, 0x88, 0x56, 0x32, 0x6D, 0xE1, 0xA7, 0xD0, 0xA4, 0x3E, 0x8A, 0xFB, 0xDE, 0x24,
    0x6E, 0x93, 0x50, 0xAE, 0x68, 0xEA, 0x9A, 0xA9, 0x64, 0xAA, 0x93, 0x84, 0x28, 0xCF, 0x77, 0xC4,
    0xB4, 0x9F, 0x8E, 0x57, 0x98, 0x9E, 0x34, 0x85, 0xE8, 0x71, 0xF6, 0xE2, 0x2C, 0xF0, 0xA9, 0xDA,
    0x15, 0xDB, 0x2C, 0x38, 0x99, 0x70, 0x26, 0x55, 0x98, 0xB6, 0xD1, 0x7E, 0x6E, 0x7A, 0xAB, 0xE2,
    0xC5, 0x3E, 0xDD, 0xCD, 0x27, 0x9C, 0x3E, 0x56, 0x76, 0xD4, 0xF1, 0x2D, 0xF5, 0xA8, 0xEF, 0x22,
    0xED, 0xD1, 0x6E, 0x31, 0xD3, 0x0F, 0xFD, 0xB1, 0x12, 0x2A, 0x54, 0x13, 0xE3, 0x31, 0x4B, 0x4D,
    0x6C, 0x06, 0x91, 0x12, 0xF5, 0xB6, 0x1B, 0xA3, 0x8D, 0x19, 0x38, 0x94, 0xED, 0x87, 0xC3, 0x8B,
    0xBB, 0xF5, 0x32, 0x58, 0xC5, 0x72, 0x7A, 0xD3, 0x87, 0xF5, 0x58, 0xDF, 0x74, 0x8F, 0x56, 0x76,
    0x66, 0xDF, 0x3A, 0x83, 0xD5, 0xE8, 0xBF, 0x63, 0x3C, 0x8C, 0xAB, 0x19, 0x38, 0x0B, 0x16, 0x79,
    0x17, 0xF1, 0x2D, 0x88, 0xE7, 0xD2, 0x2C, 0xC5, 0xF2, 0x0C, 0xEB, 0xDF, 0xAF, 0xAF, 0x83, 0xB6,
    0x95, 0xA6, 0xE3, 0x9A, 0x33, 0x90, 0x43, 0x15, 0xF4, 0x25, 0x67, 0x8D, 0x82, 0xA9, 0x52, 0x0F,
    0x11, 0x3A, 0xF8, 0xCB, 0x76, 0x37, 0x71, 0xEE, 0x95, 0xB0, 0xE6, 0xA6, 0x7C, 0x13, 0x46, 0x82,
    0xAA, 0x5D, 0xCF, 0x69, 0xD7, 0x88, 0xD4, 0xAD, 0xC8, 0xEF, 0x89, 0x7C, 0x13, 0x7A, 0x7F, 0x60,
    0xB6, 0xC6, 0x77, 0xA7, 0x47, 0x58, 0xEB, 0x99, 0x9F, 0xCD, 0x8E, 0xC5, 0x50, 0x6A, 0x5F, 0xAA,
    0x54, 0xBB, 0xB8, 0x15, 0x7F, 0xF5, 0x2C, 0xF5, 0x84, 0xC8, 0x7D, 0x14, 0xDF, 0x4B, 0xC7, 0xA9,
    0xA0, 0xAA, 0xC3, 0xED, 0xE7, 0x7C, 0x99, 0x12, 0x1B, 0x0C, 0x1B, 0xF5, 0x62, 0x06, 0x50, 0xC6,
    0x65, 0x9D, 0xAB, 0x79, 0x6D, 0x6B, 0x39, 0x20, 0x9C, 0x55, 0x67, 0x85, 0x7C, 0xB9, 0x53, 0x00,
    0x0E, 0x85, 0xE6, 0x4E, 0xA1, 0x7B, 0xA8, 0x40, 0x37, 0x25, 0x15, 0x46, 0xE0, 0x50, 0x68, 0x6F,
    0x15, 0x76, 0x80, 0x0A, 0xC0, 0xA1, 0x50, 0x99, 0x02, 0xDD, 0x1C, 0x0A, 0x8C, 0x8B, 0x47, 0xB8,
    0xB6, 0x55, 0x67, 0x60, 0x1F, 0x27, 0x67, 0x3A, 0x54, 0xBB, 0x14, 0x3B, 0x56, 0x0F, 0x8C, 0xAB,
    0x8F, 0x18, 0xE4, 0x7A, 0x70, 0xBC, 0x74, 0xD4, 0x03, 0x02, 0x6F, 0x22, 0x66, 0x9D, 0x37, 0xF6,
    0x98, 0x4D, 0xE4, 0xDA, 0xDD, 0x63, 0x3D, 0x82, 0x7E, 0xB9, 0x24, 0xCB, 0x59, 0xC7, 0x1F, 0x5C,
    0xCC, 0x5A, 0x43, 0x9A, 0x17, 0xF3, 0x68, 0xDE, 0x2D, 0x92, 0x9C, 0x51, 0x59, 0x84, 0x16, 0xAD,
    0x45, 0xCE, 0x56, 0x80, 0x6C, 0xBF, 0x82, 0x15, 0xD9, 0x7C, 0x0C, 0x86, 0x5F, 0x26, 0x16, 0xFA,
    0xDD, 0x44, 0xB7, 0x15, 0x89, 0x7E, 0x06, 0xBB, 0x01, 0x6C, 0x5A, 0xF0, 0xF7, 0x05, 0x94, 0xAF,
    0x90, 0x4E, 0xD3, 0xB1, 0x9D, 0x29, 0x19, 0x5B, 0xD1, 0xB0, 0x45, 0x8A, 0xD6, 0x15, 0xDA, 0x3E,
    0xE7, 0x1C, 0xCD, 0x54, 0x30, 0xF1, 0x42, 0xEF, 0x31, 0x4C, 0xB1, 0x8E, 0xA0, 0xF0, 0x6C, 0xBB,
    0xA4, 0x8F, 0x07, 0xBB, 0x1E, 0x54, 0x20, 0xDF, 0xC1, 0x72, 0x3D, 0xAE, 0x00, 0x7E, 0xB8, 0xBB,
    0x44, 0x14, 0x1B, 0xF7, 0x62, 0x2C, 0xB6, 0x33, 0x9B, 0x3A, 0x15, 0x6B, 0x37, 0x13, 0xA8, 0x11,
    0xF5, 0x94, 0xEA, 0x56, 0x3C, 0x92, 0x8A, 0x40, 0xCF, 0x3C, 0xB7, 0x22, 0x63, 0x41, 0xA9, 0x6D,
    0xBD, 0x8B, 0x5B, 0x60, 0xB5, 0x1A, 0xD1, 0x8A, 0xEC, 0x26, 0xFE, 0x83, 0x4F, 0x45, 0x7E, 0x17,
    0x5C, 0xA1, 0xDA, 0x83, 0x9B, 0x80, 0xCA, 0x00, 0x9E, 0xAF, 0x62, 0xF1, 0x52, 0xEB, 0xD4, 0x27,
    0xF5, 0x78, 0xD0, 0x4D, 0xE7, 0x92, 0x6F, 0xB1, 0xF1, 0x5D, 0x8F, 0xFA, 0xDD, 0x28, 0x19, 0xC3,
    0x4B, 0xFD, 0x5C, 0x32, 0x5A, 0x09, 0xEC, 0xFF, 0x67, 0xFA, 0x5A, 0x4E, 0xEB, 0x5E, 0x6D, 0xC2,
    0x9B, 0x08, 0x01, 0xCC, 0x36, 0x8A, 0x62, 0xA1, 0xA8, 0x26, 0x0A, 0x37, 0x50, 0xF8, 0x48, 0xD1,
    0x09, 0xC5, 0x4E, 0x91, 0xAF, 0x14, 0xC5, 0x4C, 0xE1, 0x26, 0x8A, 0x3A, 0x52, 0xF8, 0x9E, 0x22,
    0xF0, 0x2F, 0xDB, 0x28, 0x8A, 0x95, 0xA2, 0x9A, 0x28, 0xDC, 0x48, 0xE1, 0x23, 0x45, 0xD7, 0x9A,
    0x50, 0x1C, 0xF1, 0xBE, 0x10, 0x33, 0xF4, 0x66, 0xC1, 0x16, 0xAB, 0x54, 0x67, 0xB2, 0x8F, 0x8C,
    0xCE, 0x38, 0x3C, 0x60, 0x7C, 0x9C, 0x75, 0x7C, 0x71, 0x9D, 0xF8, 0x73, 0xF4, 0x5F, 0xFD, 0x0B,
    0xF4, 0x65, 0xBD, 0xE3, 0xAF, 0x99, 0x24, 0x57, 0x79, 0xD6, 0x63, 0xE4, 0x4F, 0xE3, 0x7C, 0xCC,
    0xD9, 0x47, 0x67, 0x71, 0x45, 0x7A, 0x68, 0xB5, 0x7E, 0x84, 0x05, 0x58, 0x5B, 0x19, 0xF3, 0xC4,
    0x51, 0xEA, 0x8F, 0x51, 0x62, 0xA3, 0xCB, 0x9D, 0xFA, 0x33, 0x18, 0x50, 0x90, 0xEB, 0x69, 0xCE,
    0x4F, 0x87, 0xD3, 0x70, 0x39, 0xB9, 0x8A, 0x95, 0x15, 0x67, 0x6C, 0x4E, 0xDC, 0x84, 0x0D, 0xB0,
    0xFB, 0x0F, 0xD5, 0xE4, 0xEE, 0x83, 0x97, 0xA5, 0xF6, 0xCD, 0x6F, 0x60, 0xCF, 0x4F, 0x98, 0xF3,
    0x7E, 0x84, 0x29, 0xB4, 0xA0, 0xB2, 0xF5, 0x6F, 0x79, 0xC8, 0x06, 0x9C, 0x6D, 0x13, 0xE1, 0x58,
    0xBF, 0x82, 0xEE, 0xC0, 0xF1, 0x8C, 0x99, 0x26, 0x9B, 0x1C, 0xB9, 0x95, 0xAB, 0xD7, 0x68, 0xAB,
    0x97, 0x5D, 0xE0, 0xE6, 0x7B, 0x6C, 0xE1, 0x05, 0x74, 0x13, 0xD8, 0x8C, 0xA0, 0x8F, 0x60, 0xD7,
    0x83, 0x6C, 0x42, 0x76, 0xD1, 0x10, 0x28, 0x9D, 0x27, 0xFD, 0xE9, 0xA4, 0x22, 0xB5, 0x25, 0x1F,
    0x28, 0x2D, 0x27, 0x25, 0xD2, 0x0F, 0x87, 0x6A, 0x38, 0x29, 0xED, 0xA7, 0x2E, 0x33, 0xA5, 0x19,
    0xCC, 0xC2, 0x8E, 0x20, 0x79, 0xFB, 0xA0, 0xE8, 0xBD, 0x42, 0xD1, 0x7B, 0x15, 0x5B, 0xED, 0xD8,
    0x7B, 0xB0, 0xEB, 0xA6, 0x7A, 0x24, 0x07, 0xE3, 0x51, 0xE2, 0xC0, 0x91, 0x7D, 0x15, 0xB9, 0x3E,
    0xB7, 0x92, 0x2C, 0xEC, 0xB4, 0x79, 0x77, 0xF6, 0x77, 0x98, 0x57, 0xB9, 0xB6, 0xCF, 0xB4, 0x45,
    0xC4, 0x7E, 0x30, 0x5D, 0xF6, 0xFC, 0xA3, 0x57, 0xA1, 0x83, 0x56, 0xA7, 0x41, 0xFD, 0xD9, 0x41,
    0x77, 0x2C, 0x61, 0x27, 0x66, 0x9C, 0xF9, 0xE6, 0xC5, 0x5A, 0xC1, 0x11, 0xE1, 0x12, 0x3D, 0xDC,
    0x8C, 0x94, 0x8D, 0x5A, 0xB9, 0x61, 0xF2, 0x38, 0x46, 0x48, 0xBF, 0x23, 0xB7, 0x81, 0xE6, 0xDD,
    0xF8, 0x29, 0xB3, 0xA2, 0x32, 0xBF, 0x0B, 0x75, 0x67, 0xF4, 0xC9, 0x4F, 0x67, 0xF4, 0xCF, 0xBF,
    0x4F, 0xE8, 0xAB, 0x1F, 0x4E, 0xD2, 0xE8, 0x56, 0x0F, 0x92, 0xEB, 0x78, 0x73, 0x76, 0xF4, 0x60,
    0x00, 0xB2, 0xFD, 0x72, 0x64, 0x9B, 0xC9, 0x46, 0xF3, 0x58, 0xA8, 0xB7, 0x63, 0xE6, 0x1F, 0xA7,
    0xC2, 0xC5, 0xA6, 0xE5, 0xD1, 0xE3, 0x5C, 0xA7, 0x5C, 0xB1, 0xCC, 0x35, 0xFC, 0xAB, 0x79, 0xCB,
    0xF1, 0xE6, 0xE3, 0xED, 0xB6, 0x52, 0x6C, 0x46, 0x0F, 0x56, 0x64, 0x00, 0x4B, 0x05, 0xFD, 0xCE,
    0x13, 0x75, 0xE4, 0x1A, 0xDB, 0xA2, 0x41, 0x33, 0xAA, 0xF1, 0xB7, 0x6E, 0x61, 0x35, 0xDE, 0x21,
    0xB3, 0x85, 0x7E, 0x24, 0xFB, 0xE3, 0x7B, 0xB3, 0x83, 0x56, 0x47, 0x3A, 0x56, 0x32, 0xDD, 0x4C,
    0x17, 0x31, 0x9B, 0xB4, 0x3F, 0x51, 0xE5, 0xA6, 0xF2, 0x11, 0x03, 0xE3, 0x41, 0x6C, 0x8F, 0x6D,
    0x2F, 0xDF, 0x7C, 0x3C, 0xD4, 0xFA, 0x13, 0x96, 0x7F, 0x87, 0xF4, 0x03, 0x69, 0x71, 0xDC, 0x04,
    0x65, 0xE3, 0xA7, 0x60, 0xA1, 0xE3, 0x11, 0x74, 0x79, 0xB3, 0x6C, 0xB3, 0xB2, 0xD3, 0x96, 0x95,
    0xAD, 0x9D, 0xA6, 0x08, 0x56, 0x2C, 0x0F, 0x47, 0xAF, 0xF8, 0xCD, 0x3A, 0xCF, 0x6C, 0xD2, 0x3E,
    0xD5, 0x7B, 0xF3, 0x0B, 0x0E, 0x47, 0x3C, 0x16, 0x1B, 0xD7, 0x4C, 0xCE, 0xEA, 0x5E, 0x72, 0xAE,
    0xA5, 0xD5, 0xDE, 0xD6, 0x1C, 0xB8, 0x62, 0x67, 0x7D, 0x15, 0x1F, 0xC1, 0xBA, 0xB5, 0xF3, 0xFE,
    0x3E, 0x55, 0x8C, 0xC7, 0xB6, 0x61, 0xA1, 0xD1, 0x09, 0xA5, 0xDA, 0x83, 0xCB, 0xB1, 0xCC, 0xEC,
    0xF2, 0x28, 0x9F, 0x3E, 0x32, 0xEA, 0x16, 0x1A, 0xAD, 0xA1, 0x46, 0x2B, 0xB1, 0x5F, 0xCF, 0xFB,
    0x56, 0xBB, 0x37, 0x58, 0xB1, 0x6F, 0x2D, 0x95, 0x2B, 0x5A, 0xD7, 0x16, 0x0B, 0xCE, 0x50, 0x6C,
    0x7F, 0xDD, 0xE0, 0x78, 0xFF, 0xE5, 0x78, 0x86, 0xD6, 0x31, 0x0B, 0xDF, 0x9D, 0x9A, 0xBE, 0xD2,
    0x5F, 0x26, 0xD6, 0xFA, 0xF1, 0xE4, 0x5B, 0x3F, 0x34, 0x89, 0x5D, 0x5B, 0x25, 0x06, 0x29, 0x13,
    0x77, 0x29, 0x12, 0xB7, 0xB7, 0xE6, 0x15, 0xD9, 0x51, 0xD7, 0xF7, 0x2E, 0x59, 0x6E, 0xAE, 0x7F,
    0x3A, 0xD5, 0xBD, 0xD3, 0x8F, 0x92, 0xC7, 0x42, 0x7F, 0x8E, 0xCC, 0xC3, 0x5F, 0xD9, 0x55, 0x15,
    0x51, 0x80, 0xC5, 0x79, 0xDB, 0x12, 0x5E, 0x83, 0x0D, 0x5B, 0x51, 0x92, 0xF2, 0x82, 0x74, 0xFB,
    0x79, 0x0F, 0xD2, 0x98, 0xF0, 0xDA, 0x52, 0x74, 0xB6, 0xA6, 0x37, 0x14, 0xA1, 0x1E, 0x20, 0x76,
    0x37, 0x72, 0x63, 0xE2, 0x26, 0x61, 0xCE, 0x62, 0xE6, 0xFE, 0xC4, 0x92, 0x52, 0x33, 0x7D, 0x56,
    0x53, 0x4E, 0xCB, 0x53, 0xB6, 0x43, 0x8C, 0xA2, 0xC7, 0x3D, 0x9B, 0x8F, 0x12, 0x5A, 0x0A, 0x1F,
    0xD1, 0x8D, 0x14, 0x81, 0x3F, 0x33, 0xD5, 0x34, 0x4A, 0x06, 0x31, 0x49, 0x0E, 0x31, 0xB3, 0x11,
    0xE5, 0x82, 0x3F, 0x7C, 0xAD, 0x66, 0x0A, 0xB8, 0xCE, 0x77, 0x0A, 0x51, 0xAA, 0x72, 0x42, 0x71,
    0xFE, 0x50, 0x74, 0xB1, 0xEB, 0xE9, 0x4C, 0x55, 0x5F, 0x9B, 0xE1, 0x96, 0x64, 0x2C, 0x2F, 0x66,
    0xB0, 0x5C, 0xC1, 0x7C, 0x03, 0xB3, 0xFD, 0x44, 0xBD, 0x2C, 0xC9, 0x57, 0xD6, 0x5F, 0xC0, 0x66,
    0x3C, 0xAC, 0x6D, 0x72, 0xD8, 0x7C, 0xBE, 0x1E, 0xBA, 0x29, 0x0A, 0xB0, 0xEB, 0xAD, 0xC1, 0x8F,
    0x93, 0xBF, 0xB2, 0x26, 0xB5, 0x68, 0x81, 0x4D, 0x26, 0x23, 0x78, 0x2D, 0xA7, 0xAB, 0xC4, 0x78,
    0x77, 0x95, 0x18, 0x2A, 0xB5, 0x7B, 0xA7, 0xFE, 0x74, 0xEF, 0xC4, 0xBB, 0xA6, 0x6F, 0x89, 0x8D,
    0xD4, 0x79, 0x7D, 0xEF, 0x8E, 0xF3, 0xEA, 0x11, 0xAA, 0xF1, 0xC9, 0x3A, 0x1D, 0xE9, 0xFB, 0xC3,
    0x72, 0x43, 0x9A, 0x47, 0xF3, 0x6E, 0x91, 0x58, 0x54, 0x29, 0xC2, 0x63, 0xF7, 0xE1, 0x8E, 0xDD,
    0x47, 0x50, 0x7D, 0x49, 0x6E, 0xA4, 0x62, 0x3B, 0x9A, 0x85, 0x31, 0x51, 0xEA, 0x19, 0x2C, 0x57,
    0x30, 0xDF, 0x40, 0x51, 0x32, 0x90, 0x5D, 0x4B, 0xF6, 0xA0, 0x37, 0xC6, 0x77, 0x24, 0xB5, 0x3A,
    0x63, 0x7B, 0x58, 0x56, 0xF3, 0x78, 0x78, 0x67, 0x24, 0x8C, 0xCA, 0x22, 0xB4, 0x68, 0x19, 0xB9,
    0x5E, 0x1C, 0xEC, 0xB9, 0x77, 0x07, 0x26, 0xCE, 0x01, 0x96, 0x7D, 0x56, 0x3C, 0x72, 0xB4, 0x67,
    0xB2, 0x96, 0x7C, 0x2E, 0xF2, 0x32, 0x75, 0x26, 0xCB, 0xBF, 0x0C, 0x62, 0x45, 0xDA, 0x13, 0x2A,
    0xEE, 0xBD, 0xBD, 0x9D, 0x5E, 0xD8, 0x3E, 0x61, 0x8B, 0x1D, 0xB8, 0x5B, 0xF3, 0x43, 0x35, 0x73,
    0x17, 0x87, 0x3C, 0x56, 0x6B, 0xCB, 0x51, 0xF3, 0xE4, 0xDD, 0xDD, 0x63, 0x44, 0x9A, 0xF0, 0x3E,
    0xB9, 0xBF, 0x32, 0xC6, 0x83, 0x0D, 0x09, 0x2F, 0xB6, 0x6F, 0x34, 0xBF, 0xDC, 0xC3, 0x88, 0x9F,
    0x30, 0xD7, 0x3F, 0x99, 0x70, 0x36, 0xFE, 0xD7, 0x84, 0xB9, 0xFE, 0xAF, 0x93, 0xD4, 0xBA, 0x57,
    0x93, 0x64, 0xE1, 0xB5, 0xF9, 0xF2, 0xF1, 0x0B, 0x26, 0x06, 0xE0, 0x4C, 0x2B, 0xFF, 0x52, 0xC8,
    0x9D, 0x46, 0x7F, 0xA6, 0xAD, 0x00, 0xEF, 0x27, 0x1F, 0x46, 0x9B, 0x25, 0xAC, 0x07, 0x78, 0x35,
    0xFC, 0xCA, 0xF0, 0x0C, 0xE8, 0x5A, 0xBB, 0x1D, 0xA8, 0x66, 0x3F, 0x4A, 0x3D, 0x21, 0x53, 0x3D,
    0x94, 0x38, 0x29, 0x33, 0xCE, 0xEC, 0xE7, 0xFA, 0x92, 0x13, 0xD5, 0xAD, 0x60, 0x33, 0x81, 0x5D,
    0x4C, 0xCC, 0xB4, 0x4D, 0x2C, 0x76, 0x49, 0x74, 0x0B, 0xE8, 0x27, 0x30, 0xC4, 0xC4, 0x4C, 0x25,
    0xB1, 0xDC, 0x40, 0x37, 0x83, 0x7E, 0x04, 0x43, 0x4C, 0xFC, 0x67, 0x95, 0xC4, 0x7F, 0xE1, 0x50,
    0xFD, 0xC2, 0x72, 0x6D, 0x1F, 0x4E, 0xE0, 0xF7, 0x96, 0xC4, 0x9D, 0xD3, 0x76, 0xC9, 0x55, 0x60,
    0xD0, 0x32, 0xE9, 0x5D, 0x04, 0xFD, 0x08, 0xBA, 0x19, 0xAC, 0x56, 0xD0, 0xBC, 0x67, 0x0A, 0x26,
    0xC7, 0xA0, 0x1F, 0xC0, 0x7A, 0x02, 0xDD, 0x02, 0x16, 0x1B, 0x2F, 0x0C, 0xEF, 0x15, 0x54, 0x75,
    0x3F, 0x80, 0x3E, 0x08, 0x83, 0x8E, 0xD8, 0xB7, 0xE9, 0x24, 0x59, 0xE2, 0x22, 0x79, 0xE2, 0x2A,
    0x45, 0xE2, 0x26, 0x95, 0x0E, 0x7B, 0x10, 0xF7, 0xC1, 0xB0, 0x77, 0x29, 0x9B, 0x30, 0xEC, 0xBE,
    0xF7, 0xDF, 0x1B, 0xF6, 0x3A, 0x7A, 0x37, 0xEC, 0x6E, 0xB8, 0x4A, 0xAC, 0xA6, 0x35, 0xB1, 0xF8,
    0x2D, 0xF9, 0xC9, 0x9C, 0x98, 0xE9, 0x94, 0x28, 0x3A, 0x82, 0x21, 0x82, 0xBE, 0x07, 0x9B, 0x16,
    0xAC, 0x05, 0xFC, 0x43, 0xF2, 0x1B, 0xA4, 0x7C, 0x66, 0x76, 0x33, 0x96, 0xB7, 0x6E, 0x3D, 0x71,
    0x27, 0x95, 0x0C, 0x2D, 0xE8, 0x23, 0xD8, 0x90, 0x6E, 0x04, 0xAB, 0x09, 0x2C, 0x67, 0xB0, 0x58,
    0xC1, 0x8C, 0x94, 0x9D, 0x0C, 0x64, 0xD7, 0x82, 0x3E, 0x82, 0xF5, 0x00, 0xBA, 0x11, 0xAC, 0x26,
    0xB0, 0x98, 0xC9, 0x15, 0xCC, 0x36, 0x50, 0x76, 0x32, 0x90, 0xFE, 0x27, 0xE4, 0x87, 0x60, 0xAD,
    0xA0, 0x23, 0x2B, 0xB2, 0xB8, 0xE5, 0xDB, 0x26, 0x7E, 0x9B, 0x53, 0xE2, 0xD7, 0x4D, 0xCD, 0x91,
    0xF8, 0x20, 0x8F, 0xC4, 0xEF, 0xBB, 0xD1, 0x93, 0x66, 0xC1, 0xAC, 0x99, 0xE5, 0xD3, 0x82, 0x3E,
    0xD2, 0xFB, 0x5B, 0x25, 0x7E, 0x55, 0xD5, 0xA8, 0x23, 0xC9, 0xCD, 0x60, 0xB5, 0x7D, 0xBE, 0x4D,
    0x1F, 0x2D, 0xD0, 0xDA, 0x61, 0xF9, 0xFA, 0xCB, 0xBA, 0xB8, 0xBE, 0x53, 0x12, 0x7E, 0x7A, 0x90,
    0x84, 0x5F, 0x8E, 0xB1, 0xF8, 0x5C, 0xA3, 0x60, 0x9C, 0x1B, 0xDA, 0x37, 0x5F, 0xE7, 0xF4, 0x7B,
    0x71, 0x37, 0x0A, 0x17, 0x5B, 0xC8, 0x2C, 0xEC, 0x4F, 0x3D, 0x71, 0x29, 0x79, 0x89, 0xCA, 0x41,
    0xE8, 0xF5, 0xC7, 0x78, 0x0D, 0x5F, 0xDA, 0x78, 0x0D, 0x77, 0xE3, 0xD5, 0x0C, 0xA0, 0x9B, 0xC0,
    0x72, 0x01, 0x8B, 0x15, 0xCC, 0x14, 0x14, 0x6D, 0xC1, 0x2E, 0x82, 0xCD, 0x00, 0xBA, 0x09, 0xAC,
    0x16, 0xB0, 0x58, 0x4F, 0x51, 0xA9, 0x45, 0x15, 0x8F, 0x54, 0xD7, 0x6A, 0xCD, 0xE8, 0x0B, 0x7D,
    0xF9, 0x4C, 0xC7, 0x0A, 0xEB, 0xC0, 0x0C, 0x4F, 0xE5, 0x08, 0xAF, 0x59, 0xFB, 0x70, 0x03, 0xD4,
    0x0C, 0xE4, 0x29, 0x2D, 0x5D, 0x6D, 0x60, 0x61, 0x99, 0x4C, 0xC6, 0x0C, 0xCB, 0xAF, 0xF9, 0x0C,
    0x7E, 0xE7, 0xCE, 0x4B, 0xA9, 0x19, 0xA8, 0x53, 0x9B, 0xCE, 0xF2, 0x69, 0x0F, 0x16, 0xBE, 0x21,
    0x4C, 0x72, 0xA1, 0xCE, 0x1C, 0x22, 0x7C, 0x60, 0xA5, 0xF2, 0x63, 0xCD, 0x54, 0x57, 0x81, 0x68,
    0x39, 0x76, 0xA9, 0xF0, 0x19, 0x5A, 0xA1, 0x3C, 0x86, 0xFB, 0xE2, 0x78, 0x4C, 0xF8, 0xFF, 0x5E,
    0xD8, 0x96, 0xE9, 0xEB, 0xA2, 0xBF, 0x64, 0x6F, 0xB4, 0xFB, 0x6B, 0x7B, 0xEC, 0x5D, 0x8F, 0x9C,
    0x9F, 0x33, 0xEE, 0x9A, 0x4B, 0xA6, 0x62, 0x98, 0x96, 0xE1, 0x28, 0x45, 0x64, 0x56, 0xAE, 0xA1,
    0x2D, 0x00, 0x04, 0xF4, 0x06, 0xB9, 0x55, 0xE4, 0xCC, 0xE6, 0xBD, 0x70, 0x35, 0xF3, 0x66, 0xC9,
    0x6E, 0xC6, 0xF1, 0x87, 0xF6, 0x43, 0x94, 0x33, 0xCA, 0xF9, 0x18, 0x61, 0x17, 0xD6, 0x56, 0xA1,
    0x2E, 0xAF, 0x51, 0x77, 0x4F, 0x6A, 0x2D, 0x5F, 0x87, 0x92, 0xAE, 0xE5, 0xFD, 0x63, 0xB0, 0xF3,
    0x77, 0xB7, 0x6C, 0xC1, 0xC6, 0x19, 0x95, 0xAF, 0x9C, 0x5E, 0x37, 0x7B, 0xA9, 0x62, 0xB1, 0x2C,
    0xC3, 0xC4, 0x9C, 0x43, 0x35, 0x1D, 0x19, 0x08, 0xD1, 0x7A, 0x80, 0xE8, 0x5E, 0xD8, 0xD4, 0x0F,
    0x26, 0xB4, 0x3D, 0xE5, 0x31, 0x6A, 0x13, 0x6E, 0x47, 0x3D, 0x16, 0xC4, 0x1B, 0xE1, 0x59, 0x2B,
    0xFA, 0x16, 0xA2, 0x3F, 0x84, 0xF5, 0x1F, 0x44, 0x7B, 0x23, 0x9A, 0xBE, 0x5C, 0x29, 0xAA, 0x4D,
    0x7C, 0x52, 0x71, 0x7B, 0x12, 0x75, 0x74, 0x4A, 0x91, 0x3C, 0x74, 0x10, 0x5D, 0x12, 0x2E, 0x36,
    0x4D, 0x0B, 0xE1, 0xEB, 0x3E, 0x88, 0x1B, 0xBC, 0x8B, 0x57, 0x49, 0xFC, 0xC0, 0xC4, 0x2B, 0x13,
    0x6B, 0x35, 0x6C, 0xE2, 0xC6, 0xB5, 0x1C, 0x37, 0xA9, 0xC6, 0xB5, 0x98, 0x92, 0xF8, 0xD5, 0x52,
    0x4C, 0xAB, 0x54, 0xBF, 0x9B, 0x8B, 0x79, 0x95, 0xF2, 0xA3, 0x29, 0x37, 0x91, 0x2D, 0x14, 0xB2,
    0xAD, 0x52, 0x7C, 0x3C, 0x52, 0x60, 0xCD, 0x59, 0x78, 0x6D, 0x0D, 0x26, 0x3A, 0x13, 0x7E, 0xB6,
    0x34, 0x5C, 0x17, 0x79, 0xF2, 0x2A, 0xCF, 0xDE, 0x7C, 0x67, 0xFA, 0xAC, 0x5C, 0xB9, 0x0E, 0xB9,
    0xD9, 0x86, 0x63, 0xB4, 0x71, 0x88, 0x1C, 0x20, 0x6D, 0xF1, 0x43, 0xB6, 0x5B, 0x5F, 0xAF, 0x02,
    0x25, 0x4B, 0x00, 0xAB, 0xAD, 0x1C, 0x9D, 0x46, 0xEB, 0xCF, 0xFE, 0x94, 0x25, 0x2A, 0xB7, 0xA3,
    0x5B, 0x99, 0xFF, 0x84, 0xF0, 0x56, 0x53, 0xFF, 0x7A, 0x3C, 0x1E, 0xDB, 0xD3, 0x26, 0x07, 0x75,
    0xB3, 0x75, 0x45, 0x85, 0xDE, 0x3B, 0x7B, 0x50, 0xE3, 0x07, 0x8B, 0x6C, 0x62, 0x9C, 0xD5, 0x82,
    0x3F, 0x7C, 0xE5, 0x74, 0x53, 0x6B, 0x91, 0xF6, 0x5D, 0x4F, 0x25, 0xFE, 0x97, 0x5B, 0xEA, 0x89,
    0x96, 0xDC, 0x82, 0xC2, 0x81, 0x09, 0xE4, 0x8E, 0xD7, 0x6E, 0xAE, 0xB2, 0xF0, 0x4C, 0xD3, 0xC5,
    0x4A, 0x47, 0xD5, 0x42, 0xB7, 0x6E, 0x62, 0xFB, 0x9B, 0x81, 0xBD, 0x61, 0xBB, 0x57, 0xCB, 0x6E,
    0x28, 0x43, 0x92, 0xF0, 0xDD, 0x4D, 0xB8, 0x7B, 0x5E, 0x20, 0x9A, 0x0F, 0x26, 0x6B, 0xED, 0x78,
    0xCA, 0x9B, 0x16, 0xDA, 0x9E, 0xF2, 0x69, 0xB2, 0x7F, 0xD1, 0xC2, 0xF3, 0xC2, 0x72, 0xE6, 0xF1,
    0xDC, 0xA3, 0x19, 0x4F, 0xCF, 0x56, 0x80, 0x62, 0x7F, 0xE2, 0xB1, 0x53, 0x76, 0xCA, 0x9C, 0x56,
    0xCB, 0xE9, 0x61, 0xCB, 0xF1, 0x6C, 0x26, 0xB7, 0x2A, 0xEB, 0xE3, 0x2E, 0xAC, 0xCA, 0x53, 0x2E,
    0x6C, 0x4D, 0xDF, 0xCE, 0x0C, 0xAA, 0xF1, 0xF6, 0x83, 0x7C, 0xFC, 0xFB, 0xF2, 0xB9, 0x8C, 0x4B,
    0x3A, 0xC0, 0xB7, 0x5C, 0x06, 0x12, 0x1C, 0x50, 0x8D, 0xB7, 0x69, 0xD3, 0x62, 0xBE, 0x7B, 0xC7,
    0x89, 0xD8, 0xEF, 0xAB, 0x34, 0x3D, 0x55, 0x80, 0x0B, 0x95, 0x25, 0x21, 0xA3, 0xCA, 0x76, 0xA8,
    0x00, 0x54, 0x31, 0x57, 0x03, 0x5C, 0x51, 0x05, 0xB8, 0x54, 0x61, 0x74, 0x9E, 0xB8, 0x50, 0x19,
    0xA9, 0x02, 0xCC, 0x87, 0x4A, 0x50, 0x1D, 0x6E, 0x3F, 0xAC, 0xF8, 0x9E, 0x7C, 0xEE, 0xC7, 0xD5,
    0x4C, 0xC7, 0x13, 0x8A, 0xB0, 0x81, 0xBB, 0x8A, 0xDD, 0x20, 0xDF, 0xEE, 0x2D, 0x6D, 0xB7, 0x59,
    0x73, 0xFF, 0xE9, 0x99, 0xD4, 0x0C, 0x1C, 0x81, 0x1D, 0x7F, 0xF8, 0x12, 0xD8, 0x6E, 0x1F, 0x2B,
    0x6E, 0x14, 0x6D, 0x03, 0x6F, 0xDB, 0xC8, 0xAE, 0x85, 0xA9, 0x2B, 0x5E, 0x1C, 0xF8, 0xF6, 0xCF,
    0xCB, 0x87, 0xCF, 0x4B, 0x72, 0xAC, 0xEC, 0x11, 0x4F, 0xFD, 0x8A, 0x85, 0xEF, 0x59, 0xFE, 0x05,
    0xEF, 0xBE, 0x91, 0x68, 0xDE, 0xB9, 0x23, 0xD6, 0x28, 0xF5, 0xB5, 0x84, 0xDB, 0xDB, 0x60, 0x97,
    0x0C, 0x3F, 0xD8, 0xFB, 0xE4, 0x17, 0xFC, 0x33, 0xE5, 0x5D, 0x24, 0x58, 0x93, 0x7E, 0x46, 0x79,
    0xE8, 0x41, 0x95, 0x7B, 0x2C, 0x8C, 0xFC, 0xF5, 0x8F, 0x51, 0x33, 0xFB, 0x27, 0x9D, 0x93, 0xD6,
    0x14, 0xE6, 0x52, 0x35, 0xD6, 0xB3, 0xE0, 0xA1, 0x36, 0x2F, 0x86, 0x9F, 0x9D, 0x61, 0x4E, 0x4C,
    0xE6, 0x5A, 0x09, 0x7C, 0xB1, 0x2F, 0x7C, 0x5F, 0xBA, 0x19, 0x8D, 0x42, 0x5E, 0x33, 0xE2, 0x6C,
    0x0E, 0xED, 0x5D, 0x56, 0xB5, 0x05, 0x3B, 0xD2, 0x3F, 0x9D, 0x55, 0xED, 0x0F, 0xA2, 0x3E, 0x75,
    0xCD, 0x8E, 0xD9, 0x34, 0xFB, 0xE6, 0xCB, 0xFC, 0x96, 0x7A, 0x3C, 0x42, 0xBA, 0x78, 0xC6, 0x39,
    0xE3, 0x19, 0x67, 0xB5, 0x61, 0x69, 0xCA, 0x94, 0xBB, 0x89, 0x8E, 0xA7, 0xD1, 0x9F, 0xCA, 0x65,
    0x2E, 0xEF, 0xED, 0xD8, 0x90, 0xD4, 0xA5, 0x9D, 0x6F, 0xD3, 0xA6, 0x6F, 0xB1, 0xF4, 0x69, 0x0B,
    0x5F, 0x3B, 0xFD, 0x2E, 0xB7, 0x31, 0x30, 0x1E, 0xEA, 0xC4, 0xCF, 0xC8, 0x67, 0xFA, 0x32, 0xB1,
    0xD1, 0x35, 0x51, 0x55, 0xF1, 0xEC, 0xE5, 0xE5, 0xF3, 0x0F, 0x22, 0x96, 0x49, 0xB5, 0x09, 0x1C,
    0xEB, 0x11, 0x91, 0x35, 0x11, 0xE4, 0x65, 0xF6, 0x96, 0xFD, 0x93, 0x8C, 0x07, 0x4D, 0xD7, 0xEC,
    0x98, 0xCD, 0x8A, 0xF6, 0xCD, 0x97, 0xF9, 0x15, 0xAF, 0xAB, 0xC5, 0x23, 0x62, 0x39, 0x47, 0x69,
    0xD8, 0xF3, 0xBC, 0x91, 0x2C, 0xB4, 0x6D, 0x78, 0x39, 0x2D, 0x36, 0xDB, 0xFC, 0xD9, 0x36, 0xAC,
    0xF5, 0xB6, 0x71, 0x64, 0xDF, 0x05, 0x70, 0x50, 0xF6, 0xA0, 0xE2, 0x30, 0x8E, 0x37, 0x3C, 0xCD,
    0xAE, 0x8E, 0xF4, 0x2D, 0x88, 0x08, 0xFF, 0x88, 0x7D, 0xEE, 0x5B, 0xF4, 0xB6, 0xB6, 0x7C, 0x83,
    0x88, 0x7E, 0x17, 0xC6, 0x30, 0x20, 0x1E, 0xF6, 0x73, 0xCE, 0x3D, 0xA6, 0x23, 0x1B, 0xF2, 0x6D,
    0x33, 0x7A, 0x01, 0x31, 0x4C, 0x67, 0x7E, 0xE5, 0xF9, 0xC4, 0x78, 0x26, 0x7B, 0x61, 0x01, 0x15,
    0xCC, 0x99, 0x48, 0xFA, 0xCF, 0xC8, 0xAA, 0x83, 0x64, 0x0C, 0xB0, 0xE0, 0xC6, 0xBA, 0x9A, 0xB9,
    0x83, 0x19, 0x25, 0xDB, 0xD9, 0x4B, 0x7A, 0xC3, 0xE6, 0xEE, 0xFB, 0xCE, 0x5F, 0x53, 0x9D, 0x54,
    0x73, 0xE5, 0x76, 0x7C, 0x4E, 0xC6, 0xEC, 0x09, 0x0F, 0x47, 0xB0, 0xE6, 0x9D, 0x19, 0xBD, 0x95,
    0x23, 0xE8, 0xE2, 0x89, 0x33, 0x58, 0xE1, 0xC1, 0x16, 0xB5, 0x30, 0xCF, 0xA1, 0xEC, 0x06, 0xA6,
    0xE7, 0x78, 0x4F, 0x72, 0xC5, 0x8B, 0xCB, 0x0E, 0xAE, 0xCA, 0x92, 0xC0, 0xF7, 0x3C, 0xBA, 0xD7,
    0x92, 0x85, 0xA9, 0x61, 0x8B, 0x4A, 0x7B, 0x80, 0xF5, 0x37, 0xBA, 0xB7, 0x1C, 0xDF, 0x77, 0x45,
    0x9A, 0x71, 0x5D, 0xB2, 0x21, 0x9D, 0x43, 0x22, 0xFA, 0x3B, 0xD2, 0x4D, 0xDD, 0x8F, 0x52, 0x70,
    0x5D, 0x6F, 0x4B, 0x7B, 0xBE, 0xF2, 0xCD, 0xD1, 0x2F, 0x1A, 0x98, 0xB1, 0xF4, 0x3F, 0x81, 0x81,
    0xEC, 0x48, 0x96, 0xBF, 0xE9, 0x49, 0x7A, 0x3C, 0x93, 0x5A, 0x5F, 0x15, 0x1F, 0x9F, 0x53, 0x01,
    0x43, 0x84, 0x6F, 0x05, 0x90, 0xDF, 0x95, 0x3D, 0x7E, 0xF0, 0xAC, 0x38, 0x80, 0x92, 0xAF, 0x1F,
    0x3B, 0xB3, 0x34, 0xC0, 0x02, 0xBC, 0xFC, 0xDC, 0x27, 0x5F, 0xE8, 0x13, 0x8B, 0x1D, 0xDF, 0xDD,
    0x02, 0xFA, 0x11, 0xD4, 0x3E, 0xB1, 0xD8, 0x50, 0xA7, 0x9E, 0xC1, 0x6E, 0x48, 0xFC, 0x3B, 0x6D,
    0x13, 0xFF, 0x7E, 0x87, 0xEE, 0x3F, 0xF2, 0xBB, 0x0D, 0xEF, 0xCE, 0xDB, 0x9C, 0xD9, 0xA1, 0xE6,
    0x60, 0x5A, 0x99, 0x82, 0xC9, 0xFC, 0x61, 0xD3, 0xCD, 0x60, 0xB9, 0x82, 0xB9, 0x82, 0xC9, 0x0D,
    0xD8, 0x0D, 0x60, 0x33, 0x75, 0xCC, 0x27, 0x9D, 0x69, 0x31, 0xBE, 0xFF, 0x7C, 0xF8, 0xB0, 0x28,
    0x94, 0x4B, 0x16, 0xFA, 0xD0, 0x68, 0xA9, 0x53, 0xE8, 0xF4, 0x87, 0x3A, 0x87, 0x1F, 0x75, 0xBF,
    0xA9, 0x96, 0xD0, 0xD6, 0x53, 0xB1, 0x06, 0x71, 0x63, 0xF6, 0x95, 0xF2, 0x6B, 0x5B, 0x42, 0x32,
    0xBD, 0xBC, 0x58, 0xEE, 0x6D, 0xBD, 0x30, 0x3B, 0xB2, 0xD9, 0x62, 0x6D, 0xC9, 0x8A, 0xB6, 0x6B,
    0xCF, 0x17, 0x4B, 0x5E, 0x26, 0x2F, 0x39, 0x9E, 0x4B, 0x82, 0x91, 0xF5, 0x4D, 0xD7, 0xEC, 0x98,
    0x4D, 0xB3, 0x6F, 0xBE, 0xCC, 0xAF, 0xC5, 0xC0, 0x78, 0xDE, 0xB7, 0x0D, 0x1C, 0xE2, 0x59, 0xDE,
    0x7D, 0x1B, 0xFA, 0x3E, 0x6E, 0x8F, 0xDE, 0x7D, 0x93, 0xD7, 0xE9, 0x2A, 0x61, 0x49, 0xAC, 0x14,
    0x6C, 0x70, 0xB1, 0x5F, 0x5F, 0xF1, 0x5D, 0xC6, 0x11, 0xDC, 0x7B, 0x50, 0x05, 0xDC, 0xC9, 0x8D,
    0x5C, 0xBF, 0x10, 0xF2, 0x6C, 0x6D, 0xCF, 0x64, 0x7E, 0x8E, 0x3F, 0x0C, 0xBC, 0xE4, 0xAF, 0x52,
    0xED, 0xF2, 0x5C, 0x5B, 0xB4, 0x3D, 0x70, 0xC6, 0x7E, 0x5B, 0x9A, 0x8B, 0x0D, 0xF1, 0xB1, 0x51,
    0xF8, 0x31, 0x83, 0xD5, 0xFF, 0x6D, 0x6F, 0x73, 0xB2, 0xD9, 0x4F, 0x14, 0xF1, 0xC2, 0x02, 0x44,
    0xB8, 0xB7, 0xA1, 0xFE, 0x26, 0xE9, 0x59, 0x12, 0x06, 0xCC, 0x96, 0x66, 0x6F, 0x2B, 0x95, 0x92,
    0x7E, 0x25, 0x70, 0xDE, 0x32, 0x1E, 0xCC, 0xEC, 0xB7, 0x65, 0x48, 0x7C, 0xEC, 0xF5, 0x37, 0x9C,
    0x25, 0x5F, 0x26, 0xFD, 0x89, 0x0D, 0x3D, 0x3A, 0x32, 0x4F, 0xD4, 0x24, 0xBE, 0x48, 0x84, 0x3B,
    0xDC, 0x3C, 0xFA, 0x05, 0x46, 0x71, 0x6B, 0x7D, 0x9D, 0x5D, 0xAD, 0x95, 0xEA, 0xFF, 0xE0, 0x59,
    0xF4, 0xBF, 0xAD, 0xD2, 0x6C, 0xD6, 0xDD, 0x85, 0xFD, 0x9F, 0x08, 0xA7, 0x87, 0x20, 0x6E, 0x28,
    0xED, 0xCD, 0xD4, 0x05, 0xA7, 0x2C, 0x53, 0x58, 0x6D, 0x96, 0x18, 0xEC, 0x5E, 0x98, 0x5F, 0x92,
    0x72, 0x97, 0x7C, 0xB0, 0xC2, 0xC2, 0xCA, 0x13, 0xE6, 0x6C, 0x05, 0xF5, 0x11, 0xA6, 0xAA, 0xC9,
    0x99, 0x71, 0x70, 0xF1, 0x2D, 0x22, 0xF2, 0x4C, 0x18, 0x5C, 0x81, 0xFB, 0x06, 0x76, 0xEB, 0x71,
    0x57, 0xDE, 0xCC, 0x22, 0x57, 0x58, 0x05, 0x5C, 0xEC, 0x4C, 0x78, 0xA9, 0x36, 0xE6, 0x48, 0xDD,
    0x2E, 0x75, 0x9F, 0xC4, 0x15, 0x93, 0xA3, 0xEE, 0x85, 0x34, 0x6D, 0xD3, 0xD6, 0xB5, 0xF8, 0x54,
    0xDC, 0xD4, 0x2D, 0x84, 0x77, 0xA8, 0x10, 0xFF, 0xD2, 0xC4, 0x77, 0xAA, 0xF8, 0x83, 0x24, 0xFE,
    0xB6, 0x8A, 0xDF, 0x97, 0x6A, 0xF8, 0x59, 0x39, 0xBC, 0x4A, 0x62, 0x2D, 0x86, 0x9F, 0x49, 0x39,
    0x2E, 0xC5, 0xB8, 0x26, 0x31, 0x23, 0xD7, 0x59, 0xFC, 0x76, 0xCA, 0xA7, 0x45, 0x8A, 0xDF, 0x4D,
    0x99, 0x09, 0xF9, 0xEF, 0x59, 0xF2, 0x8F, 0x46, 0xB9, 0x4E, 0xE2, 0xE3, 0x41, 0x76, 0x3E, 0xAE,
    0xE5, 0x06, 0x0F, 0x49, 0xCE, 0x1B, 0x31, 0x32, 0x9B, 0x60, 0x6F, 0xD6, 0xDA, 0xBB, 0xCE, 0x5D,
    0xBC, 0x79, 0xC4, 0x12, 0x6C, 0x6F, 0xC0, 0xA7, 0x48, 0xD6, 0x99, 0xD5, 0x6A, 0x79, 0x3E, 0x4B,
    0xF3, 0xED, 0x47, 0xAB, 0x9B, 0x09, 0xF4, 0x33, 0x18, 0x50, 0x92, 0xA9, 0x65, 0x24, 0x82, 0xBD,
    0x02, 0x32, 0x60, 0x5D, 0xE7, 0xBA, 0x62, 0xEB, 0x96, 0x14, 0x3B, 0xCF, 0x70, 0x7B, 0x4C, 0xD6,
    0xDD, 0xBC, 0x67, 0x8C, 0x6A, 0x6E, 0xEE, 0xAC, 0x7B, 0xD9, 0xD5, 0xCD, 0xF1, 0x36, 0xF6, 0x68,
    0x99, 0x8A, 0x72, 0xE6, 0x00, 0x71, 0xB0, 0x2E, 0xC6, 0x31, 0xC3, 0x38, 0xB6, 0x1C, 0xC7, 0x58,
    0xCC, 0x97, 0x23, 0x58, 0x0F, 0x77, 0x23, 0xB8, 0x62, 0x04, 0xB3, 0xB5, 0xE3, 0xD8, 0xED, 0x16,
    0x33, 0xE8, 0xC9, 0x66, 0x3E, 0xD2, 0x7B, 0x50, 0x85, 0x21, 0xD0, 0x93, 0x5D, 0x7B, 0x2C, 0xCD,
    0x54, 0xCD, 0xA0, 0xE4, 0x74, 0x21, 0x27, 0x12, 0x55, 0x78, 0x47, 0x70, 0xE6, 0xE5, 0xFB, 0x97,
    0x6E, 0x06, 0xFD, 0x08, 0x86, 0xFE, 0xF4, 0xDA, 0xFB, 0xC3, 0xE4, 0xE2, 0xA1, 0x63, 0x93, 0xCB,
    0x74, 0x22, 0xBB, 0xF9, 0xF1, 0x84, 0xE2, 0x63, 0xEF, 0x9A, 0x74, 0x7C, 0xD3, 0x2D, 0xA1, 0x20,
    0x50, 0xFB, 0x31, 0x1C, 0x99, 0x37, 0xA1, 0xCF, 0x70, 0xB7, 0x09, 0x72, 0x83, 0x65, 0xE7, 0xCE,
    0x70, 0x7C, 0x8C, 0x88, 0x4B, 0xC3, 0x2E, 0x09, 0x23, 0xB0, 0x0B, 0xCB, 0xF8, 0xEB, 0x23, 0x1A,
    0xC3, 0xAD, 0xBD, 0x40, 0x1F, 0xE6, 0xCD, 0xFC, 0x3E, 0x11, 0x95, 0xDE, 0x44, 0xCF, 0x76, 0x6C,
    0x6F, 0x7B, 0x78, 0x5D, 0xD8, 0x19, 0x84, 0x25, 0x00, 0x1F, 0x41, 0x7F, 0xEF, 0xFF, 0xE3, 0x0A,
    0xF7, 0xFE, 0x27, 0x31, 0x37, 0x02, 0x47, 0xDD, 0xA3, 0x59, 0xEC, 0x1D, 0x5B, 0x00, 0x01, 0x7C,
    0x63, 0x99, 0x1B, 0xEF, 0x57, 0x26, 0xC6, 0xFB, 0x89, 0xC6, 0x70, 0x91, 0xC9, 0x7C, 0x3C, 0x34,
    0xC6, 0x6C, 0xD1, 0x73, 0x7E, 0xBD, 0x18, 0x44, 0x7E, 0x9C, 0xE1, 0xEB, 0x5A, 0xE8, 0x9E, 0xE8,
    0xC6, 0xD0, 0x66, 0x4B, 0x1D, 0x9B, 0xA1, 0x98, 0x9A, 0xB6, 0x9A, 0xCA, 0xC9, 0x4B, 0xB1, 0xD5,
    0x83, 0x47, 0x38, 0xF1, 0x07, 0xD0, 0x93, 0x3F, 0x67, 0xC2, 0xFA, 0xFF, 0x00, 0xC4, 0x96, 0xC1,
    0xAE, 0xE5, 0x46, 0x11, 0x86, 0x3F, 0xBB, 0x43, 0x4C, 0xB0, 0x88, 0xD9, 0x8F, 0x06, 0x67, 0xC9,
    0xCE, 0x1B, 0x96, 0xC9, 0x74, 0xBF, 0x41, 0x78, 0x04, 0xDE, 0xE0, 0x6E, 0xB3, 0x60, 0xA6, 0xBD,
    0x63, 0x3B, 0x3B, 0xB6, 0x79, 0x0C, 0x84, 0x98, 0x71, 0x8B, 0x27, 0xF0, 0x1B, 0xC4, 0x12, 0x11,
    0x6B, 0x0B, 0x1D, 0x24, 0x23, 0xDA, 0x2E, 0x5C, 0xD5, 0x63, 0x71, 0x74, 0xE7, 0x82, 0x32, 0x23,
    0x04, 0xED, 0x53, 0xFF, 0x6F, 0x77, 0x57, 0xFD, 0x55, 0x65, 0xB7, 0xAD, 0xD3, 0xAF, 0x31, 0x4F,
    0xE7, 0x11, 0x73, 0xBF, 0xC2, 0x35, 0xDC, 0x78, 0x1E, 0xA9, 0x39, 0x8F, 0x56, 0x8F, 0xB9, 0x9B,
    0xBB, 0xE5, 0x3C, 0xD6, 0xF7, 0x8F, 0x1F, 0xFD, 0x0A, 0xBA, 0x11, 0xFE, 0x2D, 0x56, 0xD3, 0x01,
    0xF4, 0x22, 0x33, 0x4C, 0x22, 0x1B, 0xB5, 0x7C, 0xFD, 0xDB, 0x1D, 0x97, 0xBB, 0x51, 0x38, 0x15,
    0xC6, 0x17, 0x9C, 0xCA, 0xE3, 0xCF, 0x18, 0x92, 0xFA, 0xFB, 0x0F, 0x44, 0x8B, 0x32, 0x85, 0x1F,
    0x9B, 0x9A, 0x0F, 0xCD, 0xA9, 0x3C, 0x05, 0xCD, 0x72, 0x58, 0xC6, 0x6C, 0xD9, 0x97, 0xAB, 0x92,
    0xFF, 0x5C, 0x2D, 0xCF, 0xE4, 0x35, 0xD4, 0x22, 0x87, 0x45, 0x49, 0xC2, 0xDF, 0xAA, 0x69, 0x45,
    0x02, 0x5D, 0xAE, 0x0E, 0x70, 0x37, 0x97, 0x81, 0xD1, 0x90, 0x66, 0xBB, 0xC3, 0xDB, 0xE3, 0x99,
    0xE2, 0x53, 0xB0, 0xDA, 0x15, 0xB1, 0x0A, 0x26, 0x13, 0xBE, 0x47, 0x7C, 0x82, 0x47, 0x38, 0x2A,
    0x46, 0xC3, 0x49, 0x01, 0x31, 0x65, 0x53, 0xEB, 0x2D, 0xD7, 0x30, 0x1B, 0xCA, 0x39, 0xF2, 0x3D,
    0x02, 0x7C, 0x42, 0xAF, 0x7E, 0xC4, 0xA0, 0x82, 0x43, 0x82, 0x18, 0xBA, 0x05, 0x0E, 0xDA, 0xBF,
    0x4D, 0x7F, 0xC9, 0x38, 0x11, 0xD9, 0xA8, 0x4E, 0x5C, 0xA9, 0x25, 0x0C, 0x2B, 0x2E, 0xAB, 0x78,
    0x7B, 0x5E, 0xEE, 0x14, 0xCF, 0x7E, 0x06, 0x29, 0x68, 0xB9, 0xA6, 0x7B, 0xBC, 0x5F, 0x2D, 0xFE,
    0x25, 0xB6, 0xE8, 0x14, 0xCD, 0xA2, 0x5F, 0x72, 0x95, 0xBC, 0xC5, 0x93, 0x52, 0x4F, 0xA9, 0xAD,
    0xD4, 0x59, 0x6A, 0x9E, 0x46, 0xC0, 0xCF, 0x76, 0x07, 0x62, 0x1A, 0x16, 0x40, 0x42, 0xB7, 0x42,
    0x25, 0xB4, 0x1B, 0xAA, 0xED, 0xB2, 0xDD, 0xDE, 0xFA, 0x00, 0x5D, 0x10, 0xE8, 0x17, 0x34, 0xD0,
    0x27, 0xD4, 0xE2, 0x68, 0x33, 0x82, 0xAE, 0x57, 0x07, 0xEA, 0xED, 0x32, 0x1A, 0x6B, 0x4F, 0xA8,
    0x3A, 0x34, 0x0C, 0x44, 0x2B, 0x87, 0x38, 0x25, 0x68, 0xED, 0xB6, 0x3D, 0x22, 0x70, 0x1B, 0x7C,
    0x34, 0x3D, 0xA9, 0xB9, 0x3F, 0x1E, 0x94, 0xC1, 0x7B, 0xF3, 0xD5, 0xF4, 0xF7, 0xF2, 0xDA, 0xAC,
    0x65, 0x13, 0x53, 0xC9, 0xD8, 0x6C, 0xD6, 0xFD, 0xAF, 0xB1, 0x46, 0x68, 0xD7, 0x7F, 0x61, 0x63,
    0xE8, 0xB2, 0xA1, 0x28, 0x22, 0xDF, 0x2B, 0x46, 0x79, 0x5D, 0x74, 0x02, 0xE4, 0x07, 0x59, 0x4F,
    0xCF, 0x6A, 0xDA, 0xE9, 0x12, 0x8D, 0x30, 0x8C, 0x20, 0xA3, 0xB7, 0xC7, 0xA0, 0x38, 0xA4, 0x38,
    0x2A, 0xFA, 0x64, 0xB8, 0x80, 0x0F, 0xFD, 0x0E, 0x91, 0x46, 0x16, 0xB4, 0x06, 0xF9, 0xDD, 0x62,
    0x6A, 0x65, 0x1B, 0x27, 0xA0, 0x12, 0x4B, 0xDD, 0x6F, 0x8F, 0xF7, 0xFA, 0x3D, 0xD6, 0x19, 0x5E,
    0xDB, 0xB6, 0xD8, 0x79, 0x58, 0x69, 0x44, 0x64, 0xA6, 0x12, 0xAB, 0xEA, 0x27, 0x5A, 0x68, 0x3F,
    0xB7, 0x8B, 0x5F, 0xFB, 0xCD, 0xAF, 0xC3, 0xA6, 0xAC, 0xD7, 0xF0, 0x4C, 0xBE, 0x85, 0xCB, 0xAF,
    0x3B, 0x69, 0x81, 0xB8, 0xF1, 0xA0, 0x95, 0x04, 0x6A, 0x29, 0x77, 0xDA, 0x8F, 0xDD, 0x02, 0x74,
    0x73, 0x9F, 0xEC, 0x4E, 0xF8, 0x50, 0xCB, 0x58, 0xDF, 0x3C, 0x83, 0xAC, 0xE4, 0x97, 0x4C, 0x92,
    0xC9, 0x7F, 0xAC, 0x8E, 0xEA, 0xE0, 0x4D, 0xAE, 0x33, 0xBF, 0xE4, 0x65, 0x76, 0x37, 0xE0, 0xD5,
    0xD3, 0x54, 0x6F, 0xFC, 0x82, 0x97, 0x67, 0x00, 0x13, 0x6F, 0x34, 0x7C, 0x27, 0xAB, 0xD8, 0xED,
    0xA4, 0xF0, 0xA9, 0x4A, 0xBF, 0x4B, 0xF4, 0x2E, 0xED, 0xBB, 0x22, 0x4A, 0x49, 0x57, 0x81, 0xF4,
    0xA5, 0xDC, 0x52, 0xFC, 0xD5, 0x4A, 0xFC, 0x1E, 0x27, 0x87, 0xB6, 0x32, 0xFA, 0x71, 0x48, 0xCF,
    0x69, 0x67, 0x68, 0x16, 0xB5, 0x6A, 0x92, 0xA5, 0x3B, 0x43, 0xFC, 0x69, 0x31, 0x34, 0xCB, 0x1B,
    0xD4, 0xDA, 0x25, 0x12, 0xCF, 0xB9, 0x7F, 0xEC, 0xBD, 0xFC, 0x79, 0xFF, 0xF4, 0x08, 0x3B, 0x7C,
    0x41, 0x35, 0xC2, 0x46, 0x93, 0x68, 0x32, 0xC3, 0x4C, 0xBF, 0x22, 0x23, 0x53, 0x72, 0x07, 0x4E,
    0xE8, 0x37, 0xBA, 0xCC, 0xB4, 0x10, 0xD7, 0xFA, 0x9A, 0x66, 0x0A, 0x2E, 0x53, 0xCE, 0xCB, 0x7C,
    0xF1, 0x29, 0xFE, 0xD7, 0x42, 0xD1, 0x29, 0x9A, 0xA6, 0x5F, 0x72, 0x79, 0x39, 0xC7, 0x7A, 0x8F,
    0x00, 0xEE, 0x83, 0x51, 0x1F, 0xFA, 0x65, 0x3C, 0x3B, 0x00, 0x91, 0x85, 0xE6, 0x56, 0x67, 0xBA,
    0x80, 0xE7, 0x45, 0x9F, 0xBB, 0xF0, 0x65, 0x2F, 0x4D, 0xFA, 0xE6, 0x79, 0xE7, 0xD2, 0xEF, 0x0D,
    0x7A, 0x71, 0xE9, 0x9B, 0x3E, 0xBB, 0xF4, 0xE5, 0xF3, 0xAF, 0x9A, 0xF4, 0xE2, 0x79, 0xD7, 0x05,
    0x73, 0xB6, 0xB0, 0x4A, 0x05, 0x4C, 0x6A, 0x12, 0x49, 0x97, 0x15, 0xED, 0x49, 0x66, 0x9C, 0x7D,
    0x77, 0xB6, 0x66, 0xA7, 0x9F, 0xB1, 0xED, 0xEE, 0x83, 0x0F, 0xF8, 0xD1, 0xC3, 0x50, 0xC0, 0x2E,
    0x6D, 0xC1, 0x5C, 0xCC, 0xD9, 0xC2, 0x4C, 0xC0, 0xA4, 0xAE, 0xD1, 0x2D, 0x1F, 0x8E, 0x76, 0xBF,
    0xF2, 0x3D, 0x7E, 0x9C, 0xCE, 0xD3, 0xE3, 0x49, 0xFD, 0x69, 0xA6, 0x39, 0xA9, 0x17, 0xC1, 0x8F,
    0x53, 0x78, 0xC5, 0x10, 0x3E, 0xD1, 0xD6, 0xF1, 0x01, 0x22, 0xD4, 0x3B, 0xB4, 0x37, 0x88, 0x33,
    0x95, 0x04, 0x3B, 0xF5, 0x23, 0x44, 0x91, 0x74, 0x19, 0x0F, 0x37, 0x6A, 0x91, 0xD0, 0x8A, 0xA4,
    0x6E, 0x1E, 0x66, 0x47, 0x3B, 0x63, 0x36, 0x24, 0xFC, 0x01, 0x5E, 0x83, 0x24, 0x40, 0x6F, 0xFB,
    0xF7, 0x73, 0x7D, 0xEB, 0xE6, 0x5E, 0xF7, 0x6F, 0x72, 0x22, 0x81, 0xE9, 0x06, 0xDF, 0x72, 0xD4,
    0xBB, 0xCB, 0xED, 0x7A, 0x2A, 0x24, 0xCF, 0x67, 0x96, 0x3B, 0xFF, 0x37, 0x21, 0x70, 0xC1, 0x88,
    0xCB, 0x31, 0x29, 0x2C, 0x7C, 0x9E, 0xE3, 0xCE, 0x1F, 0x72, 0x14, 0xF9, 0x6B, 0x8E, 0x51, 0xFE,
    0x94, 0x63, 0xBB, 0x5B, 0xE3, 0x3F, 0x08, 0xB4, 0x6F, 0x49, 0x0C, 0x8A, 0x95, 0x28, 0x36, 0x22,
    0x4B, 0x97, 0x3A, 0xC3, 0xC1, 0xD0, 0x1B, 0x46, 0xC3, 0xC9, 0x50, 0xDE, 0xC3, 0xE9, 0xCE, 0xC7,
    0xDF, 0xC5, 0x16, 0x9D, 0xA2, 0x59, 0x19, 0x32, 0x18, 0xD6, 0x86, 0xB4, 0xFF, 0x33, 0xBC, 0xFF,
    0xE7, 0x57, 0xAD, 0x9C, 0xBF, 0x7A, 0xC1, 0x9D, 0x3F, 0x7D, 0x83, 0xCE, 0x8B, 0xDB, 0x4F, 0xDD,
    0xCD, 0xCB, 0x7A, 0x56, 0xD7, 0x1C, 0x01, 0x20, 0x26, 0x5A, 0x49, 0x4C, 0x6A, 0xDF, 0x25, 0xBE,
    0x52, 0xA1, 0x1F, 0x60, 0xDA, 0xFD, 0x65, 0x3C, 0x6C, 0xD7, 0xC6, 0x9A, 0xFB, 0xA5, 0x5F, 0x7D,
    0x38, 0x73, 0x50, 0xE5, 0x57, 0x90, 0xDF, 0xDE, 0x99, 0x5E, 0xEB, 0xBC, 0xAE, 0xAB, 0x5F, 0x77,
    0xFA, 0x6B, 0x9C, 0xC6, 0x7F, 0x41, 0x15, 0xE0, 0x37, 0x5A, 0x2A, 0x62, 0x9F, 0x35, 0xBF, 0x54,
    0x02, 0xDD, 0x46, 0x9C, 0xAF, 0x0F, 0x9A, 0xCC, 0x8D, 0x6D, 0xD3, 0x5A, 0x92, 0x2E, 0xE8, 0x3B,
    0xB1, 0xE1, 0xE7, 0x72, 0x5E, 0xE6, 0xCD, 0xA7, 0xF8, 0x97, 0x58, 0xD3, 0xB9, 0x34, 0x4D, 0xBF,
    0xE4, 0xB2, 0xCE, 0x71, 0xDB, 0x33, 0x49, 0xE8, 0x46, 0x57, 0xEA, 0xE6, 0xFE, 0xBB, 0x04, 0x7D,
    0xFA, 0x4C, 0xBB, 0xF4, 0x01, 0xA5, 0x88, 0xD1, 0x6E, 0x54, 0x65, 0x23, 0x77, 0x33, 0x6A, 0x57,
    0xA3, 0x2E, 0x19, 0x0D, 0x23, 0xFA, 0xAA, 0x78, 0x8C, 0xDE, 0x16, 0xE2, 0xA9, 0x61, 0xA9, 0x33,
    0x48, 0xA2, 0xDE, 0xEC, 0xD1, 0xB8, 0x95, 0xF6, 0x4C, 0xDD, 0x2E, 0xF4, 0x5F, 0x9B, 0xE0, 0x8B,
    0x22, 0xB8, 0x9D, 0xE4, 0xA9, 0xD7, 0x93, 0x0E, 0x9A, 0xD4, 0xA5, 0xCA, 0xFE, 0x75, 0x64, 0xB7,
    0x19, 0x35, 0xAB, 0x51, 0x37, 0xA3, 0x15, 0xF4, 0xC9, 0xC8, 0x07, 0xA3, 0xFF, 0x47, 0x7F, 0xED,
    0x6E, 0x14, 0x65, 0x84, 0x8C, 0xC8, 0x4C, 0xBD, 0xD5, 0x5B, 0xB7, 0xE0, 0x56, 0xB7, 0x6A, 0xB1,
    0x0B, 0x9C, 0x54, 0x36, 0xAB, 0x0A, 0xD2, 0x6B, 0x7F, 0x30, 0x05, 0x0E, 0xA8, 0xF7, 0x52, 0xC0,
    0x0D, 0xB7, 0x41, 0x1C, 0xD5, 0xB7, 0xD6, 0xC2, 0xEC, 0xA3, 0x7F, 0xEB, 0x93, 0x91, 0x0F, 0x46,
    0x4C, 0xB3, 0xF6, 0xE7, 0x24, 0xAB, 0x66, 0x27, 0x87, 0xF5, 0x37, 0x4E, 0xAA, 0x59, 0xE3, 0xAD,
    0x3F, 0xA5, 0x08, 0xBC, 0xB5, 0xFE, 0xE2, 0x66, 0xF2, 0x71, 0xB6, 0xFE, 0xE2, 0x6E, 0xFD, 0x11,
    0xB5, 0x9C, 0x9F, 0x33, 0x84, 0x61, 0xC4, 0x8F, 0x31, 0x94, 0xFE, 0x34, 0xA4, 0xF9, 0x67, 0xF9,
    0x66, 0x00, 0xA9, 0x3B, 0x72, 0xC5, 0xF1, 0x93, 0x44, 0x6F, 0xB6, 0x1B, 0x76, 0xA0, 0xD8, 0xDA,
    0xAD, 0x14, 0x45, 0x69, 0xBB, 0x81, 0x02, 0x6C, 0x93, 0x6D, 0x01, 0x0B, 0x05, 0x00, 0x2C, 0x0A,
    0xC0, 0x16, 0x05, 0xEC, 0x9A, 0x54, 0x51, 0x2C, 0x5C, 0x14, 0x00, 0x0F, 0x00, 0x28, 0x14, 0x2D,
    0xDC, 0x0C, 0x0F, 0x0F, 0x45, 0xA3, 0x2D, 0x50, 0xBC, 0xE0, 0x41, 0x15, 0x2F, 0x25, 0x2A, 0x97,
    0x24, 0xA7, 0xDF, 0xFF, 0x7F, 0x3E, 0xF7, 0xCE, 0xFB, 0xDE, 0xBD, 0xB7, 0xFB, 0xB5, 0x4F, 0xF7,
    0x7D, 0xDF, 0x1B, 0xCF, 0xEF, 0xE4, 0xCD, 0x97, 0xCC, 0xCC, 0x39, 0x99, 0x3B, 0x33, 0xE7, 0xCC,
    0x44, 0x4D, 0x9D, 0x6E, 0xF8, 0x4A, 0xDE, 0x9F, 0xAD, 0x9B, 0x13, 0x1D, 0x38, 0x7E, 0x8D, 0x37,
    0x64, 0x0E, 0x7F, 0xFD, 0x8F, 0xA9, 0x6E, 0xEF, 0xA6, 0x07, 0x4B, 0x05, 0x15, 0xCC, 0xF5, 0xAF,
    0xA8, 0x73, 0xE6, 0x1D, 0x83, 0x69, 0x08, 0x76, 0x0D, 0xA8, 0x40, 0xC4, 0x3F, 0x30, 0x5F, 0x51,
    0x4A, 0xB6, 0xE2, 0xEF, 0xAF, 0x58, 0xA4, 0xBC, 0x16, 0x1F, 0x2D, 0x01, 0xB7, 0x9B, 0xC5, 0x91,
    0xBC, 0x25, 0x4C, 0x57, 0x26, 0x34, 0x6A, 0x18, 0x27, 0x9E, 0x68, 0x2E, 0xB4, 0x25, 0x05, 0x4C,
    0xCA, 0xF4, 0xC0, 0x04, 0xE9, 0x36, 0x13, 0x4A, 0x51, 0x99, 0xA8, 0xB5, 0xA1, 0xB0, 0xA6, 0xFB,
    0x8A, 0xA2, 0x33, 0x87, 0x60, 0x63, 0x15, 0xC9, 0xEA, 0x68, 0x46, 0xF8, 0x0C, 0xEC, 0x3B, 0xA8,
    0x29, 0x37, 0xDF, 0xAF, 0x18, 0x53, 0x08, 0x7A, 0x17, 0x6C, 0x91, 0xD2, 0x17, 0xA3, 0xA8, 0x03,
    0x34, 0x86, 0xA8, 0xE9, 0xE2, 0x50, 0x74, 0xFC, 0x59, 0x94, 0x2B, 0xC2, 0x44, 0xCD, 0xE7, 0x82,
    0x98, 0xF6, 0xDE, 0x0C, 0xFE, 0xE1, 0xB2, 0x98, 0x28, 0x50, 0x75, 0xBA, 0x51, 0xD0, 0xF3, 0xA2,
    0xA8, 0x03, 0xAD, 0x4C, 0xE1, 0xB9, 0x4E, 0xB7, 0xAC, 0xB7, 0xE3, 0xC5, 0x09, 0x6F, 0xE6, 0x2F,
    0x14, 0x1D, 0x29, 0x2B, 0x99, 0x2E, 0xB1, 0xE9, 0x92, 0xCB, 0x37, 0xD7, 0x66, 0x6E, 0x35, 0xC5,
    0x4C, 0x23, 0xAF, 0x54, 0x45, 0xCB, 0xD1, 0x9C, 0xC4, 0xD9, 0xDA, 0xB9, 0x0A, 0x87, 0x1C, 0x0F,
    0x1D, 0x44, 0xDE, 0x7D, 0x43, 0x8D, 0x85, 0xDB, 0xBE, 0x46, 0xF5, 0xA6, 0x92, 0xEA, 0x29, 0x57,
    0x7D, 0x29, 0xC7, 0xBB, 0xB7, 0x18, 0x87, 0x60, 0x7A, 0x53, 0xCD, 0x93, 0x4F, 0x1C, 0x83, 0xDC,
    0x92, 0x6F, 0x14, 0x05, 0x05, 0xFF, 0xC7, 0xDF, 0xDE, 0x70, 0xF3, 0x48, 0x7E, 0x1D, 0x6B, 0xD4,
    0x29, 0x75, 0x58, 0x72, 0x4E, 0x4E, 0x53, 0x4A, 0x1D, 0x46, 0x0A, 0xFE, 0xCF, 0x7E, 0x8B, 0xEE,
    0xE4, 0x73, 0x2C, 0xE5, 0x0D, 0x1C, 0xA5, 0x50, 0xDA, 0x8D, 0x28, 0x9F, 0x53, 0x54, 0x5F, 0x8C,
    0xD4, 0xEF, 0x63, 0x13, 0x05, 0x45, 0x67, 0x62, 0x33, 0xB1, 0x52, 0x24, 0x0B, 0x45, 0x6A, 0x22,
    0x9B, 0x28, 0xF2, 0x91, 0xA2, 0x30, 0xE1, 0x06, 0xF8, 0x77, 0xE2, 0x7A, 0x8A, 0x32, 0x50, 0xD4,
    0x81, 0xBF, 0xD5, 0x2D, 0x85, 0x6F, 0x28, 0x3A, 0x55, 0x08, 0xA5, 0x48, 0x4C, 0xA4, 0x8C, 0x15,
    0x52, 0x37, 0x88, 0x99, 0x22, 0x9F, 0x28, 0xDC, 0x18, 0x8B, 0xB2, 0xC7, 0xD2, 0x65, 0xAC, 0x02,
    0x45, 0x6D, 0x42, 0x84, 0x01, 0x2E, 0x67, 0x31, 0x1D, 0x0B, 0x70, 0xF5, 0x85, 0x0A, 0xE2, 0x10,
    0x8C, 0x74, 0x21, 0xBE, 0x8B, 0x87, 0x07, 0xBC, 0xBC, 0x77, 0xA4, 0x7A, 0x39, 0x34, 0x6A, 0x5D,
    0xEA, 0x1E, 0xAA, 0xF1, 0xC1, 0x7B, 0x3C, 0x69, 0xA5, 0x59, 0xC9, 0x15, 0x69, 0x35, 0x5A, 0xED,
    0x05, 0x5B, 0x62, 0xAD, 0x4A, 0xB4, 0xCF, 0x75, 0xDF, 0x5A, 0x29, 0xD8, 0x72, 0xD3, 0x42, 0x9C,
    0xF0, 0x39, 0xB2, 0x5A, 0x29, 0xAC, 0xF0, 0x12, 0x85, 0x3F, 0x42, 0xB1, 0xA9, 0xEE, 0x17, 0x51,
    0xBC, 0x67, 0xDA, 0x21, 0x6D, 0x58, 0x23, 0xD0, 0xB3, 0xD7, 0xB1, 0x23, 0xDE, 0xCC, 0xD4, 0x2C,
    0xC6, 0x03, 0xDF, 0x95, 0xC3, 0xA4, 0x07, 0x89, 0x79, 0xC7, 0x63, 0x97, 0xD6, 0x08, 0xCC, 0xFB,
    0x2F, 0x71, 0xD8, 0x9E, 0x04, 0xCA, 0xDA, 0xDF, 0x16, 0x40, 0xE5, 0x60, 0x57, 0x33, 0xB7, 0xA7,
    0x82, 0x27, 0xAA, 0x5B, 0x6A, 0xEB, 0xE0, 0x9E, 0xB3, 0xA2, 0x48, 0xFD, 0x18, 0x91, 0x35, 0x51,
    0xBC, 0xB6, 0xBA, 0xCD, 0xE8, 0xB3, 0x04, 0xC9, 0x4E, 0x4E, 0xAD, 0x4D, 0x3C, 0xE2, 0x97, 0x88,
    0xE0, 0x7C, 0xA4, 0x81, 0x57, 0xCC, 0x63, 0x3A, 0xB9, 0xFE, 0xD7, 0x8A, 0xD0, 0x73, 0xB4, 0xBE,
    0xC7, 0xBE, 0x18, 0x2D, 0x82, 0x37, 0xB2, 0x26, 0x2B, 0xDE, 0xFA, 0xCE, 0xFD, 0xE1, 0xB5, 0x36,
    0xA6, 0x75, 0xE0, 0xD7, 0x93, 0x77, 0xB5, 0x56, 0x1E, 0xDD, 0x2A, 0x9C, 0xAE, 0xB7, 0x31, 0x7A,
    0x9B, 0x2B, 0x5C, 0x7F, 0x3B, 0xEA, 0x99, 0x35, 0xBE, 0x79, 0xA6, 0x76, 0xD0, 0x9E, 0x5E, 0xF1,
    0xB4, 0x63, 0xAE, 0x9C, 0xE4, 0xFF, 0x69, 0xB3, 0xBA, 0x6F, 0xF7, 0xDB, 0x58, 0xC9, 0xC2, 0x5D,
    0x94, 0x9F, 0x4B, 0xD2, 0x9E, 0xA3, 0x05, 0x7C, 0xC3, 0xDD, 0x9E, 0xE0, 0x07, 0xB0, 0x23, 0x71,
    0xCD, 0x7C, 0xA6, 0x33, 0xD4, 0x1A, 0xF1, 0x85, 0xC6, 0x96, 0x2C, 0x93, 0x89, 0x6D, 0x27, 0x36,
    0xB9, 0xD0, 0x16, 0x42, 0x7C, 0x4F, 0x51, 0x8E, 0x14, 0xC5, 0x44, 0x91, 0x2D, 0x14, 0xA9, 0x89,
    0x64, 0x35, 0xB1, 0x51, 0xC8, 0x5E, 0xE8, 0x5E, 0x70, 0x4D, 0x74, 0x28, 0xF8, 0xDB, 0xDD, 0x62,
    0x8B, 0x0B, 0x63, 0xD1, 0xAC, 0x28, 0xAA, 0xB6, 0x98, 0xE2, 0x26, 0xB1, 0x81, 0x6C, 0x2E, 0x1B,
    0x1F, 0xA9, 0x42, 0xC5, 0xA4, 0x1A, 0xE4, 0xA7, 0x22, 0xAA, 0x1F, 0xD9, 0xBA, 0x73, 0x92, 0x64,
    0xAC, 0xD0, 0xD5, 0xB9, 0x1B, 0x75, 0x5F, 0xF2, 0x13, 0xB7, 0xFA, 0x96, 0x88, 0x1B, 0xA9, 0x64,
    0xD7, 0x80, 0x75, 0x00, 0x2B, 0xD2, 0x0D, 0x60, 0x31, 0x82, 0xF9, 0x04, 0x66, 0x0B, 0x98, 0x90,
    0xB2, 0x91, 0x1D, 0xE9, 0x1B, 0xB0, 0x0E, 0x60, 0xD9, 0x83, 0x6E, 0x00, 0x8B, 0x11, 0xCC, 0x26,
    0x72, 0x01, 0x93, 0x15, 0x94, 0x8D, 0xEC, 0xC8, 0xFA, 0xB7, 0xE4, 0x73, 0xB0, 0x54, 0xD0, 0x91,
    0x05, 0x99, 0xED, 0xC9, 0x6D, 0xA9, 0x9B, 0xE8, 0x4F, 0x16, 0x8F, 0xE8, 0x5D, 0x14, 0x32, 0x72,
    0xE1, 0x76, 0x0A, 0xC8, 0x0E, 0xBB, 0xB8, 0xAD, 0xDB, 0x10, 0x86, 0x66, 0xB7, 0x61, 0xC4, 0xB8,
    0xD8, 0x6C, 0xF5, 0xD9, 0xDC, 0xAE, 0x3E, 0xAB, 0x1E, 0x3E, 0x83, 0xE3, 0x1A, 0xD4, 0xED, 0x34,
    0xC0, 0xEB, 0xA1, 0x5B, 0x43, 0x66, 0x33, 0x6A, 0xCA, 0x16, 0x7F, 0x24, 0x6B, 0xD2, 0x4A, 0xB0,
    0xD2, 0xAC, 0x64, 0xAB, 0xC5, 0x6A, 0xB4, 0xDA, 0xAD, 0x25, 0x29, 0x5B, 0x65, 0x2D, 0xB4, 0xD6,
    0x5A, 0xCB, 0xA9, 0x05, 0x17, 0x51, 0x91, 0xDA, 0x51, 0x20, 0xCE, 0x26, 0xBB, 0x2C, 0xDA, 0x2C,
    0x36, 0x9B, 0x5C, 0x34, 0xE7, 0x6C, 0x8D, 0x7A, 0x02, 0xBB, 0xD5, 0x76, 0x8E, 0x85, 0x15, 0x05,
    0x14, 0x55, 0x0E, 0x78, 0x1C, 0x2B, 0x6C, 0xCF, 0xE8, 0xEE, 0xFB, 0x22, 0x9F, 0x9C, 0xAF, 0x1D,
    0x8A, 0x59, 0xBE, 0x81, 0xFC, 0xFE, 0x33, 0xFA, 0x6F, 0xAB, 0xC8, 0x67, 0x85, 0x4E, 0xF8, 0xD3,
    0xF1, 0xBD, 0x30, 0x9D, 0xAF, 0xEE, 0x76, 0x7A, 0x00, 0xE7, 0x08, 0xC0, 0x8A, 0xC4, 0x35, 0xF3,
    0xCF, 0x5A, 0x77, 0xC6, 0xD0, 0xBF, 0x5D, 0xEF, 0xB0, 0x74, 0x41, 0xB2, 0xB5, 0x1A, 0xC5, 0x4D,
    0xC5, 0x22, 0x75, 0x9F, 0x2A, 0x9E, 0xEA, 0x1E, 0xAF, 0xC2, 0xA3, 0x0C, 0x52, 0xE0, 0x91, 0x54,
    0x9B, 0xFD, 0x88, 0xEA, 0xE0, 0x92, 0xD7, 0x7F, 0x5B, 0x44, 0xF4, 0xC7, 0x8A, 0x60, 0x7D, 0x17,
    0xDC, 0x24, 0xD5, 0xC8, 0x98, 0x7D, 0xD7, 0x48, 0xBA, 0xFE, 0x40, 0x44, 0x7E, 0x27, 0x07, 0x69,
    0x42, 0xAD, 0xB6, 0x53, 0xF1, 0x97, 0x99, 0x13, 0xF0, 0x88, 0x96, 0xE9, 0x40, 0xDB, 0x85, 0x1C,
    0x9B, 0x28, 0xB4, 0x9D, 0xC2, 0x76, 0xA9, 0xC2, 0x76, 0x99, 0xC5, 0x02, 0xFE, 0x01, 0xAB, 0xB9,
    0x27, 0x60, 0xFD, 0x2B, 0xD8, 0xCE, 0xD3, 0x22, 0x2B, 0x98, 0x2C, 0x60, 0x36, 0x81, 0xC5, 0x00,
    0xBA, 0x00, 0x56, 0x2D, 0xE8, 0x05, 0xDC, 0x60, 0xB5, 0x5F, 0x2E, 0xE0, 0xE3, 0x09, 0xB6, 0xFB,
    0xE3, 0x08, 0xDB, 0xFD, 0xA9, 0x87, 0xED, 0xB4, 0x85, 0xED, 0x94, 0x41, 0x8E, 0x8D, 0xB6, 0x5B,
    0xF8, 0xC7, 0x4F, 0xDB, 0x39, 0xDA, 0xAE, 0x52, 0xD8, 0xAE, 0xFE, 0x02, 0xB6, 0xEB, 0x68, 0x3B,
    0x68, 0x78, 0x9B, 0x5E, 0x8D, 0x07, 0xE1, 0x5B, 0xD4, 0xFB, 0x55, 0xB1, 0x3E, 0x64, 0x6B, 0xB4,
    0x10, 0x56, 0xC5, 0x08, 0x16, 0x86, 0x45, 0x15, 0x37, 0x21, 0x30, 0x95, 0x6F, 0x4D, 0xB9, 0x48,
    0x6A, 0x11, 0x1E, 0xCF, 0x4D, 0xBB, 0x0B, 0xE5, 0xA8, 0x7A, 0xBC, 0x1F, 0x71, 0xCE, 0xD6, 0x38,
    0xDE, 0x9B, 0x38, 0x47, 0x3B, 0x1C, 0xE1, 0x53, 0x9C, 0xE3, 0x5F, 0x44, 0xDA, 0xC6, 0x87, 0xFE,
    0x8A, 0x89, 0xC2, 0x8D, 0xF1, 0x76, 0x65, 0xDD, 0xC4, 0xFB, 0x70, 0x8B, 0x89, 0x9F, 0xDD, 0xEB,
    0x6D, 0x31, 0x0C, 0x38, 0x97, 0x8C, 0x95, 0x8D, 0x6E, 0x66, 0x56, 0x8E, 0xA7, 0x3C, 0x47, 0x7D,
    0x0E, 0xFB, 0xF4, 0x1E, 0xB0, 0xA5, 0x9B, 0x71, 0x44, 0x93, 0x62, 0xC6, 0xCD, 0xAC, 0xD7, 0x4D,
    0x8C, 0x24, 0xE6, 0x0B, 0xF2, 0x39, 0x86, 0x37, 0xE6, 0xA3, 0xB0, 0x0D, 0x3F, 0x59, 0x59, 0xC7,
    0x13, 0x36, 0xB7, 0x7A, 0xCA, 0x76, 0x3A, 0x1D, 0x20, 0x72, 0x0D, 0xD4, 0x44, 0xD9, 0xDC, 0x44,
    0x85, 0x69, 0x7B, 0xD5, 0x82, 0xE5, 0x7E, 0x39, 0xAA, 0x5E, 0x93, 0xDA, 0x93, 0x33, 0xF2, 0x8B,
    0x15, 0x14, 0x25, 0xBB, 0x06, 0xAC, 0x5B, 0x32, 0xDC, 0xC3, 0xF6, 0xF6, 0x4E, 0xB5, 0x12, 0xAC,
    0x34, 0xB2, 0x67, 0x2D, 0xC7, 0xB4, 0x2A, 0x55, 0x48, 0x47, 0x56, 0xA4, 0xBD, 0x5F, 0xA3, 0x7F,
    0x98, 0xA8, 0x32, 0x26, 0xF3, 0x3B, 0x30, 0xD9, 0xC0, 0x6C, 0x01, 0xDD, 0x08, 0x56, 0x3D, 0xE8,
    0x5B, 0x50, 0x51, 0x42, 0xBA, 0x80, 0xF9, 0x04, 0xBA, 0x01, 0xB4, 0xFE, 0xEA, 0x7F, 0x43, 0x6A,
    0x4F, 0xB2, 0x84, 0xF7, 0xB4, 0x61, 0xC9, 0x01, 0xAC, 0x06, 0xD0, 0x8D, 0x60, 0x11, 0x33, 0xF6,
    0x09, 0x22, 0x56, 0x3D, 0xD8, 0x05, 0xEE, 0xC9, 0xA3, 0x43, 0xE8, 0x42, 0xF6, 0xE0, 0xDF, 0x2D,
    0x66, 0xCD, 0xDE, 0x4D, 0xF6, 0xB7, 0x0F, 0xE6, 0x53, 0x34, 0x37, 0xAE, 0xA4, 0x8F, 0x5C, 0x93,
    0xC3, 0x64, 0xC7, 0xAC, 0x6D, 0xF7, 0xBF, 0x50, 0x6E, 0x3F, 0x5C, 0xE3, 0xF0, 0x44, 0x1D, 0xD0,
    0x89, 0xDD, 0x5D, 0x07, 0xA8, 0xD3, 0x03, 0x7E, 0x0F, 0x6D, 0xCB, 0x14, 0x2C, 0xC9, 0x7A, 0x42,
    0x7E, 0xD7, 0x82, 0x2A, 0x2F, 0x30, 0x33, 0xF2, 0xD7, 0x6F, 0xE1, 0xCE, 0xE4, 0xF7, 0x3A, 0xE1,
    0x6C, 0x6D, 0x37, 0xE5, 0xAA, 0xA1, 0x9C, 0xE4, 0x53, 0xFB, 0x93, 0xB6, 0xC1, 0x3A, 0x8B, 0xCE,
    0x70, 0x9B, 0x7A, 0x65, 0x1F, 0xED, 0x3B, 0x98, 0x8E, 0xA7, 0xA7, 0x1D, 0xE3, 0xD6, 0x3C, 0xC9,
    0x6B, 0x91, 0xEB, 0x7D, 0xE8, 0x5A, 0x3A, 0x2B, 0x0A, 0xEA, 0x59, 0xF4, 0x1A, 0xE1, 0xEB, 0xE6,
    0x74, 0xF4, 0xF2, 0x97, 0xB2, 0x7B, 0x5C, 0xD7, 0xAC, 0x97, 0x9C, 0x1B, 0x71, 0x59, 0xEF, 0x11,
    0x30, 0x69, 0x2E, 0x56, 0xB1, 0x74, 0x3A, 0xBA, 0x6C, 0xE2, 0xB9, 0x2A, 0xD7, 0x20, 0x0C, 0xC3,
    0xDB, 0x35, 0xF3, 0x4F, 0x4E, 0x17, 0x0B, 0x41, 0x15, 0xEC, 0x6F, 0xA5, 0x72, 0x36, 0xFB, 0x08,
    0x15, 0xFE, 0x48, 0x3E, 0xDF, 0xF1, 0x43, 0x92, 0xD7, 0xCC, 0xE7, 0x3D, 0x76, 0xBF, 0x3D, 0x7B,
    0x42, 0x9A, 0x56, 0xBB, 0x8B, 0x67, 0x68, 0x56, 0xAA, 0x1B, 0xFA, 0xE0, 0x13, 0xD5, 0xD6, 0x0D,
    0xE5, 0xF3, 0xBE, 0x0A, 0x55, 0x9B, 0xAB, 0x14, 0x43, 0x09, 0x67, 0x32, 0x1B, 0x13, 0x14, 0x9C,
    0x4E, 0x2C, 0x3F, 0xD9, 0x89, 0x64, 0x27, 0xE6, 0x03, 0xF1, 0xA9, 0xA2, 0x59, 0x99, 0x52, 0x38,
    0x13, 0xD5, 0xB3, 0x64, 0xE1, 0x00, 0x44, 0xE1, 0x25, 0x16, 0x1D, 0xD6, 0xE3, 0xE9, 0xA5, 0x97,
    0x4C, 0x77, 0x35, 0xF8, 0x26, 0xAF, 0x9B, 0x62, 0xAC, 0xFB, 0x0F, 0xAA, 0xBE, 0x0E, 0x25, 0x4B,
    0x68, 0x0A, 0x9D, 0x32, 0xC5, 0x37, 0x05, 0xAD, 0xF8, 0x41, 0x6E, 0xBF, 0x2D, 0xE8, 0x45, 0x3C,
    0x83, 0x86, 0x7A, 0x59, 0xAC, 0x0C, 0x40, 0x2A, 0x27, 0x05, 0xCF, 0xE3, 0x44, 0xDF, 0x91, 0x32,
    0x44, 0xCB, 0xFA, 0x2F, 0xCD, 0x0A, 0x64, 0x09, 0xEF, 0x73, 0xF8, 0xAC, 0x79, 0xA0, 0x52, 0x9B,
    0x74, 0x57, 0x8B, 0x1D, 0xD5, 0x9E, 0x0F, 0x3E, 0xC9, 0x29, 0x01, 0xF9, 0xE0, 0x85, 0xED, 0x53,
    0xB2, 0x6A, 0x76, 0x18, 0xE8, 0x21, 0xAB, 0x32, 0x90, 0xBB, 0x31, 0xFB, 0x19, 0x78, 0x19, 0xCD,
    0x61, 0xD3, 0x4B, 0x5F, 0xDA, 0x68, 0xB4, 0x00, 0x33, 0x3D, 0xDE, 0x96, 0x3B, 0x53, 0xD2, 0xA1,
    0xB4, 0x8A, 0xE5, 0xDB, 0xF0, 0xA1, 0x4D, 0x35, 0x63, 0x5D, 0x95, 0xAD, 0xB6, 0x14, 0xA4, 0x46,
    0xBE, 0xB1, 0x45, 0xA3, 0xA7, 0x86, 0x1D, 0xD8, 0x2B, 0xA7, 0x06, 0x45, 0x32, 0x0E, 0x7B, 0x46,
    0xAB, 0x3E, 0x1F, 0xB5, 0x03, 0xF6, 0x79, 0x97, 0x93, 0x49, 0xDD, 0x14, 0x13, 0x8F, 0x9A, 0x6A,
    0xF3, 0xDE, 0xC6, 0x7A, 0x67, 0xB6, 0xA1, 0xB7, 0xB7, 0x83, 0xF4, 0x09, 0x49, 0x7D, 0x13, 0xD2,
    0xD4, 0xCB, 0x4D, 0xE1, 0xE1, 0x56, 0xAF, 0x5A, 0x4E, 0x4F, 0x3B, 0x1D, 0x1E, 0x70, 0xA0, 0xBA,
    0x17, 0x1D, 0xA8, 0x70, 0x32, 0x7A, 0x45, 0x0E, 0x11, 0x39, 0x46, 0x0E, 0x11, 0xB5, 0x38, 0xA9,
    0x77, 0xF4, 0x89, 0x75, 0x37, 0xF2, 0xE5, 0xD0, 0x87, 0x27, 0xAB, 0xF6, 0xA1, 0xB0, 0x32, 0x6B,
    0x54, 0x0D, 0x31, 0xF9, 0xD4, 0xFF, 0x8D, 0xDC, 0x06, 0x0A, 0x31, 0x05, 0x03, 0xDB, 0xAD, 0x71,
    0x34, 0x0A, 0x68, 0xCC, 0x87, 0x01, 0x0D, 0xD3, 0x2E, 0x97, 0xD3, 0xD0, 0xCB, 0xB3, 0xE5, 0x9C,
    0x44, 0x33, 0xDD, 0xE8, 0x92, 0x6A, 0x83, 0x4E, 0x62, 0xBE, 0x02, 0x86, 0xE2, 0x55, 0xB2, 0x89,
    0xFA, 0xF7, 0xA7, 0xA0, 0x51, 0xD5, 0xA2, 0xA3, 0xFA, 0xBE, 0xC6, 0x69, 0xA1, 0x01, 0xE4, 0xB5,
    0xE5, 0x33, 0x9D, 0x46, 0x7F, 0x93, 0x46, 0x70, 0x74, 0xA8, 0x17, 0xA9, 0xE6, 0x6A, 0xE4, 0x5C,
    0xD6, 0x72, 0x8B, 0xE2, 0x66, 0xBB, 0x22, 0xE1, 0x18, 0x58, 0xF0, 0x08, 0x84, 0xBD, 0xAF, 0x42,
    0x4C, 0xC7, 0xE2, 0x26, 0xF4, 0x78, 0xA1, 0x97, 0xF0, 0x02, 0x75, 0xBE, 0xE2, 0x26, 0xA0, 0x67,
    0x68, 0xE2, 0x79, 0x83, 0x30, 0x85, 0xB6, 0xFC, 0x24, 0x33, 0xEC, 0xC7, 0x07, 0xBE, 0xF4, 0x78,
    0x7C, 0x20, 0x87, 0x88, 0x7D, 0x4C, 0xDE, 0x69, 0x4F, 0x59, 0x09, 0x56, 0x5A, 0x1C, 0x00, 0x61,
    0x8D, 0xB0, 0x3C, 0x5B, 0x9E, 0xEA, 0x33, 0x2E, 0xBB, 0x93, 0x26, 0xD5, 0x35, 0x0F, 0x05, 0x06,
    0x9F, 0x3C, 0x78, 0x6D, 0x53, 0xB9, 0x67, 0xC9, 0xED, 0xA5, 0x7B, 0x26, 0x3E, 0x87, 0xD7, 0xEB,
    0x54, 0x83, 0xFF, 0x50, 0xFC, 0xE8, 0x1F, 0x89, 0x9B, 0xF8, 0xE5, 0x8E, 0x7D, 0xC3, 0x83, 0x99,
    0xFB, 0x55, 0xE3, 0x55, 0x45, 0x71, 0x25, 0xD1, 0xC3, 0x21, 0x7A, 0x67, 0x96, 0x99, 0x26, 0x5A,
    0xF9, 0xA6, 0xD4, 0xBE, 0x3F, 0x6D, 0x7C, 0x13, 0x0F, 0xD1, 0x87, 0xA6, 0x7E, 0xF9, 0x15, 0x74,
    0xF1, 0x2B, 0xE0, 0xB3, 0x56, 0x8E, 0x95, 0x69, 0xE5, 0x5B, 0x5D, 0x56, 0xAF, 0xB5, 0xC1, 0xDA,
    0x73, 0x7C, 0x54, 0xF6, 0xEB, 0x27, 0xA5, 0xDD, 0xD1, 0x51, 0xD6, 0x13, 0xD0, 0xEB, 0x98, 0x3D,
    0xFB, 0x13, 0xD0, 0xE5, 0xE1, 0x08, 0xF0, 0x29, 0xE9, 0xC2, 0xB2, 0xC0, 0x7A, 0x3E, 0x24, 0xF3,
    0x99, 0x8E, 0xF8, 0x0C, 0xF3, 0x81, 0x74, 0x44, 0x5D, 0xBF, 0x10, 0xF1, 0xD7, 0x62, 0xFB, 0x6B,
    0x13, 0xAB, 0x19, 0x44, 0x2F, 0x73, 0x0D, 0xD9, 0xCA, 0xBD, 0x49, 0xF8, 0x6E, 0xD8, 0x5F, 0xCB,
    0xB4, 0x2F, 0x7B, 0x71, 0x4F, 0xC7, 0x32, 0xE0, 0x8C, 0x70, 0x15, 0xC4, 0x63, 0x57, 0x32, 0x59,
    0xC0, 0x6C, 0x04, 0x5D, 0x9F, 0xCF, 0x75, 0xA8, 0x5A, 0x5C, 0x7B, 0xEE, 0x32, 0x2E, 0xE0, 0x63,
    0x1C, 0xD9, 0x75, 0x4F, 0x7B, 0xEE, 0x97, 0xB5, 0xE2, 0x78, 0xC4, 0xB5, 0x66, 0xF9, 0x5D, 0x93,
    0xED, 0xEA, 0xDA, 0xC4, 0xD9, 0x4E, 0xD9, 0xC7, 0x58, 0x1C, 0x5E, 0x71, 0xA7, 0xEC, 0xFB, 0x12,
    0xA5, 0x0B, 0xA0, 0x6E, 0x81, 0x60, 0x1A, 0xD8, 0x00, 0x64, 0x43, 0x6D, 0x42, 0x53, 0x5C, 0x01,
    0x3F, 0x94, 0xC3, 0x44, 0x4F, 0xFB, 0x15, 0xA2, 0xBB, 0x01, 0x23, 0xAA, 0x75, 0x00, 0x06, 0x71,
    0x4B, 0x79, 0x9D, 0x5C, 0x2D, 0x85, 0xEA, 0xBF, 0x96, 0x44, 0xF5, 0xCF, 0x8B, 0x79, 0x99, 0x16,
    0xCD, 0xCC, 0x26, 0xB4, 0x17, 0x70, 0x83, 0x0D, 0x97, 0xB6, 0x58, 0xB6, 0x36, 0x2F, 0x7C, 0x0B,
    0xAF, 0x59, 0xC3, 0x19, 0xA8, 0x2F, 0xB0, 0xB6, 0xA8, 0xB8, 0x2D, 0xF1, 0xEB, 0x59, 0x64, 0x4B,
    0x56, 0x18, 0x1C, 0x9F, 0x8E, 0x4B, 0x19, 0x92, 0x56, 0x2E, 0x5E, 0xAB, 0x36, 0x27, 0xAB, 0x5C,
    0x49, 0xA6, 0xA9, 0x36, 0x40, 0xCB, 0x2B, 0xE6, 0x31, 0xBD, 0x4E, 0x2D, 0x3D, 0xFE, 0x3C, 0x4D,
    0x7A, 0xE7, 0xB0, 0xED, 0x1B, 0x3C, 0x61, 0xFB, 0xFA, 0xDC, 0xD1, 0xDF, 0xEF, 0xE5, 0xDB, 0x91,
    0xF8, 0x9C, 0x67, 0xB0, 0xB2, 0xC5, 0x82, 0x3A, 0xF4, 0x46, 0x36, 0xFE, 0xEB, 0xB8, 0x6C, 0xB1,
    0x90, 0x7F, 0x1D, 0x50, 0x59, 0x19, 0xF0, 0x88, 0x1B, 0xDC, 0x80, 0x42, 0xCA, 0x5E, 0x78, 0x8C,
    0x4A, 0xA0, 0x03, 0xC6, 0xAE, 0xC5, 0x73, 0x09, 0xB0, 0x81, 0xDD, 0x02, 0xD6, 0x64, 0x35, 0x81,
    0xE5, 0xCB, 0xE1, 0x82, 0x10, 0x9D, 0x9E, 0x8F, 0x62, 0x0C, 0x9C, 0x60, 0x75, 0x26, 0x47, 0xB2,
    0xB1, 0x3B, 0xFE, 0x07, 0x76, 0xD3, 0x8E, 0x39, 0xBF, 0x08, 0xAF, 0x30, 0x74, 0x75, 0x9F, 0x8B,
    0x9F, 0x10, 0xB0, 0xCB, 0x17, 0xE9, 0xF8, 0x71, 0x91, 0x7D, 0x1F, 0xD8, 0xD1, 0xD0, 0xA0, 0x27,
    0xEB, 0x36, 0x62, 0x88, 0x79, 0xF0, 0x2B, 0xEF, 0xE7, 0xB3, 0x56, 0x8E, 0x95, 0x69, 0xE5, 0x5B,
    0x5D, 0x56, 0xAF, 0xB5, 0x41, 0xBA, 0xF9, 0x58, 0x2D, 0x8E, 0x38, 0x4D, 0x72, 0x86, 0x6F, 0xFF,
    0xDF, 0xE5, 0x9C, 0x31, 0x8C, 0xE4, 0xC8, 0x75, 0xFE, 0x1F, 0xC9, 0x3F, 0x86, 0xD2, 0xF1, 0x2F,
    0x31, 0xD5, 0xE1, 0xD6, 0xA0, 0x82, 0x0B, 0x0E, 0xF2, 0xC1, 0x4C, 0x94, 0x9E, 0x8A, 0x92, 0x01,
    0xA7, 0x52, 0x60, 0xC1, 0xA9, 0x02, 0x47, 0x76, 0x70, 0x1B, 0x38, 0xB4, 0x8E, 0x94, 0x1C, 0x28,
    0x70, 0x32, 0x79, 0xE2, 0x0D, 0x2E, 0x30, 0xE4, 0xE0, 0x1C, 0x3A, 0xB8, 0x1D, 0x16, 0xEC, 0xC0,
    0x81, 0x02, 0x11, 0x76, 0x0E, 0x51, 0xC0, 0xC2, 0x80, 0xE1, 0x40, 0x75, 0x3A, 0xDA, 0xE2, 0xCA,
    0x24, 0x9F, 0xF9, 0x7D, 0xD5, 0xDD, 0xC5, 0xD9, 0x9E, 0xD9, 0xB9, 0xBD, 0xD9, 0xDD, 0x9B, 0xE9,
    0x2B, 0x0C, 0x7E, 0x5F, 0x83, 0x24, 0xAB, 0x5E, 0xBD, 0x57, 0xC5, 0xE9, 0xAA, 0x2A, 0xB6, 0x64,
    0xAA, 0x93, 0xC8, 0x65, 0xF9, 0x4C, 0x29, 0x5F, 0xBC, 0x28, 0xA5, 0xF4, 0x62, 0xB4, 0xA2, 0xD4,
    0x16, 0x52, 0x97, 0x94, 0xB6, 0xE8, 0x20, 0x4B, 0xDE, 0xAF, 0x8C, 0xE6, 0xDC, 0xAD, 0x12, 0x4F,
    0xE9, 0xB0, 0x4A, 0x32, 0x26, 0xE3, 0x2A, 0xE9, 0x90, 0xB0, 0x74, 0x17, 0x43, 0x72, 0x17, 0x2D,
    0x90, 0x5E, 0x14, 0x39, 0x77, 0x14, 0x63, 0xA5, 0xAD, 0x20, 0xF8, 0x93, 0xBA, 0xA2, 0xB4, 0x3C,
    0x2D, 0xBA, 0xA6, 0x5E, 0x22, 0x88, 0x93, 0x18, 0x32, 0x08, 0x32, 0x4C, 0x47, 0xFC, 0xE1, 0x63,
    0x36, 0x50, 0x50, 0x74, 0xBC, 0x50, 0x44, 0x79, 0xAB, 0x28, 0x33, 0x92, 0xB6, 0xA2, 0xD4, 0xB6,
    0x6E, 0x58, 0x18, 0x32, 0x6B, 0x64, 0xCB, 0x1B, 0xD2, 0x5B, 0x7A, 0x2E, 0xB8, 0x72, 0xA1, 0x13,
    0xD5, 0x4A, 0xF1, 0x54, 0xDA, 0x1E, 0x99, 0xE7, 0x83, 0xE4, 0xB4, 0x45, 0x60, 0x43, 0x60, 0xFC,
    0x0C, 0xFF, 0x10, 0xBE, 0x4F, 0x14, 0x2C, 0x48, 0x33, 0xE0, 0x78, 0xDB, 0x80, 0x2A, 0x97, 0x98,
    0x78, 0xF2, 0xEC, 0x1F, 0xE0, 0xCA, 0xE8, 0x9F, 0x74, 0x28, 0x54, 0x5D, 0x3B, 0xA4, 0xAA, 0xB6,
    0x18, 0xE4, 0xFD, 0xA7, 0x02, 0xC7, 0x8A, 0xBC, 0xB9, 0x4A, 0xD1, 0x88, 0x81, 0x47, 0x3B, 0xB9,
    0xA0, 0x9B, 0xA3, 0x19, 0x56, 0xCC, 0xE9, 0x24, 0xB4, 0xD9, 0x31, 0x58, 0x6A, 0x21, 0xD9, 0xFC,
    0xA5, 0x0D, 0x79, 0x27, 0x49, 0x25, 0x89, 0x83, 0x9B, 0x92, 0x51, 0x0A, 0x2B, 0xD1, 0x2C, 0xA6,
    0x11, 0xD1, 0xEF, 0xD2, 0x1A, 0x9D, 0xE1, 0x49, 0x1D, 0x50, 0x15, 0x6D, 0xEE, 0x49, 0x23, 0xF8,
    0x82, 0xE3, 0xD6, 0xBC, 0xC2, 0xB8, 0x35, 0xBB, 0xB8, 0x89, 0xB0, 0x85, 0x53, 0x26, 0x32, 0xED,
    0x29, 0xB9, 0xA5, 0x18, 0x20, 0xC8, 0x4F, 0x2C, 0x45, 0x1D, 0x6F, 0x53, 0x5E, 0x1A, 0x6B, 0x75,
    0x17, 0x63, 0xE7, 0xEB, 0x61, 0x2A, 0xC4, 0xC2, 0x97, 0xEB, 0xC0, 0xAC, 0xF3, 0xB5, 0x23, 0xFB,
    0x87, 0xA0, 0x4E, 0x38, 0xAB, 0x34, 0xB1, 0xC5, 0xE9, 0x6F, 0xF8, 0xCA, 0x36, 0x60, 0x4D, 0xAA,
    0x30, 0xA4, 0xC2, 0x50, 0x82, 0xA9, 0x03, 0xF3, 0x0E, 0x8C, 0x8F, 0xDA, 0x73, 0xFB, 0x94, 0xF9,
    0xC2, 0x3F, 0x35, 0xEA, 0x12, 0x69, 0x97, 0xA9, 0x24, 0x8B, 0x88, 0x36, 0x70, 0x85, 0xB1, 0x08,
    0x4D, 0xD1, 0xA3, 0xC1, 0x7C, 0x5D, 0x4A, 0xEF, 0x54, 0xBB, 0x29, 0xB4, 0x02, 0xDB, 0x6B, 0xA8,
    0x9E, 0xCF, 0xBD, 0xA6, 0x26, 0x4D, 0x13, 0x72, 0x2E, 0x49, 0x5F, 0xA2, 0x2F, 0xDD, 0x5B, 0xE2,
    0xAD, 0x8A, 0xB4, 0x4B, 0xD5, 0x5B, 0xEB, 0x2D, 0xF7, 0xB5, 0x40, 0x7A, 0x9B, 0xAC, 0xE5, 0x46,
    0x3F, 0x14, 0x0D, 0x8F, 0xC8, 0x36, 0x1D, 0xFB, 0xA4, 0x63, 0x29, 0x83, 0x44, 0x7A, 0x9E, 0xCD,
    0x92, 0xCC, 0x12, 0x29, 0x9B, 0x6D, 0x2D, 0x79, 0x8F, 0xC2, 0xD8, 0x89, 0x82, 0x4F, 0x6E, 0xE0,
    0x71, 0xED, 0x84, 0xF9, 0x3C, 0x60, 0x9E, 0xA6, 0x4A, 0x66, 0x78, 0x0A, 0x65, 0x2D, 0x2C, 0x77,
    0xF4, 0x36, 0x1C, 0x6A, 0x57, 0x8E, 0x60, 0xBD, 0x80, 0x0A, 0x97, 0x26, 0x13, 0x32, 0xCC, 0x1C,
    0x5D, 0x64, 0x51, 0x49, 0xC3, 0x9E, 0xF1, 0xFF, 0x45, 0xBE, 0x7D, 0xC2, 0x51, 0xAE, 0x1D, 0xB8,
    0xEB, 0x09, 0xF0, 0x46, 0x36, 0xB4, 0x15, 0x32, 0x42, 0x86, 0xA6, 0xCA, 0x9C, 0xC8, 0x2C, 0xF1,
    0xC8, 0xD6, 0x70, 0x7E, 0x8F, 0xE2, 0x9B, 0x39, 0xB0, 0x9C, 0x40, 0x43, 0xF2, 0x33, 0x8F, 0x33,
    0x9D, 0x70, 0x4C, 0xCB, 0xCE, 0x47, 0x96, 0x1C, 0x48, 0x17, 0x8E, 0xCB, 0x7D, 0xEA, 0xA7, 0x5F,
    0x63, 0xEF, 0x33, 0x95, 0x4C, 0xB8, 0x19, 0xBD, 0x32, 0x1B, 0xE0, 0x8A, 0x64, 0x66, 0xB6, 0xAA,
    0xD5, 0xA1, 0x17, 0x97, 0xE3, 0x09, 0xC7, 0xF4, 0x1D, 0x91, 0x47, 0x22, 0x0B, 0x7B, 0xA2, 0x69,
    0x32, 0xDE, 0x88, 0xAC, 0xB2, 0x11, 0x05, 0xB1, 0xE7, 0xB2, 0x17, 0x33, 0xD6, 0xF7, 0x2D, 0xCA,
    0x29, 0x2E, 0x94, 0xC2, 0x4A, 0xCD, 0xEF, 0x46, 0x33, 0x1E, 0xC6, 0xF0, 0x4A, 0xA4, 0x85, 0x3B,
    0x7C, 0xC7, 0x2E, 0xE9, 0xE9, 0x7C, 0xBE, 0xBA, 0x56, 0xAA, 0xE7, 0xE4, 0x4C, 0x6A, 0x23, 0xAD,
    0x44, 0x6D, 0xBF, 0x52, 0x8A, 0x01, 0x4C, 0x27, 0x30, 0x9E, 0x41, 0x51, 0xB2, 0x25, 0xEB, 0x8A,
    0x6C, 0x40, 0xE3, 0x69, 0x5F, 0x90, 0x0D, 0x58, 0x7B, 0x56, 0x21, 0x67, 0x0D, 0x25, 0xB2, 0x74,
    0x5A, 0x42, 0xAB, 0x68, 0x61, 0xB0, 0xF6, 0x5C, 0x98, 0x96, 0x64, 0xF1, 0x32, 0x7B, 0x99, 0x2E,
    0xC9, 0xE8, 0x65, 0xF0, 0xE2, 0xB6, 0x12, 0x9F, 0x53, 0xF0, 0x4D, 0x7A, 0xA1, 0xB4, 0xDA, 0xAF,
    0x92, 0xA8, 0x8E, 0xAB, 0x64, 0x8B, 0xFC, 0x78, 0x95, 0xC2, 0xE1, 0x13, 0xC2, 0x94, 0x40, 0x1A,
    0x89, 0x16, 0x98, 0xCB, 0xFB, 0x5A, 0xA1, 0xE8, 0x8B, 0x4A, 0x4B, 0x61, 0x2E, 0x21, 0x4F, 0x94,
    0x10, 0xCA, 0x43, 0xE9, 0xC1, 0x16, 0x5A, 0x06, 0x3B, 0x01, 0x7E, 0x6D, 0xAC, 0x28, 0x3A, 0x78,
    0x59, 0x04, 0x59, 0x9C, 0xE9, 0xCE, 0xBA, 0x8E, 0x52, 0x38, 0x4A, 0x36, 0x50, 0x92, 0x89, 0x12,
    0x7B, 0x89, 0x66, 0x2F, 0x0B, 0x45, 0x76, 0xA2, 0x7B, 0x51, 0x55, 0x77, 0x24, 0x3C, 0x77, 0xA5,
    0x2C, 0x21, 0x33, 0x66, 0x1D, 0x0A, 0x62, 0xB1, 0xC1, 0x88, 0xC2, 0x05, 0x03, 0x69, 0x2E, 0x8D,
    0x0F, 0x55, 0x61, 0xC5, 0x98, 0x0A, 0x7B, 0x24, 0xA9, 0xAA, 0x1E, 0x09, 0xCF, 0x5D, 0x2D, 0x67,
    0x7A, 0x0E, 0x29, 0x75, 0x82, 0xA8, 0xEA, 0x2A, 0x89, 0x9E, 0xBF, 0xF5, 0x2B, 0x8B, 0x76, 0x25,
    0x6A, 0x25, 0x77, 0x74, 0x7B, 0xD1, 0xB3, 0x03, 0x96, 0x96, 0x62, 0x56, 0x29, 0x82, 0x34, 0x37,
    0x8B, 0x0D, 0x72, 0xC8, 0x85, 0x79, 0x1E, 0x4A, 0xC8, 0x58, 0x9E, 0x2F, 0xFD, 0x60, 0x8B, 0x18,
    0x9D, 0x76, 0x76, 0x8A, 0x77, 0x41, 0x15, 0x20, 0xD7, 0x25, 0x7D, 0x26, 0xF1, 0xD8, 0x8B, 0x63,
    0x4D, 0x73, 0x00, 0x8F, 0x7D, 0x5E, 0x5C, 0x4E, 0xE8, 0x98, 0x9D, 0x6C, 0x79, 0x43, 0x8A, 0xDA,
    0x27, 0x2B, 0x4B, 0xD6, 0x99, 0xC3, 0xB5, 0x44, 0xAB, 0x72, 0x94, 0x6C, 0x94, 0x64, 0xA6, 0x1B,
    0x95, 0x3E, 0xAD, 0x2B, 0xB8, 0xDB, 0xD8, 0x9A, 0x4F, 0xCB, 0x16, 0xEC, 0x94, 0xCF, 0x4C, 0x45,
    0xF2, 0xEC, 0x77, 0x14, 0xA4, 0x96, 0xAC, 0x49, 0x53, 0x91, 0x16, 0x43, 0x95, 0xA2, 0xE3, 0x17,
    0xB4, 0x41, 0x44, 0xAB, 0x44, 0x2B, 0xF4, 0x29, 0xE5, 0x93, 0xB5, 0xA4, 0xB5, 0x11, 0x9E, 0xAC,
    0x1C, 0x9D, 0x73, 0x70, 0xCE, 0xB1, 0x79, 0x34, 0x21, 0xD8, 0x1C, 0x99, 0x1B, 0x9D, 0x39, 0x2E,
    0xE7, 0xB0, 0xFC, 0xDE, 0x05, 0xE7, 0xA1, 0x44, 0xE7, 0x12, 0x8D, 0x1C, 0xDA, 0xCD, 0x92, 0xAD,
    0x6C, 0xBD, 0x3F, 0xBA, 0x1A, 0xCD, 0x77, 0xD7, 0xB3, 0x26, 0x3F, 0xB0, 0xBB, 0x3F, 0xE1, 0xF2,
    0x77, 0xC7, 0x6A, 0x45, 0x12, 0x80, 0x9F, 0xA4, 0xBD, 0xA7, 0x3D, 0x48, 0x4C, 0xC3, 0xC3, 0x3D,
    0xE9, 0xC2, 0x67, 0xD3, 0xDC, 0xB7, 0x7E, 0xA4, 0x48, 0x97, 0x29, 0x48, 0xB7, 0x21, 0xFD, 0x7D,
    0x99, 0x82, 0x74, 0x7B, 0x1E, 0x5B, 0x8B, 0xF4, 0x38, 0x4C, 0xF2, 0x94, 0xD5, 0xE1, 0x80, 0x4C,
    0x40, 0xE4, 0x39, 0xBF, 0x01, 0xF1, 0xF3, 0xB6, 0xAD, 0xE2, 0xA2, 0xEC, 0xE9, 0x3E, 0x22, 0xC5,
    0xEB, 0x8A, 0xC8, 0x57, 0x7C, 0x44, 0xE4, 0xEA, 0x88, 0xF4, 0xB0, 0x47, 0x79, 0xF1, 0xC7, 0x40,
    0xD2, 0x83, 0x79, 0x03, 0x1A, 0x9F, 0x9F, 0xE7, 0xF7, 0x70, 0xC8, 0xB0, 0xC1, 0x95, 0x7C, 0x7A,
    0x9F, 0x2D, 0x95, 0x88, 0xDD, 0x3D, 0x0F, 0x6D, 0xCC, 0x47, 0x61, 0x0B, 0x8F, 0x99, 0x7F, 0xE1,
    0x97, 0xED, 0x41, 0x24, 0xD5, 0xEE, 0xBE, 0x3E, 0x0F, 0xC5, 0x22, 0x88, 0x09, 0x9F, 0x84, 0x39,
    0xFC, 0x67, 0x11, 0x8D, 0xDC, 0x85, 0x27, 0x61, 0xAC, 0x83, 0xEF, 0x82, 0xF7, 0xA9, 0xF3, 0xDD,
    0x7E, 0xB2, 0xE6, 0x7D, 0x4E, 0x6A, 0x70, 0xBA, 0xDE, 0xA8, 0xCE, 0x70, 0x40, 0xAA, 0x55, 0xAC,
    0x22, 0xAD, 0x4D, 0x26, 0x11, 0xD3, 0xA1, 0xF4, 0x9C, 0x59, 0x65, 0xD5, 0xF3, 0x87, 0x3D, 0x75,
    0x73, 0x1D, 0x23, 0x55, 0x77, 0x99, 0x30, 0xCF, 0x78, 0xDA, 0xC0, 0x92, 0x2C, 0x3A, 0x96, 0xD8,
    0x93, 0xA8, 0x82, 0x4B, 0x61, 0x89, 0x4B, 0x16, 0x91, 0xFF, 0x75, 0x18, 0xA6, 0xFE, 0x97, 0x93,
    0x5A, 0xF5, 0x17, 0x4E, 0x0A, 0x5D, 0x32, 0xB7, 0x8B, 0x8B, 0x68, 0xC7, 0x38, 0x3A, 0xD6, 0x68,
    0x82, 0xC3, 0x7F, 0xBD, 0xF0, 0x79, 0xCA, 0xAF, 0xE0, 0x70, 0x66, 0x34, 0x72, 0x66, 0xEE, 0x47,
    0x12, 0x35, 0x72, 0x45, 0x8A, 0xE9, 0x5C, 0x03, 0x46, 0x0A, 0x26, 0x4B, 0x55, 0x8C, 0x92, 0x0D,
    0x9C, 0x3C, 0xEE, 0x25, 0x62, 0x26, 0xA2, 0x3B, 0x96, 0x87, 0xCF, 0x0B, 0xCF, 0xCE, 0x92, 0xF3,
    0xCA, 0x74, 0xBD, 0x6B, 0x60, 0x66, 0x1C, 0x5A, 0x23, 0x22, 0x85, 0xAE, 0x16, 0x46, 0x63, 0x78,
    0xC6, 0xE4, 0x76, 0xC3, 0x41, 0x7C, 0x10, 0xF4, 0x09, 0xEF, 0xD2, 0x2A, 0x02, 0xFB, 0xBC, 0x43,
    0xDD, 0x0D, 0x27, 0x15, 0x2F, 0x60, 0xDE, 0xB8, 0x80, 0x93, 0xE2, 0x08, 0x47, 0xB6, 0xD9, 0x50,
    0x3F, 0x91, 0xA8, 0x75, 0x25, 0xAE, 0xB7, 0xA9, 0x32, 0x82, 0x7F, 0xC9, 0xAF, 0xD7, 0x6F, 0x32,
    0xD6, 0x46, 0x64, 0x86, 0x07, 0xA2, 0xC3, 0x04, 0x41, 0x3E, 0x14, 0x8E, 0x23, 0x8E, 0xCE, 0xB7,
    0x16, 0xDF, 0x7E, 0x4E, 0xB7, 0x55, 0x3C, 0xC4, 0x3C, 0x74, 0xEC, 0xBF, 0x0B, 0x31, 0x88, 0x08,
    0x19, 0x3A, 0xA9, 0x6D, 0x1B, 0xF6, 0x23, 0xD6, 0x34, 0x7C, 0x17, 0x3A, 0xED, 0x56, 0x71, 0xF3,
    0xC4, 0xDF, 0x89, 0xB6, 0x84, 0x50, 0x9A, 0x76, 0x64, 0x1F, 0x3E, 0xE3, 0x78, 0x48, 0xF5, 0x08,
    0x2A, 0x18, 0xAF, 0x8C, 0xF5, 0x3F, 0x2C, 0xEB, 0xDE, 0x71, 0xF0, 0xE6, 0x04, 0xD1, 0x9F, 0x18,
    0xFD, 0xF9, 0x7E, 0x45, 0xFF, 0xC4, 0xA2, 0xB9, 0x4D, 0xA5, 0x03, 0x8D, 0x67, 0x77, 0x64, 0x23,
    0x20, 0x2D, 0xF9, 0x98, 0xFC, 0x7B, 0x32, 0x7A, 0x14, 0xD6, 0xBF, 0x52, 0x32, 0x23, 0x73, 0xB2,
    0xEC, 0x43, 0x6E, 0x35, 0xD9, 0xDA, 0x13, 0x6F, 0x21, 0xE1, 0x7F, 0xE8, 0x70, 0xF8, 0x5E, 0x94,
    0x7F, 0xA2, 0x74, 0x27, 0x5C, 0x49, 0xB3, 0xA3, 0x89, 0xCE, 0x7A, 0x78, 0xF5, 0xFF, 0x50, 0x5C,
    0x66, 0xEC, 0x4B, 0x26, 0xED, 0xDC, 0x92, 0xC7, 0x5F, 0x09, 0xA5, 0x98, 0x04, 0xC9, 0xA8, 0x84,
    0x2F, 0xFB, 0xF1, 0x8C, 0xA0, 0x49, 0x3A, 0xB0, 0x7D, 0xE4, 0x5D, 0x3C, 0xF9, 0xEF, 0x69, 0x70,
    0xEF, 0x57, 0x31, 0x1D, 0x1C, 0x52, 0xEA, 0x5E, 0x8E, 0x64, 0x4B, 0x05, 0xA9, 0xD5, 0x41, 0x54,
    0xA7, 0x55, 0x3E, 0xE5, 0xEC, 0x77, 0xFA, 0x7B, 0x4E, 0xAB, 0xFB, 0x79, 0x71, 0x49, 0x07, 0xF6,
    0x50, 0xDC, 0x57, 0x74, 0xAF, 0x5B, 0x8E, 0x27, 0x09, 0x8F, 0xA4, 0x55, 0xA4, 0xE9, 0xB2, 0x84,
    0x4B, 0x6E, 0x14, 0x5C, 0x7F, 0x24, 0x3C, 0xF7, 0x3A, 0x04, 0x71, 0xBE, 0xC4, 0x5A, 0xD5, 0x6D,
    0x19, 0xCE, 0x1E, 0x33, 0xD6, 0xF3, 0x95, 0x85, 0x4E, 0x2B, 0x8D, 0xEA, 0xCA, 0x21, 0x52, 0x1B,
    0x2D, 0x8D, 0x18, 0x7A, 0xCE, 0xCF, 0xE5, 0x67, 0x0E, 0xD7, 0xA7, 0xC3, 0xAB, 0x26, 0x9E, 0x67,
    0x3F, 0x10, 0x51, 0xFD, 0xAE, 0xDF, 0x23, 0x31, 0x48, 0xE4, 0x38, 0xF2, 0x6B, 0xA2, 0xE7, 0xCC,
    0x43, 0x1A, 0x38, 0xBC, 0xD9, 0xD2, 0xCF, 0x4F, 0xDC, 0x4D, 0x5E, 0x61, 0xED, 0x5B, 0x83, 0x7C,
    0x13, 0xA1, 0x6A, 0xC6, 0xFD, 0xD0, 0x69, 0x28, 0x10, 0xB6, 0x1F, 0x48, 0xDB, 0x3C, 0xAF, 0xD6,
    0xF6, 0x32, 0x45, 0xCA, 0xD7, 0x46, 0x5A, 0x6E, 0xB7, 0x94, 0x16, 0xD8, 0x92, 0xE9, 0x74, 0xA3,
    0xB6, 0x4A, 0x2F, 0x5B, 0x32, 0xDD, 0x9B, 0x78, 0x3D, 0x3B, 0x01, 0xDB, 0xDF, 0x30, 0x01, 0x7B,
    0x82, 0x11, 0x7C, 0x5B, 0xA4, 0x13, 0x99, 0xB8, 0x22, 0x7B, 0x41, 0x3F, 0x98, 0x2A, 0xEF, 0x31,
    0x13, 0x62, 0x2C, 0x57, 0x37, 0x9B, 0xC3, 0xBA, 0x6C, 0xDD, 0xDF, 0x87, 0x98, 0xDE, 0xF7, 0x88,
    0xF0, 0x0C, 0x10, 0x8F, 0x60, 0xDE, 0x85, 0x99, 0xCE, 0x0F, 0x00, 0xB9, 0x20, 0xDB, 0x04, 0x57,
    0xD6, 0x8A, 0xD3, 0xA5, 0x5A, 0x4E, 0x0C, 0x3E, 0xB3, 0x67, 0xA2, 0x25, 0xC3, 0x9E, 0x89, 0x7B,
    0xD6, 0x37, 0xF7, 0xD5, 0x8E, 0xA6, 0xF0, 0xBD, 0xBA, 0x08, 0xEE, 0xD9, 0xF3, 0x7B, 0x16, 0x54,
    0x77, 0xD8, 0xD0, 0x17, 0x6B, 0x75, 0x18, 0x42, 0xF6, 0xCF, 0xB2, 0x6E, 0x4E, 0xF7, 0x69, 0x7C,
    0xE7, 0x7A, 0x22, 0xA7, 0x58, 0x5F, 0x0F, 0x4B, 0x52, 0xE4, 0x66, 0x46, 0xCD, 0x7E, 0x17, 0xA9,
    0x4A, 0xE9, 0x07, 0x7D, 0x1C, 0xD6, 0x65, 0x4B, 0x55, 0xAE, 0x1F, 0xFC, 0xB0, 0xAE, 0xE5, 0xB0,
    0xEE, 0x4C, 0x9F, 0x08, 0xA7, 0x8B, 0x17, 0x31, 0x38, 0xD5, 0x98, 0x71, 0xA5, 0xF5, 0x9F, 0xFD,
    0xF1, 0xE7, 0x27, 0xCE, 0x62, 0xDD, 0x21, 0x8A, 0x5C, 0xCF, 0x85, 0xE4, 0x6A, 0xAA, 0x4E, 0xE4,
    0x40, 0x9E, 0xEF, 0x9F, 0x21, 0x38, 0xCA, 0xFF, 0x04, 0xDC, 0x5A, 0xC7, 0x9D, 0x75, 0xDC, 0x58,
    0xC7, 0x7D, 0x75, 0xC7, 0xDB, 0xEA, 0x38, 0x08, 0x98, 0x02, 0x44, 0x24, 0x79, 0x7D, 0x38, 0x03,
    0xEA, 0xCA, 0xCF, 0xB0, 0x67, 0x83, 0xE9, 0xA5, 0x70, 0xF9, 0x2C, 0x6D, 0x97, 0xEE, 0x06, 0xE0,
    0x33, 0x37, 0x6C, 0x1F, 0xB6, 0x73, 0x73, 0xC9, 0xC4, 0xAF, 0x9E, 0xF8, 0x85, 0x14, 0xBF, 0xA6,
    0xE2, 0x97, 0x57, 0xB8, 0xD2, 0xC2, 0x45, 0x97, 0xAB, 0xF7, 0xEC, 0xE8, 0x25, 0x22, 0xDD, 0x65,
    0xFA, 0xAD, 0x4B, 0x13, 0x39, 0x82, 0x70, 0x03, 0xFF, 0xD9, 0x4F, 0x60, 0xE9, 0xC0, 0xDA, 0xAE,
    0x8C, 0xB4, 0xF2, 0xDB, 0x60, 0x56, 0xE6, 0x23, 0x68, 0x1C, 0xD8, 0xDA, 0x95, 0x91, 0xCA, 0xCA,
    0x74, 0x06, 0xF3, 0x01, 0x34, 0x3D, 0xD8, 0xDA, 0x95, 0xFF, 0xAC, 0xB2, 0xF2, 0x5F, 0xF9, 0x04,
    0xFD, 0xA5, 0x76, 0x2B, 0xF5, 0x37, 0x0E, 0xFC, 0xFE, 0xB8, 0x72, 0xE1, 0xC4, 0xD1, 0x18, 0xAB,
    0x20, 0x43, 0xAD, 0x90, 0x67, 0x6D, 0x41, 0xB3, 0xDB, 0x73, 0x0D, 0x66, 0x93, 0x1C, 0x4A, 0x8F,
    0x14, 0x94, 0xD6, 0x82, 0xA6, 0x03, 0x0B, 0x07, 0xE6, 0x23, 0xE8, 0xF7, 0x1A, 0xDD, 0x7E, 0xB2,
    0xE9, 0xF6, 0x4F, 0xE5, 0xB6, 0x59, 0x09, 0x9B, 0x1B, 0xC9, 0x47, 0xD0, 0xF4, 0xA0, 0x36, 0x2B,
    0x93, 0x59, 0x56, 0x16, 0x03, 0x58, 0xC3, 0x27, 0x3F, 0xD1, 0x6A, 0xE5, 0xCF, 0x16, 0x59, 0xF9,
    0x77, 0xFC, 0xEC, 0x9F, 0xDD, 0x4B, 0x09, 0x4F, 0x0E, 0xF4, 0x6A, 0xE7, 0xEF, 0x8A, 0x14, 0x94,
    0xB6, 0x09, 0x79, 0xE6, 0x03, 0x98, 0x4E, 0x60, 0xAC, 0xA0, 0x68, 0x03, 0xD6, 0x1D, 0xC8, 0xDA,
    0x1F, 0xA5, 0xB6, 0x03, 0xD5, 0x92, 0xD5, 0x33, 0xBD, 0x3F, 0x9A, 0x37, 0x7B, 0xDA, 0x07, 0xF2,
    0xD1, 0xBE, 0x5E, 0xF6, 0x50, 0x4A, 0x36, 0x81, 0xA5, 0x03, 0x5B, 0xBB, 0x32, 0xA6, 0x6D, 0xD9,
    0x04, 0x96, 0x0E, 0x64, 0x1B, 0xF8, 0x29, 0xDB, 0xC0, 0xDF, 0x92, 0x1F, 0xB1, 0x5E, 0xDA, 0xA2,
    0x5E, 0x0B, 0xEB, 0x35, 0xB2, 0xE5, 0x74, 0xFB, 0x7A, 0xD9, 0x1B, 0xEB, 0x85, 0xAB, 0xC1, 0xC2,
    0xC9, 0x39, 0x6D, 0xDD, 0x77, 0xF6, 0x74, 0xD8, 0x4F, 0x05, 0x16, 0x96, 0xD3, 0x3D, 0xFB, 0xE0,
    0x3E, 0x90, 0xE3, 0x54, 0x57, 0x77, 0x0D, 0xAA, 0xBA, 0x04, 0x88, 0xC8, 0xA3, 0x10, 0x90, 0x78,
    0x16, 0xD6, 0x72, 0x33, 0xE5, 0xB9, 0x9D, 0xEA, 0x05, 0xE4, 0xAB, 0xA1, 0x6E, 0xAA, 0xCD, 0x96,
    0xBC, 0xE6, 0x5E, 0xF0, 0x78, 0xE2, 0xF0, 0x1E, 0xC4, 0xE9, 0x52, 0xE2, 0xDC, 0x4C, 0xAC, 0xB2,
    0x02, 0xE7, 0x92, 0x19, 0x98, 0x00, 0xCE, 0xD0, 0x3A, 0xA0, 0x5F, 0x71, 0xD6, 0x9C, 0x56, 0x9C,
    0xE4, 0x8A, 0xD4, 0xDA, 0x2B, 0x9F, 0x31, 0xD1, 0x42, 0x4E, 0x57, 0x3E, 0x63, 0x44, 0xFE, 0x82,
    0xE3, 0x19, 0x2B, 0x75, 0xE5, 0xD1, 0xAC, 0x68, 0x2B, 0x40, 0xF6, 0xB8, 0x00, 0x1E, 0x7F, 0xA1,
    0x91, 0x27, 0x9A, 0x6F, 0x9D, 0x83, 0xA6, 0x23, 0xF1, 0x64, 0xDB, 0xB3, 0x01, 0xEB, 0x8A, 0x94,
    0xC0, 0x0F, 0xBE, 0x14, 0xBD, 0xAC, 0x44, 0xCD, 0x5B, 0xB7, 0x42, 0x01, 0x7E, 0x32, 0xF6, 0x36,
    0xBE, 0x7E, 0xDD, 0x3D, 0x25, 0x1D, 0xC1, 0x7C, 0x26, 0x17, 0x72, 0xF6, 0xC7, 0x6F, 0xEF, 0x6B,
    0x5F, 0xC1, 0x97, 0xC3, 0x87, 0xE0, 0x5B, 0x6E, 0xE5, 0x9F, 0x28, 0x48, 0xD7, 0xB4, 0x18, 0xAD,
    0x64, 0xFA, 0x14, 0x16, 0x68, 0x43, 0xE2, 0xFA, 0x6F, 0x7F, 0xBE, 0x52, 0xE8, 0xFF, 0xC0, 0x57,
    0x17, 0x8B, 0x37, 0xC0, 0x9F, 0x2E, 0xA0, 0x82, 0xB5, 0x0E, 0xA8, 0xC6, 0xCC, 0xF5, 0x7C, 0x4E,
    0x41, 0xB5, 0xCD, 0xCA, 0x01, 0xD7, 0x7F, 0xED, 0x25, 0xB5, 0xFB, 0x17, 0xFF, 0x2F, 0xFB, 0xA6,
    0x5C, 0x95, 0xEA, 0x01, 0x57, 0xD5, 0xD3, 0x86, 0x0B, 0xA9, 0x64, 0x5B, 0x81, 0xC6, 0x82, 0x25,
    0x99, 0xF7, 0x60, 0xE6, 0xC0, 0x74, 0x00, 0x93, 0x09, 0x8C, 0x48, 0x59, 0xC8, 0x96, 0xAC, 0x2B,
    0xD0, 0x58, 0xB0, 0xE8, 0xC0, 0xBC, 0x07, 0x33, 0x07, 0x26, 0x03, 0x39, 0x81, 0xD1, 0x0C, 0xCA,
    0x42, 0xB6, 0xA4, 0xF9, 0x88, 0xFC, 0x0D, 0x58, 0x28, 0x98, 0x93, 0x19, 0x99, 0xEC, 0x29, 0x7E,
    0x6D, 0xD0, 0xBF, 0xDB, 0x09, 0xF8, 0xAF, 0x51, 0xDD, 0xDE, 0x7D, 0x35, 0x87, 0x84, 0xC0, 0x3B,
    0xC7, 0x75, 0x97, 0xF6, 0x89, 0xD4, 0xA9, 0xAA, 0xD4, 0x39, 0x1C, 0xFB, 0x9E, 0xD4, 0xAE, 0x7E,
    0x24, 0xF9, 0x50, 0x37, 0x7E, 0xE8, 0x15, 0x4F, 0xB5, 0x48, 0x34, 0xBF, 0x74, 0xDC, 0x7B, 0x9F,
    0xBF, 0x84, 0xFF, 0x98, 0x5F, 0xA0, 0xFF, 0x8F, 0x77, 0xDD, 0x54, 0x00, 0x9A, 0xD1, 0x02, 0x4C,
    0x87, 0x06, 0x75, 0xF8, 0xE6, 0x93, 0xED, 0xBF, 0xF9, 0x60, 0xBE, 0xDD, 0xEE, 0x17, 0xA6, 0x95,
    0x0D, 0xCD, 0xAF, 0xE7, 0xE6, 0x9F, 0x1C, 0x6F, 0xF0, 0xEB, 0x4E, 0xB2, 0xC7, 0x59, 0x49, 0x64,
    0xB3, 0x73, 0x53, 0x65, 0xD9, 0x4D, 0x38, 0x70, 0xB5, 0x2B, 0xDB, 0xEC, 0xDC, 0xBC, 0x3B, 0x3D,
    0x8E, 0xE6, 0xB4, 0x15, 0x29, 0x81, 0x17, 0xE4, 0x4C, 0x4E, 0xE4, 0x48, 0x7E, 0x78, 0x64, 0xB4,
    0xB7, 0xDA, 0x9B, 0x2D, 0xB4, 0x5B, 0x68, 0xB8, 0xD0, 0x72, 0xA1, 0xE9, 0xC2, 0xB2, 0x5E, 0x35,
    0x6F, 0x68, 0x3F, 0xF5, 0xA6, 0xFD, 0x14, 0x47, 0xED, 0x27, 0xD9, 0xB6, 0x9F, 0xF9, 0xA8, 0xFD,
    0x98, 0xE7, 0xB7, 0x9F, 0xF1, 0xA8, 0xFD, 0xE8, 0xE7, 0x7B, 0x7A, 0x94, 0xCF, 0x67, 0x23, 0xDC,
    0x64, 0x02, 0x2E, 0x02, 0x0E, 0xD7, 0xB6, 0x9C, 0xF1, 0xD5, 0x3F, 0x2B, 0xAE, 0xC7, 0xC4, 0x75,
    0x5E, 0xC0, 0x01, 0x8D, 0x94, 0xF8, 0xB4, 0xE5, 0x0D, 0xAF, 0xFF, 0x65, 0xCA, 0x99, 0x25, 0x64,
    0x22, 0xDA, 0x65, 0x0B, 0x1F, 0x40, 0x5A, 0x85, 0x57, 0x22, 0xCB, 0x8E, 0xBB, 0x95, 0x7A, 0xBF,
    0x73, 0x89, 0xBB, 0x98, 0x06, 0xB3, 0x32, 0x25, 0x93, 0xD1, 0x34, 0x82, 0xEA, 0xBF, 0x20, 0x0D,
    0xE9, 0x73, 0xF0, 0xB9, 0xF9, 0x9C, 0x7D, 0x29, 0xBE, 0x44, 0x5F, 0xBA, 0xB7, 0x24, 0xA6, 0x55,
    0xB4, 0x70, 0x6F, 0x2D, 0x2D, 0xF7, 0xB5, 0x78, 0xD1, 0x25, 0x63, 0x89, 0xF4, 0xD9, 0xBD, 0xCD,
    0xDC, 0xE5, 0x98, 0x0F, 0x12, 0xCF, 0xBB, 0x9D, 0x4B, 0x1C, 0x8C, 0x54, 0x75, 0x75, 0x79, 0x6F,
    0x73, 0xD1, 0xE9, 0xB3, 0xEC, 0xB7, 0x47, 0x5A, 0x4F, 0x5E, 0xEF, 0xEF, 0xF5, 0xF9, 0xF8, 0x3C,
    0x7D, 0xFE, 0xBE, 0x2C, 0x5F, 0xAE, 0xB7, 0x81, 0xF6, 0x70, 0xAE, 0xE5, 0xCF, 0xB9, 0x40, 0x35,
    0xE1, 0x96, 0x78, 0x44, 0x26, 0xE9, 0xB0, 0xDF, 0xC5, 0x9A, 0xB2, 0x5E, 0x91, 0x2A, 0x1B, 0xE8,
    0x70, 0xBA, 0xD1, 0xBC, 0xFD, 0x82, 0xF2, 0x1D, 0x8D, 0xAF, 0x7C, 0x85, 0xBB, 0xA7, 0xCA, 0xC6,
    0xF0, 0x4E, 0xE4, 0xD2, 0xF2, 0xD1, 0x3F, 0xC7, 0x93, 0x48, 0x3C, 0xA1, 0xBE, 0x89, 0xCB, 0x3A,
    0x91, 0xAC, 0xCB, 0xAD, 0x48, 0xDC, 0xA4, 0x27, 0x1C, 0x65, 0xF9, 0x26, 0xE7, 0x20, 0x2F, 0xE8,
    0x01, 0xDD, 0x79, 0x60, 0x10, 0x49, 0xB8, 0xF1, 0x2C, 0x73, 0xF0, 0x40, 0x6E, 0xCB, 0x4A, 0xA4,
    0xAC, 0x8C, 0x88, 0xBC, 0x21, 0x0F, 0xEE, 0x53, 0xAC, 0xDF, 0xE7, 0x18, 0x29, 0x53, 0x8A, 0xF1,
    0xA2, 0x7D, 0x89, 0xB0, 0x2E, 0x02, 0x49, 0x27, 0x4A, 0xEE, 0xBC, 0xF4, 0x94, 0xA2, 0xA3, 0x94,
    0x96, 0x62, 0x76, 0xD2, 0x5C, 0x23, 0xAA, 0x52, 0x6F, 0xE5, 0xFA, 0x2B, 0x43, 0x66, 0xA5, 0x0D,
    0x05, 0xB1, 0xD8, 0x60, 0x04, 0x4D, 0x0A, 0x06, 0x7A, 0x73, 0x19, 0xBA, 0x50, 0x95, 0x7D, 0xC5,
    0x8A, 0x81, 0xCF, 0x20, 0x5D, 0x22, 0x55, 0x49, 0x54, 0xFF, 0x46, 0xB5, 0xC9, 0x86, 0xE2, 0x17,
    0x7D, 0xD9, 0xE5, 0x5D, 0xA2, 0x4D, 0xEA, 0x0A, 0x1B, 0xAB, 0x24, 0xAE, 0x6C, 0xA2, 0x45, 0xE2,
    0xC1, 0x54, 0x32, 0x4B, 0x34, 0x18, 0x81, 0x8C, 0x3B, 0xA9, 0x0F, 0xA2, 0xAA, 0xD3, 0x91, 0xCC,
    0x28, 0xFC, 0xB2, 0x54, 0xB2, 0xB0, 0x07, 0x45, 0x2A, 0xF1, 0xF9, 0xAE, 0x04, 0x94, 0x67, 0x33,
    0xB7, 0x96, 0xFE, 0x4B, 0x57, 0xAE, 0x9F, 0xF5, 0x67, 0xAA, 0x0D, 0x2D, 0x5B, 0x04, 0x46, 0x96,
    0x8C, 0x47, 0x03, 0xC4, 0xE3, 0xCD, 0xA3, 0xD4, 0xC7, 0xE4, 0xBB, 0xD7, 0xBD, 0x67, 0xF7, 0x94,
    0xD4, 0x8E, 0x1C, 0x45, 0x45, 0xB2, 0x19, 0x8C, 0x14, 0x94, 0xB6, 0x02, 0xEB, 0x06, 0x34, 0xF6,
    0x6A, 0xF2, 0x2C, 0xAF, 0xE4, 0x5D, 0xCC, 0x81, 0xB9, 0x85, 0x9C, 0x9F, 0x86, 0xCD, 0xB3, 0xB9,
    0x03, 0xD3, 0x11, 0x4C, 0x26, 0x30, 0x52, 0x50, 0xB4, 0x02, 0x6B, 0x0B, 0x96, 0x1D, 0x98, 0x3B,
    0x30, 0x1B, 0xC1, 0x64, 0xDA, 0x58, 0xA5, 0xDE, 0x2A, 0x0B, 0x17, 0xC8, 0xD1, 0xDE, 0x5F, 0x1B,
    0x86, 0xFA, 0x2D, 0x20, 0x53, 0xF0, 0x95, 0xFC, 0xA3, 0x5C, 0x91, 0x6A, 0x9D, 0xA4, 0x1D, 0x57,
    0x66, 0x0A, 0x96, 0x3A, 0x4A, 0x3C, 0xC1, 0x71, 0xF1, 0xDC, 0x83, 0x4B, 0x03, 0xAA, 0xF0, 0x33,
    0x39, 0x93, 0xD3, 0x4B, 0x21, 0xE7, 0x1F, 0xAA, 0x2D, 0x4F, 0x20, 0x2E, 0xC7, 0x8F, 0xB5, 0x86,
    0x64, 0xAD, 0x75, 0x3B, 0xC5, 0x42, 0x8E, 0xCF, 0xEE, 0xE6, 0x3E, 0x3B, 0xBF, 0x83, 0x71, 0x91,
    0xE3, 0x94, 0x2C, 0x60, 0x3A, 0x93, 0xBE, 0x23, 0x8E, 0x9B, 0x16, 0xD9, 0x93, 0x1D, 0x69, 0xC1,
    0x37, 0x2A, 0xF0, 0x9C, 0xBF, 0x2C, 0x36, 0xE0, 0x0C, 0x7F, 0x53, 0x6C, 0x1F, 0x50, 0xF3, 0xEF,
    0xD3, 0x61, 0xC9, 0x39, 0x55, 0xD6, 0x51, 0xED, 0x49, 0xF6, 0xDC, 0xB8, 0x92, 0xAF, 0xD2, 0x33,
    0x65, 0x85, 0x59, 0x81, 0x16, 0xB1, 0xA3, 0xD7, 0xF5, 0xFB, 0x5C, 0x6F, 0xDF, 0xAD, 0xBD, 0x37,
    0x74, 0x84, 0x5C, 0x9D, 0xEE, 0x66, 0x0B, 0x79, 0x7B, 0xF3, 0x26, 0x60, 0x4B, 0x2E, 0xE1, 0xB6,
    0x64, 0x00, 0xB3, 0x3E, 0x34, 0x88, 0xB3, 0xEA, 0xE8, 0x45, 0xC5, 0xA5, 0xE2, 0x3F, 0xDF, 0xC9,
    0x07, 0xB8, 0x49, 0xF4, 0xFC, 0x4C, 0xFB, 0x6C, 0xC2, 0xD3, 0x1F, 0x31, 0x48, 0x7B, 0xC4, 0x23,
    0xAA, 0x8E, 0x5F, 0xEE, 0x28, 0x3B, 0xB2, 0x0F, 0x0F, 0xC3, 0xCC, 0x77, 0x32, 0xFF, 0x3F, 0x9C,
    0xD1, 0x44, 0xCE, 0x4F, 0x50, 0x8A, 0x2E, 0xFE, 0xFF, 0xBA, 0xA5, 0xA1, 0x3D, 0x58, 0xB8, 0xD0,
    0x80, 0x93, 0xE9, 0x98, 0xFF, 0x8F, 0x73, 0x82, 0xA5, 0x70, 0xBF, 0x07, 0xFF, 0xCF, 0x62, 0xEC,
    0x6C, 0xFA, 0x42, 0xAB, 0x33, 0xB5, 0x09, 0xAC, 0xA5, 0x53, 0x06, 0x91, 0x33, 0xD6, 0x62, 0xBF,
    0x03, 0x64, 0xDE, 0x74, 0xF8, 0xF1, 0xE8, 0xBF, 0x55, 0x73, 0xD3, 0x9C, 0xAA, 0x9C, 0xD1, 0xF2,
    0x1A, 0x6D, 0x32, 0x56, 0x78, 0x26, 0x5B, 0xE4, 0x2D, 0xAD, 0xF2, 0xC3, 0xDB, 0xF1, 0x0F, 0xA4,
    0x3C, 0xFE, 0x95, 0x16, 0xEF, 0x6B, 0xFD, 0x90, 0x4D, 0x40, 0x7F, 0x5F, 0xED, 0x6D, 0x8B, 0x3E,
    0x52, 0x98, 0x82, 0x1C, 0x20, 0xED, 0xD6, 0x83, 0xF6, 0x2B, 0xA4, 0xE1, 0x91, 0xB6, 0x43, 0x08,
    0xCB, 0xA5, 0xCA, 0x54, 0x52, 0x96, 0x2B, 0xAD, 0x6A, 0xBF, 0xB7, 0x47, 0xCC, 0x00, 0xB6, 0x93,
    0xEC, 0x07, 0x32, 0xE9, 0xC4, 0x99, 0x2B, 0x57, 0xF4, 0x22, 0x86, 0x83, 0x9D, 0x9A, 0x73, 0x75,
    0xDF, 0x10, 0xF9, 0xD1, 0x09, 0x47, 0x79, 0xF3, 0xF2, 0xA6, 0x1F, 0xC8, 0x14, 0x9F, 0x2C, 0x57,
    0xBD, 0x78, 0xC2, 0x97, 0x37, 0xEF, 0x49, 0x7C, 0x5F, 0x76, 0x8C, 0xF2, 0xCB, 0x31, 0xFA, 0xCF,
    0x67, 0x63, 0x14, 0x5D, 0x1B, 0xA3, 0xF4, 0x33, 0xC5, 0xC8, 0x1C, 0xC7, 0xA8, 0xF5, 0x31, 0x52,
    0xC6, 0x28, 0x6B, 0x68, 0x45, 0x45, 0x2E, 0xA0, 0xBC, 0x1F, 0xDE, 0x48, 0xFA, 0x2B, 0xBA, 0x54,
    0x69, 0x42, 0x4B, 0xB7, 0x15, 0xE3, 0xDD, 0xED, 0x77, 0x7F, 0x04, 0xC8, 0x7B, 0xA4, 0x19, 0x29,
    0xED, 0xE1, 0xA9, 0x1B, 0x75, 0xF5, 0xCA, 0x44, 0x95, 0xC5, 0xCF, 0x87, 0x5D, 0xCA, 0x0F, 0xD8,
    0x07, 0xD9, 0x1F, 0xD9, 0x37, 0xF7, 0xFD, 0x94, 0x7D, 0x96, 0xFD, 0x97, 0x7D, 0x39, 0xF4, 0xEB,
    0x13, 0xED, 0xAD, 0xD7, 0xCC, 0xB7, 0xB3, 0xCF, 0x86, 0xF9, 0x76, 0x77, 0x3C, 0xDF, 0x7E, 0x1F,
    0xFA, 0xAC, 0x32, 0x75, 0x97, 0x65, 0xFF, 0x4F, 0xE7, 0x24, 0x24, 0x72, 0x94, 0xB8, 0xA7, 0x24,
    0x3B, 0x51, 0x4B, 0xCD, 0x76, 0x27, 0x07, 0xF0, 0xEB, 0x09, 0xC5, 0xF8, 0x58, 0x96, 0xDA, 0x33,
    0x6A, 0xCB, 0xBE, 0xA3, 0x7C, 0x46, 0xB6, 0x2B, 0x39, 0x64, 0x9E, 0xB6, 0xF4, 0x4B, 0xC2, 0xAF,
    0x92, 0x66, 0x43, 0xDF, 0xF1, 0x72, 0x32, 0x26, 0x25, 0xE9, 0x04, 0xB4, 0x60, 0xEA, 0xA9, 0x4D,
    0x68, 0x67, 0x1C, 0x44, 0xBC, 0x9B, 0x81, 0x35, 0x2B, 0x6E, 0xD4, 0xB2, 0xEB, 0xED, 0x7F, 0x92,
    0x8D, 0xBF, 0xC9, 0xC6, 0x2E, 0xB9, 0xDB, 0x35, 0x96, 0xD2, 0xBD, 0x5A, 0x6C, 0x7F, 0xFB, 0xB8,
    0xD4, 0x2A, 0x3C, 0xBA, 0x8F, 0xD3, 0xC9, 0x37, 0x37, 0xA6, 0x6F, 0x3D, 0x02, 0x4D, 0x4F, 0x76,
    0x08, 0x89, 0xB1, 0x1B, 0x36, 0x64, 0x45, 0x0A, 0xF8, 0x9D, 0x3B, 0xDD, 0x74, 0x5E, 0x61, 0xC4,
    0xA2, 0x1F, 0xFE, 0xD9, 0xFC, 0xC3, 0x3F, 0x15, 0x3E, 0x72, 0xC7, 0xBD, 0xC4, 0x3F, 0xFF, 0x87,
    0xE5, 0xE7, 0x1F, 0xBE, 0xA6, 0x88, 0xBD, 0xE6, 0xAE, 0x1D, 0x71, 0xC8, 0xB3, 0xE5, 0xED, 0xE3,
    0xF3, 0xF9, 0x5E, 0x75, 0xF4, 0xEF, 0xFF, 0x7E, 0x51, 0x34, 0xCF, 0xB2, 0xF1, 0x0C, 0xAF, 0x21,
    0xB4, 0x52, 0xF4, 0xFB, 0x59, 0xD6, 0x85, 0x6F, 0x8B, 0x4F, 0xAC, 0x9D, 0xDF, 0xA8, 0x63, 0xF7,
    0xFF, 0x4C, 0xDB, 0x26, 0xAA, 0x12, 0x7D, 0x9A, 0x5A, 0xFE, 0xE0, 0x74, 0x66, 0x5B, 0xAD, 0x62,
    0x0E, 0xB8, 0x8F, 0x93, 0xDF, 0x89, 0xFE, 0x12, 0xD1, 0xEE, 0xB1, 0xDF, 0x22, 0x0F, 0xF4, 0x92,
    0x4F, 0xC5, 0xD3, 0xE8, 0x62, 0xCA, 0x54, 0xFF, 0x67, 0x8A, 0x54, 0xFF, 0x6D, 0x92, 0x72, 0xBE,
    0x61, 0x85, 0xEA, 0x54, 0xE3, 0xC3, 0x23, 0x1B, 0x30, 0xDD, 0xB1, 0xD0, 0xDC, 0x62, 0xB9, 0xE9,
    0xC4, 0x82, 0x15, 0x59, 0x79, 0x03, 0xB5, 0xCF, 0x6D, 0x82, 0x6D, 0xE9, 0xD8, 0x52, 0x20, 0x91,
    0x62, 0x12, 0xA8, 0x45, 0xE5, 0x4B, 0x5C, 0x1E, 0x6B, 0x75, 0xB7, 0x62, 0x27, 0xF5, 0xF9, 0x8A,
    0x44, 0x07, 0xD9, 0xED, 0x77, 0x93, 0x9C, 0x2B, 0x3C, 0x45, 0x55, 0xAE, 0x2C, 0x05, 0xE4, 0x67,
    0x7F, 0x9C, 0xD7, 0xF8, 0xEB, 0x79, 0xEF, 0x29, 0xC6, 0x11, 0xE7, 0x44, 0x72, 0x2E, 0x11, 0xF2,
    0x14, 0x26, 0xF2, 0x3F, 0x96, 0x09, 0xF8, 0x98, 0x9F, 0x78, 0x8C, 0x67, 0x79, 0x1D, 0xEF, 0xB8,
    0x43, 0x61, 0xBD, 0xCD, 0xDA, 0xE0, 0x49, 0x06, 0x54, 0x9A, 0xB8, 0x92, 0x78, 0x4C, 0x9D, 0x24,
    0x63, 0xEE, 0xFC, 0xAF, 0xC8, 0xE4, 0x1D, 0x96, 0xF5, 0x9A, 0x5A, 0xC4, 0xC0, 0x49, 0x8F, 0xA3,
    0x11, 0xFB, 0x0B, 0x1F, 0xDE, 0xA9, 0x30, 0xDE, 0x31, 0xF7, 0xDB, 0xE7, 0xB9, 0x7F, 0xBE, 0xDA,
    0xFD, 0x7E, 0x0B, 0xE1, 0x00, 0x66, 0x9B, 0x35, 0xC2, 0x89, 0x3C, 0xFE, 0xA1, 0xC4, 0xFA, 0xF0,
    0x43, 0x89, 0xF4, 0xD6, 0x2B, 0x64, 0xBB, 0x21, 0x43, 0x21, 0xC6, 0x92, 0x08, 0x86, 0x30, 0x1A,
    0xC2, 0x70, 0x88, 0x8F, 0x87, 0x94, 0xB3, 0xAF, 0x46, 0x6A, 0xC3, 0x84, 0xD0, 0x08, 0xC4, 0x0E,
    0x4C, 0x3C, 0x87, 0x77, 0x41, 0x3F, 0xBF, 0x46, 0x4A, 0x39, 0x84, 0x01, 0x5D, 0xA9, 0xD5, 0x66,
    0xB0, 0xA7, 0x85, 0x0B, 0x03, 0x41, 0x0C, 0x0B, 0xC3, 0x20, 0x31, 0xE5, 0x0C, 0xEE, 0x95, 0xA9,
    0x16, 0x5E, 0xB6, 0x13, 0xC3, 0x6C, 0xAD, 0xA9, 0x20, 0xCD, 0x46, 0xD8, 0x5B, 0x20, 0xD5, 0x4E,
    0xCA, 0x26, 0x9D, 0x28, 0xD9, 0x2C, 0x46, 0x4A, 0x9B, 0x2F, 0xAB, 0x14, 0x36, 0x57, 0x4A, 0xA1,
    0x52, 0x43, 0x6A, 0xA9, 0xF1, 0x60, 0x28, 0x2B, 0x88, 0x29, 0x9A, 0x16, 0x1D, 0x25, 0xB7, 0x17,
    0xAB, 0x7C, 0xE0, 0xE5, 0xB1, 0x97, 0x29, 0xEB, 0x66, 0xC9, 0xFB, 0x29, 0xED, 0xF1, 0x2F, 0x7F,
    0x4A, 0xDC, 0x2A, 0xBF, 0x1E, 0x13, 0x37, 0x49, 0xF6, 0xDB, 0x21, 0x19, 0x26, 0x49, 0x3F, 0x75,
    0xB1, 0x97, 0x68, 0xA4, 0xC8, 0x3C, 0x49, 0xF2, 0xBB, 0x9E, 0xA2, 0x9D, 0x70, 0xC4, 0x62, 0xA5,
    0xF5, 0x52, 0x7B, 0x31, 0x2F, 0xD9, 0x59, 0x17, 0x92, 0x4E, 0xFC, 0xCF, 0x45, 0x31, 0x92, 0xCD,
    0xF4, 0x59, 0xBE, 0x48, 0xD1, 0xAC, 0x72, 0x41, 0x67, 0xE5, 0xEF, 0x4B, 0x59, 0x95, 0x55, 0x51,
    0xC0, 0x13, 0x4D, 0x59, 0x54, 0x10, 0x93, 0xE3, 0x02, 0xFB, 0x1D, 0x2F, 0xEF, 0x65, 0xF6, 0x83,
    0x55, 0xFE, 0x3A, 0xB3, 0x3F, 0x96, 0xAC, 0xFB, 0x38, 0xED, 0x1E, 0xAF, 0x32, 0x25, 0xDD, 0xC7,
    0x92, 0xF6, 0x63, 0xD2, 0x4F, 0xAB, 0x0C, 0xA8, 0x7B, 0xF2, 0x89, 0x8B, 0xDD, 0x28, 0xC9, 0x6F,
    0x5D, 0xE4, 0x45, 0xFE, 0x7B, 0x90, 0xF8, 0xD3, 0x5E, 0x9E, 0xAE, 0xF2, 0xBB, 0x4E, 0x16, 0x27,
    0x91, 0x76, 0x7C, 0x29, 0x1E, 0x95, 0xDE, 0x49, 0x8F, 0x9A, 0xF9, 0xDA, 0x72, 0xEF, 0xA5, 0xDF,
    0x87, 0xC9, 0x97, 0x17, 0x27, 0x88, 0x46, 0x0B, 0xEB, 0xCE, 0xD1, 0x4C, 0xEA, 0x50, 0x6F, 0x89,
    0xAC, 0x9C, 0xC9, 0xD5, 0xC9, 0x70, 0x25, 0x6B, 0xA4, 0xC3, 0x0A, 0x97, 0x8F, 0x3C, 0xC4, 0x39,
    0xDD, 0x9A, 0x7B, 0x4A, 0x76, 0xCB, 0x67, 0xC8, 0xB4, 0x6D, 0x90, 0x2D, 0x5F, 0x74, 0x1C, 0x71,
    0x31, 0x27, 0x0C, 0xF3, 0x81, 0x73, 0x88, 0x29, 0xBB, 0x84, 0x24, 0xB3, 0x5F, 0x54, 0x52, 0xF1,
    0xF3, 0x95, 0x7F, 0x3C, 0x7B, 0xCB, 0x46, 0x48, 0xF9, 0x2B, 0x07, 0xC9, 0xB5, 0x87, 0xA4, 0x6A,
    0x25, 0x54, 0x25, 0x52, 0x61, 0x5A, 0x5E, 0xB2, 0x84, 0x65, 0x90, 0x99, 0xA5, 0x28, 0x7D, 0x53,
    0xDB, 0xAB, 0x96, 0x41, 0x38, 0x05, 0x7B, 0x94, 0xE8, 0xC7, 0x78, 0xB7, 0x13, 0x87, 0x7B, 0x70,
    0x76, 0xBB, 0x6F, 0x32, 0xFE, 0x50, 0x91, 0xFF, 0x95, 0x24, 0xFA, 0xA5, 0x41, 0x26, 0x2D, 0x8B,
    0x5D, 0xF0, 0x21, 0x9A, 0x71, 0x73, 0x4C, 0x97, 0x25, 0x03, 0x5A, 0x60, 0xE6, 0x70, 0x23, 0x6E,
    0xE7, 0xBF, 0x15, 0xEE, 0xD0, 0x85, 0x3D, 0x9C, 0x18, 0x9E, 0x6A, 0xDA, 0xBC, 0x6C, 0x26, 0x7A,
    0xC9, 0x72, 0x00, 0x8B, 0xCD, 0x8A, 0x6D, 0xB1, 0xFD, 0xAD, 0xB4, 0xCD, 0x26, 0xD7, 0xB0, 0xF9,
    0x3A, 0xD7, 0x91, 0x74, 0xA4, 0xF7, 0xF0, 0x2C, 0x17, 0xF4, 0x77, 0xA4, 0x0D, 0x24, 0xF6, 0x12,
    0x41, 0xFC, 0x39, 0xA6, 0x2F, 0x6D, 0x33, 0x91, 0x77, 0x48, 0xB3, 0xD9, 0x3A, 0xAC, 0x47, 0x2B,
    0xA3, 0xEE, 0x39, 0x2B, 0xA3, 0xE1, 0x17, 0x19, 0xC6, 0x2D, 0xC3, 0xBC, 0x72, 0xD9, 0x83, 0xB5,
    0x05, 0x75, 0xB3, 0x3A, 0x3F, 0x81, 0xF9, 0xE6, 0xA5, 0xDF, 0x36, 0x6C, 0x46, 0x48, 0xE6, 0x30,
    0xBF, 0x5E, 0xB8, 0x10, 0x76, 0xBA, 0x23, 0xF6, 0x97, 0x4C, 0xC7, 0x45, 0x84, 0x4B, 0x9E, 0x57,
    0x84, 0x28, 0xD2, 0xBC, 0xE5, 0x6D, 0xDE, 0xE6, 0xDC, 0xA6, 0x12, 0xB9, 0x5D, 0x62, 0xA8, 0xF5,
    0x1C, 0xEC, 0x35, 0xFD, 0xC1, 0x98, 0x58, 0xBD, 0xA5, 0xC7, 0x35, 0x0D, 0xF7, 0x8C, 0xA1, 0x8E,
    0xAD, 0xA5, 0x8F, 0x8E, 0x6B, 0x77, 0xDD, 0xEF, 0x62, 0x14, 0x7D, 0x58, 0x8F, 0x09, 0xE4, 0x71,
    0xA6, 0x53, 0x8C, 0xE6, 0x8D, 0xBF, 0x2A, 0x72, 0x3F, 0x62, 0xF7, 0x40, 0xE4, 0xE1, 0xF1, 0xDA,
    0x98, 0x7F, 0x90, 0x87, 0xB5, 0xB1, 0x19, 0x34, 0xC3, 0x29, 0xC6, 0xF1, 0x16, 0x6F, 0xA1, 0xDC,
    0xF1, 0x5E, 0x19, 0x2B, 0xC7, 0xC5, 0x64, 0x49, 0x7E, 0xE6, 0xDF, 0x2D, 0x50, 0xDD, 0xF2, 0x8B,
    0xF8, 0x2D, 0x1B, 0xBB, 0xE5, 0xFF, 0x01, 0xE5, 0x98, 0xC7, 0x92, 0xF4, 0x48, 0x15, 0x85, 0x8F,
    0x94, 0x13, 0x2D, 0x02, 0x2D, 0xC4, 0x1A, 0x27, 0xBC, 0x07, 0x3D, 0x01, 0x64, 0xB2, 0x9E, 0x27,
    0x61, 0x83, 0xF7, 0x4E, 0x22, 0xD8, 0xE1, 0xDF, 0x00, 0x6F, 0x76, 0xB0, 0xC3, 0xFF, 0x4A, 0xBC,
    0x07, 0x05, 0xF3, 0x00, 0xA3, 0x45, 0xAF, 0xB0, 0x22, 0x22, 0x83, 0x50, 0x11, 0x92, 0x2E, 0x75,
    0xCF, 0xFD, 0xBB, 0x4B, 0x6D, 0xC6, 0xFB, 0x99, 0x1B, 0x1D, 0xDF, 0xA9, 0x56, 0xA5, 0xD2, 0xEB,
    0x1E, 0x55, 0x42, 0x63, 0x7D, 0x00, 0x2E, 0x40, 0x9F, 0x8E, 0x2C, 0x45, 0x64, 0x81, 0x3F, 0x32,
    0x41, 0x86, 0x72, 0x85, 0xDB, 0x00, 0x09, 0xC5, 0x0C, 0xF8, 0x58, 0x4D, 0x40, 0x33, 0x54, 0x23,
    0x50, 0x4D, 0xF5, 0xA0, 0x6C, 0x22, 0x50, 0x26, 0x7F, 0x64, 0x31, 0x2B, 0xDD, 0xEC, 0xBB, 0x23,
    0x97, 0xF6, 0x11, 0xD2, 0x93, 0x56, 0x03, 0x6B, 0x4B, 0x56, 0xB3, 0xB5, 0xC2, 0x16, 0x47, 0x6B,
    0xDD, 0x7A, 0x92, 0xB3, 0x57, 0xDA, 0xC3, 0x0D, 0xDA, 0xDB, 0x19, 0xDA, 0xF3, 0x01, 0x40, 0x7F,
    0x00, 0xA3, 0x98, 0x1E, 0x90, 0x99, 0x88, 0x4C, 0x68, 0x8E, 0x1C, 0x71, 0x84, 0x74, 0x6E, 0x0B,
    0x75, 0x42, 0x95, 0x90, 0x2F, 0xD0, 0x16, 0x05, 0xDA, 0x07, 0x1F, 0xDA, 0x70, 0x64, 0xD7, 0x02,
    0x68, 0x62, 0x0F, 0xA0, 0x1E, 0xE4, 0x3A, 0xC7, 0xFD, 0x95, 0xDE, 0xC8, 0xF2, 0xBC, 0x37, 0x5A,
    0x3D, 0xAC, 0x93, 0xF5, 0xAF, 0xD0, 0xB6, 0x66, 0x80, 0x8D, 0x6B, 0x1F, 0x02, 0x90, 0xC9, 0x39,
    0x2C, 0x9A, 0xEE, 0xC1, 0x44, 0xA7, 0xCA, 0x4B, 0xA0, 0x6C, 0xA0, 0xC4, 0xA7, 0x58, 0xFC, 0x4D,
    0xE9, 0x2E, 0x25, 0x02, 0x6D, 0x80, 0x2E, 0x64, 0xAF, 0x33, 0x05, 0x08, 0x38, 0x09, 0x1B, 0x50,
    0x6C, 0xA1, 0x5E, 0x80, 0x9C, 0x2B, 0x01, 0xB4, 0x22, 0x11, 0xC0, 0x99, 0x1C, 0x60, 0x91, 0x2D,
    0x0F, 0x44, 0xD1, 0xBB, 0x8C, 0x33, 0x39, 0x29, 0x17, 0x3C, 0x5E, 0xEC, 0x4F, 0xD4, 0xDE, 0xBB,
    0x05, 0x3E, 0x92, 0x23, 0xAA, 0x05, 0xF5, 0x21, 0xBB, 0xC3, 0x87, 0xE4, 0xBF, 0x8B, 0x6E, 0xA3,
    0xBF, 0x2E, 0x40, 0xB3, 0x72, 0x5B, 0x01, 0x2F, 0x06, 0x50, 0x47, 0xB4, 0xD0, 0x2D, 0x9B, 0xE9,
    0x55, 0xB7, 0xE8, 0x6E, 0x05, 0xA4, 0x9E, 0xC0, 0x51, 0x46, 0x95, 0x46, 0x82, 0x4A, 0xB5, 0xE2,
    0x01, 0xA3, 0xDA, 0x4C, 0x84, 0xD2, 0x50, 0x74, 0xE9, 0x29, 0x6D, 0x64, 0x65, 0x0D, 0xA5, 0xAF,
    0x07, 0x95, 0x4D, 0x1F, 0x11, 0x64, 0x6B, 0x35, 0x41, 0x7B, 0x5E, 0x24, 0x6D, 0x7D, 0x76, 0xDA,
    0x7A, 0x91, 0xDC, 0x02, 0xA0, 0x9C, 0xF2, 0xC5, 0x7A, 0xB6, 0xA9, 0x8C, 0x10, 0xAD, 0x79, 0xA0,
    0xF8, 0x88, 0x3E, 0x50, 0x6C, 0xCD, 0x28, 0x3D, 0xBF, 0x86, 0x70, 0xA7, 0x66, 0x2A, 0x13, 0x72,
    0x95, 0x04, 0xAD, 0xB0, 0x98, 0xF5, 0x4F, 0x3F, 0x96, 0x89, 0xA2, 0x4D, 0xE7, 0x1B, 0x05, 0xC2,
    0x5B, 0x21, 0xAC, 0x08, 0x7D, 0xA0, 0xB4, 0xB1, 0xED, 0xAC, 0xB1, 0x01, 0x2E, 0xC0, 0x25, 0x54,
    0x51, 0x9F, 0x08, 0xDF, 0x69, 0x11, 0xF6, 0xE3, 0x3E, 0x76, 0x51, 0x92, 0x76, 0x5B, 0x46, 0xE8,
    0xF2, 0x76, 0x78, 0xE0, 0x78, 0x91, 0x7C, 0x09, 0xDA, 0xB5, 0x0D, 0xCC, 0x5B, 0x11, 0xF5, 0x01,
    0xFD, 0xA8, 0x2D, 0x54, 0x09, 0x15, 0xFB, 0xC8, 0x55, 0x38, 0x31, 0xBF, 0xC6, 0x37, 0x8A, 0x2C,
    0x70, 0xA2, 0xAC, 0x49, 0x9F, 0xB8, 0xFC, 0xDD, 0x2D, 0x9B, 0xC3, 0x19, 0xF9, 0xED, 0x4B, 0xB4,
    0x64, 0xF6, 0x03, 0x49, 0xB5, 0xC8, 0xD4, 0xA7, 0x42, 0x24, 0xD6, 0x09, 0xEF, 0xE2, 0xF6, 0x7D,
    0x37, 0xB2, 0x88, 0x6C, 0x61, 0xBE, 0x11, 0xE6, 0x13, 0xCF, 0x91, 0x57, 0xFF, 0x11, 0x8E, 0x6B,
    0xD1, 0xB6, 0x39, 0x46, 0xC8, 0x80, 0x5B, 0xC2, 0x33, 0x29, 0xED, 0x09, 0x4E, 0xD2, 0xD3, 0x93,
    0xB7, 0xF4, 0xF6, 0x55, 0xC0, 0x97, 0x80, 0x15, 0x79, 0xD2, 0xDD, 0x54, 0x32, 0x6F, 0x5B, 0x3E,
    0xD7, 0x6D, 0xE6, 0x84, 0xBB, 0x5B, 0x66, 0x65, 0x3B, 0xE1, 0x01, 0x82, 0x35, 0xC7, 0xAB, 0x04,
    0x9A, 0x27, 0x8D, 0x1C, 0x4B, 0xDC, 0x13, 0x2F, 0xD6, 0xC5, 0x45, 0xCB, 0x5C, 0xE4, 0x63, 0x91,
    0xE8, 0x83, 0x23, 0x5D, 0x2C, 0x72, 0x23, 0xF2, 0x89, 0x5C, 0x95, 0x3E, 0xE1, 0x5A, 0xD0, 0x98,
    0x68, 0x52, 0x66, 0x58, 0x34, 0xAF, 0x07, 0xB2, 0xD7, 0xF1, 0x86, 0xBD, 0xA6, 0xA7, 0x8F, 0xBD,
    0x3E, 0xF6, 0x1D, 0x6E, 0x41, 0xE3, 0x33, 0x13, 0x34, 0x43, 0x34, 0x73, 0x34, 0xA3, 0xBC, 0x69,
    0xC4, 0xF1, 0xC9, 0x31, 0xE2, 0xC7, 0x3E, 0x3A, 0xF3, 0xC6, 0xA7, 0x8A, 0xFE, 0x3A, 0x3B, 0xA3,
    0xA5, 0x76, 0x73, 0x63, 0x33, 0x63, 0xF3, 0x62, 0xB3, 0x62, 0x73, 0x62, 0x33, 0x62, 0xF3, 0xE1,
    0x2C, 0xE2, 0x4C, 0xE7, 0xA0, 0x8E, 0x8E, 0x4E, 0x28, 0x6A, 0x69, 0xED, 0x6F, 0x66, 0xA0, 0xD1,
    0x92, 0xA5, 0x16, 0x74, 0x12, 0x70, 0x5B, 0x30, 0x67, 0x3E, 0x8E, 0xE8, 0x2F, 0x41, 0x4B, 0xA6,
    0x23, 0xD3, 0x90, 0xE9, 0xC7, 0xB4, 0x63, 0xBA, 0xB1, 0x99, 0x71, 0xCF, 0x41, 0xEC, 0xB9, 0x8F,
    0x5E, 0x4D, 0x1A, 0xD2, 0xF9, 0x09, 0x99, 0xC4, 0x76, 0xB2, 0xCF, 0x76, 0xFD, 0xD9, 0xBA, 0x98,
    0xB4, 0xB8, 0x1D, 0x4E, 0x91, 0xCF, 0xE8, 0x51, 0x6C, 0x99, 0x74, 0xE5, 0x11, 0x91, 0x9F, 0x78,
    0xED, 0x69, 0xB4, 0xA2, 0xA7, 0xF8, 0x30, 0x29, 0x8A, 0x8C, 0xD7, 0xDD, 0x7C, 0x7A, 0xB3, 0xAF,
    0x06, 0x65, 0xDD, 0x29, 0x1B, 0xB0, 0xCC, 0x73, 0x76, 0xBD, 0x2D, 0x90, 0x0F, 0x00, 0xEC, 0xF5,
    0x2F, 0xF1, 0xAD, 0xEF, 0xC2, 0xE1, 0x7C, 0x00, 0x70, 0x07, 0x00, 0x7E, 0xA2, 0x78, 0xC1, 0x33,
    0x65, 0x23, 0xEC, 0x73, 0x73, 0x7F, 0x91, 0x9B, 0x83, 0xE6, 0xE6, 0xED, 0x32, 0x37, 0x67, 0x32,
    0x71, 0xDD, 0xE3, 0x73, 0xFB, 0x91, 0xCF, 0x3A, 0x3C, 0x1F, 0xC5, 0x88, 0x26, 0x3A, 0x2E, 0xE3,
    0x96, 0xAF, 0x80, 0xFF, 0xC3, 0x0C, 0xD4, 0x32, 0x5E, 0xE6, 0xEF, 0x67, 0x60, 0x1A, 0x38, 0x8B,
    0xA0, 0xBD, 0x2B, 0xAB, 0x49, 0xE9, 0xD2, 0xE9, 0x17, 0x22, 0x56, 0xD2, 0x93, 0x75, 0x50, 0xDE,
    0xF3, 0x1C, 0x4F, 0x03, 0xB5, 0xA2, 0x0F, 0xD0, 0xDA, 0x2E, 0x66, 0xAE, 0x9C, 0x38, 0x6F, 0x9C,
    0xB6, 0x67, 0x5A, 0x1A, 0xD8, 0x45, 0x19, 0x28, 0x1C, 0x92, 0x4E, 0x10, 0xE5, 0x0E, 0x76, 0xDB,
    0x01, 0xDF, 0xC3, 0x2E, 0x8A, 0xC3, 0xFE, 0xA7, 0x74, 0x2F, 0xBC, 0x6F, 0xA1, 0x7F, 0x64, 0x29,
    0x57, 0xC9, 0x27, 0x0A, 0xFF, 0xB3, 0xEF, 0x76, 0x25, 0x79, 0x1F, 0x6B, 0x79, 0xCE, 0xFD, 0x66,
    0x07, 0x38, 0x92, 0x7C, 0x3C, 0xD9, 0x2E, 0xFB, 0x8F, 0x3A, 0x9E, 0x9E, 0xB7, 0x17, 0x93, 0x8C,
    0x8C, 0x23, 0x2F, 0x45, 0xCB, 0xD4, 0xA2, 0xE5, 0xFD, 0xDB, 0x17, 0x00, 0x6F, 0xC3, 0x27, 0x00,
    0xBC, 0x95, 0xB4, 0xCF, 0xBC, 0x6E, 0x65, 0x58, 0x9E, 0xF7, 0x3E, 0x23, 0x7E, 0xE9, 0x83, 0x59,
    0xF6, 0x34, 0x21, 0xEC, 0x06, 0x17, 0xEC, 0x96, 0x5D, 0xD9, 0x92, 0x58, 0x4D, 0x5E, 0x87, 0x07,
    0x8A, 0x8A, 0xAB, 0x76, 0x21, 0xF5, 0xBF, 0x29, 0xCD, 0x67, 0x59, 0xA5, 0xBF, 0xD7, 0xA4, 0xA4,
    0xF4, 0x26, 0x9B, 0xC9, 0x4A, 0xC9, 0x16, 0x4A, 0x6E, 0xE2, 0x12, 0xA5, 0x98, 0x28, 0xA5, 0x49,
    0x35, 0x96, 0x3A, 0x83, 0xD5, 0x40, 0xA9, 0x23, 0xC5, 0x47, 0x7E, 0xE7, 0x3B, 0x4A, 0x1B, 0x28,
    0xBD, 0x88, 0x8A, 0x50, 0x32, 0x8A, 0xCE, 0x90, 0x7E, 0xE7, 0xEE, 0xCA, 0x4C, 0x29, 0x12, 0xA5,
    0x9A, 0xF6, 0x52, 0x0F, 0xBA, 0x56, 0x53, 0x13, 0x29, 0x9E, 0xC2, 0xBE, 0x5D, 0x99, 0xB2, 0x32,
    0xED, 0xA7, 0xAC, 0x89, 0x14, 0x1F, 0x28, 0x3D, 0x89, 0xC5, 0xE4, 0x55, 0x78, 0xA0, 0x68, 0x12,
    0xDE, 0x75, 0xAE, 0x1D, 0xCC, 0x65, 0x43, 0x21, 0xF2, 0x1B, 0x91, 0xAE, 0x1A, 0xEB, 0x7F, 0x0F,
    0x4D, 0x6C, 0xBA, 0x42, 0x50, 0x8E, 0x35, 0xDC, 0x06, 0x37, 0x65, 0xDA, 0xFD, 0x3C, 0x41, 0x25,
    0x3B, 0x4A, 0x76, 0x94, 0xF9, 0x9A, 0xBC, 0x4B, 0x74, 0x7B, 0x38, 0xA1, 0x54, 0x26, 0xCD, 0x79,
    0xB6, 0x70, 0x76, 0x28, 0x2D, 0xF6, 0xD2, 0x23, 0x5F, 0x91, 0x7F, 0xA9, 0x85, 0x13, 0xB8, 0xA9,
    0x0D, 0x85, 0x0F, 0xE5, 0xE4, 0x87, 0xB7, 0x34, 0x83, 0x8F, 0x35, 0x6B, 0x08, 0xA5, 0x24, 0x27,
    0x2B, 0xB2, 0xBE, 0x43, 0x3B, 0x72, 0xF5, 0x77, 0x1B, 0xA3, 0x0F, 0x4A, 0x39, 0xED, 0x56, 0x73,
    0x33, 0x5B, 0xD4, 0x2A, 0x2A, 0xCF, 0x02, 0xF6, 0x91, 0x80, 0xFE, 0x90, 0xF1, 0x18, 0xF2, 0xBE,
    0x19, 0x9E, 0xEB, 0x22, 0x43, 0x29, 0x23, 0x0F, 0x13, 0x62, 0xB1, 0x00, 0x2D, 0x0F, 0x13, 0x44,
    0x0F, 0x13, 0x72, 0xD1, 0xC3, 0x04, 0x67, 0x0B, 0xF1, 0xF7, 0xA4, 0x8F, 0xCC, 0x6F, 0x94, 0xFE,
    0xD3, 0x7A, 0x98, 0xD0, 0xF2, 0x88, 0x60, 0x55, 0x66, 0x8B, 0xD2, 0x25, 0x65, 0x39, 0x2A, 0xAB,
    0xA8, 0x6C, 0x3A, 0x65, 0x0B, 0xE5, 0x76, 0xA4, 0xFF, 0xD4, 0xA2, 0xFC, 0x45, 0xD2, 0xC3, 0x84,
    0x3F, 0x4C, 0x7A, 0x98, 0xF0, 0x97, 0x41, 0x0F, 0x13, 0xA4, 0xD3, 0xC3, 0x04, 0xE1, 0x0E, 0xDB,
    0x78, 0x98, 0x60, 0xE7, 0x24, 0x3C, 0x4C, 0xA8, 0x78, 0x98, 0xD0, 0x88, 0xC8, 0x0C, 0xFF, 0x59,
    0x91, 0x01, 0x3D, 0x0F, 0x13, 0xDE, 0x8C, 0x5D, 0x3C, 0xE2, 0x99, 0xC9, 0x03, 0x6E, 0xC6, 0xFB,
    0x81, 0xF6, 0x00, 0x9B, 0x9F, 0xC4, 0xF9, 0x19, 0x21, 0x5F, 0x2A, 0x24, 0xBA, 0x95, 0x87, 0x2D,
    0x09, 0x99, 0xE8, 0xFC, 0x38, 0x19, 0xEA, 0x01, 0xD5, 0xFD, 0x53, 0x1D, 0xF5, 0x01, 0x6B, 0x22,
    0x5A, 0x3D, 0x66, 0xC9, 0x16, 0xA5, 0x9B, 0x94, 0xD5, 0x50, 0xCC, 0x3E, 0x36, 0x9D, 0x7E, 0x6E,
    0x79, 0x6C, 0xB2, 0x28, 0x7F, 0xA1, 0xFB, 0xBD, 0xBA, 0x7F, 0xE0, 0x78, 0x3B, 0x1C, 0x4B, 0x09,
    0xE0, 0x59, 0x7F, 0x1F, 0xDC, 0xB1, 0xAD, 0x0D, 0x95, 0x8D, 0xF4, 0x5E, 0x1D, 0xE9, 0x1D, 0x8E,
    0xF4, 0x4D, 0xD8, 0x45, 0xD6, 0x6F, 0x01, 0x3A, 0x1D, 0x8B, 0xA5, 0xEB, 0xEE, 0x78, 0xD7, 0x99,
    0x8C, 0xE5, 0xA2, 0xBB, 0x59, 0xD7, 0xAE, 0x18, 0x35, 0x1D, 0x67, 0x34, 0x7B, 0xC0, 0xEF, 0xD8,
    0x0C, 0xE4, 0x78, 0x7A, 0x6C, 0xCA, 0x55, 0xE9, 0xE4, 0x5C, 0x45, 0xE4, 0x00, 0xD6, 0x7C, 0xAE,
    0xAD, 0x08, 0x5D, 0xE9, 0x5D, 0x62, 0xC6, 0x63, 0x09, 0xDB, 0xEE, 0xD9, 0x65, 0xCC, 0xAB, 0xBC,
    0x87, 0x89, 0xAC, 0x01, 0xCF, 0xEB, 0xA2, 0xB6, 0xD1, 0x26, 0xC0, 0x8F, 0xB5, 0x84, 0x33, 0x89,
    0x7C, 0x30, 0xF8, 0x92, 0x91, 0x80, 0x33, 0x8E, 0xE2, 0x4A, 0xF8, 0x89, 0x1C, 0xC9, 0x41, 0xD9,
    0x46, 0xD2, 0x1C, 0x77, 0x67, 0xD0, 0x2B, 0xF9, 0x1D, 0xD8, 0xC1, 0x3F, 0x58, 0xE7, 0x40, 0xBB,
    0x5A, 0x50, 0x6E, 0x78, 0x91, 0x84, 0xEA, 0xF2, 0x2D, 0xFF, 0xC5, 0xA7, 0x83, 0xB9, 0xD3, 0xBB,
    0x9F, 0xED, 0x06, 0xF9, 0x06, 0xA0, 0x77, 0xFD, 0x2F, 0x5C, 0xF4, 0x2A, 0xFB, 0xAE, 0xAC, 0x66,
    0x1A, 0xD6, 0xE6, 0x7E, 0xEE, 0xE2, 0xF3, 0x48, 0xCF, 0x2B, 0xFD, 0xA0, 0xEB, 0xD5, 0x6C, 0xA1,
    0x14, 0x14, 0x6C, 0x17, 0xBD, 0xC8, 0x68, 0xFD, 0xB9, 0x16, 0x12, 0xC9, 0x8E, 0x54, 0xD0, 0x93,
    0x91, 0xAF, 0xBB, 0xED, 0x39, 0x93, 0x13, 0xAF, 0x7C, 0x05, 0x80, 0x30, 0x86, 0xAB, 0x02, 0x2B,
    0xF7, 0xCC, 0x97, 0x07, 0x8C, 0x72, 0xA1, 0x54, 0x77, 0x25, 0x5D, 0xF1, 0xC4, 0xD1, 0x24, 0x52,
    0x9A, 0xBB, 0x12, 0x28, 0x6F, 0x20, 0xE1, 0xC3, 0xC3, 0x25, 0x5F, 0x80, 0x98, 0xA0, 0xF7, 0xB4,
    0xBD, 0xF6, 0x44, 0xD2, 0xEF, 0x68, 0x8F, 0x70, 0x45, 0xE6, 0xE4, 0x2D, 0x51, 0xCD, 0xCA, 0x3A,
    0x29, 0x9B, 0x89, 0x1C, 0x76, 0x8F, 0x75, 0x47, 0x5A, 0x03, 0x0A, 0xBC, 0x03, 0xF8, 0x3F, 0x3D,
    0x90, 0x21, 0xCC, 0xD0, 0x30, 0x10, 0x85, 0xBF, 0xAD, 0x62, 0xE4, 0x1F, 0x64, 0x06, 0x09, 0xA9,
    0xC5, 0x15, 0x81, 0xC0, 0x40, 0x0B, 0xDE, 0x6B, 0x24, 0xC1, 0x60, 0xB0, 0xFB, 0x5B, 0xAF, 0x7E,
    0xAF, 0xF1, 0x5E, 0xD1, 0x7A, 0x55, 0xAF, 0xEA, 0x55, 0xC5, 0xC4, 0x48, 0xBA, 0x95, 0x2B, 0x09,
    0xE4, 0x6E, 0xEB, 0xF5, 0x5E, 0xDF, 0xEB, 0xBD, 0xCE, 0x0E, 0x93, 0x30, 0x99, 0xAD, 0xB2, 0x1C,
    0xCC, 0x0D, 0x2E, 0xF0, 0xF0, 0x06, 0xBE, 0xC0, 0xCD, 0x74, 0xA3, 0xDA, 0x80, 0xB6, 0x82, 0x4E,
    0x58, 0xC7, 0x03, 0x60, 0x4E, 0xF0, 0x37, 0xF4, 0xEE, 0x54, 0xB3, 0x69, 0xAD, 0x5B, 0x35, 0x49,
    0x9D, 0x16, 0xDA, 0x73, 0x78, 0xBB, 0xFC, 0xE6, 0x99, 0xE9, 0x79, 0xF7, 0xBD, 0xDF, 0x1F, 0x96,
    0x7E, 0xBE, 0xE4, 0x7B, 0x96, 0xFA, 0xFF, 0xF7, 0x1A, 0xDE, 0x59, 0xB8, 0x6C, 0x98, 0x9A, 0x16,
    0xDE, 0x76, 0xE8, 0xAA, 0xA4, 0x3F, 0x89, 0xDE, 0xD0, 0x36, 0x29, 0xD6, 0x5E, 0xA3, 0x68, 0xDA,
    0xA0, 0x53, 0xCC, 0xB6, 0x0A, 0xAF, 0x8E, 0x75, 0xEC, 0xFB, 0x45, 0xEF, 0xFC, 0x3D, 0x0A, 0x1E,
    0x2E, 0xA6, 0x86, 0xAA, 0xF0, 0xC4, 0xD4, 0xDD, 0xDA, 0x8B, 0xEE, 0xA7, 0xFD, 0xD4, 0x3E, 0xB2,
    0xEF, 0xEC, 0xF2, 0x97, 0x5A, 0x3A, 0xD2, 0x17, 0x94, 0xA7, 0xC9, 0x4D, 0x4D, 0x1D, 0xAA, 0x2D,
    0xC7, 0x72, 0x6C, 0x65, 0x2B, 0x3A, 0xE9, 0x64, 0x9D, 0x75, 0x8F, 0x3C, 0xD2, 0x78, 0xC5, 0x0F,
    0x5E, 0x8C, 0xE9, 0x1C, 0xCD, 0x64, 0x75, 0xAE, 0xC7, 0x56, 0xD5, 0x65, 0xD3, 0xB8, 0x6E, 0x38,
    0x66, 0x38, 0xFF, 0x39, 0x9F, 0x6A, 0xB0, 0x87, 0xEB, 0x6A, 0x8B, 0x2F, 0xDF, 0x42, 0x4C, 0x31,
    0x44, 0xD7, 0xE9, 0xDC, 0x34, 0x09, 0x7E, 0xFD, 0x8B, 0x78, 0xC5, 0xD3, 0x04, 0x9F, 0x63, 0xF1,
    0xD9, 0x04, 0x7D, 0x0C, 0x86, 0x4D, 0x12, 0xCE, 0x0B, 0xFC, 0x15, 0x95, 0x51, 0x89, 0x25, 0xB1,
    0x4A, 0x0E, 0x4F, 0x99, 0xA5, 0xBC, 0x5F, 0x4B, 0x1C, 0x4F, 0x95, 0xD6, 0x0B, 0x80, 0x87, 0x80,
    0x91, 0xB9, 0x59, 0x0B, 0x3A, 0x60, 0x61, 0xE4, 0xE7, 0x64, 0x87, 0xD7, 0x3C, 0xDF, 0xEE, 0x0F,
    0xED, 0x9D, 0x31, 0x8C, 0xE5, 0xBA, 0x75, 0xF7, 0x8F, 0x24, 0x63, 0xE5, 0xCF, 0x82, 0xAD, 0xEA,
    0x03, 0x3E, 0x60, 0xBF, 0x40, 0x8D, 0x8B, 0x00, 0x09, 0xAC, 0x26, 0x4D, 0x8A, 0x44, 0x7C, 0x70,
    0x91, 0x22, 0x85, 0xFB, 0xEA, 0xF5, 0xD5, 0x36, 0x69, 0x63, 0x29, 0x48, 0x99, 0x66, 0x81, 0x20,
    0xBD, 0x8B, 0x54, 0x69, 0x92, 0xD2, 0x45, 0xB2, 0x94, 0xE1, 0xC2, 0x45, 0x0A, 0xAB, 0x4F, 0x61,
    0x05, 0x58, 0x20, 0xE9, 0x1E, 0x0D, 0x28, 0x80, 0x9E, 0x23, 0xE9, 0x84, 0xFF, 0xFF, 0xB9, 0x63,
    0xE9, 0xCE, 0xBD, 0x6F, 0x67, 0x66, 0xDF, 0xEC, 0xDB, 0x9D, 0x71, 0xB8, 0x83, 0xDF, 0xFF, 0x5E,
    0x4A, 0x3C, 0x3C, 0x22, 0x75, 0x49, 0x8A, 0xA2, 0xB4, 0x92, 0x3A, 0x11, 0xA9, 0x7B, 0x60, 0x88,
    0x28, 0x43, 0x44, 0x3E, 0x45, 0xA4, 0x4B, 0x84, 0xAC, 0x40, 0x0B, 0xFC, 0xBE, 0xDC, 0x0E, 0x7A,
    0x2B, 0x30, 0xEE, 0xE1, 0x88, 0x61, 0xDD, 0xC1, 0xB8, 0xF7, 0xC5, 0x79, 0x90, 0x4D, 0x5A, 0x49,
    0x55, 0xB4, 0xCF, 0xF4, 0x33, 0xED, 0xF9, 0x89, 0x71, 0x0C, 0x4F, 0xEC, 0x60, 0xBC, 0xAA, 0x2E,
    0x22, 0xE7, 0x22, 0xB2, 0x01, 0xEF, 0x2F, 0xFA, 0x6A, 0x73, 0x96, 0xD7, 0x64, 0xB2, 0x42, 0x5E,
    0xE7, 0x6A, 0xBB, 0x78, 0x47, 0x69, 0xFA, 0xA3, 0xD4, 0x27, 0x19, 0x28, 0xD5, 0xA3, 0x89, 0xDC,
    0x21, 0xBD, 0x48, 0xA2, 0xAA, 0x9D, 0x89, 0x50, 0xE6, 0x28, 0x2F, 0xB0, 0xB5, 0x1C, 0xB1, 0x0B,
    0x00, 0x2F, 0xA5, 0x75, 0xA7, 0x63, 0x4C, 0x96, 0x88, 0x6C, 0x8A, 0x90, 0x9F, 0x5C, 0xAD, 0xF3,
    0x70, 0x00, 0xE3, 0x3E, 0x21, 0x88, 0xF8, 0xDF, 0x44, 0x94, 0xAA, 0xA3, 0x48, 0x8B, 0x1A, 0x4F,
    0x74, 0xC8, 0x55, 0xB2, 0x55, 0x44, 0xBB, 0x62, 0xC2, 0xC1, 0x96, 0x01, 0xC7, 0x8D, 0xCA, 0x28,
    0x1D, 0x0F, 0x5D, 0x9A, 0x0E, 0x6C, 0xDD, 0x4E, 0x4F, 0xAA, 0x1C, 0x08, 0x63, 0x47, 0x32, 0xFE,
    0x9C, 0xDE, 0x2C, 0x18, 0xBB, 0xDD, 0xB2, 0xE5, 0x62, 0x39, 0x22, 0xF7, 0x72, 0x2C, 0xE6, 0x18,
    0x3B, 0x64, 0x38, 0x61, 0x3A, 0xF3, 0xD0, 0xBC, 0x3D, 0x79, 0x9E, 0xE0, 0x28, 0x22, 0x71, 0xAA,
    0xD5, 0x37, 0x59, 0x6A, 0x97, 0xE9, 0xEB, 0x17, 0x3A, 0x16, 0x4B, 0x8C, 0x9C, 0x60, 0x27, 0xE7,
    0x51, 0x24, 0xAE, 0xEE, 0x2D, 0x97, 0x63, 0x5E, 0xE4, 0x08, 0x96, 0x01, 0x2C, 0x56, 0x30, 0xD3,
    0xB7, 0x10, 0xD5, 0x2F, 0x85, 0x96, 0xDF, 0x22, 0x17, 0xE5, 0xA9, 0xFD, 0x4A, 0x99, 0xD2, 0x8F,
    0x60, 0x65, 0x69, 0x66, 0x30, 0x5B, 0x2E, 0xF9, 0xAD, 0xC8, 0x7C, 0xAE, 0xB1, 0xCF, 0xE4, 0x7B,
    0xE4, 0xD1, 0xA2, 0x6C, 0xC7, 0x4A, 0xDD, 0x0B, 0x34, 0x1E, 0xAA, 0x76, 0x44, 0x31, 0xF2, 0x05,
    0x8E, 0xA2, 0xA1, 0xFF, 0x47, 0x5A, 0xD9, 0x7C, 0x92, 0xBC, 0xE6, 0x6D, 0xEB, 0xEA, 0x4E, 0x44,
    0xFB, 0x76, 0x04, 0x3D, 0xC8, 0xCF, 0x16, 0x7F, 0x3D, 0x3C, 0xF9, 0xA3, 0x4E, 0x22, 0x96, 0x1D,
    0xAC, 0xF9, 0x6F, 0x0C, 0x2F, 0x80, 0xD6, 0x45, 0x34, 0xBD, 0x14, 0x53, 0x33, 0x4A, 0x15, 0xCA,
    0x55, 0xFC, 0x90, 0xAB, 0xAA, 0x4B, 0xD8, 0xF0, 0xBE, 0xD4, 0xD7, 0x22, 0xA5, 0xB9, 0x76, 0xA9,
    0x21, 0x7B, 0x6C, 0xD5, 0x2F, 0x4F, 0xAA, 0x7D, 0xD4, 0x31, 0x6A, 0xA0, 0x2E, 0xD5, 0x62, 0x9A,
    0x6E, 0xA6, 0xA2, 0x27, 0xF5, 0x51, 0x07, 0xA8, 0x93, 0xEA, 0x46, 0x7B, 0xD3, 0xFA, 0x96, 0x36,
    0x1D, 0x14, 0xA7, 0x94, 0xA5, 0x57, 0xA1, 0xBD, 0xF8, 0x47, 0xFB, 0xCD, 0x22, 0xCC, 0xAF, 0x09,
    0xC2, 0xFC, 0x1B, 0x27, 0xF4, 0x07, 0xBB, 0xC9, 0x07, 0x13, 0xDD, 0x9C, 0x28, 0x42, 0x30, 0x59,
    0x04, 0xC8, 0xD5, 0x76, 0xF1, 0x1D, 0xA5, 0xE9, 0x29, 0xF5, 0x49, 0x86, 0xBB, 0xA5, 0x3F, 0xA6,
    0x33, 0x2B, 0x66, 0x93, 0x39, 0x40, 0xC2, 0x4D, 0xEE, 0x1F, 0xA7, 0x1B, 0xEF, 0xAE, 0x75, 0xE3,
    0xC3, 0x07, 0xEA, 0xC6, 0xF9, 0x13, 0x4C, 0x0F, 0x8D, 0x6D, 0x11, 0xC0, 0x72, 0x04, 0x4F, 0x8D,
    0x3B, 0x20, 0x6F, 0xC8, 0x3F, 0x94, 0x6B, 0xA1, 0xED, 0xE0, 0x28, 0xE8, 0x1D, 0xA8, 0x88, 0x49,
    0x57, 0x30, 0x5B, 0xC0, 0x62, 0x02, 0xCB, 0x00, 0xD6, 0x03, 0xD8, 0xF4, 0xA0, 0x77, 0xA0, 0x4A,
    0x64, 0xBA, 0x82, 0xD9, 0x02, 0x16, 0x53, 0xA4, 0xEA, 0x48, 0x3A, 0x72, 0xB4, 0xF8, 0x7D, 0x1F,
    0xDB, 0x3F, 0xD9, 0x40, 0x51, 0x92, 0x7F, 0xB4, 0xCC, 0x5C, 0x98, 0xE3, 0x9E, 0x7B, 0x3E, 0xEF,
    0xFE, 0x24, 0x3A, 0xD1, 0x5B, 0xB2, 0x9A, 0x4E, 0xC5, 0x50, 0x1C, 0xFA, 0xAC, 0x6C, 0x06, 0xD3,
    0xE5, 0x50, 0x71, 0x0D, 0x59, 0x77, 0xE0, 0xF7, 0xEE, 0x2A, 0x07, 0x52, 0xC1, 0x94, 0xCC, 0xC8,
    0x82, 0x2C, 0xC9, 0xFA, 0x57, 0x60, 0xF3, 0x39, 0xE8, 0x2B, 0x70, 0xAD, 0x23, 0xD3, 0x05, 0xCC,
    0x26, 0xB0, 0x08, 0xB0, 0x56, 0x0D, 0x60, 0xD3, 0x83, 0xAD, 0x8B, 0x74, 0x2A, 0x91, 0x9F, 0xAD,
    0xE0, 0x0F, 0x17, 0x30, 0x9F, 0xC0, 0x32, 0x80, 0xD5, 0x00, 0x36, 0x3D, 0xD8, 0x0A, 0xB8, 0x91,
    0x0B, 0x39, 0x93, 0x81, 0x1C, 0xC9, 0x9E, 0xEC, 0x40, 0xB1, 0xF0, 0x03, 0x91, 0xB7, 0x22, 0x5E,
    0x12, 0x24, 0x71, 0x28, 0x89, 0xBA, 0xCF, 0x02, 0x5A, 0x13, 0x94, 0x50, 0xAE, 0x6A, 0x83, 0x3B,
    0x96, 0xC6, 0x24, 0x57, 0x02, 0xEA, 0x2C, 0xD9, 0x60, 0x39, 0x5D, 0x61, 0x35, 0x5B, 0x2A, 0x24,
    0x9C, 0x51, 0xB4, 0x45, 0x28, 0xA6, 0x9B, 0x86, 0xAD, 0x1A, 0xD2, 0x15, 0xF9, 0x26, 0x5B, 0x24,
    0x6B, 0xD1, 0x5B, 0x75, 0x32, 0x72, 0xC5, 0xF9, 0x9E, 0x2E, 0xDC, 0x79, 0x46, 0xC2, 0x7C, 0x82,
    0x91, 0x22, 0xC0, 0x20, 0x4E, 0xD0, 0x64, 0xAD, 0xE0, 0xF2, 0xD6, 0x80, 0xBE, 0x71, 0x91, 0x8D,
    0x79, 0xB5, 0x81, 0xD5, 0x0A, 0x96, 0x0B, 0x98, 0xCF, 0x64, 0x60, 0x8C, 0x71, 0x00, 0x6B, 0x26,
    0x55, 0x07, 0x6E, 0x02, 0x4E, 0x37, 0x5D, 0x52, 0xFF, 0x64, 0xA8, 0x31, 0x9C, 0xF1, 0x21, 0xDD,
    0x6F, 0xB9, 0x09, 0x45, 0x29, 0xB5, 0x49, 0xA3, 0x8E, 0xD2, 0xF6, 0x90, 0xB6, 0xA6, 0xF8, 0x6A,
    0x80, 0x6C, 0x6C, 0x1B, 0x92, 0x95, 0xC5, 0x98, 0x2E, 0xF9, 0xC4, 0x5F, 0x0B, 0x7F, 0x2F, 0xF9,
    0xC4, 0x36, 0xA4, 0x08, 0x29, 0xA4, 0x0C, 0xC9, 0x06, 0x19, 0x45, 0x61, 0x79, 0xA0, 0x34, 0xBD,
    0x78, 0x47, 0x41, 0xAD, 0xB5, 0x8E, 0xE2, 0xB9, 0x99, 0xAD, 0xFC, 0x28, 0x09, 0x24, 0x48, 0x0A,
    0x99, 0x04, 0x06, 0xF3, 0x19, 0x7F, 0xF8, 0x58, 0x4C, 0x14, 0x64, 0x9D, 0x6E, 0x14, 0x51, 0x24,
    0x85, 0xD8, 0x59, 0xE0, 0x28, 0x2D, 0x4F, 0xE8, 0x53, 0xD9, 0x2C, 0x72, 0x24, 0xB7, 0xBF, 0x2F,
    0x55, 0x37, 0x07, 0xEA, 0x44, 0xAE, 0x88, 0x7F, 0x61, 0x59, 0xFB, 0x0E, 0x6C, 0x7A, 0xB0, 0x1E,
    0xC0, 0x6A, 0x7C, 0x17, 0xB9, 0x0F, 0xF7, 0x67, 0x5A, 0xDA, 0xA1, 0xCD, 0xDD, 0xBE, 0xF5, 0x7F,
    0x6F, 0x05, 0x54, 0x47, 0xB2, 0x2C, 0x5F, 0x4D, 0x60, 0xBE, 0x80, 0xE9, 0x0A, 0x26, 0xDB, 0x81,
    0x7A, 0x3B, 0x26, 0x5D, 0xC0, 0x7C, 0x06, 0xEB, 0x71, 0xB7, 0xB6, 0xCA, 0x6E, 0xF3, 0xE5, 0xB2,
    0xA7, 0x15, 0xEF, 0xC0, 0xB6, 0xB3, 0x0A, 0xBB, 0x4E, 0x6E, 0xE5, 0x9E, 0x4C, 0x65, 0x16, 0xE8,
    0x39, 0xD8, 0x83, 0x5F, 0x3E, 0x81, 0x8B, 0x36, 0x9C, 0x6D, 0xF3, 0x85, 0xAC, 0x92, 0x7F, 0x7D,
    0x49, 0x4F, 0xB2, 0x5C, 0x91, 0xEC, 0x5C, 0x66, 0x4A, 0x6E, 0x52, 0x4C, 0x94, 0x32, 0x1C, 0xA5,
    0x1A, 0x29, 0xCD, 0x60, 0xD2, 0x53, 0x7C, 0x07, 0x49, 0x54, 0x20, 0xAD, 0x22, 0xCC, 0xB7, 0x84,
    0x7D, 0xD9, 0x03, 0xE4, 0x53, 0x9F, 0x59, 0x69, 0x3A, 0xD9, 0xA2, 0x9B, 0x75, 0x1F, 0x25, 0x9F,
    0xAA, 0x21, 0x4A, 0x11, 0xCA, 0x31, 0x4A, 0x39, 0x96, 0x21, 0x4A, 0x35, 0x14, 0x90, 0xBA, 0xCF,
    0xE7, 0x28, 0x4D, 0x9F, 0x2D, 0x90, 0x2E, 0x85, 0xB4, 0x2E, 0x59, 0xA3, 0xA8, 0x44, 0xE0, 0x9F,
    0xA8, 0x6C, 0x31, 0x26, 0xC6, 0x6F, 0x68, 0xB1, 0x9A, 0x6E, 0xCB, 0x50, 0xD4, 0x6C, 0x7F, 0x24,
    0x8B, 0xD2, 0x9D, 0xBE, 0xD9, 0x36, 0x8C, 0x01, 0xE3, 0x9E, 0xAB, 0xA5, 0xDB, 0x24, 0xD9, 0x68,
    0x2C, 0xA5, 0x4D, 0x97, 0x31, 0x87, 0xEE, 0x94, 0x6D, 0x31, 0x51, 0x4A, 0xFA, 0x32, 0x50, 0xCA,
    0x50, 0x0F, 0x94, 0x06, 0xCE, 0x17, 0x13, 0x25, 0x9F, 0x5B, 0x1E, 0xD1, 0x42, 0xA7, 0xD2, 0x75,
    0xBF, 0xF2, 0x9E, 0x78, 0xEC, 0x9B, 0xF0, 0xCA, 0xBB, 0x2B, 0x17, 0xB4, 0x6A, 0x69, 0xE0, 0x2F,
    0xD8, 0x59, 0x27, 0x76, 0x17, 0xEB, 0x01, 0x64, 0x1B, 0xFE, 0x42, 0x6D, 0x06, 0x86, 0xEC, 0xC8,
    0x55, 0x18, 0x6F, 0x5D, 0xC1, 0xF1, 0x6A, 0xDD, 0xBA, 0xCA, 0x2B, 0x57, 0xDE, 0x89, 0xB0, 0xFF,
    0xED, 0xC4, 0xAE, 0x89, 0xA4, 0x0A, 0xD5, 0x2C, 0xD2, 0x0E, 0x39, 0x3D, 0x4C, 0xE8, 0xAD, 0x79,
    0xCE, 0xA3, 0x78, 0x2E, 0xC3, 0xA1, 0x9F, 0x4A, 0xF6, 0x9A, 0xBF, 0xDB, 0x20, 0xB2, 0x72, 0x64,
    0xEC, 0xA5, 0xC4, 0x6E, 0xAE, 0xB6, 0xF3, 0x03, 0xC5, 0xA2, 0x2C, 0x23, 0x3F, 0x3C, 0xC7, 0x61,
    0xE1, 0x93, 0x1F, 0xDE, 0x73, 0x2C, 0x71, 0xCE, 0x45, 0xE4, 0x7D, 0x99, 0xBD, 0x9B, 0xF3, 0xCE,
    0x7C, 0xDA, 0x59, 0x04, 0xB0, 0x34, 0x8E, 0x60, 0x35, 0x80, 0x4D, 0x0F, 0xB2, 0x58, 0x13, 0x95,
    0x48, 0x5D, 0xC8, 0x89, 0xEC, 0xC8, 0x01, 0x67, 0x96, 0x22, 0xD1, 0xA0, 0x41, 0x92, 0xC8, 0x59,
    0xD2, 0xC8, 0x45, 0xB2, 0xC8, 0x55, 0x0A, 0x1D, 0x36, 0x2F, 0xE5, 0xAF, 0x86, 0xAD, 0x95, 0xEA,
    0x97, 0xC3, 0xD6, 0x74, 0xCD, 0x8F, 0x86, 0xAD, 0xEA, 0x9B, 0x72, 0xD8, 0xCA, 0xE1, 0x4D, 0x64,
    0x11, 0x96, 0xC8, 0xEC, 0xD7, 0xE4, 0x7F, 0x4F, 0x91, 0x89, 0x86, 0x48, 0xD1, 0x11, 0xF4, 0x3D,
    0xD8, 0x74, 0x60, 0xED, 0xC0, 0x4A, 0xC0, 0xEF, 0x92, 0xDF, 0x22, 0xE5, 0xBD, 0x69, 0xE7, 0xCF,
    0x23, 0x53, 0x63, 0x38, 0xD2, 0xE2, 0x3F, 0x08, 0x45, 0x3C, 0x26, 0x5F, 0x0A, 0x56, 0x44, 0xC3,
    0x56, 0x54, 0x87, 0x62, 0x13, 0xCC, 0xA1, 0xAA, 0xB3, 0xFE, 0x18, 0x15, 0x5B, 0x0F, 0xA8, 0xD8,
    0x72, 0xAC, 0x86, 0xC8, 0x50, 0xF7, 0x6C, 0x27, 0x23, 0x73, 0x32, 0x9B, 0x9B, 0x8E, 0xF3, 0x4A,
    0x0F, 0x64, 0x43, 0x9A, 0x05, 0xB3, 0x66, 0x96, 0x2D, 0x17, 0xCB, 0xD1, 0x72, 0x37, 0x4F, 0x52,
    0x7A, 0x65, 0x1E, 0x9A, 0xB7, 0xE6, 0xB9, 0x1D, 0xC5, 0xE5, 0xC5, 0xC2, 0xD3, 0xBA, 0xD8, 0xD9,
    0x87, 0x95, 0x23, 0xC9, 0x41, 0x6D, 0xB1, 0x7E, 0xCD, 0xC1, 0x2B, 0x2D, 0xD0, 0x9A, 0x59, 0x66,
    0x2E, 0xB4, 0xF6, 0xC8, 0x64, 0x2D, 0x5C, 0xDC, 0x25, 0x28, 0xD4, 0xCE, 0xA5, 0x6E, 0x3F, 0x97,
    0x2A, 0x9E, 0x45, 0xDF, 0x3B, 0x4D, 0xC1, 0x5C, 0xDE, 0x2B, 0xF0, 0x5F, 0x41, 0x35, 0xBE, 0x73,
    0x9F, 0xD6, 0x5D, 0xDC, 0x1F, 0x20, 0x2D, 0x47, 0xCB, 0xDD, 0x3C, 0xA1, 0x57, 0xD7, 0xEE, 0x12,
    0xF0, 0x28, 0x94, 0x61, 0x38, 0x97, 0xD3, 0xD4, 0xC9, 0xD3, 0x97, 0xA7, 0x3E, 0x8D, 0x71, 0xC7,
    0x21, 0x26, 0x5E, 0x7F, 0x02, 0xEB, 0xAA, 0x48, 0xE0, 0x59, 0x75, 0xA9, 0xFE, 0xED, 0xFC, 0x6A,
    0x92, 0x62, 0xC9, 0xE6, 0x7C, 0xA1, 0xBF, 0x89, 0x46, 0xDB, 0x31, 0x81, 0x97, 0x06, 0xD2, 0x74,
    0x6D, 0x07, 0xE9, 0x5B, 0x17, 0xA5, 0xEE, 0xBD, 0x1C, 0x64, 0xD0, 0x33, 0xF1, 0x47, 0xB9, 0x49,
    0x70, 0x4A, 0x7E, 0x32, 0x66, 0xA6, 0x6F, 0x32, 0x2A, 0x66, 0x66, 0x6B, 0x4E, 0xDC, 0xB8, 0x64,
    0x0E, 0x9A, 0xBB, 0xEF, 0x3E, 0xA2, 0x66, 0xE0, 0x60, 0x97, 0xB7, 0x8F, 0x60, 0x4C, 0x38, 0x7D,
    0xBD, 0x72, 0x28, 0x8B, 0x9E, 0xB5, 0x84, 0x4D, 0x27, 0x35, 0x87, 0x37, 0x62, 0x17, 0xE2, 0xA2,
    0x0E, 0x1B, 0x92, 0x8D, 0xE3, 0xDB, 0x6C, 0x11, 0x24, 0x2A, 0x58, 0x76, 0x6A, 0xE5, 0xDB, 0x6A,
    0x0F, 0xA9, 0xB5, 0x3B, 0xCC, 0x92, 0xE4, 0x2B, 0xA5, 0xDC, 0x28, 0xD5, 0x69, 0xB2, 0xC4, 0xF6,
    0xD4, 0xCF, 0x39, 0x3D, 0xB2, 0x95, 0x61, 0xB7, 0x59, 0x4C, 0x29, 0x52, 0x54, 0xE1, 0x66, 0x0A,
    0x84, 0xA3, 0x93, 0x0E, 0x2E, 0xD3, 0xB3, 0x40, 0x3F, 0x8B, 0x19, 0x7F, 0xF8, 0x88, 0xB4, 0x89,
    0xDA, 0x11, 0x69, 0x77, 0x9A, 0xCA, 0x80, 0xA8, 0x3C, 0x19, 0xF2, 0xC2, 0xEF, 0x48, 0x41, 0xB8,
    0x17, 0x9B, 0x0E, 0x75, 0xF3, 0xB5, 0xD8, 0xDF, 0x66, 0x35, 0x82, 0xE5, 0x04, 0x16, 0x9B, 0x4B,
    0xFC, 0x98, 0x5A, 0x53, 0xDF, 0x92, 0x2F, 0xF4, 0x37, 0xAC, 0x37, 0xA9, 0x1E, 0x81, 0x18, 0xE0,
    0x25, 0xEB, 0x93, 0x21, 0xC2, 0x39, 0xAD, 0x0F, 0x7A, 0x0E, 0x72, 0xBD, 0x8B, 0x42, 0x28, 0x1F,
    0x20, 0xA7, 0xDB, 0xD4, 0x07, 0x61, 0x78, 0x1C, 0x51, 0xD5, 0xD7, 0x26, 0xAB, 0x89, 0x3A, 0x6C,
    0x4B, 0x7C, 0x0F, 0x91, 0x7A, 0xA4, 0x94, 0x81, 0x52, 0x4C, 0x94, 0x7C, 0xBE, 0x53, 0xB8, 0x27,
    0xD3, 0xED, 0x56, 0x68, 0x93, 0x39, 0xEC, 0xF9, 0x21, 0x77, 0xE5, 0x84, 0xEE, 0xA3, 0x51, 0x67,
    0x52, 0x3B, 0x32, 0x20, 0xBE, 0x9A, 0xC1, 0x6C, 0x01, 0x93, 0x0D, 0x14, 0xBD, 0x2F, 0xB9, 0x3F,
    0xD3, 0xD2, 0x0E, 0x6D, 0xEE, 0xF6, 0x99, 0xD7, 0xA3, 0x0E, 0xD1, 0xF6, 0x21, 0xE6, 0xF0, 0xA0,
    0x21, 0xE6, 0xC3, 0x07, 0x9A, 0x03, 0xF3, 0xE2, 0x34, 0xCC, 0x5B, 0xEC, 0xAC, 0xDA, 0xF1, 0xFA,
    0x34, 0x48, 0xBE, 0xB9, 0x7A, 0x41, 0x97, 0x95, 0x6D, 0xAC, 0x3B, 0xB5, 0xE9, 0xF2, 0x2E, 0x77,
    0xB0, 0xBC, 0x2F, 0xB4, 0x29, 0x47, 0x32, 0xEC, 0x2C, 0x8C, 0x93, 0x91, 0xC7, 0x71, 0xA4, 0xC5,
    0x5F, 0xD2, 0x2C, 0x1C, 0x39, 0x5A, 0x2E, 0x96, 0xA3, 0xE5, 0x6E, 0x9E, 0x98, 0x57, 0xE6, 0xA1,
    0x79, 0x6B, 0x9E, 0xF3, 0x28, 0x10, 0x3C, 0x4A, 0x2C, 0x57, 0x75, 0x2A, 0xA5, 0xEA, 0xA0, 0x52,
    0x8F, 0x55, 0x50, 0x69, 0xBA, 0x22, 0x12, 0x03, 0x01, 0x15, 0xCF, 0x19, 0x2F, 0x95, 0x34, 0x72,
    0x3B, 0x12, 0xB5, 0x99, 0xDC, 0xE2, 0x76, 0xA2, 0x5E, 0x30, 0xB9, 0xCA, 0x55, 0xE5, 0xC8, 0xA3,
    0x7D, 0x25, 0x2D, 0x77, 0xF3, 0xC4, 0xBC, 0x32, 0x0F, 0xE9, 0x2D, 0x3D, 0xB7, 0xA3, 0x90, 0xC4,
    0xA3, 0xAA, 0x4A, 0x05, 0x5B, 0x52, 0x07, 0xC9, 0xE6, 0x74, 0x93, 0xC8, 0x6C, 0x01, 0xF3, 0x79,
    0x67, 0x71, 0xE0, 0x31, 0xDE, 0xF6, 0xB4, 0x54, 0x66, 0x41, 0x1A, 0x5A, 0xCB, 0x49, 0x79, 0x49,
    0x36, 0x5D, 0x16, 0xA9, 0x2E, 0x32, 0x51, 0x89, 0xCC, 0x56, 0x30, 0x5F, 0xC0, 0x62, 0x02, 0xCB,
    0x00, 0xD6, 0x66, 0xA1, 0x07, 0xBD, 0x03, 0x55, 0x22, 0x9B, 0x95, 0x5C, 0xC8, 0x11, 0xB4, 0x45,
    0x0A, 0x09, 0x47, 0x50, 0x05, 0x67, 0xE5, 0xAB, 0x2F, 0xC5, 0x8F, 0x48, 0x5A, 0x4E, 0x52, 0x8A,
    0xE4, 0x17, 0xAB, 0x6C, 0xD2, 0x5B, 0xFC, 0x03, 0xE5, 0x2C, 0x03, 0x58, 0x91, 0xCD, 0x84, 0x78,
    0xDF, 0x81, 0x2A, 0x67, 0xCC, 0x8C, 0xDC, 0xFA, 0x7B, 0xD8, 0x33, 0xF9, 0xA9, 0x4E, 0x95, 0x6A,
    0xF0, 0x13, 0x6E, 0x1A, 0x56, 0x93, 0xBC, 0xFA, 0x52, 0x10, 0x92, 0x7F, 0xD8, 0x58, 0xB6, 0x91,
    0x95, 0x82, 0xED, 0xF6, 0x77, 0xF0, 0xD3, 0xD1, 0x8D, 0xFD, 0xAC, 0x2C, 0xC3, 0x7E, 0xA6, 0x9F,
    0x5F, 0x08, 0x79, 0x4C, 0x15, 0xFD, 0x19, 0x57, 0xC7, 0x7C, 0x8E, 0x33, 0xD0, 0xFF, 0xA9, 0xAB,
    0x62, 0xBE, 0xFF, 0x84, 0x31, 0x1F, 0x1B, 0x39, 0xB1, 0x05, 0x2F, 0xCA, 0xB3, 0x57, 0x99, 0x5E,
    0x69, 0xEB, 0xC0, 0xD1, 0xEF, 0x1C, 0x5A, 0xB2, 0xE1, 0x9E, 0x8D, 0x03, 0xAB, 0x1E, 0x16, 0xD0,
    0x09, 0x78, 0xC9, 0x27, 0x4C, 0x78, 0x65, 0xEA, 0x2A, 0x54, 0x11, 0x2F, 0x81, 0x6A, 0x9E, 0x26,
    0x89, 0x7F, 0x6B, 0xF7, 0x85, 0x48, 0x1D, 0xC8, 0x10, 0xD3, 0x49, 0xB5, 0x80, 0xD9, 0x81, 0xE9,
    0x31, 0x66, 0x06, 0xAB, 0xC0, 0xFD, 0x3B, 0x70, 0x73, 0x7B, 0xDA, 0x62, 0x01, 0x93, 0x0D, 0x14,
    0xBD, 0x4A, 0x6E, 0xE5, 0x9E, 0x3C, 0x95, 0xC8, 0xD1, 0x3C, 0xB1, 0x3B, 0x30, 0x3B, 0xBE, 0xB9,
    0xBB, 0x29, 0x25, 0xB2, 0xBB, 0x90, 0x41, 0xEA, 0x07, 0x49, 0x75, 0x2E, 0x3D, 0xA5, 0x36, 0x69,
    0x4E, 0xD2, 0x51, 0x5A, 0x47, 0xF1, 0x42, 0x51, 0x4A, 0xBA, 0x52, 0xB2, 0x85, 0xA2, 0x0C, 0xFD,
    0xB9, 0xAC, 0x3C, 0xAD, 0xEE, 0x23, 0x56, 0xBF, 0x56, 0xD7, 0x56, 0xEF, 0x99, 0xBA, 0x9A, 0x03,
    0xF5, 0x6C, 0xE5, 0x80, 0x4F, 0x4F, 0x8E, 0x34, 0x36, 0x61, 0xC4, 0xF3, 0xC7, 0x83, 0x37, 0x67,
    0x1A, 0x82, 0x71, 0x3C, 0x51, 0x10, 0x3C, 0xD9, 0x92, 0x8D, 0x23, 0x7B, 0x91, 0xFF, 0x17, 0x53,
    0xE0, 0x3B, 0x5B, 0x6E, 0x17, 0xF3, 0x7A, 0x69, 0xD5, 0x39, 0xD3, 0x87, 0x41, 0x24, 0xE1, 0x24,
    0x8E, 0x5D, 0x4C, 0x35, 0xDD, 0x7E, 0x15, 0xD5, 0x48, 0x75, 0xBA, 0x98, 0x1A, 0xA2, 0x6C, 0x52,
    0x8C, 0x51, 0x56, 0xC9, 0x71, 0x69, 0xB5, 0x48, 0x36, 0x65, 0x73, 0x1A, 0x65, 0x8E, 0xFF, 0x26,
    0x49, 0x71, 0x7D, 0x17, 0x6E, 0x66, 0x51, 0xEC, 0x0C, 0xB4, 0x6F, 0xC3, 0x69, 0x9B, 0xED, 0x39,
    0x4B, 0x3E, 0xB1, 0xF1, 0x2A, 0x02, 0x93, 0x97, 0x51, 0x38, 0x03, 0xCE, 0x1C, 0xAA, 0x81, 0xF9,
    0x31, 0xF7, 0xD6, 0x9D, 0x7C, 0x81, 0x67, 0x2C, 0x06, 0x3A, 0x28, 0x2F, 0xD8, 0xBB, 0x71, 0x7E,
    0x37, 0x65, 0xEB, 0x51, 0x6E, 0xF2, 0x92, 0x3D, 0x1A, 0xAE, 0xF7, 0x38, 0xA1, 0x9C, 0x7C, 0xF5,
    0xF2, 0xC7, 0xFC, 0x34, 0xDD, 0x40, 0x1E, 0x56, 0x5B, 0xBD, 0x38, 0x95, 0x60, 0x67, 0xA5, 0x66,
    0x4C, 0xC8, 0xD2, 0x81, 0x0D, 0xEA, 0xC5, 0x55, 0x9B, 0x14, 0x68, 0xCD, 0x99, 0xCA, 0xD3, 0x0E,
    0xFD, 0xF1, 0x68, 0xAF, 0x22, 0x32, 0xA0, 0x04, 0x2A, 0xA0, 0x01, 0x34, 0x22, 0x59, 0x23, 0xB2,
    0x29, 0xA2, 0xF8, 0x75, 0x44, 0xF5, 0xB3, 0x88, 0xE6, 0xAF, 0x22, 0x7C, 0xB2, 0xF8, 0x64, 0x8D,
    0xC8, 0xE6, 0x88, 0x22, 0x44, 0x94, 0x43, 0x44, 0xD3, 0x25, 0xCB, 0x1B, 0x2F, 0xF1, 0xD3, 0x0A,
    0xCC, 0x40, 0x00, 0x06, 0xA0, 0x07, 0x24, 0x42, 0xE8, 0xFB, 0x28, 0xDF, 0x73, 0x45, 0x40, 0xB1,
    0x4D, 0xB8, 0x2D, 0x35, 0xE3, 0x14, 0x58, 0xB8, 0xEE, 0x07, 0x6E, 0xD6, 0x1A, 0xE0, 0xA5, 0x93,
    0xB3, 0xF0, 0xF1, 0x7C, 0x66, 0x3B, 0xB3, 0xB7, 0x5A, 0xC5, 0x04, 0x96, 0x23, 0xD8, 0xF4, 0x60,
    0xEB, 0xC0, 0x4D, 0x78, 0x8B, 0x0D, 0xCC, 0x27, 0xB0, 0xB4, 0xF3, 0xAA, 0x07, 0x37, 0xB1, 0xCF,
    0x8C, 0x0F, 0x60, 0x31, 0x81, 0xD9, 0x02, 0xEE, 0x93, 0x26, 0xB0, 0xD6, 0x81, 0x75, 0x0F, 0x96,
    0x01, 0x2C, 0xB4, 0x43, 0xEE, 0x24, 0x6A, 0xBC, 0xE4, 0x39, 0x7B, 0xC6, 0x77, 0xFF, 0x0D, 0xD7,
    0x59, 0x19, 0x7B, 0xB0, 0x3E, 0xB0, 0xE9, 0x48, 0x07, 0x7A, 0x01, 0x15, 0x4C, 0x57, 0x50, 0x17,
    0x32, 0x90, 0x0E, 0xF4, 0x23, 0xA6, 0xE6, 0x7D, 0x8C, 0xD1, 0xC1, 0x4F, 0x92, 0x46, 0x2E, 0x92,
    0x45, 0xAE, 0x92, 0xEB, 0xF0, 0x86, 0x93, 0xF2, 0xBE, 0x89, 0x93, 0xF2, 0x91, 0x5D, 0xFD, 0xA3,
    0xC1, 0x73, 0x52, 0xDE, 0x97, 0xE3, 0xBF, 0x54, 0x83, 0xCF, 0xC3, 0x12, 0x99, 0xFD, 0xD7, 0x1C,
    0x99, 0x6A, 0x88, 0x14, 0x1D, 0x41, 0xDF, 0x83, 0x8D, 0xD1, 0x81, 0x95, 0x80, 0xDF, 0x25, 0xBF,
    0x45, 0xCA, 0x57, 0x31, 0x59, 0x1E, 0x06, 0x55, 0x3D, 0x82, 0x71, 0x0F, 0x86, 0x24, 0x7A, 0xBB,
    0x9D, 0xDC, 0xD0, 0x57, 0x96, 0xEC, 0x37, 0xF7, 0x3B, 0x1D, 0x8D, 0x6B, 0xDD, 0x79, 0x3B, 0x59,
    0x0D, 0x97, 0xFD, 0xF2, 0x31, 0xC6, 0x1B, 0xB9, 0xBF, 0xA5, 0x35, 0x3B, 0x66, 0xD3, 0xEC, 0x67,
    0xDB, 0x45, 0xBF, 0x4C, 0x7F, 0x2E, 0x8F, 0x2D, 0xFD, 0x86, 0x80, 0xF1, 0x89, 0xE7, 0x40, 0xD2,
    0xD7, 0xF0, 0xCA, 0xFF, 0xA5, 0xB4, 0x93, 0xF8, 0x11, 0x6D, 0x9A, 0xEF, 0x39, 0x4A, 0x71, 0xF0,
    0xDF, 0xB3, 0xC5, 0x03, 0x5B, 0xB2, 0xE9, 0x0E, 0xEC, 0x2F, 0xD8, 0xED, 0xC4, 0xFE, 0x4C, 0x6B,
    0x76, 0xCC, 0xA6, 0xD9, 0xB7, 0xBC, 0x2C, 0x5F, 0xF3, 0x81, 0x83, 0x59, 0xEC, 0xFF, 0x10, 0xEE,
    0x53, 0xD5, 0xC3, 0x69, 0x41, 0x75, 0xA2, 0xAF, 0x8B, 0x15, 0x1D, 0x5F, 0xA2, 0xC2, 0x9B, 0x75,
    0xBC, 0x4A, 0xF8, 0xFE, 0xC5, 0x08, 0xED, 0x7E, 0xAC, 0x6F, 0x5D, 0xC7, 0xFC, 0x7F, 0xDA, 0x6C,
    0x1C, 0x17, 0xCC, 0x3B, 0xE4, 0xB5, 0x31, 0xDF, 0xD9, 0x7C, 0x38, 0x4E, 0x3A, 0x0F, 0x47, 0x7E,
    0xDC, 0xA5, 0xCB, 0x38, 0x27, 0xD3, 0xD3, 0xED, 0x99, 0x3A, 0xB2, 0x38, 0xDD, 0x92, 0x29, 0x02,
    0xAF, 0x9E, 0x26, 0x1C, 0xE7, 0xA9, 0xA5, 0x5B, 0x58, 0xB2, 0x1B, 0xFF, 0xD0, 0x64, 0x23, 0x31,
    0x1B, 0x4D, 0xF4, 0x05, 0x52, 0xF5, 0x05, 0x1B, 0x16, 0x24, 0x2F, 0x02, 0x8A, 0x05, 0x77, 0x7B,
    0x23, 0x97, 0x06, 0xE7, 0xF3, 0xC2, 0xA1, 0xC2, 0xB6, 0x81, 0x7E, 0x01, 0x1B, 0xB2, 0x9E, 0xC0,
    0xEA, 0x78, 0xCD, 0x76, 0x2A, 0xE3, 0x43, 0x9F, 0x0A, 0x20, 0x57, 0xD8, 0x61, 0x95, 0xCE, 0x64,
    0x20, 0x9D, 0x58, 0xDA, 0x87, 0x33, 0xD9, 0xCA, 0x7F, 0x47, 0x27, 0xFB, 0xCB, 0xFF, 0xD0, 0xA1,
    0xD2, 0x2F, 0xBE, 0xD0, 0xD0, 0x0C, 0xED, 0x52, 0x4C, 0x8D, 0xAB, 0x42, 0xB6, 0xE0, 0xEC, 0x48,
    0x16, 0x1F, 0x29, 0xCB, 0x1B, 0x70, 0xDD, 0x6E, 0x73, 0x7B, 0x27, 0x57, 0xA3, 0xA5, 0x35, 0x3B,
    0x66, 0xD3, 0xEC, 0x5B, 0x5E, 0x96, 0xAF, 0xF9, 0x40, 0x7F, 0x1E, 0x7C, 0x14, 0x75, 0x88, 0x3A,
    0x95, 0x18, 0x62, 0x0D, 0xBC, 0xF9, 0xDC, 0x27, 0x2A, 0x9C, 0xC5, 0xEF, 0x70, 0x2A, 0x36, 0x83,
    0x2D, 0xC3, 0xE1, 0xAC, 0xBF, 0x55, 0xF4, 0xCA, 0x41, 0x8A, 0x6E, 0x2C, 0x61, 0xAB, 0x85, 0x00,
    0x36, 0x13, 0xC8, 0xDA, 0x49, 0x54, 0x85, 0xDD, 0x75, 0x87, 0xDA, 0x6C, 0x06, 0xCE, 0x3E, 0xF2,
    0xFE, 0x7A, 0x6E, 0xB7, 0x89, 0xB9, 0xD8, 0xE3, 0x74, 0xFB, 0xB0, 0xB5, 0xDB, 0x87, 0x23, 0x76,
    0x2B, 0x27, 0xF4, 0xB9, 0xAB, 0x7C, 0x34, 0x72, 0xA9, 0xF5, 0x91, 0x82, 0x70, 0x07, 0x71, 0x9E,
    0x6D, 0xF7, 0x45, 0x43, 0x74, 0xC0, 0x20, 0xD9, 0x56, 0xCD, 0xF2, 0x6A, 0x2B, 0x55, 0xB7, 0x2D,
    0x55, 0x9D, 0xB6, 0xF8, 0xC5, 0xB1, 0x64, 0xEF, 0x03, 0xCF, 0xF3, 0xE1, 0xA3, 0x51, 0x63, 0x38,
    0x27, 0xE3, 0xE5, 0x93, 0x12, 0x45, 0x18, 0xCF, 0x45, 0x10, 0x8A, 0xFB, 0x88, 0xB7, 0x13, 0xE0,
    0x5C, 0x24, 0xBD, 0xBF, 0x70, 0x86, 0x91, 0x32, 0x9B, 0x28, 0xB7, 0x25, 0xDA, 0x89, 0x35, 0x7E,
    0x94, 0x6A, 0x30, 0x19, 0xAF, 0xC9, 0x70, 0xD8, 0x93, 0xE9, 0x68, 0x85, 0xB2, 0xDC, 0xE4, 0xE0,
    0x99, 0xE5, 0x83, 0xA9, 0x5F, 0x92, 0x3A, 0x90, 0x13, 0xE2, 0x8B, 0x05, 0x4C, 0x56, 0x50, 0xF4,
    0x5D, 0xB4, 0x7D, 0xB8, 0xBF, 0xA5, 0x35, 0x3B, 0xB4, 0xF9, 0xD0, 0x45, 0x6E, 0x6F, 0x01, 0x75,
    0xC0, 0x80, 0x35, 0x9E, 0x21, 0x22, 0x9F, 0x38, 0xB1, 0x03, 0x2C, 0x97, 0x28, 0x26, 0xEE, 0xC7,
    0x14, 0x80, 0xA3, 0x15, 0x29, 0x50, 0xDC, 0x36, 0x49, 0x9D, 0xF1, 0x02, 0xBC, 0x5C, 0xA5, 0x0D,
    0x52, 0x0F, 0xB8, 0x68, 0xAD, 0x59, 0xE8, 0xA9, 0x88, 0x6C, 0xC7, 0xAB, 0x50, 0xB7, 0x93, 0x63,
    0x6E, 0xD5, 0x73, 0x5E, 0x7F, 0x50, 0x4D, 0x72, 0xDA, 0x31, 0x9B, 0xF5, 0x08, 0xFB, 0x96, 0x97,
    0xE5, 0x6B, 0x3E, 0x98, 0x3F, 0x5E, 0x30, 0xF7, 0xE3, 0xB1, 0xA5, 0xF3, 0xEC, 0xCE, 0x3D, 0x6E,
    0xCA, 0x04, 0xCF, 0xCE, 0x2F, 0xD2, 0xA1, 0x24, 0x5B, 0x49, 0x48, 0x89, 0xF4, 0x22, 0xEB, 0x89,
    0xAA, 0xB7, 0x29, 0xFE, 0x82, 0x2D, 0x69, 0x69, 0x1B, 0xDA, 0x31, 0x9B, 0x35, 0xED, 0x97, 0xCC,
    0xAB, 0x60, 0xBE, 0x29, 0x8F, 0x08, 0xFE, 0x60, 0xE2, 0x6D, 0x4B, 0x34, 0x22, 0x07, 0xCA, 0x18,
    0xB3, 0x55, 0x63, 0x44, 0xDD, 0x47, 0x34, 0xE7, 0x60, 0x1C, 0xB7, 0x72, 0x3F, 0xA6, 0x10, 0x22,
    0x07, 0x4E, 0x2B, 0xFD, 0x22, 0xDA, 0xFE, 0xB4, 0xC6, 0x30, 0xD9, 0x22, 0xB2, 0x25, 0x42, 0x67,
    0x20, 0x00, 0x1D, 0x8B, 0xFE, 0xF5, 0x61, 0xD2, 0x75, 0xDA, 0x67, 0xDF, 0x92, 0x15, 0x14, 0x25,
    0x1B, 0xB7, 0xF7, 0xE6, 0xDF, 0x91, 0x6B, 0xE1, 0xD3, 0x9C, 0x9D, 0x38, 0x3C, 0xB0, 0x46, 0x06,
    0x72, 0x64, 0x3C, 0x0F, 0xE6, 0x09, 0x1D, 0x8B, 0x5D, 0xB5, 0x1F, 0xD9, 0xAA, 0x86, 0x23, 0x2D,
    0xFE, 0x3A, 0x53, 0x7D, 0x1D, 0x59, 0xEB, 0x62, 0xD7, 0x59, 0x92, 0xAC, 0x53, 0xA2, 0x3D, 0x5A,
    0xB0, 0x66, 0x4C, 0x78, 0x73, 0x06, 0x15, 0x5E, 0x04, 0xEC, 0x9F, 0x4F, 0x1F, 0x9A, 0x22, 0x77,
    0xD2, 0x7E, 0xBA, 0x23, 0xD9, 0x83, 0x9B, 0x88, 0xFC, 0x9F, 0xDF, 0xDE, 0x0B, 0xAB, 0x81, 0xA6,
    0xBB, 0x29, 0xD3, 0xF5, 0xE6, 0xD1, 0xA1, 0x2C, 0x44, 0x24, 0xAF, 0xE5, 0x3C, 0x7C, 0x9C, 0x79,
    0xC8, 0x47, 0xBA, 0x72, 0x51, 0x5D, 0x8E, 0xBC, 0x7A, 0xE5, 0xD2, 0x3F, 0xEC, 0xCA, 0x65, 0x9F,
    0x0D, 0x1B, 0x4E, 0x5D, 0x57, 0xDC, 0xED, 0xA5, 0xF2, 0xB1, 0x5C, 0x2F, 0xD5, 0x00, 0x3B, 0xF5,
    0xE5, 0x95, 0xD1, 0x04, 0x16, 0xFA, 0xF7, 0xD6, 0x97, 0xFE, 0xC6, 0x9D, 0x8E, 0x48, 0x92, 0x7F,
    0x54, 0x54, 0x00, 0x2C, 0x40, 0xFC, 0x99, 0x7F, 0xDF, 0x26, 0x1B, 0xC6, 0x78, 0xCC, 0x60, 0xBB,
    0x7A, 0x73, 0xD7, 0x66, 0xC3, 0xF6, 0x65, 0xC2, 0x01, 0xF4, 0x64, 0x0B, 0x22, 0xFE, 0x8E, 0xC0,
    0x59, 0x9D, 0x03, 0x99, 0xEA, 0x1B, 0xE3, 0x95, 0xE7, 0x5E, 0xEA, 0xAE, 0x42, 0x8D, 0x0F, 0x0D,
    0x8A, 0x74, 0x04, 0xF9, 0x99, 0xF1, 0x4F, 0xE7, 0x28, 0xC4, 0x06, 0x33, 0xF8, 0x94, 0x01, 0xE9,
    0x4D, 0xDC, 0xF5, 0xC0, 0xEA, 0xD4, 0x03, 0x62, 0xF8, 0xF8, 0xD8, 0xB8, 0x5E, 0x0C, 0x98, 0x81,
    0xD7, 0xA7, 0xB2, 0xBD, 0x10, 0x57, 0xDF, 0x5F, 0x74, 0x36, 0x51, 0x27, 0x0D, 0x5B, 0x69, 0x48,
    0x5F, 0x05, 0x4A, 0x3E, 0x49, 0x7B, 0x7A, 0xA0, 0x35, 0x4A, 0xBA, 0xC8, 0x1B, 0x93, 0x95, 0x92,
    0x2C, 0x51, 0x38, 0xA7, 0x8D, 0x3D, 0xF3, 0x89, 0xE9, 0x74, 0xA4, 0x15, 0xED, 0x21, 0x6E, 0x15,
    0x41, 0x0E, 0x9E, 0x83, 0xCD, 0xAF, 0x23, 0xAA, 0x1D, 0x2B, 0x42, 0x27, 0x93, 0x15, 0xB2, 0x24,
    0x6A, 0xBB, 0xB4, 0x8E, 0xD2, 0xF4, 0x94, 0xFA, 0x9A, 0x34, 0xDD, 0x61, 0x4F, 0x4B, 0x07, 0x2B,
    0x94, 0xC9, 0xA4, 0x7B, 0x94, 0xAE, 0xA9, 0x62, 0xD7, 0xD4, 0xA8, 0x46, 0xB2, 0x6B, 0xDA, 0xB0,
    0x28, 0xE9, 0x63, 0x74, 0x4D, 0x29, 0x1B, 0xB1, 0xEC, 0x74, 0x4B, 0xFA, 0xE2, 0x11, 0x54, 0xB7,
    0x3F, 0x82, 0xBA, 0x90, 0x7F, 0x21, 0xD7, 0xC2, 0x27, 0x37, 0x5D, 0xFD, 0xC2, 0xBC, 0x02, 0x7A,
    0x4E, 0x6D, 0xDE, 0x0C, 0xFB, 0xB2, 0xF9, 0xA6, 0x32, 0xEC, 0xB0, 0xFE, 0x48, 0x3E, 0x95, 0x29,
    0xFF, 0xC7, 0x7A, 0x08, 0xF4, 0x79, 0x4C, 0x8C, 0x7D, 0x73, 0x73, 0xC6, 0xAA, 0x7A, 0xC0, 0x1D,
    0x33, 0x1F, 0x1F, 0x6E, 0x45, 0xBA, 0xC6, 0x70, 0xCE, 0x8B, 0x7D, 0x98, 0x96, 0xCC, 0xEF, 0x5A,
    0x91, 0xBE, 0xDC, 0xBD, 0x22, 0xFD, 0xCA, 0xAD, 0x03, 0x7D, 0xD8, 0xAD, 0x83, 0x8B, 0x81, 0xFF,
    0x3D, 0x6E, 0x1D, 0xF8, 0x3B, 0x6E, 0x1D, 0x70, 0x34, 0xFC, 0x6E, 0x7C, 0xFA, 0x2F, 0xA4, 0x91,
    0xB2, 0xFF, 0x4A, 0x7C, 0xB4, 0xB1, 0xF9, 0xE3, 0x3E, 0x92, 0x4B, 0x7A, 0x94, 0xFF, 0x91, 0x16,
    0xFF, 0x81, 0xC8, 0x0C, 0x0E, 0x7C, 0xE8, 0x6D, 0x03, 0x9E, 0xA7, 0x47, 0x5E, 0xEE, 0xF3, 0x40,
    0x6B, 0xE1, 0x9C, 0x82, 0xF0, 0x9E, 0x7C, 0xA9, 0xFF, 0x69, 0x36, 0xBB, 0x1B, 0x6B, 0x6F, 0xA5,
    0xB6, 0x75, 0x3D, 0x1B, 0x28, 0x67, 0x2B, 0xE0, 0x8E, 0xEB, 0xE0, 0x8C, 0xFD, 0x03, 0x69, 0xB3,
    0x4A, 0x46, 0x77, 0xCB, 0x9B, 0x6C, 0xE5, 0x14, 0xD6, 0x4C, 0x8E, 0xE0, 0x46, 0xDF, 0x96, 0x03,
    0xEE, 0x3D, 0x53, 0x9C, 0xC6, 0x03, 0xD9, 0xEA, 0x9B, 0x19, 0xB6, 0xF8, 0xA5, 0x0D, 0xEA, 0xA4,
    0x9C, 0xF8, 0xF0, 0xEC, 0x86, 0x06, 0xED, 0xDD, 0x90, 0x4B, 0xD8, 0x23, 0xEF, 0xA7, 0x75, 0x4A,
    0xA5, 0x0E, 0x80, 0x8B, 0x98, 0xA5, 0x1A, 0x6C, 0xAC, 0xC7, 0x9B, 0xC8, 0xB6, 0x6E, 0xCB, 0x63,
    0xD7, 0x02, 0x1A, 0x11, 0x3F, 0x7A, 0x44, 0x66, 0x0B, 0x74, 0x90, 0x14, 0x5A, 0xF7, 0x92, 0xAC,
    0x51, 0x39, 0xDB, 0x04, 0xED, 0x78, 0x67, 0x8F, 0xE5, 0xE2, 0xF1, 0x8F, 0x25, 0xE5, 0x65, 0xB3,
    0xAB, 0xBA, 0x64, 0xB5, 0x86, 0x30, 0x5D, 0xAC, 0x27, 0xD0, 0xE9, 0x34, 0xDB, 0xCA, 0xDF, 0x37,
    0xBF, 0xEF, 0xDB, 0xB1, 0xFF, 0x66, 0x77, 0x0D, 0xAD, 0x16, 0x61, 0xCF, 0x99, 0xB6, 0x1C, 0x34,
    0x31, 0xDF, 0x74, 0x31, 0xCD, 0xA0, 0x15, 0x9F, 0x35, 0xA6, 0x9F, 0xC5, 0x44, 0xE5, 0x71, 0xE0,
    0x4B, 0x75, 0x3A, 0xAE, 0x7A, 0x80, 0xEA, 0xD4, 0xF4, 0x38, 0xDE, 0xA8, 0x5D, 0xD4, 0x04, 0x39,
    0x23, 0x64, 0x0F, 0x56, 0x2F, 0x79, 0x40, 0x43, 0x0F, 0x69, 0x31, 0x3A, 0x0B, 0x2C, 0x97, 0x28,
    0x9B, 0x54, 0x90, 0x45, 0xCA, 0x21, 0x0F, 0x49, 0x94, 0x11, 0x4B, 0x5B, 0xA4, 0x08, 0x51, 0xA6,
    0x98, 0x32, 0x0F, 0x5C, 0xB5, 0x92, 0x87, 0x62, 0x94, 0x44, 0xAD, 0x14, 0xDA, 0x28, 0x62, 0xDF,
    0x06, 0x6E, 0x43, 0xC9, 0x63, 0xCF, 0xC9, 0xD2, 0xCD, 0x66, 0xC5, 0x6C, 0xA6, 0x0B, 0x73, 0xC0,
    0x1D, 0x10, 0xE6, 0x67, 0xB9, 0xAB, 0xB4, 0x0E, 0x4E, 0x98, 0x67, 0xED, 0xA4, 0x90, 0x66, 0x32,
    0x77, 0xEF, 0x23, 0xFB, 0xF3, 0xBC, 0xD6, 0xCB, 0xA8, 0x3D, 0xCF, 0xDB, 0xF3, 0x79, 0xDE, 0x21,
    0x0D, 0x1C, 0xA1, 0xDC, 0xF9, 0x3C, 0x6F, 0x35, 0x7E, 0x23, 0x4F, 0xF2, 0x8E, 0x05, 0x7D, 0x63,
    0x89, 0x1D, 0x9F, 0xE4, 0x35, 0x8B, 0x77, 0x10, 0x6B, 0xE8, 0x2F, 0x16, 0xFB, 0x14, 0xCA, 0xE5,
    0xAB, 0xC7, 0xC5, 0x3E, 0x97, 0xCB, 0x7C, 0xD6, 0xC7, 0x5B, 0xE6, 0xA3, 0xB4, 0xF3, 0x1D, 0xFD,
    0xF2, 0x7E, 0xAD, 0xE7, 0x7E, 0xFB, 0x5D, 0x25, 0x32, 0xDD, 0xC0, 0x6C, 0x01, 0x8B, 0x19, 0x2C,
    0x03, 0x58, 0x8F, 0x60, 0xD3, 0x83, 0x6D, 0x07, 0xAA, 0x44, 0x26, 0x1B, 0x98, 0x2D, 0x60, 0x3E,
    0x83, 0x9C, 0xCA, 0x51, 0x1D, 0x48, 0x21, 0x7B, 0x8B, 0x07, 0x8B, 0x69, 0xDF, 0x3F, 0x5D, 0x41,
    0xD1, 0x03, 0xCD, 0xB2, 0xE5, 0x52, 0x0F, 0x7B, 0xEE, 0xC5, 0xB4, 0x7B, 0x95, 0xEA, 0x1C, 0x29,
    0xC6, 0x9A, 0xF5, 0x9B, 0xDD, 0x8B, 0xAD, 0xF0, 0x8A, 0x12, 0xD5, 0x0E, 0x96, 0x01, 0xAC, 0x07,
    0xB0, 0xE9, 0x40, 0x95, 0xC8, 0x64, 0x05, 0xB3, 0x19, 0x2C, 0x02, 0x58, 0x0D, 0xFB, 0x53, 0xBA,
    0xAB, 0x80, 0xDA, 0x59, 0x3C, 0x58, 0x06, 0x30, 0x9F, 0xC1, 0x6C, 0x01, 0x65, 0x23, 0xBD, 0x03,
    0x9B, 0x7E, 0xCF, 0xA5, 0xD4, 0x0E, 0xB9, 0x93, 0xA2, 0xF7, 0xEE, 0xE3, 0xFE, 0xAF, 0x83, 0xE6,
    0x8B, 0x40, 0xCA, 0xC9, 0x24, 0x50, 0xEA, 0x81, 0xD2, 0xF4, 0x14, 0xEF, 0x28, 0x1A, 0x23, 0xFE,
    0x3A, 0xA4, 0x2B, 0x25, 0x5B, 0x28, 0xC5, 0x4C, 0x29, 0x03, 0xA5, 0x1A, 0x29, 0x4D, 0x4F, 0x69,
    0xBB, 0xD3, 0xF2, 0x4D, 0xCA, 0x6C, 0xB2, 0x89, 0x6D, 0x73, 0xC7, 0x3D, 0xEB, 0xE1, 0x68, 0xE5,
    0x24, 0xF9, 0xBC, 0x67, 0xD4, 0xB1, 0x52, 0xCD, 0x89, 0xA3, 0x4B, 0x6D, 0x77, 0xF4, 0xB3, 0x52,
    0x07, 0x29, 0x4C, 0x12, 0x75, 0x6C, 0x96, 0x49, 0x95, 0xC8, 0x74, 0x05, 0xB3, 0x19, 0xC4, 0x3D,
    0x85, 0xB2, 0xAF, 0x06, 0xB0, 0xE9, 0x41, 0x2F, 0xE0, 0x06, 0xFE, 0xDC, 0x4E, 0xF7, 0x40, 0xF6,
    0xE4, 0x64, 0xF1, 0xE0, 0xCF, 0x36, 0xB0, 0x57, 0xB2, 0xED, 0x6E, 0x2C, 0xA0, 0x29, 0x01, 0x8B,
    0xB0, 0xE7, 0x92, 0xEA, 0xC8, 0xDC, 0xC9, 0x7A, 0x54, 0x5D, 0x91, 0x33, 0xA5, 0xC2, 0x37, 0xBA,
    0x6E, 0xCF, 0x63, 0x53, 0xD4, 0x99, 0x08, 0x24, 0x5D, 0x29, 0xD9, 0x42, 0x29, 0x26, 0x4A, 0x19,
    0x28, 0xD5, 0x48, 0x69, 0x7A, 0x4A, 0xDB, 0x51, 0xD4, 0x7A, 0xA9, 0xD5, 0x24, 0x98, 0x2C, 0x62,
    0xDB, 0x4C, 0x5A, 0x77, 0x4C, 0x57, 0x0F, 0x47, 0x63, 0x27, 0xD3, 0xF9, 0x74, 0xCC, 0x36, 0x35,
    0x49, 0x36, 0x8A, 0xA8, 0x89, 0x77, 0x94, 0x66, 0xA3, 0x54, 0x26, 0xF9, 0xE6, 0x6D, 0x36, 0x97,
    0xD2, 0x3A, 0x0A, 0xD2, 0x2D, 0xF1, 0x8F, 0x92, 0xCD, 0x94, 0x32, 0x50, 0xAA, 0x81, 0xD2, 0x74,
    0x14, 0x2F, 0x94, 0x93, 0xF3, 0xB3, 0xC9, 0x70, 0xF8, 0x66, 0x03, 0x12, 0xEE, 0x79, 0x4C, 0x57,
    0xF7, 0x94, 0x72, 0xA4, 0x14, 0xE1, 0x98, 0xD1, 0x29, 0x5B, 0xD1, 0x40, 0x69, 0x4D, 0xAA, 0xF0,
    0xC1, 0x9E, 0xCA, 0x3A, 0xF2, 0x71, 0xED, 0xAF, 0x47, 0x0A, 0xC2, 0xBD, 0xF8, 0x75, 0x97, 0x2B,
    0x1C, 0xF9, 0x7E, 0x76, 0x74, 0x39, 0x52, 0x10, 0xEE, 0xA0, 0x5A, 0xE3, 0x7E, 0x29, 0x4E, 0xE4,
    0x91, 0x24, 0x86, 0x0B, 0xE1, 0xB6, 0x6F, 0x42, 0x3C, 0x8F, 0xA8, 0xBB, 0x14, 0x11, 0x79, 0x80,
    0xA8, 0xEA, 0xA5, 0xF0, 0xEF, 0x31, 0xE4, 0x5D, 0xCF, 0x53, 0xDB, 0x5B, 0x57, 0x2F, 0x9E, 0xA7,
    0x6E, 0x1E, 0xFA, 0x3C, 0xF5, 0x3B, 0xB7, 0xB6, 0xC6, 0xEE, 0x62, 0x69, 0xDB, 0xE1, 0x49, 0x6A,
    0xF3, 0x21, 0x5B, 0x2F, 0x9E, 0xA4, 0xAE, 0xE8, 0x73, 0xE2, 0xB7, 0x7B, 0x2E, 0x56, 0x4A, 0x78,
    0xA4, 0xD5, 0xC5, 0x4D, 0x2D, 0x1C, 0xB2, 0x14, 0x61, 0xBF, 0xA9, 0x55, 0xF7, 0xEF, 0xBF, 0x1C,
    0xCF, 0x6E, 0x67, 0xB1, 0x77, 0x73, 0x99, 0xBD, 0xF4, 0xC2, 0x6E, 0x67, 0x79, 0xD5, 0xF9, 0xB6,
    0xCF, 0xC3, 0x5D, 0x6C, 0x06, 0x7C, 0x98, 0x39, 0x09, 0x57, 0x85, 0x72, 0x16, 0x44, 0x71, 0x40,
    0xDA, 0x72, 0x56, 0x88, 0xD3, 0x42, 0x62, 0x03, 0x29, 0x4C, 0xDA, 0xD2, 0x97, 0x02, 0xF9, 0x04,
    0xFA, 0x50, 0x4E, 0x2C, 0xCA, 0x98, 0xC2, 0xD6, 0x5D, 0x59, 0xB1, 0xAB, 0x28, 0xAB, 0xE0, 0x87,
    0x2B, 0xA4, 0xF9, 0xC5, 0x0C, 0xA9, 0x7F, 0x15, 0x20, 0xA5, 0x8E, 0x90, 0x5C, 0x7B, 0x48, 0x66,
    0xD5, 0x97, 0xA8, 0x30, 0x6C, 0x8F, 0x2D, 0xF4, 0x6A, 0x3A, 0xCE, 0x6E, 0xD2, 0xEB, 0x9B, 0xD9,
    0xCD, 0xF9, 0x34, 0xCF, 0xCC, 0xC5, 0x09, 0x36, 0xC7, 0xC9, 0x0F, 0xED, 0xF9, 0xAC, 0x2A, 0xE7,
    0x38, 0xF3, 0xC3, 0x1C, 0x67, 0x09, 0xB3, 0xA1, 0x06, 0x67, 0x9B, 0xE3, 0x6C, 0xD8, 0x50, 0xBE,
    0x01, 0xDF, 0xAC, 0xFB, 0xB2, 0xB3, 0xC6, 0x0E, 0xFD, 0xE2, 0xB1, 0xAD, 0x07, 0xF1, 0x7A, 0x2D,
    0x65, 0xA7, 0x5A, 0xD2, 0x28, 0x6A, 0x9D, 0xFE, 0x86, 0x08, 0xAB, 0xA5, 0x01, 0x55, 0x83, 0x5A,
    0x42, 0xA2, 0x62, 0x46, 0x04, 0x36, 0xB0, 0x8F, 0xDF, 0xAC, 0x7A, 0x34, 0xDD, 0x20, 0xED, 0xCF,
    0xCD, 0xD3, 0x7F, 0x9B, 0xAC, 0x7A, 0x02, 0xA4, 0xB8, 0xA9, 0x9E, 0x6E, 0xAF, 0x1E, 0x3E, 0xC6,
    0x72, 0x2E, 0xCF, 0xB4, 0x96, 0x78, 0x7D, 0x75, 0xE4, 0xBD, 0x6A, 0x89, 0xF5, 0x5B, 0x8F, 0x85,
    0xD5, 0x4B, 0x06, 0xFB, 0xEA, 0x50, 0x74, 0xE9, 0xD9, 0xAF, 0xE7, 0xA6, 0x5E, 0xE0, 0xE2, 0x84,
    0x08, 0x6C, 0xF0, 0x70, 0x6F, 0xB3, 0x72, 0xD6, 0x1F, 0x2E, 0xC7, 0x9F, 0xCD, 0x17, 0xE6, 0x96,
    0x0E, 0x90, 0x5C, 0x3B, 0xAB, 0x17, 0x31, 0x71, 0xB6, 0xAD, 0x87, 0x54, 0x3A, 0x32, 0xDD, 0xBF,
    0x4E, 0x10, 0x4F, 0x2B, 0xC9, 0x86, 0xCC, 0x91, 0x83, 0x0A, 0xF3, 0x6B, 0x3B, 0xE6, 0x5E, 0x0F,
    0xE6, 0x4B, 0xB8, 0x79, 0x47, 0x99, 0x28, 0xF7, 0x82, 0xD7, 0x89, 0x32, 0x42, 0xBC, 0xF2, 0x88,
    0x1A, 0xE5, 0xE9, 0x57, 0xAB, 0x30, 0xF8, 0xFB, 0x4B, 0x6D, 0x0D, 0x84, 0x2D, 0xDC, 0x14, 0x5B,
    0xB9, 0x09, 0xEB, 0xF4, 0xC5, 0xD6, 0x6E, 0xDA, 0xE2, 0xCD, 0x9B, 0xD5, 0x9B, 0xB6, 0x7C, 0xF3,
    0x66, 0xFD, 0xA6, 0x2D, 0xE0, 0xB4, 0x4A, 0xDA, 0xEB, 0x47, 0x9A, 0x89, 0xE2, 0x19, 0x99, 0xA8,
    0x42, 0x6C, 0x19, 0xA7, 0xAD, 0xE3, 0xB4, 0x85, 0x9C, 0x3C, 0xAB, 0x68, 0xDA, 0xBA, 0x1A, 0x1B,
    0x76, 0xDA, 0x95, 0x90, 0xDD, 0xD1, 0xAF, 0xD5, 0x35, 0x36, 0x23, 0x64, 0x66, 0xEF, 0x23, 0xA7,
    0x37, 0x23, 0x7E, 0x4D, 0x69, 0xCF, 0xA5, 0x83, 0xE0, 0x8F, 0x32, 0x50, 0xAA, 0x40, 0x29, 0x37,
    0x79, 0x61, 0xEB, 0x3C, 0xEC, 0x3A, 0x95, 0x82, 0x65, 0x01, 0xD6, 0x23, 0xC8, 0xD7, 0x15, 0x75,
    0xB7, 0x84, 0xFA, 0x00, 0xF1, 0x5C, 0x12, 0xF5, 0x50, 0xB6, 0x46, 0x07, 0x36, 0x3D, 0xEA, 0xA7,
    0x9E, 0xE4, 0xD5, 0x2A, 0xA5, 0xEA, 0xB6, 0xE2, 0x68, 0x7F, 0xBD, 0x8A, 0xBC, 0xDA, 0x3E, 0x8B,
    0xE4, 0x9E, 0xEF, 0xA2, 0x2E, 0x67, 0x44, 0xB8, 0x83, 0xEF, 0xFB, 0xDE, 0x82, 0xB2, 0x27, 0xC1,
    0xFE, 0x36, 0xAB, 0x11, 0x2C, 0x27, 0xB0, 0xD8, 0x3E, 0xFF, 0xD9, 0x6F, 0xDF, 0x5E, 0xE0, 0xC9,
    0x17, 0xBA, 0xE1, 0xED, 0x05, 0xD8, 0x7A, 0x17, 0x45, 0xEE, 0xE2, 0x3B, 0xD6, 0xEE, 0xFE, 0xF8,
    0x02, 0x4D, 0x07, 0xF4, 0x3F, 0x4E, 0xB7, 0x7A, 0xFA, 0x71, 0x65, 0xAB, 0x78, 0x33, 0x5B, 0xC5,
    0xCB, 0x2B, 0xDB, 0xB8, 0xF5, 0x02, 0x72, 0x1D, 0x0A, 0xCA, 0x23, 0xF0, 0xE5, 0xCD, 0xE3, 0xDB,
    0x3D, 0x39, 0x61, 0x0A, 0xBB, 0xB2, 0xC7, 0x54, 0x2F, 0xA6, 0xB0, 0x2F, 0x26, 0xAF, 0xDF, 0x9F,
    0x6D, 0xA4, 0x3C, 0x10, 0xFE, 0xAD, 0xB4, 0xB9, 0xAA, 0xB4, 0xA5, 0x6A, 0xDF, 0xFE, 0x89, 0xB4,
    0xA1, 0xFD, 0x89, 0x94, 0x53, 0xDB, 0xD9, 0xFB, 0xC7, 0xD3, 0x85, 0xA7, 0xF2, 0x63, 0xE3, 0xC9,
    0xBF, 0x11, 0xFF, 0x14, 0x52, 0x3C, 0x4B, 0xC7, 0xB9, 0x8C, 0x8A, 0x3D, 0xFC, 0xCD, 0xD5, 0xB6,
    0x75, 0xC3, 0xF2, 0x06, 0xD2, 0xEA, 0x02, 0xA9, 0x34, 0x30, 0x85, 0x3A, 0xB9, 0x1E, 0x9E, 0xFD,
    0x7B, 0x25, 0x4F, 0xA1, 0xE8, 0xE4, 0x8F, 0x6D, 0xB0, 0xDF, 0x46, 0x29, 0x91, 0x90, 0x25, 0xB8,
    0x70, 0xB6, 0x3A, 0x9D, 0xAD, 0xD3, 0x3B, 0xBE, 0xFA, 0xA6, 0x58, 0xE5, 0x6A, 0x78, 0x3A, 0x8F,
    0xA1, 0x5E, 0xBE, 0x2B, 0xCE, 0xCE, 0xAC, 0x4F, 0x9F, 0x97, 0x9E, 0x3F, 0x7E, 0x3D, 0x3E, 0xFF,
    0x97, 0x40, 0x0B, 0x43, 0x12, 0xA4, 0x74, 0x98, 0x38, 0x2C, 0x07, 0x3B, 0x2D, 0x30, 0xBC, 0xE7,
    0xA3, 0x28, 0xD2, 0xF2, 0x68, 0x57, 0x96, 0x80, 0xDD, 0x45, 0xEB, 0xE4, 0x5A, 0xF8, 0x34, 0x5F,
    0xA7, 0x90, 0x5B, 0x75, 0x97, 0x4B, 0xBE, 0x51, 0x0A, 0x13, 0x7E, 0xE3, 0x36, 0x86, 0xDF, 0xD9,
    0xCA, 0x67, 0xF5, 0xA6, 0xEA, 0x38, 0xD0, 0xFD, 0x2C, 0xD2, 0x3E, 0x33, 0x9E, 0xE1, 0x09, 0x55,
    0xB5, 0x94, 0x2C, 0x99, 0x1B, 0xA9, 0xBE, 0xA0, 0xD4, 0x7F, 0x13, 0x58, 0x57, 0x7F, 0x6E, 0x52,
    0x50, 0xBC, 0xC9, 0x66, 0xB2, 0x52, 0x92, 0x85, 0x92, 0x9A, 0x64, 0x13, 0x25, 0x0F, 0x94, 0xC2,
    0xA4, 0x1C, 0x0B, 0x1C, 0x6D, 0x39, 0x50, 0xAA, 0x9E, 0xD2, 0xF4, 0xDC, 0xD6, 0x74, 0x94, 0xD6,
    0x51, 0xBC, 0x2A, 0x44, 0x29, 0x89, 0xC9, 0x69, 0x72, 0x3B, 0x3B, 0xC9, 0x4C, 0xC9, 0x27, 0x4A,
    0x19, 0x8E, 0x52, 0x0D, 0x28, 0xD7, 0x50, 0xF7, 0x94, 0xC6, 0x84, 0xE3, 0xF4, 0xB7, 0x30, 0x96,
    0xDA, 0x63, 0x15, 0xBF, 0x50, 0xED, 0xCA, 0xB1, 0xFA, 0x62, 0xA8, 0xFB, 0xBA, 0xCB, 0x55, 0x8A,
    0xB1, 0x92, 0x6C, 0x93, 0x2C, 0x24, 0x9C, 0x39, 0x9F, 0x04, 0x92, 0x44, 0x49, 0xA2, 0xCC, 0xB7,
    0xE4, 0x95, 0xA2, 0xD8, 0x33, 0xA5, 0x94, 0x26, 0xF5, 0xDB, 0x64, 0xE1, 0x91, 0x50, 0x5A, 0x39,
    0x8A, 0xE7, 0xAD, 0x84, 0xD7, 0xAD, 0x64, 0x1A, 0x73, 0x68, 0x5D, 0xDE, 0x38, 0x5C, 0xF1, 0xFD,
    0x00, 0x6F, 0x6A, 0xAF, 0x68, 0xC1, 0x15, 0x3A, 0x65, 0xBA, 0x4A, 0xE2, 0x3B, 0x69, 0xC7, 0x43,
    0xB3, 0xC2, 0x56, 0x85, 0x8D, 0x0A, 0xDB, 0x14, 0x3B, 0xB7, 0x1A, 0x9B, 0xE4, 0x9B, 0xD8, 0x9E,
    0x3C, 0xB9, 0xFF, 0x8E, 0xCD, 0xC2, 0x3F, 0x4B, 0x86, 0xD5, 0x81, 0xA8, 0x43, 0x8E, 0x88, 0x84,
    0x5D, 0xFB, 0xF5, 0x77, 0x1F, 0x8F, 0x4F, 0xE8, 0x11, 0x15, 0xA3, 0xC5, 0x70, 0x6B, 0xA6, 0x5D,
    0xDC, 0xB3, 0x58, 0x24, 0xB1, 0xCB, 0xF7, 0xB6, 0x47, 0xA3, 0x82, 0xAA, 0xE7, 0x6F, 0xC2, 0x45,
    0x1E, 0x5E, 0xAC, 0x94, 0x93, 0xD9, 0x45, 0x1B, 0x40, 0xDE, 0xB9, 0x8A, 0xAE, 0xD9, 0x79, 0x5C,
    0x3F, 0x17, 0xBE, 0xEA, 0x8D, 0xAE, 0xD9, 0xBB, 0xD7, 0xCF, 0xD9, 0x6B, 0x97, 0x3C, 0x4A, 0x38,
    0x63, 0x09, 0x97, 0xAB, 0xBC, 0x9A, 0xA5, 0x19, 0x79, 0xE5, 0xDB, 0x71, 0x0E, 0xF7, 0x50, 0x46,
    0x60, 0x65, 0x1C, 0x8C, 0x8A, 0x70, 0xE4, 0x71, 0xFD, 0xDC, 0xA9, 0x46, 0x58, 0x3B, 0x9D, 0xB5,
    0xD8, 0x56, 0x6B, 0xE5, 0x04, 0xFB, 0x99, 0xBA, 0x57, 0xB7, 0xD6, 0xCF, 0xA5, 0xF4, 0x27, 0xB1,
    0x01, 0x78, 0xA6, 0x89, 0x76, 0x90, 0xD4, 0x84, 0xDF, 0xB8, 0xCD, 0xC2, 0xEF, 0xEA, 0x70, 0xFC,
    0xE1, 0x9D, 0xF6, 0x53, 0x1C, 0x79, 0x47, 0x2F, 0x38, 0xC9, 0x3A, 0x95, 0x28, 0x77, 0xB2, 0x26,
    0x4B, 0xC6, 0x5F, 0x84, 0xE7, 0xF4, 0xF6, 0xFB, 0xD3, 0x43, 0x27, 0x7E, 0x68, 0xC2, 0xCE, 0x3B,
    0x1F, 0x46, 0xF9, 0x24, 0x5F, 0x99, 0xC3, 0xCF, 0xFD, 0x19, 0xF7, 0xF0, 0x1C, 0xDF, 0x78, 0x8F,
    0x46, 0x41, 0x76, 0xEC, 0xE1, 0x53, 0x59, 0xA3, 0x7F, 0xF7, 0xFF, 0x09, 0xF8, 0x0C, 0x6B, 0x85,
    0xDD, 0x06, 0x7A, 0x12, 0x07, 0x74, 0x80, 0x63, 0xDC, 0x27, 0x55, 0x35, 0xD5, 0x50, 0xC0, 0xF3,
    0x50, 0xCD, 0x60, 0x4D, 0xE2, 0x33, 0xE3, 0x2F, 0xC3, 0x73, 0x7A, 0xB9, 0xFC, 0xFB, 0x9D, 0x96,
    0x9F, 0xE2, 0xBB, 0x83, 0x3E, 0x64, 0xBD, 0xFC, 0xEF, 0x23, 0x16, 0xBB, 0x3F, 0xE1, 0x9C, 0x7B,
    0x78, 0x76, 0xFF, 0xAB, 0xDC, 0x1D, 0xC7, 0xFB, 0x6C, 0x1F, 0xA0, 0xBA, 0xBB, 0x3D, 0x7C, 0x96,
    0x75, 0x7D, 0xF7, 0x51, 0x3F, 0xDF, 0x1A, 0x97, 0x6F, 0xCB, 0xF7, 0x61, 0xAD, 0x6B, 0xD8, 0x22,
    0x78, 0xA6, 0x5A, 0x23, 0x57, 0x5B, 0xEB, 0x98, 0xA1, 0xFC, 0x43, 0x31, 0x88, 0x14, 0x43, 0x89,
    0x2A, 0xEE, 0xF2, 0x67, 0x79, 0x0E, 0xBC, 0x7F, 0x39, 0x3C, 0xC3, 0xB3, 0xE2, 0xFC, 0x72, 0x68,
    0xBC, 0xE7, 0xE5, 0xD0, 0x53, 0xFF, 0xAF, 0x00, 0xE4, 0x0D, 0x6A, 0x00, 0x13, 0xCE, 0x3B, 0x18,
    0x27, 0x57, 0xC2, 0xC7, 0x7A, 0x89, 0xD6, 0x7B, 0x35, 0x56, 0x4F, 0xFE, 0xA5, 0xF1, 0xEF, 0x77,
    0xD4, 0x9F, 0xDA, 0x6B, 0xA6, 0xFE, 0x07, 0xED, 0x5C, 0x31, 0xAC, 0xE4, 0x56, 0x15, 0x3D, 0xB6,
    0xC9, 0x77, 0x82, 0x21, 0x6E, 0x28, 0x12, 0x25, 0xE0, 0x14, 0x29, 0x56, 0xA2, 0x30, 0x05, 0x05,
    0x15, 0xF6, 0x2A, 0x05, 0x2D, 0x7D, 0x45, 0x41, 0xCF, 0x16, 0x29, 0xA3, 0xD8, 0x40, 0x2F, 0x7E,
    0x5F, 0x6D, 0xDF, 0x17, 0x14, 0xEC, 0xDA, 0x12, 0x05, 0xAD, 0xA1, 0xA1, 0x8C, 0x8B, 0xED, 0x65,
    0x24, 0x2B, 0x9A, 0x2F, 0xD9, 0xBE, 0xE4, 0x9E, 0x2B, 0xFF, 0x37, 0x1E, 0xCF, 0xDF, 0xFC, 0xDD,
    0x59, 0x65, 0xD7, 0x33, 0xFF, 0xEA, 0xE7, 0xDC, 0x19, 0xCF, 0xF8, 0xF9, 0xBD, 0x77, 0x8E, 0xEF,
    0xDC, 0x77, 0x9F, 0x37, 0x40, 0x3C, 0x41, 0x2D, 0x16, 0xBA, 0xD4, 0x5C, 0x26, 0x39, 0x5D, 0x51,
    0xAB, 0x2B, 0x52, 0xBA, 0x2A, 0x69, 0xD4, 0x4D, 0x71, 0x0B, 0xC0, 0x1B, 0xE3, 0x0E, 0x80, 0x3F,
    0x84, 0x3D, 0x80, 0x60, 0x17, 0xEC, 0x00, 0x84, 0x7D, 0x30, 0x00, 0x88, 0x3A, 0x5F, 0x5D, 0xDC,
    0x79, 0x93, 0xBA, 0x16, 0xA2, 0x2D, 0x37, 0x74, 0x59, 0x8D, 0x2A, 0x57, 0xA7, 0x7F, 0x28, 0x72,
    0xBA, 0x8A, 0x1F, 0x43, 0x44, 0xA4, 0x85, 0xA7, 0xAE, 0x83, 0xAF, 0xAE, 0x87, 0x36, 0x18, 0xEE,
    0xF4, 0x4F, 0x5F, 0x46, 0x3D, 0x9D, 0x5E, 0xDA, 0x9F, 0xE8, 0x20, 0x3C, 0x15, 0xC2, 0x86, 0x50,
    0xE5, 0x74, 0x45, 0x5D, 0x94, 0x76, 0xB1, 0xE3, 0xC6, 0xDE, 0x02, 0xD1, 0x48, 0x17, 0x8F, 0xF3,
    0x3B, 0xF7, 0xD9, 0x27, 0x72, 0x0D, 0xED, 0xCA, 0x04, 0x44, 0x22, 0x52, 0x23, 0xB9, 0x41, 0xD5,
    0x6A, 0x8B, 0x71, 0x8F, 0x18, 0xEC, 0x90, 0xF6, 0xC5, 0xA1, 0x7F, 0x80, 0xBF, 0x14, 0x19, 0x10,
    0x88, 0x62, 0x42, 0xCC, 0x7A, 0x3D, 0x5E, 0x95, 0x8A, 0x82, 0x05, 0x06, 0x86, 0xFC, 0xF4, 0xE7,
    0xFA, 0x4D, 0xEF, 0xEF, 0xD2, 0x27, 0x22, 0x5D, 0xD5, 0x87, 0x22, 0x75, 0xD2, 0xE3, 0x4F, 0x37,
    0x38, 0xB4, 0xE7, 0x0A, 0x1E, 0x99, 0xF2, 0xA5, 0xB4, 0xD7, 0x3C, 0x6E, 0x14, 0x4E, 0xE6, 0xA4,
    0xDE, 0x73, 0x88, 0xCD, 0x25, 0xA5, 0x7D, 0x38, 0x37, 0x44, 0x1B, 0xCC, 0x3D, 0xC1, 0xCA, 0xCE,
    0x5D, 0x24, 0xB1, 0x34, 0x1C, 0x5D, 0x47, 0xEC, 0xC9, 0x20, 0x31, 0xE8, 0x38, 0xEC, 0x46, 0x31,
    0xA9, 0xDD, 0x94, 0x7D, 0x80, 0xB5, 0xBD, 0xD3, 0xA2, 0xF9, 0xDC, 0x5C, 0x96, 0xD3, 0x55, 0x44,
    0x90, 0x54, 0x6D, 0xCC, 0x0D, 0x15, 0x51, 0xCB, 0x1B, 0x82, 0x3A, 0x49, 0xE5, 0x77, 0x64, 0xD6,
    0xB4, 0x23, 0x49, 0xC7, 0x6E, 0x73, 0x10, 0x51, 0xE7, 0x8D, 0x36, 0x27, 0x85, 0x52, 0x0A, 0x7C,
    0x84, 0xE3, 0x76, 0x09, 0x01, 0xE6, 0x0A, 0x7B, 0x2A, 0x21, 0xDA, 0xF1, 0x42, 0x01, 0xA3, 0x82,
    0x37, 0x00, 0xBE, 0xFC, 0xB5, 0x03, 0x42, 0x69, 0xAE, 0x67, 0xAD, 0x65, 0xFF, 0x1C, 0xC8, 0xC6,
    0xC4, 0x2F, 0x64, 0xA5, 0x92, 0xA0, 0x33, 0x5F, 0x23, 0xD8, 0x8E, 0xBE, 0x7C, 0xD0, 0xD2, 0x92,
    0x8E, 0x4C, 0x92, 0x13, 0xB5, 0xB0, 0xA3, 0xF3, 0x77, 0x8B, 0x08, 0xF3, 0xB5, 0x05, 0xDC, 0x47,
    0xA9, 0xE4, 0xDF, 0xA3, 0xAF, 0x07, 0x7D, 0xBD, 0x07, 0x5A, 0x01, 0x73, 0xF9, 0x62, 0x92, 0x9B,
    0xC5, 0x24, 0xF7, 0xA0, 0x0D, 0x29, 0x67, 0xFB, 0x8F, 0xC5, 0x08, 0x35, 0x11, 0x53, 0x03, 0x9B,
    0x8D, 0x3A, 0x8E, 0x3D, 0xA9, 0x39, 0xDA, 0xCC, 0x18, 0xF9, 0x09, 0xF0, 0x2B, 0xDC, 0x61, 0x5E,
    0xA5, 0x14, 0xAB, 0x56, 0xF4, 0xBC, 0x4A, 0x15, 0x03, 0x4F, 0xAE, 0xA3, 0xC9, 0x04, 0xA6, 0xB3,
    0xDC, 0x01, 0xEC, 0xAB, 0xA9, 0xDE, 0xB9, 0x74, 0xE5, 0xFC, 0x4A, 0x94, 0xEA, 0x4C, 0xD4, 0x79,
    0x42, 0x17, 0x48, 0xAE, 0x9F, 0x45, 0x3B, 0xA8, 0x8B, 0xBB, 0x43, 0x97, 0xCD, 0x4E, 0xBF, 0xE2,
    0x7D, 0xC3, 0x13, 0x3E, 0xF9, 0x9B, 0xE4, 0x7A, 0x7A, 0x24, 0x39, 0x0A, 0x19, 0x3C, 0xC9, 0x71,
    0x25, 0xD7, 0xA0, 0x05, 0xD2, 0x9B, 0x1B, 0xCC, 0x8D, 0xA0, 0x3D, 0x23, 0x7A, 0x03, 0x5D, 0xD0,
    0x33, 0xC6, 0x45, 0xAD, 0xC5, 0xB8, 0xF2, 0x7B, 0x35, 0xF8, 0x10, 0xE3, 0xAA, 0x09, 0x8A, 0x92,
    0x13, 0x4B, 0x97, 0x43, 0x64, 0x7B, 0xF2, 0x64, 0x8C, 0xFB, 0x4B, 0xCF, 0x18, 0xF7, 0xF4, 0xAC,
    0x62, 0x1C, 0xBC, 0x09, 0xEF, 0x41, 0x7B, 0xD4, 0x27, 0x24, 0x58, 0x44, 0x9D, 0x4F, 0x79, 0xBD,
    0x8F, 0xA4, 0xC5, 0xD2, 0x5C, 0x52, 0x79, 0x10, 0xE3, 0x52, 0xD3, 0x57, 0xF4, 0xA0, 0xAF, 0x7D,
    0x7D, 0x15, 0xD7, 0x28, 0xE1, 0xCB, 0x18, 0x34, 0x08, 0x45, 0xE4, 0x3B, 0x6C, 0x0A, 0x29, 0xE1,
    0xE3, 0x6A, 0xC4, 0xC2, 0x98, 0xE8, 0x52, 0x5F, 0xB7, 0x99, 0x5A, 0xF6, 0x5F, 0x1D, 0x86, 0x3C,
    0x56, 0x4A, 0x47, 0x8D, 0x44, 0x41, 0x8F, 0x64, 0x73, 0xFA, 0x5A, 0xCB, 0x65, 0x15, 0x8E, 0xE2,
    0x07, 0xB9, 0x9C, 0xB4, 0xA6, 0x73, 0xE2, 0x69, 0x4D, 0x3C, 0x2E, 0x38, 0x91, 0xAF, 0x83, 0xE0,
    0x94, 0x63, 0x6D, 0xDB, 0x5F, 0x15, 0x32, 0x57, 0x75, 0xF9, 0x99, 0xB2, 0xEF, 0xE6, 0xB4, 0x20,
    0x62, 0x5C, 0xFC, 0x56, 0x76, 0x3F, 0x52, 0xA2, 0x71, 0x9D, 0x58, 0xC8, 0xCF, 0x2C, 0xEF, 0x50,
    0x11, 0x44, 0xBB, 0x70, 0x00, 0x74, 0x30, 0x3D, 0xA5, 0x24, 0x0D, 0xA7, 0x68, 0xC2, 0xE5, 0xEA,
    0xB2, 0x74, 0xD9, 0x6E, 0x40, 0x8C, 0xF6, 0x16, 0x90, 0xA9, 0xFB, 0xC1, 0xCC, 0x9F, 0x79, 0x40,
    0x58, 0x3F, 0xD2, 0x80, 0xD7, 0xE9, 0xC7, 0xC1, 0x0E, 0xA9, 0xE6, 0x44, 0x8F, 0xB5, 0xC3, 0x95,
    0x4C, 0x9C, 0x9E, 0xDD, 0xCC, 0xE1, 0x76, 0x94, 0xF8, 0x3E, 0x11, 0x93, 0x39, 0x31, 0x97, 0x1D,
    0x5B, 0x1A, 0x04, 0xF3, 0xD2, 0xC0, 0xF4, 0xD5, 0xAE, 0xF5, 0x15, 0x9A, 0xBE, 0x7C, 0xD3, 0xD7,
    0x83, 0xBE, 0xE0, 0xC3, 0xC9, 0x28, 0xAD, 0xDD, 0x5C, 0x86, 0x9D, 0x93, 0x1D, 0xC8, 0x6F, 0xFE,
    0xF5, 0xAD, 0xBE, 0x82, 0xBB, 0xF4, 0x95, 0x6C, 0x51, 0x5F, 0xD9, 0x68, 0x6E, 0x41, 0x2D, 0xD2,
    0x7C, 0x5D, 0xCE, 0xF2, 0x06, 0x0A, 0x2B, 0xE8, 0x4C, 0x58, 0xD7, 0x0F, 0xC2, 0x7A, 0x59, 0xFD,
    0xAB, 0xE4, 0xE8, 0x1A, 0xA2, 0x69, 0x8A, 0x18, 0xD7, 0xB7, 0x8A, 0xCB, 0x33, 0x4A, 0xEA, 0x19,
    0x25, 0xF5, 0x68, 0x7B, 0x92, 0x3A, 0x3D, 0xB3, 0xFF, 0x31, 0xF0, 0x53, 0xFD, 0xCC, 0xF4, 0xC6,
    0x3C, 0x8C, 0xC4, 0xDD, 0x2D, 0xA9, 0x68, 0xC2, 0x05, 0xA7, 0xF4, 0x5C, 0x7E, 0xFB, 0xA5, 0xA5,
    0xF4, 0xF0, 0x4B, 0x4B, 0x6A, 0x5D, 0x4A, 0xEF, 0x95, 0xF0, 0x73, 0x84, 0x8D, 0xFE, 0x59, 0xDE,
    0x65, 0x39, 0x98, 0x25, 0xF3, 0x28, 0x48, 0x41, 0x22, 0xFD, 0xE6, 0x24, 0x15, 0x02, 0x1F, 0x2F,
    0x7E, 0xCD, 0x9E, 0xBB, 0xD5, 0x5E, 0x30, 0x52, 0x28, 0x9E, 0x4E, 0xB5, 0x4B, 0xF4, 0xA3, 0xF1,
    0xD5, 0x84, 0xF2, 0x90, 0xCC, 0x7B, 0x0D, 0x82, 0xDC, 0xFD, 0xB8, 0x25, 0x35, 0xBC, 0x71, 0x4F,
    0x3C, 0xD9, 0x4A, 0x3C, 0x67, 0x97, 0xCC, 0xCB, 0x81, 0xE9, 0xF1, 0xD7, 0x00, 0x11, 0x19, 0x1D,
    0xF0, 0xD8, 0xEB, 0xC2, 0xD2, 0x8E, 0x0E, 0xC6, 0x93, 0x92, 0x43, 0xE1, 0xAB, 0xF9, 0x58, 0xF5,
    0x82, 0xC2, 0xD6, 0xA1, 0x51, 0x60, 0x81, 0xE4, 0xE9, 0x4E, 0xEB, 0x7D, 0xC1, 0x88, 0xA4, 0xA5,
    0x82, 0x28, 0x45, 0xA5, 0x37, 0xAB, 0x0B, 0x66, 0x3F, 0x95, 0x62, 0x23, 0x5C, 0xC3, 0x88, 0x9A,
    0x61, 0x2B, 0x86, 0x7B, 0xDB, 0x1C, 0x85, 0xDB, 0xF9, 0xA0, 0xDE, 0x3E, 0x42, 0xD2, 0xE8, 0x7B,
    0x95, 0xAA, 0xE4, 0x5A, 0x4E, 0x9C, 0x78, 0xDD, 0x1D, 0xFB, 0xD0, 0x58, 0xCD, 0xF3, 0xC0, 0xEC,
    0xFE, 0x2A, 0x5A, 0x62, 0xE7, 0x5E, 0xF3, 0x78, 0x2C, 0x8D, 0x42, 0xA7, 0x40, 0xBD, 0x29, 0x04,
    0xDD, 0x9C, 0xF7, 0x73, 0xDF, 0x28, 0x5B, 0xEE, 0x1A, 0x6D, 0x81, 0xBE, 0x40, 0xBA, 0xB9, 0x90,
    0x4A, 0x54, 0x23, 0x7A, 0xC4, 0xA0, 0x3F, 0x4C, 0x13, 0xC2, 0x1C, 0x6B, 0x7B, 0x47, 0xE9, 0x65,
    0xC9, 0xC9, 0x97, 0x31, 0x6C, 0xF8, 0xEB, 0x14, 0x68, 0xBD, 0x69, 0x5D, 0x6E, 0xDA, 0x0A, 0x55,
    0xC9, 0x0B, 0xFC, 0x1E, 0xA8, 0xE4, 0xB1, 0x45, 0xE5, 0x1E, 0x5E, 0x97, 0x4A, 0x0B, 0x94, 0x5E,
    0x65, 0x9C, 0x6C, 0x88, 0x18, 0xB7, 0x9F, 0xD6, 0xDE, 0x73, 0x3F, 0xED, 0xDF, 0xAB, 0xFD, 0x34,
    0xB9, 0x5F, 0xAD, 0x59, 0xD4, 0x96, 0x08, 0xB5, 0x53, 0x90, 0xDC, 0x2E, 0xF1, 0xF4, 0x36, 0x8F,
    0xF7, 0xD6, 0x48, 0xCC, 0xDD, 0xCD, 0x18, 0x11, 0x63, 0x17, 0x99, 0x90, 0xB9, 0x5F, 0x8B, 0x96,
    0x33, 0xD6, 0x7F, 0xA9, 0x33, 0x66, 0x3F, 0xFE, 0x02, 0xD2, 0x5A, 0x02, 0x15, 0xA7, 0x79, 0xE0,
    0x42, 0xF2, 0x09, 0xBC, 0x7A, 0x33, 0x6A, 0x79, 0xCF, 0xCE, 0x35, 0xCC, 0xDD, 0xB8, 0xE3, 0x66,
    0x6F, 0x5D, 0xDC, 0xBB, 0x6D, 0xB1, 0x79, 0x57, 0x4C, 0x64, 0xDE, 0x13, 0xD3, 0x2D, 0xB1, 0xCE,
    0x76, 0xC4, 0x6C, 0x43, 0xEC, 0xCE, 0xFD, 0xB0, 0x98, 0x69, 0xCF, 0x02, 0xD9, 0xFE, 0x49, 0xC8,
    0x39, 0x59, 0x20, 0x8F, 0x9F, 0x8E, 0xEB, 0xDE, 0xFA, 0xF3, 0xFC, 0x90, 0x13, 0xF7, 0xCD, 0xA0,
    0x77, 0x49, 0x0D, 0x46, 0x62, 0x16, 0x4F, 0x6E, 0x7F, 0xD6, 0x52, 0x54, 0x89, 0x3B, 0xAB, 0x44,
    0xCF, 0x99, 0x6C, 0xCC, 0xF5, 0x4F, 0x08, 0x7C, 0x7A, 0x3C, 0xB9, 0x9A, 0xF2, 0x79, 0x39, 0x14,
    0x33, 0xC5, 0xCA, 0x7A, 0x5F, 0x4A, 0x4D, 0x7E, 0xB2, 0xC6, 0x9B, 0xF4, 0xDA, 0xFE, 0xC0, 0x7C,
    0x74, 0xC7, 0x66, 0x3B, 0xED, 0x41, 0xA4, 0xC8, 0xB4, 0xD5, 0x1B, 0xD9, 0x67, 0xC3, 0xC9, 0xD0,
    0x7A, 0x1B, 0x11, 0x43, 0xD7, 0x73, 0xA6, 0x66, 0x5E, 0xE9, 0x8D, 0x7C, 0x5F, 0xE5, 0x88, 0x7B,
    0x4D, 0xAE, 0xAA, 0x96, 0x53, 0x50, 0x6A, 0x1F, 0xC6, 0x39, 0xD9, 0x3B, 0xBE, 0x8F, 0x65, 0x9A,
    0x9B, 0xB7, 0x09, 0x7D, 0xF9, 0xF3, 0xC0, 0xA8, 0xD2, 0x5D, 0x6E, 0x54, 0x51, 0xE2, 0x15, 0x1B,
    0x62, 0xCB, 0x79, 0x6F, 0x0E, 0xEA, 0x01, 0x9C, 0x31, 0x69, 0x39, 0x63, 0xFD, 0xA3, 0x33, 0x8A,
    0x2A, 0x2E, 0x39, 0x08, 0x2C, 0x39, 0x08, 0x8F, 0x25, 0x07, 0xCC, 0x61, 0x43, 0xCB, 0xFC, 0x7A,
    0xDB, 0x85, 0x42, 0xF5, 0x58, 0x6C, 0x0F, 0x2A, 0xE8, 0x90, 0xD4, 0xD4, 0xC7, 0x86, 0x33, 0x09,
    0x4F, 0x83, 0x06, 0x33, 0x89, 0xE6, 0x68, 0x26, 0x21, 0x2D, 0xC8, 0x3D, 0x6E, 0xB9, 0xFF, 0x96,
    0xDC, 0x37, 0xD5, 0x86, 0xB9, 0x5F, 0x11, 0xCB, 0x9B, 0xBF, 0x82, 0x58, 0x6D, 0x82, 0x77, 0xFE,
    0x8A, 0xD8, 0x73, 0x5A, 0x8C, 0x1D, 0xA1, 0xF5, 0x7F, 0x07, 0xB7, 0xB4, 0xB7, 0x01, 0x5A, 0x4F,
    0x58, 0xCE, 0x05, 0xD2, 0xDE, 0xB1, 0xEE, 0xD9, 0xB9, 0x7D, 0x8B, 0x68, 0x7F, 0xDD, 0x83, 0xA5,
    0x65, 0xDA, 0xE7, 0x72, 0x1F, 0x6D, 0x0B, 0xE4, 0xDD, 0xC4, 0x23, 0xBD, 0x35, 0xF6, 0x7D, 0x19,
    0x89, 0x93, 0x3D, 0xB3, 0xE5, 0xE6, 0xC1, 0xDF, 0x9F, 0x87, 0x86, 0x47, 0x4A, 0xAC, 0x8C, 0x2D,
    0xD7, 0x4B, 0x04, 0xD2, 0x1F, 0x0C, 0x39, 0x96, 0x7A, 0x85, 0x5B, 0xE6, 0xE5, 0xC0, 0xDC, 0xF7,
    0x2B, 0xB2, 0x20, 0x8D, 0x7B, 0x6D, 0xC7, 0xD3, 0xC6, 0x29, 0xBC, 0x22, 0xF2, 0x35, 0x8F, 0x3B,
    0xDB, 0x02, 0x77, 0x38, 0x34, 0xB7, 0xC4, 0x71, 0x77, 0x31, 0x5F, 0xCF, 0xC7, 0x79, 0xD7, 0x47,
    0x8C, 0x00, 0x19, 0xA3, 0x81, 0x34, 0xD1, 0x84, 0x60, 0x02, 0x24, 0xD7, 0x2C, 0x36, 0xAB, 0xF9,
    0x94, 0x59, 0x13, 0xB7, 0xBA, 0x64, 0x4A, 0x34, 0xDE, 0x77, 0x7A, 0x66, 0xD4, 0x6B, 0x54, 0x09,
    0x89, 0xC1, 0x4E, 0xE7, 0x31, 0x18, 0x8A, 0x57, 0xC4, 0x8C, 0x68, 0x2D, 0x58, 0x6B, 0xD6, 0xB2,
    0x5D, 0xC5, 0xAE, 0x68, 0x57, 0xB7, 0x9E, 0xF8, 0xEC, 0x15, 0x7B, 0x38, 0xF7, 0xD6, 0x7A, 0x6E,
    0xA3, 0x70, 0xE6, 0x96, 0x77, 0xBD, 0x62, 0xD6, 0xBB, 0xD7, 0x3C, 0xEE, 0xC9, 0x61, 0xEC, 0x9D,
    0xF2, 0x64, 0xA7, 0x29, 0xB1, 0x3F, 0x32, 0x4E, 0x5A, 0x15, 0x36, 0xCB, 0x8B, 0x7C, 0x19, 0x7B,
    0x93, 0x46, 0x0E, 0xB1, 0xDD, 0x3F, 0x52, 0x19, 0xF2, 0xFB, 0x76, 0xAE, 0xB5, 0x63, 0x6D, 0x5A,
    0xFB, 0x76, 0x2D, 0xBB, 0x2E, 0xFB, 0xC0, 0xFE, 0xBC, 0x9A, 0x62, 0x65, 0x47, 0x14, 0x87, 0xC8,
    0x5E, 0x16, 0x7F, 0xDC, 0x4F, 0xD0, 0x59, 0x31, 0x7E, 0xF2, 0x6F, 0x10, 0xED, 0x5D, 0xD6, 0xC3,
    0xB5, 0x5B, 0x6E, 0xFA, 0xC3, 0xE1, 0xF3, 0x12, 0x6E, 0x99, 0x91, 0xF5, 0x4A, 0x7F, 0x35, 0x7E,
    0xAA, 0xE7, 0x0A, 0x38, 0xE1, 0xB5, 0x4E, 0x69, 0xA2, 0x6D, 0xD6, 0x61, 0x0F, 0x14, 0xF0, 0x06,
    0xAE, 0x42, 0xFF, 0x00, 0x67, 0xE7, 0x17, 0x01, 0xFC, 0xFD, 0x42, 0x4F, 0xB7, 0x2A, 0xF4, 0xDC,
    0x26, 0x75, 0xD2, 0x58, 0xA1, 0xE7, 0xC9, 0x3D, 0xF2, 0xB7, 0x72, 0x33, 0x9A, 0x79, 0x6B, 0x0F,
    0x99, 0xA7, 0x53, 0xEE, 0xF6, 0x75, 0x59, 0xC9, 0x98, 0x4B, 0x19, 0x10, 0xAD, 0x65, 0xC0, 0x8A,
    0x19, 0x08, 0x06, 0xA5, 0x57, 0x55, 0xAC, 0xFF, 0x85, 0xB6, 0x0D, 0x66, 0x05, 0x0D, 0x58, 0x45,
    0x83, 0x0E, 0x93, 0xF5, 0x5A, 0x90, 0xBC, 0xA6, 0xB3, 0xD3, 0xE7, 0xC6, 0xAC, 0xE9, 0xF9, 0x42,
    0x76, 0xD9, 0xB9, 0x13, 0xD6, 0xA5, 0xB9, 0x83, 0x56, 0x7A, 0x99, 0x3B, 0xCF, 0xA1, 0xB8, 0x81,
    0x71, 0x98, 0xF7, 0x7F, 0xBE, 0x84, 0xB3, 0xBB, 0xAA, 0x10, 0x25, 0x07, 0x15, 0x22, 0xCE, 0xEB,
    0xDD, 0x0F, 0x2A, 0x26, 0xAB, 0x0A, 0xD1, 0x0B, 0x5D, 0x86, 0x48, 0x8E, 0xB4, 0x61, 0x81, 0xA9,
    0xD3, 0x01, 0x04, 0x7D, 0xD8, 0x2F, 0x2B, 0x44, 0xDE, 0x18, 0x1F, 0xE2, 0xB4, 0x7F, 0x24, 0x32,
    0xE4, 0xF7, 0xED, 0x5C, 0x6B, 0xC7, 0xDA, 0xB4, 0xF6, 0xED, 0x5A, 0x76, 0x5D, 0xF6, 0x61, 0xEE,
    0x0F, 0x8E, 0xFF, 0x5B, 0x20, 0x37, 0x0B, 0x31, 0xA7, 0x50, 0xE7, 0xA8, 0x1A, 0x7F, 0x71, 0xE9,
    0x41, 0x29, 0x93, 0x9C, 0x58, 0x13, 0x9B, 0x97, 0xD4, 0x89, 0x9A, 0x91, 0x41, 0xE9, 0xF3, 0x73,
    0x0A, 0x4A, 0xDC, 0x21, 0xFE, 0x99, 0x1E, 0x69, 0xBE, 0x9A, 0xFF, 0x6D, 0xC4, 0x3F, 0x22, 0x95,
    0xCC, 0x67, 0x28, 0x0E, 0x47, 0x61, 0xA9, 0x5A, 0x35, 0xC2, 0x69, 0xA6, 0xAA, 0x49, 0xEE, 0x45,
    0x69, 0x26, 0x69, 0x17, 0x3B, 0x55, 0xDF, 0xE1, 0x5C, 0x5F, 0x9A, 0x70, 0x60, 0xD2, 0x1C, 0xAF,
    0x2F, 0xD5, 0x56, 0x5F, 0x4A, 0x37, 0xAA, 0x19, 0xA7, 0x84, 0x63, 0xD1, 0x23, 0xBB, 0x5B, 0x09,
    0x17, 0xBB, 0xA8, 0x71, 0x4A, 0x38, 0x16, 0x3D, 0x64, 0x33, 0xD1, 0xE3, 0x84, 0x65, 0x11, 0x1E,
    0xED, 0x7F, 0x29, 0x57, 0x14, 0x4B, 0x9D, 0x17, 0x49, 0x21, 0xB7, 0x65, 0x14, 0xAF, 0x72, 0x45,
    0xC0, 0x10, 0x03, 0x50, 0xF5, 0x18, 0x10, 0xD9, 0x43, 0x2A, 0x22, 0xD2, 0x2B, 0x2F, 0xE3, 0x5D,
    0xCA, 0xE9, 0x56, 0xCA, 0xD9, 0xBD, 0x53, 0xCA, 0x79, 0x4A, 0x9C, 0x14, 0x7C, 0x8E, 0x30, 0x18,
    0x56, 0x0F, 0x5B, 0x5B, 0x5A, 0x4C, 0x59, 0x7C, 0x40, 0xC4, 0x21, 0x5A, 0x81, 0x3B, 0x25, 0x31,
    0x2C, 0xB0, 0x28, 0x53, 0x3D, 0x59, 0x1B, 0xD6, 0xAA, 0x28, 0x7F, 0x28, 0x55, 0x7C, 0xB6, 0xB7,
    0xC6, 0x1D, 0xDC, 0x40, 0x51, 0xED, 0x49, 0xC0, 0x58, 0x8E, 0x5A, 0xC5, 0xA0, 0x3C, 0x67, 0xAE,
    0xCB, 0xBD, 0x95, 0x6E, 0xE7, 0xD6, 0x89, 0xFE, 0xFE, 0xCC, 0x64, 0xC4, 0xB4, 0x54, 0x66, 0x3F,
    0xDC, 0x0C, 0xD7, 0xF7, 0x2A, 0x77, 0x8C, 0x2A, 0x05, 0xB2, 0xDC, 0x29, 0x7A, 0xF5, 0xF6, 0x59,
    0x3E, 0xB5, 0xDC, 0xA1, 0x9C, 0x86, 0x5B, 0x62, 0xD9, 0xBF, 0xD1, 0x7B, 0x3A, 0x91, 0xA6, 0x9F,
    0xC7, 0xFE, 0xDB, 0x50, 0xBA, 0x11, 0xEF, 0xA3, 0x28, 0xC9, 0xE6, 0x19, 0xDF, 0xBF, 0xD1, 0x0B,
    0x94, 0x40, 0x21, 0x5F, 0x34, 0xF3, 0xCC, 0xEC, 0x12, 0xA9, 0x81, 0xCF, 0xBC, 0x89, 0xAC, 0x6D,
    0x89, 0x47, 0xC7, 0xD1, 0xB9, 0xB1, 0x76, 0x42, 0x6E, 0x06, 0x6C, 0x8D, 0xC7, 0xFB, 0xE7, 0x5D,
    0x05, 0x37, 0x28, 0xDF, 0x16, 0x66, 0x87, 0x58, 0x1A, 0xDA, 0x63, 0xD9, 0xCA, 0x6F, 0x85, 0xA4,
    0x9D, 0xC7, 0x3B, 0x21, 0x9C, 0xF2, 0x64, 0xB0, 0x55, 0x15, 0x50, 0x70, 0xCF, 0xE4, 0x4A, 0x6E,
    0x5E, 0x65, 0xBC, 0x7C, 0x56, 0xF9, 0x0D, 0x42, 0x75, 0x0B, 0x45, 0x4E, 0x79, 0x2A, 0xB4, 0x88,
    0x87, 0xE4, 0xC6, 0x7B, 0x3E, 0x44, 0x22, 0xDF, 0x0E, 0x9E, 0xC8, 0x7F, 0x06, 0xA4, 0x23, 0x16,
    0xA6, 0x6F, 0x03, 0x21, 0xE4, 0x0A, 0x3C, 0x76, 0x7A, 0x59, 0xFC, 0x6C, 0x18, 0x8D, 0xA5, 0x54,
    0x68, 0x15, 0xBA, 0x79, 0xE0, 0x1C, 0x37, 0x87, 0x9D, 0x96, 0x96, 0x47, 0xAC, 0x9F, 0xCD, 0x7A,
    0xFB, 0x1C, 0x3F, 0x25, 0x62, 0x82, 0x4B, 0xDE, 0x35, 0xCD, 0x75, 0xE9, 0x3B, 0xF3, 0x77, 0x57,
    0xE3, 0xCD, 0x6C, 0x38, 0x1F, 0x9B, 0xC3, 0xDA, 0x71, 0x6A, 0x25, 0xA7, 0x9B, 0x40, 0x57, 0xBF,
    0x65, 0x97, 0xAD, 0x5D, 0x39, 0x3B, 0xE3, 0x1A, 0x46, 0xB6, 0xB1, 0x0D, 0xA3, 0x1B, 0xC6, 0x37,
    0x66, 0xC2, 0x8D, 0x71, 0x77, 0x13, 0xFB, 0xF7, 0x7C, 0xD2, 0x13, 0x18, 0x58, 0x3E, 0xF8, 0x92,
    0x88, 0x25, 0x92, 0x34, 0x31, 0xDC, 0x11, 0x3B, 0xD2, 0x88, 0x37, 0x85, 0xD5, 0x1E, 0x52, 0x11,
    0xA0, 0x24, 0x40, 0x4D, 0x80, 0xA2, 0x00, 0x55, 0x01, 0x93, 0xC5, 0xAC, 0x8B, 0x92, 0x48, 0x0D,
    0x33, 0xD3, 0x77, 0xA9, 0xBE, 0xB6, 0xE4, 0x34, 0x43, 0x45, 0x18, 0xF3, 0xD4, 0xC0, 0x87, 0x17,
    0x2F, 0x8C, 0x2B, 0x17, 0xD7, 0xD9, 0x88, 0x9E, 0xEC, 0x6E, 0xA7, 0x60, 0xE7, 0xD8, 0xC7, 0x73,
    0xBE, 0xF8, 0xF5, 0x86, 0x84, 0xC1, 0x90, 0x4F, 0x37, 0x38, 0x47, 0x89, 0xBB, 0xB0, 0xEF, 0xFE,
    0xD7, 0x55, 0x24, 0x3F, 0xAE, 0xE9, 0xC2, 0xCB, 0x55, 0x44, 0x2C, 0x25, 0xB1, 0x25, 0x76, 0xC7,
    0x7E, 0x1A, 0x5D, 0x71, 0x9E, 0x95, 0xC6, 0x2D, 0x29, 0xC2, 0x96, 0x14, 0xB6, 0xA6, 0x98, 0xD3,
    0x3B, 0x5B, 0x55, 0x70, 0x59, 0x61, 0x03, 0xBB, 0xF8, 0xA8, 0x90, 0x96, 0x3E, 0xE0, 0xC9, 0x4D,
    0x9C, 0x23, 0xE0, 0xC3, 0x43, 0x41, 0x53, 0x4C, 0x00, 0xCA, 0xB0, 0x27, 0xBF, 0x1B, 0x62, 0x9C,
    0xF6, 0xC0, 0xEA, 0xF1, 0xA7, 0xBF, 0x5C, 0x06, 0x0F, 0x69, 0xDC, 0x3B, 0xFB, 0x8C, 0xB6, 0x45,
    0xBA, 0x9D, 0xF1, 0x48, 0x20, 0x86, 0x39, 0xD1, 0x1D, 0x3F, 0x78, 0x2C, 0x20, 0x5B, 0x3C, 0x16,
    0x10, 0x2D, 0x92, 0x08, 0x0C, 0xE6, 0x9E, 0x9B, 0xFB, 0x0D, 0xEE, 0xB0, 0x8C, 0xBB, 0xBF, 0xBB,
    0x44, 0x4F, 0x4E, 0xBA, 0x78, 0xC7, 0x43, 0xA1, 0x9E, 0x5C, 0x70, 0xD5, 0xCC, 0x65, 0x33, 0xB8,
    0xA9, 0x5E, 0x95, 0x3A, 0x18, 0xFB, 0x5F, 0x93, 0xE9, 0x97, 0x11, 0x77, 0x64, 0x31, 0x6D, 0x80,
    0x90, 0x63, 0x45, 0x30, 0x5A, 0xB5, 0x5E, 0x20, 0xA4, 0xE6, 0x0B, 0x76, 0x3B, 0xFB, 0x17, 0xFB,
    0x94, 0x7E, 0xD3, 0x61, 0xEF, 0x1F, 0xDC, 0x4B, 0xED, 0x06, 0x09, 0x4F, 0x40, 0x9B, 0xDE, 0xBC,
    0xBB, 0x5F, 0x7D, 0xD9, 0xFD, 0x5C, 0x04, 0x25, 0x8E, 0x58, 0x91, 0x2B, 0xAD, 0x56, 0x71, 0x60,
    0xAD, 0xA1, 0xB3, 0x2A, 0x83, 0xCE, 0x7A, 0xD2, 0x84, 0xBD, 0xE6, 0xA5, 0x9C, 0x9D, 0xD2, 0x1B,
    0xD8, 0xF6, 0xC4, 0xBF, 0x0A, 0xDE, 0xA8, 0x27, 0xFB, 0x9C, 0x38, 0x4D, 0x66, 0x93, 0x3A, 0xEA,
    0xF4, 0x44, 0x3D, 0x3D, 0x62, 0x59, 0x24, 0x60, 0xF1, 0x22, 0x18, 0xB2, 0x5C, 0x45, 0x5A, 0xB0,
    0x87, 0x13, 0x7B, 0xC8, 0xEE, 0x66, 0xC4, 0xB4, 0x07, 0x19, 0x72, 0x84, 0x27, 0xB5, 0xD3, 0x40,
    0x91, 0xBB, 0x11, 0x4D, 0x26, 0x76, 0xCE, 0xF4, 0x8E, 0xD8, 0x11, 0xF3, 0x8B, 0x60, 0x7B, 0x6D,
    0xEE, 0x33, 0x5F, 0xF2, 0xB9, 0x13, 0xEE, 0x1D, 0xA6, 0xAD, 0xB0, 0xCB, 0xDB, 0x7E, 0x42, 0xD1,
    0x2A, 0xBB, 0x45, 0xA7, 0xEC, 0x16, 0xAD, 0xB2, 0x9B, 0x96, 0xCA, 0xAE, 0xCB, 0x84, 0x48, 0xB9,
    0x73, 0x08, 0xCC, 0x85, 0x2D, 0x4C, 0xEB, 0x8B, 0x18, 0x42, 0xC4, 0xA7, 0x17, 0x18, 0x18, 0x4E,
    0x79, 0xF6, 0xF2, 0xDC, 0x02, 0x83, 0x92, 0xE8, 0xB1, 0xF6, 0x34, 0x86, 0x3A, 0x08, 0x11, 0x51,
    0xF2, 0xEA, 0x4A, 0x74, 0x78, 0x08, 0x47, 0xAC, 0xEC, 0xA2, 0xC4, 0x12, 0xF1, 0xC9, 0x97, 0x6C,
    0x7E, 0xF2, 0x65, 0x04, 0xBE, 0x9A, 0x9F, 0x7C, 0x69, 0x40, 0x3B, 0x5B, 0x69, 0xFC, 0x1F, 0xE4,
    0x50, 0xBD, 0xCD, 0xDC, 0x3A, 0x10, 0x1C, 0x91, 0xC0, 0x29, 0x50, 0xC0, 0xE4, 0xE5, 0x7A, 0xF1,
    0x97, 0xB0, 0x04, 0xAA, 0x23, 0x37, 0x60, 0x43, 0x2C, 0xC1, 0x05, 0x7D, 0x3E, 0xAA, 0x04, 0x95,
    0xC0, 0xC0, 0x05, 0x30, 0x50, 0xC0, 0x80, 0xD2, 0x7A, 0xB4, 0x52, 0x70, 0x86, 0x6D, 0x18, 0x70,
    0x66, 0x78, 0x41, 0xCC, 0xEA, 0x86, 0xF3, 0x43, 0x5C, 0x10, 0x4E, 0x7B, 0x45, 0xD1, 0x39, 0xBE,
    0x5F, 0x70, 0x0B, 0xC6, 0x05, 0x81, 0x27, 0x22, 0x4D, 0x90, 0xA9, 0x13, 0x58, 0x41, 0x7F, 0x60,
    0xE0, 0xE5, 0x0E, 0xDF, 0xE0, 0x2B, 0x7A, 0x99, 0x06, 0x81, 0x23, 0xD3, 0xCE, 0x33, 0x6E, 0xF0,
    0x05, 0x3E, 0xDF, 0xBE, 0x79, 0xC2, 0x0C, 0x7C, 0x02, 0x65, 0xB1, 0x17, 0x0C, 0x2F, 0xB2, 0x91,
    0xB2, 0x15, 0xB7, 0x0C, 0x78, 0x02, 0x67, 0x63, 0x00, 0xFC, 0x82, 0x84, 0x93, 0x3D, 0x40, 0x7F,
    0xB7, 0x83, 0xD5, 0xF6, 0x44, 0xD8, 0x06, 0xC3, 0x90, 0x06, 0xCB, 0x1C, 0x56, 0x1F, 0x18, 0xEB,
    0xF9, 0x92, 0xC0, 0xB4, 0x86, 0x99, 0x81, 0x0D, 0x89, 0x58, 0x91, 0x32, 0x06, 0xE1, 0x4F, 0x27,
    0x08, 0x4D, 0x15, 0x2C, 0x0D, 0x85, 0xF2, 0x39, 0xFB, 0x82, 0xB4, 0xF8, 0x8C, 0x14, 0xC3, 0xCA,
    0xE8, 0xB0, 0x40, 0xAE, 0x9E, 0x04, 0xD3, 0xF0, 0x84, 0xA9, 0x78, 0x87, 0x29, 0x3F, 0x0F, 0xD8,
    0x30, 0xAF, 0x1A, 0x10, 0x32, 0x24, 0xAA, 0x57, 0x5F, 0x3A, 0xA3, 0x6B, 0x57, 0xC0, 0x0E, 0xBB,
    0x01, 0x08, 0x13, 0xFE, 0x10, 0xE5, 0x9C, 0xF5, 0x15, 0x2F, 0xFE, 0xDF, 0xC1, 0x1F, 0xFF, 0x81,
    0xBF, 0xB1, 0xF7, 0x21, 0xD1, 0x4B, 0x99, 0xA5, 0x25, 0x69, 0x22, 0xFB, 0x75, 0xF8, 0x4D, 0x86,
    0x3C, 0x6F, 0x43, 0x74, 0xB9, 0xAF, 0x92, 0x43, 0x75, 0xBB, 0x14, 0xE2, 0x71, 0xA3, 0x32, 0x21,
    0x8E, 0xBC, 0xED, 0xE4, 0x33, 0x38, 0x4E, 0xAA, 0xC6, 0xCA, 0x01, 0xCE, 0x1C, 0x13, 0x38, 0xCF,
    0xAB, 0xAC, 0x61, 0x8C, 0xBF, 0x5A, 0x2A, 0xB9, 0x0D, 0x0F, 0xB5, 0x77, 0x49, 0xC3, 0x46, 0x01,
    0xA3, 0x1F, 0x92, 0xC1, 0x49, 0x3B, 0x81, 0xD4, 0xE9, 0x30, 0xF2, 0x55, 0x2B, 0xB4, 0xC8, 0x5E,
    0xED, 0x66, 0x83, 0xCE, 0xF4, 0x21, 0x9B, 0x63, 0x22, 0xDB, 0x46, 0x1A, 0x07, 0x91, 0x20, 0x1B,
    0x5C, 0xF6, 0xBB, 0x6D, 0xF0, 0x71, 0xD8, 0xB0, 0xC3, 0x4F, 0x7D, 0xC1, 0x17, 0xB6, 0xDA, 0xA2,
    0xE5, 0xBA, 0x6E, 0xF2, 0x96, 0xDC, 0x86, 0xDB, 0x7E, 0x87, 0x41, 0xA3, 0x4D, 0xB5, 0xD5, 0x6E,
    0xB6, 0xF4, 0x65, 0x28, 0x2E, 0xBB, 0xD5, 0xAD, 0xE3, 0x32, 0x2E, 0x7E, 0x09, 0x31, 0x4C, 0x6F,
    0x30, 0xD5, 0x34, 0xBB, 0xA9, 0x62, 0xEB, 0x0B, 0x55, 0xA7, 0x4E, 0x95, 0x03, 0xB5, 0xD4, 0x2F,
    0xA7, 0xDE, 0x51, 0x4F, 0x4F, 0x54, 0x17, 0x7D, 0xA7, 0xF3, 0x0D, 0xC0, 0x7F, 0xC0, 0x3B, 0x0C,
    0xEB, 0x2B, 0xE6, 0xDC, 0x49, 0x1C, 0x0E, 0x84, 0x8A, 0x90, 0x11, 0x16, 0xC5, 0x0A, 0x32, 0xE4,
    0x79, 0x4B, 0x0D, 0x95, 0xD4, 0xD3, 0xF5, 0x3F, 0xF0, 0x11, 0x48, 0x13, 0x82, 0xD2, 0x56, 0x00,
    0x59, 0x11, 0x36, 0xB8, 0x86, 0xBE, 0x11, 0xF9, 0x4D, 0x86, 0xBC, 0xD3, 0x34, 0x2A, 0xA9, 0xA7,
    0x4B, 0xC7, 0x56, 0x5D, 0x7D, 0xD1, 0xE5, 0x56, 0x5D, 0xE3, 0xA2, 0x2B, 0x4C, 0xBA, 0x66, 0xE8,
    0xEC, 0x8A, 0x5D, 0xBB, 0x6C, 0x9B, 0xAE, 0xE1, 0xB6, 0x5D, 0x7A, 0x1F, 0x2F, 0x1B, 0x74, 0x9E,
    0xF8, 0xCD, 0x34, 0x45, 0x53, 0xAF, 0xC0, 0x72, 0x05, 0xE6, 0x6F, 0xC3, 0x6D, 0xE0, 0x3F, 0xA8,
    0x03, 0x88, 0x75, 0x37, 0x00, 0xAC, 0x91, 0xC1, 0x8D, 0x9C, 0x40, 0x10, 0x45, 0xDF, 0xC0, 0x61,
    0x2C, 0x21, 0x99, 0x10, 0x48, 0xC0, 0x72, 0x45, 0xB0, 0xD3, 0x9D, 0x81, 0x43, 0x71, 0x02, 0xA3,
    0xE9, 0x0E, 0xCC, 0x6B, 0x08, 0xA1, 0x33, 0x58, 0x0E, 0x7B, 0x5F, 0x1F, 0x38, 0x60, 0x09, 0xA6,
    0xFD, 0x4B, 0x68, 0x46, 0xF2, 0xC9, 0x17, 0x1F, 0x9E, 0xBA, 0x80, 0x5F, 0xD4, 0xFF, 0x5D, 0xA7,
    0x71, 0xA6, 0xAB, 0x1B, 0x43, 0xAD, 0x84, 0x9C, 0x72, 0x62, 0x98, 0x5E, 0xE9, 0xA7, 0x9D, 0xAE,
    0x6C, 0x83, 0xB0, 0xE3, 0xF4, 0x67, 0x7F, 0xEF, 0xDF, 0x5D, 0xE7, 0x7A, 0xEF, 0xF3, 0x7E, 0xA8,
    0xD0, 0x88, 0xB3, 0xE8, 0x3F, 0x20, 0x18, 0xBC, 0x8A, 0xD5, 0x68, 0x7F, 0x19, 0xDD, 0x64, 0x0C,
    0xD1, 0xB8, 0x60, 0x84, 0x5A, 0xB7, 0x07, 0x60, 0x3C, 0xF0, 0xFF, 0x39, 0xE6, 0x00, 0x5F, 0xC5,
    0xC5, 0xB1, 0x99, 0x97, 0xBA, 0x7B, 0x5F, 0xF4, 0xB9, 0x68, 0x3E, 0xF2, 0xF1, 0x45, 0x67, 0x8A,
    0x29, 0xDB, 0xD3, 0x47, 0x81, 0x6E, 0x81, 0x30, 0xC1, 0x1D, 0xDA, 0x15, 0xBA, 0xF9, 0x50, 0xDB,
    0xB7, 0x85, 0x90, 0x2A, 0xB7, 0x5A, 0xF3, 0x98, 0x6D, 0xFA, 0x49, 0xAF, 0x2C, 0x5D, 0xB9, 0xE9,
    0x3F, 0x41, 0xCF, 0x9A, 0x1B, 0x3B, 0xCD, 0x40, 0x59, 0x52, 0xAD, 0xD3, 0x83, 0x2B, 0x7D, 0xBE,
    0x62, 0x5C, 0xDD, 0x09, 0x3F, 0xC4, 0x0A, 0xCD, 0x82, 0x42, 0xC1, 0xB9, 0xB8, 0x0D, 0x14, 0x0C,
    0x02, 0x70, 0x13, 0x1B, 0x9C, 0x56, 0x31, 0xBE, 0xD3, 0xD7, 0xFB, 0xE1, 0x59, 0xAE, 0x2F, 0x12,
    0x8A, 0x6C, 0x31, 0xB8, 0x57, 0x9A, 0xBA, 0x78, 0x56, 0x52, 0x34, 0xBF, 0xEB, 0xB2, 0x8B, 0x51,
    0xB5, 0xF4, 0xEE, 0x45, 0xDF, 0xDF, 0x3D, 0x0F, 0xBD, 0xB4, 0x7A, 0x87, 0xE7, 0xF4, 0xBB, 0xDF,
    0x84, 0x9F, 0x63, 0x4C, 0xD2, 0x7E, 0x48, 0xFB, 0x96, 0x9B, 0x7B, 0x88, 0x90, 0x8E, 0xE1, 0xED,
    0x02, 0xFD, 0x0C, 0x29, 0xD3, 0xEC, 0xF0, 0x5F, 0x76, 0x9B, 0x26, 0xD5, 0x13, 0xA3, 0xF3, 0x36,
    0xF1, 0xE2, 0x99, 0xFF, 0x8D, 0xFB, 0x9E, 0x1F, 0xA0, 0x2C, 0xE7, 0xA7, 0x8F, 0x31, 0xDE, 0xB0,
    0xF8, 0x09, 0xCB, 0x70, 0x78, 0x97, 0xD9, 0x63, 0x77, 0xA9, 0x70, 0xAA, 0xD1, 0x4B, 0xE9, 0xF8,
    0x6B, 0x17, 0x7C, 0x5F, 0x69, 0x7C, 0x4F, 0xAA, 0xFB, 0x62, 0xA5, 0x95, 0x67, 0x1C, 0x2C, 0x13,
    0x76, 0x08, 0xBF, 0x45, 0xCD, 0x30, 0x14, 0x38, 0xCF, 0x9F, 0x45, 0x28, 0xC3, 0xDC, 0x4B, 0xDF,
    0xAA, 0x8F, 0x71, 0xF9, 0xB3, 0x41, 0x9A, 0x4E, 0x47, 0xD3, 0x29, 0x00, 0xC5, 0x95, 0x41, 0x8E,
    0xE5, 0xB6, 0x11, 0x86, 0x7F, 0x89, 0xC0, 0x68, 0xA1, 0x05, 0x0F, 0xD0, 0x0B, 0x6E, 0xB3, 0xD3,
    0x09, 0xD2, 0x94, 0xD3, 0xCB, 0x6C, 0x7C, 0x04, 0xDF, 0x60, 0x4E, 0xD0, 0x23, 0x8D, 0x2F, 0x90,
    0x39, 0x50, 0x27, 0xE2, 0x8C, 0x0F, 0x10, 0x25, 0x3E, 0x40, 0x88, 0x20, 0x40, 0x96, 0x21, 0x12,
    0x66, 0xCC, 0x81, 0x25, 0x55, 0x58, 0x55, 0x68, 0x48, 0x63, 0x3F, 0xCF, 0x38, 0x01, 0x02, 0x13,
    0x8D, 0xEF, 0x6B, 0x48, 0x55, 0x64, 0x51, 0x2A, 0xF1, 0x01, 0xBE, 0x5B, 0x51, 0xD9, 0x33, 0xEF,
    0xFB, 0x50, 0xF9, 0xCA, 0x32, 0x1F, 0x85, 0x0B, 0x55, 0xF6, 0x44, 0x2B, 0x30, 0x11, 0x15, 0x80,
    0x36, 0x77, 0xC0, 0xEC, 0x9B, 0xA3, 0xB1, 0xCF, 0xC5, 0x4D, 0xC1, 0xC6, 0xE2, 0x6C, 0x74, 0xA1,
    0x0C, 0x76, 0x1C, 0x42, 0x1E, 0x00, 0xFF, 0x3A, 0xFB, 0xCA, 0x2F, 0x52, 0xE5, 0xD4, 0xA6, 0x7B,
    0x60, 0x79, 0xE6, 0xAF, 0x2B, 0x4D, 0x7A, 0x64, 0xC6, 0x4A, 0x32, 0xF1, 0x49, 0xC9, 0x57, 0x56,
    0x66, 0xB7, 0x6E, 0xCC, 0xC0, 0xEC, 0x43, 0x01, 0x26, 0xA1, 0xFF, 0x6D, 0xC8, 0x95, 0xBF, 0x7B,
    0x5B, 0x39, 0xFC, 0xF1, 0x75, 0x02, 0xDC, 0x5F, 0xBE, 0x4E, 0xFD, 0x68, 0xE9, 0xEB, 0x64, 0x63,
    0x4F, 0xBF, 0x49, 0x3E, 0x18, 0x7A, 0x48, 0xCB, 0x08, 0xFA, 0xF6, 0x3B, 0x92, 0x6A, 0x37, 0xC0,
    0x13, 0xC5, 0xCA, 0xE5, 0xC0, 0xCD, 0x8D, 0x0A, 0x75, 0xA3, 0xB8, 0xA3, 0x37, 0x40, 0x4B, 0x54,
    0x43, 0x2D, 0x11, 0x05, 0xF8, 0xDC, 0x2C, 0x09, 0x34, 0xC2, 0x6E, 0xCD, 0x01, 0x98, 0x6C, 0x36,
    0x00, 0xB3, 0x10, 0x5D, 0xB9, 0x30, 0xFF, 0xF0, 0x8A, 0xC6, 0x2C, 0x32, 0xCD, 0x95, 0x20, 0xC8,
    0x8D, 0x91, 0x39, 0x09, 0xFD, 0x7C, 0x3B, 0xD2, 0xCF, 0x67, 0x0C, 0x31, 0xCC, 0xCE, 0x74, 0x99,
    0x39, 0xAC, 0x42, 0xAA, 0x63, 0xBB, 0xD2, 0x50, 0x80, 0xC9, 0x30, 0x14, 0x55, 0xE9, 0xAA, 0xEF,
    0x8A, 0xE8, 0xFD, 0x26, 0xCA, 0xBB, 0xEA, 0x50, 0x2D, 0x2A, 0x3F, 0xAA, 0xE6, 0x2A, 0xCA, 0x3C,
    0xE9, 0x4A, 0xD9, 0x5E, 0x64, 0x72, 0x97, 0x24, 0xC4, 0x64, 0x55, 0x11, 0x35, 0x5B, 0x15, 0x11,
    0xED, 0x86, 0xD6, 0x2A, 0x3A, 0x55, 0xAF, 0xFB, 0x07, 0x0E, 0xC1, 0xF0, 0x8D, 0xC8, 0xA9, 0xEC,
    0xB7, 0xA2, 0xFE, 0x5F, 0xA2, 0x8E, 0xC5, 0x35, 0x8A, 0x5A, 0x12, 0x35, 0x2A, 0xA8, 0xB0, 0x64,
    0xC8, 0xDB, 0x44, 0xD5, 0xAE, 0xA2, 0x91, 0x85, 0x25, 0x88, 0xDC, 0x2A, 0xB2, 0x49, 0xD4, 0x7F,
    0x52, 0x77, 0x1F, 0x24, 0x72, 0xA1, 0x99, 0xE0, 0xFE, 0x44, 0x34, 0x12, 0x96, 0x6F, 0xF6, 0x17,
    0x3C, 0xE7, 0x43, 0x91, 0x15, 0x64, 0x65, 0x8A, 0xA6, 0x54, 0xD9, 0x64, 0xB6, 0xAA, 0x2E, 0x37,
    0x54, 0x55, 0xFF, 0x5F, 0x66, 0x50, 0xBB, 0xC1, 0x47, 0x50, 0x73, 0xC0, 0x16, 0x10, 0x08, 0xE6,
    0xA8, 0x58, 0x46, 0xF9, 0xDF, 0x07, 0xF8, 0x99, 0x30, 0x84, 0xFA, 0x47, 0x70, 0x11, 0xAE, 0xCA,
    0x26, 0x51, 0x5F, 0xE0, 0xAB, 0x0C, 0x8D, 0x4B, 0x0D, 0x69, 0x88, 0x08, 0xD2, 0xB0, 0xD2, 0x34,
    0x2F, 0xE8, 0x8D, 0x56, 0xB9, 0x3D, 0xAB, 0xFB, 0x91, 0x9A, 0xFF, 0x46, 0x24, 0x63, 0x3D, 0xB5,
    0x54, 0x99, 0x34, 0xBC, 0x6C, 0x0A, 0xAA, 0xDC, 0x17, 0x2C, 0xEF, 0x5E, 0x8B, 0x6C, 0x15, 0xA5,
    0x7B, 0xFB, 0xB6, 0x46, 0xA6, 0x47, 0xFB, 0x8E, 0xF5, 0xFB, 0xBE, 0xCA, 0xA4, 0xA7, 0xFE, 0xCF,
    0xB9, 0x86, 0x6C, 0xDD, 0x5F, 0xAB, 0xF2, 0x66, 0x44, 0xC5, 0xFC, 0xB3, 0xEA, 0xDF, 0x99, 0xD5,
    0xBE, 0xCF, 0xAD, 0x28, 0xB5, 0xEF, 0xAB, 0xBE, 0x4F, 0xCD, 0xF7, 0x55, 0x94, 0x40, 0xA9, 0x2A,
    0x5E, 0x34, 0xD1, 0x07, 0x34, 0xDB, 0x44, 0xB4, 0x0A, 0x4B, 0xE5, 0xD8, 0xED, 0x4C, 0x90, 0x70,
    0x12, 0xFA, 0xD7, 0xDB, 0xF4, 0x50, 0x94, 0x83, 0xF2, 0xED, 0xFF, 0x8D, 0xEF, 0x98, 0x68, 0x85,
    0xA6, 0x30, 0x6D, 0x62, 0x4E, 0x71, 0x7A, 0x20, 0xA2, 0xC0, 0x3C, 0xC0, 0x8C, 0xE0, 0xB1, 0xFF,
    0x80, 0x9E, 0xA8, 0x5C, 0x79, 0x23, 0xE6, 0xEE, 0x18, 0x2B, 0x89, 0xD2, 0x0E, 0x43, 0xB4, 0xED,
    0xE8, 0x0F, 0xBC, 0xDC, 0xB9, 0x2B, 0xBA, 0x9D, 0x3B, 0xA5, 0xD9, 0xB9, 0x6D, 0x50, 0x39, 0x7F,
    0x92, 0x12, 0xA3, 0xF1, 0x9A, 0xAB, 0xF3, 0xE8, 0x9C, 0x3A, 0xBF, 0xAE, 0xF5, 0xE3, 0xE1, 0x89,
    0xF7, 0x72, 0x25, 0xB0, 0x7C, 0x80, 0x1C, 0x79, 0x11, 0x7A, 0x68, 0x36, 0xB4, 0x76, 0xD2, 0xCC,
    0xA0, 0xB9, 0xE3, 0xDD, 0x04, 0x9B, 0x00, 0x17, 0x5D, 0x04, 0xF8, 0x88, 0x97, 0x79, 0x84, 0xD7,
    0x33, 0x6A, 0xE1, 0xD4, 0x8F, 0x09, 0x1E, 0x74, 0xE1, 0x82, 0x5B, 0x91, 0xE7, 0x49, 0x78, 0xCE,
    0x3C, 0x08, 0x75, 0x45, 0x5D, 0x5D, 0x2B, 0xD1, 0xAA, 0xB4, 0x42, 0xAD, 0x56, 0x2B, 0xD7, 0x5D,
    0x34, 0x3B, 0xD0, 0x1E, 0xA2, 0x6E, 0x13, 0xD9, 0x2C, 0x1A, 0xA2, 0x68, 0x0A, 0x22, 0x02, 0xCB,
    0x1C, 0xA2, 0x7E, 0x13, 0xD9, 0x24, 0xF2, 0xAB, 0x68, 0x99, 0x59, 0x0D, 0x81, 0x65, 0x76, 0x51,
    0x5F, 0xA4, 0x76, 0x1E, 0x1F, 0x8B, 0xEF, 0x6D, 0x1A, 0x79, 0xE0, 0x92, 0x87, 0x25, 0x88, 0x7C,
    0x14, 0xB9, 0x0C, 0x5D, 0xEF, 0xBA, 0x3A, 0x68, 0x14, 0x2D, 0x41, 0xE4, 0xE3, 0xB5, 0xEA, 0x7E,
    0x13, 0x19, 0x12, 0x81, 0xE6, 0xF3, 0x1B, 0xBE, 0x08, 0xFA, 0x6B, 0xF3, 0x73, 0x35, 0x8B, 0xFA,
    0xC0, 0xDA, 0x49, 0x44, 0x34, 0x8A, 0x72, 0x25, 0xDC, 0xC1, 0x6C, 0x48, 0x12, 0x06, 0x92, 0x84,
    0xE5, 0xEF, 0x92, 0xF0, 0x07, 0x4D, 0xF8, 0xF2, 0x33, 0x09, 0x90, 0x04, 0x80, 0x13, 0x44, 0x5F,
    0xFE, 0xDC, 0x02, 0x0D, 0x11, 0xBD, 0x51, 0x6D, 0x2A, 0xAA, 0x2A, 0xFC, 0x78, 0x44, 0x6E, 0x15,
    0xF5, 0x49, 0xD4, 0x25, 0xE8, 0x0B, 0x58, 0x3F, 0x96, 0x29, 0x32, 0xDD, 0x4D, 0xDD, 0x4E, 0xD0,
    0xC9, 0x58, 0x56, 0xB5, 0x04, 0x5D, 0x7D, 0x14, 0xED, 0x67, 0x65, 0x05, 0xC0, 0xFF, 0x2A, 0x19,
    0x36, 0x5C, 0x38, 0x33, 0x9D, 0x70, 0x18, 0x2B, 0x5E, 0x52, 0x65, 0x2F, 0xFD, 0xEC, 0xE5, 0x11,
    0x50, 0xF4, 0xC4, 0x1D, 0xFD, 0x38, 0x05, 0xB3, 0xE1, 0x69, 0x58, 0xFB, 0x84, 0x27, 0x9B, 0x6C,
    0xC4, 0xD6, 0xCD, 0x2E, 0xA0, 0x00, 0x83, 0xD0, 0xCF, 0x4D, 0x66, 0xB6, 0xA9, 0x72, 0x34, 0x95,
    0xD3, 0x33, 0x23, 0xB3, 0x53, 0xAE, 0xCC, 0x9E, 0x28, 0x4D, 0xA3, 0xBD, 0x72, 0xEE, 0x92, 0x1F,
    0xDD, 0x58, 0x39, 0x2B, 0x07, 0xF4, 0x69, 0x08, 0xBE, 0xD2, 0x55, 0xDA, 0x68, 0xE3, 0x3D, 0x6C,
    0x5D, 0xFD, 0x11, 0xAE, 0x56, 0xF2, 0x08, 0x1F, 0xDA, 0xE3, 0x09, 0x04, 0xD0, 0xD6, 0x1D, 0xCF,
    0x07, 0x5E, 0x2F, 0xDD, 0xD8, 0x10, 0x9F, 0x27, 0x6D, 0x06, 0x33, 0x31, 0xCD, 0x95, 0x91, 0x89,
    0x97, 0xC7, 0x58, 0xD9, 0x11, 0x65, 0x48, 0xB6, 0xF4, 0x77, 0x7C, 0x41, 0x55, 0x87, 0x7C, 0xA7,
    0xF8, 0xD5, 0xF3, 0x51, 0x00, 0xB7, 0x8A, 0x6C, 0xBC, 0x4A, 0x2E, 0xCA, 0xEE, 0x7F, 0xE2, 0xA3,
    0xC0, 0x24, 0x81, 0x2D, 0x69, 0x5C, 0x66, 0x36, 0x34, 0x57, 0xDE, 0x4E, 0x58, 0x20, 0x83, 0x54,
    0x87, 0xB0, 0xD9, 0xAF, 0xC2, 0x71, 0x86, 0xF0, 0x47, 0x31, 0xC2, 0x24, 0x29, 0xD2, 0xF1, 0x6B,
    0x28, 0x0D, 0x25, 0x79, 0x04, 0xBC, 0x46, 0xA3, 0x3B, 0xC2, 0x1D, 0xCD, 0xBA, 0xBC, 0xD0, 0x5F,
    0x78, 0x2F, 0x7C, 0xC5, 0x58, 0x8E, 0xEB, 0xF9, 0x5B, 0xF8, 0xFC, 0xA5, 0x03, 0x66, 0x47, 0x59,
    0xC6, 0x2E, 0x37, 0x99, 0xCF, 0xDF, 0x36, 0xBB, 0xE8, 0x42, 0x9B, 0xFA, 0x71, 0x08, 0xB2, 0xEA,
    0x2C, 0xD4, 0xB7, 0x0B, 0x7E, 0xAF, 0x0B, 0x7A, 0x65, 0x60, 0x5A, 0x21, 0x93, 0x60, 0x67, 0xA6,
    0x1B, 0xF9, 0xCA, 0xA0, 0x04, 0xD3, 0x33, 0xA5, 0x90, 0x49, 0xE8, 0xC7, 0x47, 0xE6, 0xFC, 0x24,
    0xCF, 0x95, 0xE9, 0xC2, 0xC6, 0xE7, 0x6F, 0x2C, 0xB0, 0xB1, 0xCF, 0x45, 0xCE, 0xDF, 0x0C, 0x1A,
    0x41, 0xF9, 0x3C, 0x7F, 0xB5, 0x5F, 0x8D, 0xBC, 0xF5, 0x2E, 0x82, 0xB9, 0x32, 0xFB, 0x4B, 0xA7,
    0x0B, 0x89, 0xC7, 0x71, 0x25, 0x6E, 0x8D, 0xDB, 0x91, 0xF2, 0xDE, 0x7F, 0x59, 0x4E, 0x54, 0xC7,
    0x7E, 0x25, 0xF0, 0x62, 0xC7, 0xF9, 0x13, 0xE8, 0x82, 0x86, 0xDE, 0x8C, 0x84, 0x4D, 0x7A, 0xF7,
    0xEC, 0x5E, 0xE9, 0xEF, 0x96, 0x46, 0x8E, 0xDF, 0xC1, 0xCC, 0x4C, 0xFD, 0x34, 0xF6, 0x4B, 0xF7,
    0x52, 0x90, 0x70, 0x4D, 0xCD, 0xCC, 0x7E, 0x63, 0x1A, 0x62, 0x82, 0x66, 0xE6, 0x24, 0x41, 0x83,
    0xAE, 0x52, 0x70, 0x63, 0x0E, 0x59, 0xEF, 0x53, 0x7C, 0xC3, 0x74, 0x6B, 0xE5, 0x3B, 0x62, 0xFE,
    0x83, 0xC6, 0x4A, 0xFD, 0x79, 0xDD, 0x2B, 0x9C, 0x7E, 0x58, 0xC4, 0x91, 0xD3, 0xC4, 0x91, 0x5F,
    0x7D, 0x22, 0xB2, 0xD9, 0x39, 0xB2, 0x72, 0x62, 0x7E, 0xE5, 0x03, 0xDA, 0x0D, 0x95, 0x46, 0x59,
    0x98, 0x7D, 0x66, 0xDA, 0xC4, 0xF4, 0x2B, 0x53, 0xEA, 0xBC, 0x23, 0x3D, 0x01, 0x85, 0x2B, 0xF3,
    0x83, 0xB6, 0xC5, 0xDF, 0x84, 0xA4, 0x0C, 0x20, 0x60, 0x4A, 0xCC, 0x3E, 0x33, 0xCD, 0xC6, 0x6C,
    0x95, 0x3B, 0xB3, 0x51, 0x1E, 0xE7, 0xFF, 0xAD, 0x72, 0x3B, 0xE3, 0xFB, 0xA2, 0xF3, 0x90, 0xCC,
    0x29, 0x04, 0x83, 0xD7, 0x02, 0x70, 0x83, 0x7C, 0x37, 0x5D, 0xA9, 0xD7, 0x3F, 0xC7, 0x57, 0x5D,
    0xFC, 0x69, 0x12, 0x51, 0x16, 0xD2, 0x28, 0x8C, 0x9C, 0x34, 0x64, 0x66, 0x77, 0xDD, 0xD0, 0x71,
    0x21, 0x5D, 0xAF, 0x9C, 0xDB, 0xEA, 0x8A, 0xE4, 0xC6, 0x73, 0xB6, 0x1D, 0xE7, 0x9C, 0x77, 0xDB,
    0x99, 0x8B, 0x65, 0x64, 0x4E, 0x33, 0xD3, 0x87, 0xDB, 0xD4, 0xBB, 0x8B, 0xAE, 0xA2, 0x33, 0x5C,
    0xF6, 0x1E, 0x98, 0xE5, 0x73, 0xBB, 0xFB, 0x0F, 0xBC, 0x57, 0x01, 0x8A, 0xE3, 0x46, 0x10, 0x6C,
    0x49, 0x97, 0xB5, 0x41, 0x01, 0x05, 0x60, 0x21, 0x00, 0x89, 0x03, 0x04, 0x08, 0x40, 0x10, 0x40,
    0x00, 0x80, 0x40, 0x8B, 0xBC, 0x20, 0x4F, 0xF0, 0x0F, 0xF2, 0x82, 0x5B, 0xE9, 0x09, 0x79, 0x90,
    0xBD, 0xD6, 0x91, 0x0F, 0xE8, 0x09, 0x06, 0xF2, 0x00, 0x01, 0x82, 0x88, 0x20, 0x69, 0x32, 0x5D,
    0x25, 0x9A, 0x5B, 0xAF, 0x1D, 0x93, 0xB0, 0xEC, 0x70, 0xD7, 0x25, 0x4D, 0xCD, 0xCC, 0xA8, 0xAB,
    0x86, 0xE9, 0xB5, 0xC8, 0x56, 0xD0, 0x94, 0x10, 0x2A, 0x8B, 0xD9, 0x8C, 0x97, 0x62, 0x20, 0xD5,
    0x7D, 0x4E, 0x4D, 0xA4, 0x82, 0xB5, 0x41, 0x09, 0x05, 0x81, 0x1C, 0x47, 0x72, 0x9E, 0xAF, 0xE2,
    0x6B, 0x3A, 0x69, 0xC1, 0x77, 0xFF, 0xDE, 0xC2, 0x51, 0x44, 0x52, 0xA3, 0xF3, 0xD0, 0x89, 0x94,
    0x61, 0x10, 0x39, 0x85, 0x59, 0xD2, 0xE5, 0x10, 0xAA, 0x7C, 0x3C, 0x68, 0x57, 0xF6, 0xC7, 0xDD,
    0x50, 0xB7, 0xC7, 0xCD, 0xA4, 0x32, 0x27, 0xC3, 0x56, 0x66, 0xF9, 0x55, 0x62, 0x90, 0xF7, 0x09,
    0x92, 0x34, 0x80, 0xCD, 0x19, 0x90, 0x8F, 0x80, 0x74, 0x01, 0xC8, 0x89, 0x64, 0x79, 0x49, 0x9E,
    0xA0, 0x4D, 0x43, 0xE8, 0x08, 0xCD, 0xCA, 0xF9, 0x48, 0x9F, 0x77, 0x7A, 0x4D, 0x71, 0x3F, 0xEE,
    0xFE, 0x6E, 0xD9, 0x42, 0x5B, 0xA8, 0x0C, 0xBD, 0xA1, 0x3C, 0x3C, 0x80, 0x1B, 0xF0, 0x05, 0x0E,
    0xC1, 0x2B, 0xBA, 0x26, 0x47, 0x77, 0xF2, 0x3B, 0xF9, 0xDA, 0x60, 0x92, 0x27, 0x1A, 0x6F, 0x09,
    0x17, 0xA3, 0xE8, 0x59, 0xE2, 0x7F, 0x7B, 0xB2, 0x9E, 0x6C, 0x31, 0xCA, 0x1E, 0x8B, 0x01, 0x02,
    0xF0, 0x30, 0x8D, 0x88, 0x61, 0x5E, 0xDF, 0x56, 0x6E, 0x1D, 0xC9, 0x79, 0xBE, 0x0A, 0xD6, 0xF4,
    0x1D, 0xB8, 0x1F, 0x76, 0xBF, 0x79, 0xA6, 0x7A, 0x3B, 0x53, 0x53, 0x14, 0xF8, 0x18, 0x24, 0x9F,
    0x0E, 0xDA, 0x5A, 0x66, 0xBD, 0x9F, 0xA9, 0xF1, 0x4B, 0x99, 0x65, 0xFF, 0xDF, 0xE5, 0xC2, 0x34,
    0x2C, 0xE0, 0x72, 0xF5, 0x58, 0x1E, 0x1B, 0x61, 0x4B, 0x6C, 0x7E, 0x4D, 0xAE, 0x3A, 0x18, 0x71,
    0x09, 0x83, 0x88, 0xC1, 0x0C, 0x78, 0x3A, 0x35, 0x00, 0x1E, 0x92, 0xBA, 0x18, 0x01, 0xD9, 0x02,
    0x88, 0xB9, 0x03, 0xF4, 0x0C, 0x28, 0x46, 0x00, 0xC8, 0x47, 0x21, 0x29, 0x24, 0x85, 0xA4, 0x90,
    0x94, 0x7B, 0x24, 0xE1, 0x67, 0xF1, 0x96, 0x87, 0x10, 0x5E, 0xC6, 0x88, 0x88, 0x25, 0x62, 0xA8,
    0x61, 0xB7, 0xDA, 0x5A, 0x83, 0x45, 0xED, 0x2C, 0x86, 0x4A, 0xE1, 0x91, 0x5A, 0xB7, 0x45, 0xED,
    0x2C, 0x46, 0x11, 0x1E, 0x71, 0x02, 0xD0, 0x8D, 0xD1, 0x7E, 0x3F, 0xBC, 0xEE, 0xAE, 0x2B, 0x8B,
    0xDF, 0xC8, 0x65, 0x63, 0x0F, 0x59, 0x8E, 0xE4, 0x2C, 0xAE, 0x20, 0xE1, 0x5F, 0x88, 0x47, 0x10,
    0xEB, 0x57, 0x81, 0xF0, 0xAF, 0x8D, 0x84, 0x67, 0x81, 0x8C, 0x8C, 0x40, 0x2C, 0x3D, 0xEB, 0x6B,
    0x6A, 0xB0, 0xB9, 0x68, 0xC1, 0x05, 0x85, 0xBC, 0x2E, 0x36, 0xA4, 0xBF, 0x4E, 0xC1, 0x32, 0x1A,
    0xE8, 0x76, 0xBA, 0xB9, 0xA0, 0xDC, 0x78, 0x50, 0x3C, 0x14, 0x3C, 0x22, 0x7E, 0x60, 0x78, 0x7C,
    0xAE, 0x1F, 0x2D, 0x34, 0x6D, 0x08, 0x23, 0x21, 0x00, 0xBE, 0x08, 0xED, 0x8B, 0x2B, 0xAC, 0xC7,
    0xF5, 0x9C, 0x0D, 0x02, 0x75, 0x46, 0x68, 0x96, 0x8E, 0x51, 0x0E, 0xBC, 0x15, 0x03, 0x38, 0xED,
    0x6C, 0x24, 0x74, 0xDE, 0xF5, 0x56, 0x00, 0x92, 0x53, 0xCB, 0x72, 0x50, 0xA9, 0xC5, 0x49, 0xF0,
    0xD6, 0xC8, 0xFF, 0x2E, 0x0E, 0x0F, 0x6B, 0x2E, 0x80, 0x34, 0x00, 0x36, 0x0B, 0x06, 0x16, 0xCC,
    0xA7, 0x6C, 0x3D, 0xA9, 0x7D, 0x84, 0x4A, 0x92, 0x11, 0x90, 0x2D, 0x00, 0x09, 0x0D, 0x38, 0x3D,
    0x63, 0x64, 0x31, 0x62, 0x5E, 0xBA, 0x48, 0xBE, 0xE0, 0xC6, 0x4D, 0x83, 0xB5, 0xB3, 0xD4, 0x06,
    0x83, 0x3C, 0x18, 0x5C, 0xDC, 0xC6, 0x77, 0xFC, 0x4B, 0x48, 0xC9, 0x5E, 0xFC, 0xAB, 0xD5, 0xF3,
    0xB9, 0x79, 0xC6, 0x27, 0x2F, 0xA4, 0x93, 0x22, 0xF2, 0x19, 0x22, 0x4E, 0x71, 0x8C, 0x45, 0xED,
    0x2C, 0x16, 0x83, 0xC5, 0x6C, 0xB6, 0x18, 0x09, 0x8B, 0x8A, 0xE7, 0x2D, 0xA2, 0xBC, 0x6D, 0xDC,
    0x7B, 0x4A, 0x48, 0xDD, 0x75, 0xE0, 0xB9, 0xC8, 0x5F, 0x12, 0x0A, 0xB5, 0x10, 0x87, 0xF5, 0x99,
    0xFD, 0x18, 0xA3, 0x18, 0xAF, 0x98, 0xAB, 0x58, 0x47, 0x31, 0x55, 0x69, 0x11, 0xFD, 0x12, 0x91,
    0xB7, 0x8B, 0x6F, 0xAD, 0x06, 0x15, 0x56, 0x57, 0x9E, 0x2E, 0xD0, 0x11, 0xBA, 0x43, 0xA7, 0xE8,
    0xDA, 0x75, 0x37, 0xEF, 0xDC, 0x43, 0xFE, 0xED, 0x5B, 0x3E, 0xBD, 0x6D, 0xDC, 0xBB, 0xDA, 0x54,
    0x9E, 0x2E, 0xD0, 0x11, 0xBA, 0x43, 0xA7, 0x6E, 0xB8, 0x49, 0x97, 0xE9, 0xB8, 0xBB, 0x5F, 0x5E,
    0x76, 0xF3, 0xB4, 0xC8, 0x1E, 0x71, 0x13, 0x78, 0x15, 0x85, 0xD1, 0x78, 0xDE, 0x8C, 0xF9, 0x1C,
    0xEF, 0x05, 0x91, 0xDD, 0xD9, 0xFE, 0x89, 0x36, 0xB2, 0xE9, 0xFD, 0x5A, 0x79, 0x82, 0xD2, 0xA8,
    0x87, 0x11, 0x66, 0x07, 0x6B, 0x77, 0xE1, 0x03, 0xE1, 0xC7, 0x08, 0x56, 0xDB, 0x2B, 0x08, 0xAE,
    0xDD, 0x64, 0x22, 0x17, 0xC3, 0x41, 0x3B, 0x53, 0xFA, 0x00, 0x95, 0xC3, 0x82, 0xA1, 0xCA, 0x2B,
    0xA4, 0x08, 0x30, 0x23, 0x03, 0xE5, 0x6B, 0xFE, 0x44, 0x60, 0x7B, 0x08, 0xBF, 0x33, 0x91, 0x99,
    0x89, 0xD8, 0xD0, 0xCD, 0x22, 0xA7, 0x0E, 0x37, 0x4F, 0xD1, 0xE3, 0xE6, 0xC1, 0xFD, 0x58, 0xF1,
    0x94, 0xF0, 0xD3, 0x6B, 0x2C, 0x07, 0x40, 0x8D, 0x77, 0x78, 0xBE, 0x07, 0x1F, 0x22, 0x7C, 0x25,
    0xF2, 0x6D, 0x84, 0x41, 0xA4, 0x6E, 0x8E, 0xD9, 0x64, 0x62, 0x1F, 0x8B, 0xD1, 0x94, 0xFF, 0xA8,
    0x67, 0xD3, 0xFB, 0x23, 0x74, 0x3F, 0x3D, 0x2F, 0x2C, 0x47, 0x23, 0x6C, 0xA1, 0x51, 0x29, 0x94,
    0xF7, 0x35, 0x7F, 0x20, 0xA0, 0x25, 0x21, 0x84, 0xF6, 0x35, 0x9C, 0xC1, 0xD1, 0xA9, 0xE4, 0x6F,
    0x5B, 0x72, 0xF7, 0x69, 0xAC, 0x23, 0x55, 0x7F, 0x9A, 0xCC, 0xA9, 0x90, 0x4C, 0x9B, 0x51, 0xB2,
    0x29, 0x99, 0xD2, 0x49, 0xF2, 0x3E, 0x66, 0xB9, 0x48, 0xD1, 0x45, 0x50, 0x29, 0x9B, 0x08, 0x25,
    0xAA, 0xA5, 0xEC, 0xDA, 0x1A, 0x9A, 0xB6, 0x4F, 0x84, 0x23, 0xA0, 0x5B, 0x01, 0xDA, 0xE6, 0xEB,
    0xDB, 0x0A, 0xED, 0x33, 0xA1, 0xE6, 0x74, 0xD6, 0xD6, 0x46, 0x2B, 0x31, 0x35, 0x77, 0xAD, 0x65,
    0x28, 0xC5, 0x39, 0xC2, 0x22, 0x9B, 0x11, 0x97, 0xA5, 0x9D, 0xB4, 0xDD, 0x10, 0xFB, 0xFF, 0x4C,
    0xCC, 0xBA, 0x92, 0x7E, 0x64, 0x81, 0x0A, 0x94, 0x4B, 0x75, 0xB3, 0xDE, 0x11, 0x32, 0x42, 0xF1,
    0x57, 0x6F, 0xBA, 0xD4, 0x7F, 0xF4, 0xB5, 0x51, 0x59, 0x7F, 0x6A, 0xE3, 0xEA, 0x59, 0xBF, 0xEB,
    0x63, 0x7E, 0x59, 0x6F, 0x95, 0xAD, 0xCB, 0x7A, 0x4B, 0xAD, 0xCD, 0xFA, 0xA8, 0xA4, 0x56, 0x11,
    0x54, 0xD6, 0x0F, 0x7C, 0xE2, 0xE7, 0x3E, 0xDF, 0x4F, 0x73, 0x05, 0x4F, 0x13, 0x40, 0xB1, 0x1A,
    0x6D, 0x3C, 0x4D, 0x2B, 0xF1, 0xFD, 0x8B, 0x34, 0x83, 0x55, 0xD2, 0xCB, 0x34, 0x37, 0x6B, 0x9A,
    0xBF, 0xC5, 0x34, 0xD1, 0xF6, 0x9F, 0x17, 0x9E, 0xF4, 0xFA, 0xDF, 0x73, 0x97, 0x3F, 0x50, 0x4A,
    0x16, 0x3A, 0xC2, 0x00, 0xB8, 0x59, 0xE8, 0xB6, 0x5C, 0x45, 0xB9, 0x66, 0xF8, 0xC5, 0xA8, 0x6C,
    0x4E, 0x46, 0xDE, 0x5F, 0xFB, 0xF7, 0xF9, 0x59, 0xF8, 0x1E, 0xBF, 0x4D, 0xF7, 0x9E, 0x18, 0xD2,
    0x04, 0x49, 0x3D, 0xB6, 0xAF, 0x7F, 0xCC, 0xFD, 0x33, 0xC2, 0x01, 0x49, 0xB0, 0x6B, 0x87, 0xD1,
    0x62, 0x00, 0x00, 0xDC, 0x94, 0x31, 0x6E, 0x85, 0x46, 0x18, 0x84, 0x07, 0x90, 0x4C, 0xB1, 0x05,
    0x75, 0x94, 0x82, 0x23, 0xD0, 0x26, 0x15, 0xF4, 0x39, 0x8C, 0x8F, 0xC0, 0xDE, 0x20, 0xCA, 0x09,
    0x72, 0x13, 0xC3, 0x0D, 0xC2, 0x11, 0x56, 0x91, 0x7B, 0x3F, 0x29, 0x14, 0x44, 0x01, 0x26, 0x6F,
    0xFE, 0x1F, 0x05, 0x50, 0x1C, 0xC5, 0x6D, 0xB2, 0xB2, 0xBF, 0x7D, 0xDE, 0xFD, 0xFF, 0x99, 0xD9,
    0xA7, 0x5D, 0x63, 0x98, 0x01, 0x20, 0xEC, 0x22, 0x38, 0x89, 0xB5, 0x2D, 0x15, 0xC7, 0x52, 0x27,
    0xB6, 0xB6, 0x51, 0x3D, 0x6C, 0x63, 0x01, 0x5E, 0xF8, 0xD3, 0x0A, 0xF4, 0x5C, 0xDE, 0x90, 0x91,
    0x6C, 0x51, 0xEE, 0x5D, 0xFD, 0xD1, 0x55, 0x33, 0x72, 0x8E, 0xCD, 0x04, 0x0C, 0x63, 0x1B, 0x81,
    0x76, 0xEC, 0x3B, 0xA0, 0x99, 0x06, 0x88, 0x94, 0x76, 0xFA, 0x1B, 0xA7, 0x2B, 0xAD, 0xD2, 0xBB,
    0x5C, 0x21, 0x9A, 0x1A, 0xA4, 0xBC, 0x9B, 0xCB, 0x6A, 0x8E, 0x0F, 0xA0, 0x21, 0x23, 0x90, 0xF1,
    0xDD, 0x02, 0x2E, 0xC6, 0x55, 0x1C, 0x8C, 0xDC, 0xC4, 0x4D, 0xB2, 0xF9, 0x2A, 0xD9, 0x62, 0x95,
    0x6C, 0xB1, 0xB4, 0x23, 0x50, 0x3E, 0x9A, 0x51, 0xE7, 0xA9, 0xA7, 0x27, 0x53, 0x95, 0x64, 0x5D,
    0x49, 0x73, 0x2C, 0x67, 0x99, 0xEA, 0x8C, 0x7D, 0x57, 0xAC, 0xB2, 0xCE, 0x37, 0x80, 0xC8, 0x76,
    0xFD, 0x80, 0xC8, 0xB5, 0x68, 0x5B, 0x7D, 0x2C, 0x17, 0x9D, 0x31, 0xCC, 0xA2, 0xDA, 0xEB, 0x54,
    0x27, 0xC9, 0x36, 0x93, 0x28, 0xA3, 0xE0, 0x76, 0xEB, 0x20, 0xEB, 0xD5, 0xC2, 0x6C, 0xD4, 0xB8,
    0xB1, 0x17, 0xC7, 0x1B, 0x3B, 0x69, 0xFE, 0x57, 0xD8, 0x2A, 0xF3, 0x7C, 0xA3, 0xDF, 0xA4, 0x87,
    0x18, 0x16, 0xB1, 0xD8, 0xC4, 0x8C, 0x22, 0x86, 0x51, 0xBC, 0x15, 0xAD, 0x67, 0x11, 0x68, 0xEC,
    0xBD, 0x28, 0x9D, 0x57, 0xAF, 0xB4, 0xA2, 0x7C, 0xBF, 0x16, 0xC5, 0x93, 0xB4, 0xDD, 0xED, 0xAC,
    0xF4, 0x2E, 0xB7, 0x19, 0xE2, 0x5F, 0xF6, 0x85, 0x6F, 0xCE, 0x62, 0x93, 0x4E, 0x2B, 0x76, 0x76,
    0xEF, 0xCF, 0x38, 0xF5, 0xA5, 0xFF, 0x76, 0xBA, 0x93, 0xEB, 0x95, 0x38, 0xDE, 0x87, 0x25, 0xB0,
    0x5E, 0x54, 0x93, 0x4D, 0xF5, 0x68, 0x53, 0xDB, 0x79, 0x68, 0x23, 0x36, 0x63, 0x76, 0xB4, 0xCD,
    0x36, 0x85, 0xA3, 0xCD, 0xEB, 0x9B, 0xE8, 0x6D, 0x46, 0xBC, 0xE1, 0x5F, 0x86, 0x2B, 0xE5, 0x8B,
    0x0B, 0xBA, 0x52, 0x48, 0xFF, 0x2C, 0xB8, 0x1B, 0xB3, 0x2F, 0xE7, 0xBE, 0x2E, 0x35, 0xC7, 0x8E,
    0x0B, 0xF6, 0x5E, 0x30, 0x5C, 0x75, 0xCF, 0xF3, 0x71, 0xD7, 0x23, 0x04, 0x69, 0x2E, 0x64, 0x27,
    0x17, 0xB5, 0x06, 0x4D, 0x23, 0xAA, 0x24, 0x3D, 0x79, 0xEA, 0x57, 0x06, 0x55, 0xB2, 0xA8, 0xE1,
    0x21, 0x6B, 0x55, 0xF7, 0xFE, 0x15, 0x0D, 0x1E, 0x74, 0x87, 0x09, 0x6E, 0x26, 0xEF, 0xF9, 0x37,
    0x3F, 0xF6, 0x9B, 0x7F, 0x8F, 0xBD, 0x1F, 0xA3, 0xFD, 0xC1, 0xA7, 0x1F, 0x27, 0x8B, 0xFC, 0x8B,
    0x65, 0xAE, 0x3F, 0x6C, 0xAA, 0x18, 0x7D, 0xB2, 0xE8, 0x81, 0xE2, 0xEB, 0x3B, 0xC2, 0xEF, 0x28,
    0xB8, 0xA3, 0x65, 0xAC, 0xC8, 0x38, 0x30, 0x35, 0xA9, 0x19, 0xE7, 0xFA, 0xD1, 0xC6, 0xF2, 0xD7,
    0xB1, 0x58, 0x5A, 0xE4, 0xBF, 0x75, 0xF9, 0xDA, 0x03, 0x7F, 0x20, 0xD3, 0xB4, 0x5D, 0xA7, 0x8C,
    0xCF, 0xA9, 0x45, 0xF1, 0xF3, 0xB3, 0xA4, 0x8D, 0xA1, 0x7A, 0x36, 0x3C, 0xDB, 0xC3, 0xB3, 0xBD,
    0xE2, 0x56, 0x90, 0x53, 0xC1, 0x19, 0x64, 0x44, 0x3F, 0xA1, 0x5E, 0x2C, 0x13, 0xA9, 0x6B, 0x29,
    0x16, 0x46, 0x0F, 0x1E, 0xFE, 0x97, 0xEC, 0xC9, 0xC9, 0x18, 0xC5, 0xCD, 0x6E, 0x4C, 0x02, 0x52,
    0x49, 0x76, 0xF9, 0x5A, 0x93, 0x4B, 0x58, 0xDA, 0xE9, 0x95, 0x7C, 0xF4, 0xC8, 0xC9, 0xF1, 0x1B,
    0xE0, 0x5B, 0x55, 0xDD, 0xC7, 0x97, 0xBB, 0xFC, 0x62, 0x14, 0xCB, 0x79, 0xAD, 0xAB, 0x74, 0xDC,
    0xE0, 0xCF, 0xDE, 0xEE, 0x51, 0xEE, 0x69, 0xD3, 0xF9, 0x68, 0x9A, 0x78, 0x3C, 0x99, 0xCF, 0xBA,
    0x0E, 0xDD, 0xC9, 0x75, 0xCF, 0xB7, 0xD2, 0xE3, 0x36, 0xCA, 0xF3, 0xDF, 0x54, 0xA0, 0x38, 0xB0,
    0x7B, 0xC6, 0xE4, 0x0C, 0x64, 0xDC, 0x65, 0xC2, 0x09, 0xC8, 0xB9, 0xD9, 0x47, 0x15, 0xB4, 0xF3,
    0xF1, 0xBC, 0xCE, 0xCF, 0xB6, 0x5E, 0x72, 0xC1, 0x51, 0xAF, 0x86, 0xDD, 0x8C, 0xF9, 0x0E, 0x09,
    0xB1, 0x3B, 0xF4, 0x65, 0x10, 0x4F, 0xDF, 0xFB, 0xB0, 0xE4, 0xF1, 0x4A, 0x5F, 0xFF, 0x0E, 0x17,
    0xC7, 0xCD, 0x78, 0x37, 0x49, 0x32, 0x19, 0x0E, 0x13, 0x7F, 0x66, 0xF6, 0xC7, 0x0B, 0xBD, 0x47,
    0xCC, 0x28, 0x36, 0xA2, 0x25, 0xF5, 0x92, 0x70, 0x1C, 0xB4, 0xD3, 0x56, 0x3A, 0xF5, 0x27, 0xF1,
    0xFB, 0x3F, 0x07, 0xB6, 0x97, 0x18, 0x77, 0x02, 0x00, 0xC5, 0xCF, 0x01, 0x06, 0xC0, 0x40, 0x10,
    0x43, 0xD1, 0x00, 0x8B, 0x3D, 0xC4, 0x1E, 0x61, 0x8E, 0x38, 0x57, 0x2E, 0x02, 0x18, 0x4D, 0x63,
    0x40, 0x8B, 0x62, 0xC1, 0x06, 0x0F, 0xF8, 0x08, 0x86, 0x38, 0x89, 0x10, 0x57, 0x21, 0xC5, 0x28,
    0xDC, 0xC0, 0x6A, 0x27, 0xAD, 0xF7, 0x67, 0xCA, 0xBB, 0xDE, 0x76, 0x75, 0xCE, 0xA1, 0xB2, 0xD1,
    0xA6, 0xDD, 0x68, 0x53, 0xAA, 0xAF, 0x67, 0xBF, 0x3C,
};

static const EpdGlyph terminalmono_22_regularGlyphs[] = {
    { 0, 0, 0, 0, 0, 0, 0 }, // U+0000
    { 0, 0, 440, 0, 0, 0, 0 }, // U+000D
    { 0, 0, 440, 0, 0, 0, 0 }, // U+0020
    { 8, 32, 440, 10, 32, 64, 0 }, // !
    { 12, 13, 440, 8, 34, 39, 64 }, // "
    { 27, 32, 440, 0, 32, 216, 103 }, // #
    { 24, 44, 440, 2, 38, 264, 319 }, // $
    { 27, 34, 440, 0, 33, 230, 583 }, // %
    { 26, 34, 440, 1, 33, 221, 813 }, // &
    { 4, 13, 440, 12, 34, 13, 1034 }, // '
    { 14, 41, 440, 9, 35, 144, 1047 }, // (
    { 15, 41, 440, 4, 35, 154, 1191 }, // )
    { 25, 23, 440, 1, 26, 144, 1345 }, // *
    { 23, 23, 440, 2, 26, 133, 1489 }, // +
    { 9, 12, 440, 9, 6, 27, 1622 }, // ,
    { 14, 3, 440, 7, 15, 11, 1649 }, // -
    { 8, 6, 440, 10, 6, 12, 1660 }, // .
    { 20, 41, 440, 4, 35, 205, 1672 }, // /
    { 24, 34, 440, 2, 33, 204, 1877 }, // 0
    { 24, 32, 440, 2, 32, 192, 2081 }, // 1
    { 23, 33, 440, 2, 33, 190, 2273 }, // 2
    { 22, 34, 440, 2, 33, 187, 2463 }, // 3
    { 25, 32, 440, 1, 32, 200, 2650 }, // 4
    { 22, 33, 440, 3, 32, 182, 2850 }, // 5
    { 23, 33, 440, 2, 32, 190, 3032 }, // 6
    { 23, 32, 440, 2, 32, 184, 3222 }, // 7
    { 24, 34, 440, 2, 33, 204, 3406 }, // 8
    { 23, 33, 440, 2, 33, 190, 3610 }, // 9
    { 8, 24, 440, 10, 24, 48, 3800 }, // :
    { 9, 30, 440, 9, 24, 68, 3848 }, // ;
    { 21, 27, 440, 3, 28, 142, 3916 }, // <
    { 23, 12, 440, 2, 20, 69, 4058 }, // =
    { 21, 27, 440, 3, 28, 142, 4127 }, // >
    { 21, 33, 440, 3, 33, 174, 4269 }, // ?
    { 23, 38, 440, 2, 33, 219, 4443 }, // @
    { 26, 32, 440, 1, 32, 208, 4662 }, // A
    { 21, 32, 440, 4, 32, 168, 4870 }, // B
    { 22, 34, 440, 3, 33, 187, 5038 }, // C
    { 22, 32, 440, 4, 32, 176, 5225 }, // D
    { 20, 32, 440, 4, 32, 160, 5401 }, // E
    { 21, 32, 440, 4, 32, 168, 5561 }, // F
    { 23, 34, 440, 2, 33, 196, 5729 }, // G
    { 21, 32, 440, 3, 32, 168, 5925 }, // H
    { 21, 32, 440, 3, 32, 168, 6093 }, // I
    { 20, 33, 440, 3, 32, 165, 6261 }, // J
    { 24, 32, 440, 3, 32, 192, 6426 }, // K
    { 20, 32, 440, 5, 32, 160, 6618 }, // L
    { 22, 32, 440, 3, 32, 176, 6778 }, // M
    { 21, 32, 440, 3, 32, 168, 6954 }, // N
    { 24, 34, 440, 2, 33, 204, 7122 }, // O
    { 21, 32, 440, 4, 32, 168, 7326 }, // P
    { 24, 40, 440, 2, 33, 240, 7494 }, // Q
    { 22, 32, 440, 4, 32, 176, 7734 }, // R
    { 23, 34, 440, 2, 33, 196, 7910 }, // S
    { 26, 32, 440, 1, 32, 208, 8106 }, // T
    { 21, 33, 440, 3, 32, 174, 8314 }, // U
    { 25, 32, 440, 1, 32, 200, 8488 }, // V
    { 25, 32, 440, 1, 32, 200, 8688 }, // W
    { 26, 32, 440, 1, 32, 208, 8888 }, // X
    { 27, 32, 440, 0, 32, 216, 9096 }, // Y
    { 24, 32, 440, 2, 32, 192, 9312 }, // Z
    { 14, 41, 440, 10, 35, 144, 9504 }, // [
    { 20, 41, 440, 4, 35, 205, 9648 }, // <backslash>
    { 14, 41, 440, 4, 35, 144, 9853 }, // ]
    { 24, 19, 440, 2, 32, 114, 9997 }, // ^
    { 23, 3, 440, 2, -5, 18, 10111 }, // _
    { 8, 9, 440, 8, 36, 18, 10129 }, // `
    { 23, 25, 440, 3, 24, 144, 10147 }, // a
    { 21, 35, 440, 4, 34, 184, 10291 }, // b
    { 21, 25, 440, 3, 24, 132, 10475 }, // c
    { 22, 35, 440, 2, 34, 193, 10607 }, // d
    { 22, 25, 440, 3, 24, 138, 10800 }, // e
    { 23, 34, 440, 3, 34, 196, 10938 }, // f
    { 23, 37, 440, 3, 27, 213, 11134 }, // g
    { 20, 34, 440, 4, 34, 170, 11347 }, // h
    { 22, 34, 440, 4, 34, 187, 11517 }, // i
    { 17, 43, 440, 4, 34, 183, 11704 }, // j
    { 23, 34, 440, 4, 34, 196, 11887 }, // k
    { 21, 34, 440, 3, 34, 179, 12083 }, // l
    { 24, 24, 440, 2, 24, 144, 12262 }, // m
    { 20, 24, 440, 4, 24, 120, 12406 }, // n
    { 22, 25, 440, 3, 24, 138, 12526 }, // o
    { 21, 33, 440, 4, 24, 174, 12664 }, // p
    { 22, 33, 440, 2, 24, 182, 12838 }, // q
    { 23, 24, 440, 3, 24, 138, 13020 }, // r
    { 22, 25, 440, 3, 24, 138, 13158 }, // s
    { 24, 32, 440, 1, 32, 192, 13296 }, // t
    { 20, 25, 440, 4, 24, 125, 13488 }, // u
    { 23, 24, 440, 2, 24, 138, 13613 }, // v
    { 26, 24, 440, 1, 24, 156, 13751 }, // w
    { 23, 24, 440, 2, 24, 138, 13907 }, // x
    { 24, 33, 440, 2, 24, 198, 14045 }, // y
    { 21, 24, 440, 3, 24, 126, 14243 }, // z
    { 19, 41, 440, 4, 35, 195, 14369 }, // {
    { 4, 41, 440, 12, 35, 41, 14564 }, // |
    { 19, 41, 440, 4, 35, 195, 14605 }, // }
    { 24, 10, 440, 2, 19, 60, 14800 }, // ~
    { 0, 0, 440, 0, 0, 0, 0 }, // U+00A0
    { 8, 33, 440, 10, 24, 66, 0 }, // U+00A1
    { 21, 34, 440, 3, 29, 179, 66 }, // U+00A2
    { 24, 33, 440, 2, 33, 198, 245 }, // U+00A3
    { 22, 31, 440, 3, 32, 171, 443 }, // U+00A4
    { 26, 32, 440, 1, 32, 208, 614 }, // U+00A5
    { 4, 41, 440, 12, 35, 41, 822 }, // U+00A6
    { 22, 40, 440, 3, 33, 220, 863 }, // U+00A7
    { 15, 5, 440, 6, 33, 19, 1083 }, // U+00A8
    { 28, 30, 440, 0, 31, 210, 1102 }, // U+00A9
    { 16, 17, 440, 6, 33, 68, 1312 }, // U+00AA
    { 22, 19, 440, 3, 22, 105, 1380 }, // U+00AB
    { 23, 12, 440, 2, 16, 69, 1485 }, // U+00AC
    { 14, 3, 440, 7, 15, 11, 1554 }, // U+00AD
    { 18, 16, 440, 5, 33, 72, 1565 }, // U+00AE
    { 14, 3, 440, 7, 32, 11, 1637 }, // U+00AF
    { 17, 16, 440, 5, 33, 68, 1648 }, // U+00B0
    { 23, 29, 440, 2, 29, 167, 1716 }, // U+00B1
    { 14, 17, 440, 7, 32, 60, 1883 }, // U+00B2
    { 14, 17, 440, 6, 32, 60, 1943 }, // U+00B3
    { 8, 9, 440, 11, 36, 18, 2003 }, // U+00B4
    { 20, 33, 440, 4, 24, 165, 2021 }, // U+00B5
    { 22, 39, 440, 2, 32, 215, 2186 }, // U+00B6
    { 8, 6, 440, 10, 17, 12, 2401 }, // U+00B7
    { 11, 12, 440, 9, 1, 33, 2413 }, // U+00B8
    { 14, 17, 440, 7, 32, 60, 2446 }, // U+00B9
    { 16, 17, 440, 6, 33, 68, 2506 }, // U+00BA
    { 22, 19, 440, 3, 22, 105, 2574 }, // U+00BB
    { 27, 32, 440, 0, 32, 216, 2679 }, // U+00BC
    { 27, 32, 440, 0, 32, 216, 2895 }, // U+00BD
    { 27, 32, 440, 0, 32, 216, 3111 }, // U+00BE
    { 21, 33, 440, 4, 24, 174, 3327 }, // U+00BF
    { 26, 44, 440, 1, 44, 286, 3501 }, // U+00C0
    { 26, 44, 440, 1, 44, 286, 3787 }, // U+00C1
    { 26, 43, 440, 1, 43, 280, 4073 }, // U+00C2
    { 26, 41, 440, 1, 41, 267, 4353 }, // U+00C3
    { 26, 41, 440, 1, 41, 267, 4620 }, // U+00C4
    { 26, 45, 440, 1, 45, 293, 4887 }, // U+00C5
    { 26, 32, 440, 0, 32, 208, 5180 }, // U+00C6
    { 22, 43, 440, 3, 33, 237, 5388 }, // U+00C7
    { 20, 44, 440, 4, 44, 220, 5625 }, // U+00C8
    { 20, 44, 440, 4, 44, 220, 5845 }, // U+00C9
    { 20, 43, 440, 4, 43, 215, 6065 }, // U+00CA
    { 20, 41, 440, 4, 41, 205, 6280 }, // U+00CB
    { 21, 44, 440, 3, 44, 231, 6485 }, // U+00CC
    { 21, 44, 440, 3, 44, 231, 6716 }, // U+00CD
    { 21, 43, 440, 3, 43, 226, 6947 }, // U+00CE
    { 21, 41, 440, 3, 41, 216, 7173 }, // U+00CF
    { 25, 32, 440, 1, 32, 200, 7389 }, // U+00D0
    { 21, 41, 440, 3, 41, 216, 7589 }, // U+00D1
    { 24, 45, 440, 2, 44, 270, 7805 }, // U+00D2
    { 24, 45, 440, 2, 44, 270, 8075 }, // U+00D3
    { 24, 44, 440, 2, 43, 264, 8345 }, // U+00D4
    { 24, 42, 440, 2, 41, 252, 8609 }, // U+00D5
    { 24, 42, 440, 2, 41, 252, 8861 }, // U+00D6
    { 20, 20, 440, 4, 24, 100, 9113 }, // U+00D7
    { 24, 38, 440, 2, 35, 228, 9213 }, // U+00D8
    { 21, 45, 440, 3, 44, 237, 9441 }, // U+00D9
    { 21, 45, 440, 3, 44, 237, 9678 }, // U+00DA
    { 21, 44, 440, 3, 43, 231, 9915 }, // U+00DB
    { 21, 42, 440, 3, 41, 221, 10146 }, // U+00DC
    { 27, 44, 440, 0, 44, 297, 10367 }, // U+00DD
    { 21, 32, 440, 4, 32, 168, 10664 }, // U+00DE
    { 23, 43, 440, 4, 34, 248, 10832 }, // U+00DF
    { 23, 37, 440, 3, 36, 213, 11080 }, // U+00E0
    { 23, 37, 440, 3, 36, 213, 11293 }, // U+00E1
    { 23, 36, 440, 3, 35, 207, 11506 }, // U+00E2
    { 23, 34, 440, 3, 33, 196, 11713 }, // U+00E3
    { 23, 34, 440, 3, 33, 196, 11909 }, // U+00E4
    { 23, 39, 440, 3, 38, 225, 12105 }, // U+00E5
    { 27, 25, 440, 0, 24, 169, 12330 }, // U+00E6
    { 21, 33, 440, 3, 24, 174, 12499 }, // U+00E7
    { 22, 37, 440, 3, 36, 204, 12673 }, // U+00E8
    { 22, 37, 440, 3, 36, 204, 12877 }, // U+00E9
    { 22, 36, 440, 3, 35, 198, 13081 }, // U+00EA
    { 22, 34, 440, 3, 33, 187, 13279 }, // U+00EB
    { 22, 36, 440, 4, 36, 198, 13466 }, // U+00EC
    { 22, 36, 440, 4, 36, 198, 13664 }, // U+00ED
    { 22, 35, 440, 4, 35, 193, 13862 }, // U+00EE
    { 22, 33, 440, 4, 33, 182, 14055 }, // U+00EF
    { 22, 36, 440, 3, 35, 198, 14237 }, // U+00F0
    { 20, 33, 440, 4, 33, 165, 14435 }, // U+00F1
    { 22, 37, 440, 3, 36, 204, 14600 }, // U+00F2
    { 22, 37, 440, 3, 36, 204, 14804 }, // U+00F3
    { 22, 36, 440, 3, 35, 198, 15008 }, // U+00F4
    { 22, 34, 440, 3, 33, 187, 15206 }, // U+00F5
    { 22, 34, 440, 3, 33, 187, 15393 }, // U+00F6
    { 23, 23, 440, 2, 26, 133, 15580 }, // U+00F7
    { 24, 29, 440, 2, 26, 174, 15713 }, // U+00F8
    { 20, 37, 440, 4, 36, 185, 15887 }, // U+00F9
    { 20, 37, 440, 4, 36, 185, 16072 }, // U+00FA
    { 20, 36, 440, 4, 35, 180, 16257 }, // U+00FB
    { 20, 34, 440, 4, 33, 170, 16437 }, // U+00FC
    { 24, 45, 440, 2, 36, 270, 16607 }, // U+00FD
    { 21, 43, 440, 4, 34, 226, 16877 }, // U+00FE
    { 24, 42, 440, 2, 33, 252, 17103 }, // U+00FF
    { 26, 40, 440, 1, 40, 260, 0 }, // U+0100
    { 23, 33, 440, 3, 32, 190, 260 }, // U+0101
    { 26, 43, 440, 1, 43, 280, 450 }, // U+0102
    { 23, 36, 440, 3, 35, 207, 730 }, // U+0103
    { 27, 42, 440, 1, 32, 284, 937 }, // U+0104
    { 24, 34, 440, 3, 24, 204, 1221 }, // U+0105
    { 22, 45, 440, 3, 44, 248, 1425 }, // U+0106
    { 21, 37, 440, 3, 36, 195, 1673 }, // U+0107
    { 22, 44, 440, 3, 43, 242, 1868 }, // U+0108
    { 21, 36, 440, 3, 35, 189, 2110 }, // U+0109
    { 22, 42, 440, 3, 41, 231, 2299 }, // U+010A
    { 21, 34, 440, 3, 33, 179, 2530 }, // U+010B
    { 22, 44, 440, 3, 43, 242, 2709 }, // U+010C
    { 21, 37, 440, 3, 36, 195, 2951 }, // U+010D
    { 22, 43, 440, 4, 43, 237, 3146 }, // U+010E
    { 28, 35, 440, 2, 34, 245, 3383 }, // U+010F
    { 25, 32, 440, 1, 32, 200, 3628 }, // U+0110
    { 25, 35, 440, 2, 34, 219, 3828 }, // U+0111
    { 20, 40, 440, 4, 40, 200, 4047 }, // U+0112
    { 22, 33, 440, 3, 32, 182, 4247 }, // U+0113
    { 20, 43, 440, 4, 43, 215, 4429 }, // U+0114
    { 22, 36, 440, 3, 35, 198, 4644 }, // U+0115
    { 20, 41, 440, 4, 41, 205, 4842 }, // U+0116
    { 22, 34, 440, 3, 33, 187, 5047 }, // U+0117
    { 21, 42, 440, 4, 32, 221, 5234 }, // U+0118
    { 22, 34, 440, 3, 24, 187, 5455 }, // U+0119
    { 20, 43, 440, 4, 43, 215, 5642 }, // U+011A
    { 22, 37, 440, 3, 36, 204, 5857 }, // U+011B
    { 23, 44, 440, 2, 43, 253, 6061 }, // U+011C
    { 23, 45, 440, 3, 35, 259, 6314 }, // U+011D
    { 23, 44, 440, 2, 43, 253, 6573 }, // U+011E
    { 23, 45, 440, 3, 35, 259, 6826 }, // U+011F
    { 23, 42, 440, 2, 41, 242, 7085 }, // U+0120
    { 23, 43, 440, 3, 33, 248, 7327 }, // U+0121
    { 23, 45, 440, 2, 33, 259, 7575 }, // U+0122
    { 23, 46, 440, 3, 36, 265, 7834 }, // U+0123
    { 21, 43, 440, 3, 43, 226, 8099 }, // U+0124
    { 26, 43, 440, -2, 43, 280, 8325 }, // U+0125
    { 28, 32, 440, 0, 32, 224, 8605 }, // U+0126
    { 23, 34, 440, 1, 34, 196, 8829 }, // U+0127
    { 21, 41, 440, 3, 41, 216, 9025 }, // U+0128
    { 22, 33, 440, 4, 33, 182, 9241 }, // U+0129
    { 21, 40, 440, 3, 40, 210, 9423 }, // U+012A
    { 22, 32, 440, 4, 32, 176, 9633 }, // U+012B
    { 21, 43, 440, 3, 43, 226, 9809 }, // U+012C
    { 22, 35, 440, 4, 35, 193, 10035 }, // U+012D
    { 22, 42, 440, 3, 32, 231, 10228 }, // U+012E
    { 23, 44, 440, 4, 34, 253, 10459 }, // U+012F
    { 21, 41, 440, 3, 41, 216, 10712 }, // U+0130
    { 22, 24, 440, 4, 24, 132, 10928 }, // U+0131
    { 21, 33, 440, 3, 32, 174, 11060 }, // U+0132
    { 21, 43, 440, 3, 34, 226, 11234 }, // U+0133
    { 20, 44, 440, 3, 43, 220, 11460 }, // U+0134
    { 22, 44, 440, 4, 35, 242, 11680 }, // U+0135
    { 24, 44, 440, 3, 32, 264, 11922 }, // U+0136
    { 23, 46, 440, 4, 34, 265, 12186 }, // U+0137
    { 23, 24, 440, 4, 24, 138, 12451 }, // U+0138
    { 20, 44, 440, 5, 44, 220, 12589 }, // U+0139
    { 21, 44, 440, 3, 44, 231, 12809 }, // U+013A
    { 20, 44, 440, 5, 32, 220, 13040 }, // U+013B
    { 21, 46, 440, 3, 34, 242, 13260 }, // U+013C
    { 20, 34, 440, 5, 34, 170, 13502 }, // U+013D
    { 22, 34, 440, 3, 34, 187, 13672 }, // U+013E
    { 20, 32, 440, 5, 32, 160, 13859 }, // U+013F
    { 24, 34, 440, 3, 34, 204, 14019 }, // U+0140
    { 24, 32, 440, 1, 32, 192, 14223 }, // U+0141
    { 21, 34, 440, 3, 34, 179, 14415 }, // U+0142
    { 21, 44, 440, 3, 44, 231, 14594 }, // U+0143
    { 20, 36, 440, 4, 36, 180, 14825 }, // U+0144
    { 21, 44, 440, 3, 32, 231, 15005 }, // U+0145
    { 20, 36, 440, 4, 24, 180, 15236 }, // U+0146
    { 21, 43, 440, 3, 43, 226, 15416 }, // U+0147
    { 20, 36, 440, 4, 36, 180, 15642 }, // U+0148
    { 24, 34, 440, 0, 34, 204, 15822 }, // U+0149
    { 21, 41, 440, 3, 32, 216, 16026 }, // U+014A
    { 20, 33, 440, 4, 24, 165, 16242 }, // U+014B
    { 24, 41, 440, 2, 40, 246, 16407 }, // U+014C
    { 22, 33, 440, 3, 32, 182, 16653 }, // U+014D
    { 24, 44, 440, 2, 43, 264, 16835 }, // U+014E
    { 22, 36, 440, 3, 35, 198, 17099 }, // U+014F
    { 24, 45, 440, 2, 44, 270, 17297 }, // U+0150
    { 22, 37, 440, 3, 36, 204, 17567 }, // U+0151
    { 25, 32, 440, 1, 32, 200, 17771 }, // U+0152
    { 27, 25, 440, 0, 24, 169, 17971 }, // U+0153
    { 22, 44, 440, 4, 44, 242, 18140 }, // U+0154
    { 23, 36, 440, 3, 36, 207, 18382 }, // U+0155
    { 22, 44, 440, 4, 32, 242, 18589 }, // U+0156
    { 23, 36, 440, 3, 24, 207, 18831 }, // U+0157
    { 22, 43, 440, 4, 43, 237, 19038 }, // U+0158
    { 23, 36, 440, 3, 36, 207, 19275 }, // U+0159
    { 23, 45, 440, 2, 44, 259, 19482 }, // U+015A
    { 22, 37, 440, 3, 36, 204, 19741 }, // U+015B
    { 23, 44, 440, 2, 43, 253, 19945 }, // U+015C
    { 22, 36, 440, 3, 35, 198, 20198 }, // U+015D
    { 23, 43, 440, 2, 33, 248, 20396 }, // U+015E
    { 22, 34, 440, 3, 24, 187, 20644 }, // U+015F
    { 23, 44, 440, 2, 43, 253, 20831 }, // U+0160
    { 22, 37, 440, 3, 36, 204, 21084 }, // U+0161
    { 26, 42, 440, 1, 32, 273, 21288 }, // U+0162
    { 24, 42, 440, 1, 32, 252, 21561 }, // U+0163
    { 26, 43, 440, 1, 43, 280, 21813 }, // U+0164
    { 24, 35, 440, 1, 35, 210, 22093 }, // U+0165
    { 26, 32, 440, 1, 32, 208, 22303 }, // U+0166
    { 24, 32, 440, 1, 32, 192, 22511 }, // U+0167
    { 21, 42, 440, 3, 41, 221, 22703 }, // U+0168
    { 20, 34, 440, 4, 33, 170, 22924 }, // U+0169
    { 21, 41, 440, 3, 40, 216, 23094 }, // U+016A
    { 20, 33, 440, 4, 32, 165, 23310 }, // U+016B
    { 21, 44, 440, 3, 43, 231, 23475 }, // U+016C
    { 20, 36, 440, 4, 35, 180, 23706 }, // U+016D
    { 21, 46, 440, 3, 45, 242, 23886 }, // U+016E
    { 20, 39, 440, 4, 38, 195, 24128 }, // U+016F
    { 21, 45, 440, 3, 44, 237, 24323 }, // U+0170
    { 20, 37, 440, 4, 36, 185, 24560 }, // U+0171
    { 21, 42, 440, 3, 32, 221, 24745 }, // U+0172
    { 21, 34, 440, 4, 24, 179, 24966 }, // U+0173
    { 25, 43, 440, 1, 43, 269, 25145 }, // U+0174
    { 26, 35, 440, 1, 35, 228, 25414 }, // U+0175
    { 27, 43, 440, 0, 43, 291, 25642 }, // U+0176
    { 24, 44, 440, 2, 35, 264, 25933 }, // U+0177
    { 27, 41, 440, 0, 41, 277, 26197 }, // U+0178
    { 24, 44, 440, 2, 44, 264, 26474 }, // U+0179
    { 21, 36, 440, 3, 36, 189, 26738 }, // U+017A
    { 24, 41, 440, 2, 41, 246, 26927 }, // U+017B
    { 21, 33, 440, 3, 33, 174, 27173 }, // U+017C
    { 24, 43, 440, 2, 43, 258, 27347 }, // U+017D
    { 21, 36, 440, 3, 36, 189, 27605 }, // U+017E
    { 23, 34, 440, 3, 34, 196, 27794 }, // U+017F
    { 24, 39, 440, 2, 38, 234, 0 }, // U+01A0
    { 22, 30, 440, 3, 29, 165, 234 }, // U+01A1
    { 25, 38, 440, 3, 37, 238, 399 }, // U+01AF
    { 23, 30, 440, 4, 29, 173, 637 }, // U+01B0
    { 26, 43, 440, 1, 43, 280, 810 }, // U+01CD
    { 23, 37, 440, 3, 36, 213, 1090 }, // U+01CE
    { 21, 43, 440, 3, 43, 226, 1303 }, // U+01CF
    { 22, 36, 440, 4, 36, 198, 1529 }, // U+01D0
    { 24, 44, 440, 2, 43, 264, 1727 }, // U+01D1
    { 22, 37, 440, 3, 36, 204, 1991 }, // U+01D2
    { 21, 44, 440, 3, 43, 231, 2195 }, // U+01D3
    { 20, 37, 440, 4, 36, 185, 2426 }, // U+01D4
    { 21, 46, 440, 3, 45, 242, 2611 }, // U+01D5
    { 20, 38, 440, 4, 37, 190, 2853 }, // U+01D6
    { 21, 51, 440, 3, 50, 268, 3043 }, // U+01D7
    { 20, 43, 440, 4, 42, 215, 3311 }, // U+01D8
    { 21, 50, 440, 3, 49, 263, 3526 }, // U+01D9
    { 20, 42, 440, 4, 41, 210, 3789 }, // U+01DA
    { 21, 51, 440, 3, 50, 268, 3999 }, // U+01DB
    { 20, 43, 440, 4, 42, 215, 4267 }, // U+01DC
    { 26, 53, 440, 1, 53, 345, 4482 }, // U+01FA
    { 23, 46, 440, 3, 45, 265, 4827 }, // U+01FB
    { 26, 44, 440, 0, 44, 286, 5092 }, // U+01FC
    { 27, 37, 440, 0, 36, 250, 5378 }, // U+01FD
    { 24, 47, 440, 2, 44, 282, 5628 }, // U+01FE
    { 24, 39, 440, 2, 36, 234, 5910 }, // U+01FF
    { 23, 45, 440, 2, 33, 259, 6144 }, // U+0218
    { 22, 36, 440, 3, 24, 198, 6403 }, // U+0219
    { 26, 44, 440, 1, 32, 286, 6601 }, // U+021A
    { 24, 44, 440, 1, 32, 264, 6887 }, // U+021B
    { 9, 9, 0, -6, 36, 21, 0 }, // U+0300
    { 9, 9, 0, -3, 36, 21, 21 }, // U+0301
    { 16, 8, 0, -8, 35, 32, 42 }, // U+0302
    { 16, 5, 0, -8, 33, 20, 74 }, // U+0303
    { 14, 3, 0, -7, 32, 11, 94 }, // U+0304
    { 16, 8, 0, -8, 35, 32, 105 }, // U+0306
    { 6, 5, 0, -3, 33, 8, 137 }, // U+0307
    { 14, 5, 0, -7, 33, 18, 145 }, // U+0308
    { 9, 9, 0, -4, 36, 21, 163 }, // U+0309
    { 12, 11, 0, -6, 38, 33, 184 }, // U+030A
    { 15, 9, 0, -6, 36, 34, 217 }, // U+030B
    { 16, 8, 0, -8, 36, 32, 251 }, // U+030C
    { 7, 9, 0, -3, 36, 16, 283 }, // U+0312
    { 6, 9, 0, 0, 34, 14, 299 }, // U+0315
    { 8, 7, 0, -4, 29, 14, 313 }, // U+031B
    { 6, 5, 0, -3, -3, 8, 327 }, // U+0323
    { 7, 9, 0, -4, -3, 16, 335 }, // U+0326
    { 10, 12, 0, -4, 1, 30, 351 }, // U+0327
    { 11, 11, 0, -9, 1, 31, 381 }, // U+0328
    { 20, 44, 440, 4, 44, 220, 0 }, // U+0400
    { 20, 41, 440, 4, 41, 205, 220 }, // U+0401
    { 26, 40, 440, 0, 32, 260, 425 }, // U+0402
    { 19, 44, 440, 6, 44, 209, 685 }, // U+0403
    { 22, 34, 440, 3, 33, 187, 894 }, // U+0404
    { 23, 34, 440, 2, 33, 196, 1081 }, // U+0405
    { 21, 32, 440, 3, 32, 168, 1277 }, // U+0406
    { 21, 41, 440, 3, 41, 216, 1445 }, // U+0407
    { 20, 33, 440, 3, 32, 165, 1661 }, // U+0408
    { 29, 32, 440, -1, 32, 232, 1826 }, // U+0409
    { 26, 32, 440, 2, 32, 208, 2058 }, // U+040A
    { 26, 32, 440, 0, 32, 208, 2266 }, // U+040B
    { 23, 44, 440, 3, 44, 253, 2474 }, // U+040C
    { 21, 44, 440, 3, 44, 231, 2727 }, // U+040D
    { 24, 44, 440, 2, 44, 264, 2958 }, // U+040E
    { 21, 39, 440, 3, 32, 205, 3222 }, // U+040F
    { 26, 32, 440, 1, 32, 208, 3427 }, // U+0410
    { 22, 32, 440, 3, 32, 176, 3635 }, // U+0411
    { 21, 32, 440, 4, 32, 168, 3811 }, // U+0412
    { 19, 32, 440, 6, 32, 152, 3979 }, // U+0413
    { 27, 39, 440, 0, 32, 264, 4131 }, // U+0414
    { 20, 32, 440, 4, 32, 160, 4395 }, // U+0415
    { 28, 32, 440, 0, 32, 224, 4555 }, // U+0416
    { 23, 34, 440, 1, 33, 196, 4779 }, // U+0417
    { 21, 32, 440, 3, 32, 168, 4975 }, // U+0418
    { 21, 44, 440, 3, 44, 231, 5143 }, // U+0419
    { 23, 32, 440, 3, 32, 184, 5374 }, // U+041A
    { 24, 32, 440, 0, 32, 192, 5558 }, // U+041B
    { 22, 32, 440, 3, 32, 176, 5750 }, // U+041C
    { 21, 32, 440, 3, 32, 168, 5926 }, // U+041D
    { 24, 34, 440, 2, 33, 204, 6094 }, // U+041E
    { 21, 32, 440, 3, 32, 168, 6298 }, // U+041F
    { 21, 32, 440, 4, 32, 168, 6466 }, // U+0420
    { 22, 34, 440, 3, 33, 187, 6634 }, // U+0421
    { 26, 32, 440, 1, 32, 208, 6821 }, // U+0422
    { 24, 32, 440, 2, 32, 192, 7029 }, // U+0423
    { 26, 34, 440, 1, 33, 221, 7221 }, // U+0424
    { 26, 32, 440, 1, 32, 208, 7442 }, // U+0425
    { 24, 39, 440, 3, 32, 234, 7650 }, // U+0426
    { 22, 32, 440, 2, 32, 176, 7884 }, // U+0427
    { 24, 32, 440, 2, 32, 192, 8060 }, // U+0428
    { 26, 39, 440, 2, 32, 254, 8252 }, // U+0429
    { 27, 32, 440, 0, 32, 216, 8506 }, // U+042A
    { 24, 32, 440, 2, 32, 192, 8722 }, // U+042B
    { 21, 32, 440, 4, 32, 168, 8914 }, // U+042C
    { 23, 34, 440, 2, 33, 196, 9082 }, // U+042D
    { 24, 34, 440, 2, 33, 204, 9278 }, // U+042E
    { 23, 32, 440, 1, 32, 184, 9482 }, // U+042F
    { 23, 25, 440, 3, 24, 144, 9666 }, // U+0430
    { 22, 35, 440, 3, 34, 193, 9810 }, // U+0431
    { 21, 24, 440, 4, 24, 126, 10003 }, // U+0432
    { 18, 24, 440, 6, 24, 108, 10129 }, // U+0433
    { 26, 30, 440, 1, 24, 195, 10237 }, // U+0434
    { 22, 25, 440, 3, 24, 138, 10432 }, // U+0435
    { 26, 24, 440, 1, 24, 156, 10570 }, // U+0436
    { 21, 25, 440, 2, 24, 132, 10726 }, // U+0437
    { 20, 24, 440, 4, 24, 120, 10858 }, // U+0438
    { 20, 36, 440, 4, 36, 180, 10978 }, // U+0439
    { 21, 24, 440, 4, 24, 126, 11158 }, // U+043A
    { 22, 24, 440, 1, 24, 132, 11284 }, // U+043B
    { 22, 24, 440, 3, 24, 132, 11416 }, // U+043C
    { 20, 24, 440, 4, 24, 120, 11548 }, // U+043D
    { 22, 25, 440, 3, 24, 138, 11668 }, // U+043E
    { 20, 24, 440, 4, 24, 120, 11806 }, // U+043F
    { 21, 33, 440, 4, 24, 174, 11926 }, // U+0440
    { 21, 25, 440, 3, 24, 132, 12100 }, // U+0441
    { 22, 24, 440, 3, 24, 132, 12232 }, // U+0442
    { 24, 33, 440, 2, 24, 198, 12364 }, // U+0443
    { 24, 42, 440, 2, 33, 252, 12562 }, // U+0444
    { 23, 24, 440, 2, 24, 138, 12814 }, // U+0445
    { 24, 30, 440, 3, 24, 180, 12952 }, // U+0446
    { 20, 24, 440, 3, 24, 120, 13132 }, // U+0447
    { 24, 24, 440, 2, 24, 144, 13252 }, // U+0448
    { 26, 30, 440, 2, 24, 195, 13396 }, // U+0449
    { 26, 24, 440, 0, 24, 156, 13591 }, // U+044A
    { 24, 24, 440, 2, 24, 144, 13747 }, // U+044B
    { 19, 24, 440, 5, 24, 114, 13891 }, // U+044C
    { 21, 25, 440, 3, 24, 132, 14005 }, // U+044D
    { 24, 25, 440, 2, 24, 150, 14137 }, // U+044E
    { 20, 24, 440, 3, 24, 120, 14287 }, // U+044F
    { 22, 37, 440, 3, 36, 204, 14407 }, // U+0450
    { 22, 34, 440, 3, 33, 187, 14611 }, // U+0451
    { 23, 43, 440, 1, 34, 248, 14798 }, // U+0452
    { 18, 36, 440, 6, 36, 162, 15046 }, // U+0453
    { 21, 25, 440, 3, 24, 132, 15208 }, // U+0454
    { 22, 25, 440, 3, 24, 138, 15340 }, // U+0455
    { 22, 34, 440, 4, 34, 187, 15478 }, // U+0456
    { 22, 33, 440, 4, 33, 182, 15665 }, // U+0457
    { 17, 43, 440, 4, 34, 183, 15847 }, // U+0458
    { 27, 24, 440, 0, 24, 162, 16030 }, // U+0459
    { 25, 24, 440, 2, 24, 150, 16192 }, // U+045A
    { 23, 34, 440, 1, 34, 196, 16342 }, // U+045B
    { 21, 36, 440, 4, 36, 189, 16538 }, // U+045C
    { 20, 36, 440, 4, 36, 180, 16727 }, // U+045D
    { 24, 45, 440, 2, 36, 270, 16907 }, // U+045E
    { 20, 30, 440, 4, 24, 150, 17177 }, // U+045F
    { 24, 34, 440, 2, 33, 204, 17327 }, // U+0472
    { 22, 25, 440, 3, 24, 138, 17531 }, // U+0473
    { 19, 39, 440, 6, 39, 186, 17669 }, // U+0490
    { 18, 30, 440, 6, 30, 135, 17855 }, // U+0491
    { 23, 32, 440, 2, 32, 184, 17990 }, // U+0492
    { 23, 24, 440, 2, 24, 138, 18174 }, // U+0493
    { 21, 40, 440, 4, 32, 210, 18312 }, // U+0494
    { 19, 33, 440, 5, 24, 157, 18522 }, // U+0495
    { 31, 39, 440, -1, 32, 303, 18679 }, // U+0496
    { 27, 30, 440, 1, 24, 203, 18982 }, // U+0497
    { 23, 39, 440, 1, 33, 225, 19185 }, // U+0498
    { 21, 30, 440, 2, 24, 158, 19410 }, // U+0499
    { 23, 39, 440, 3, 32, 225, 19568 }, // U+049A
    { 21, 31, 440, 4, 24, 163, 19793 }, // U+049B
    { 25, 32, 440, 2, 32, 200, 19956 }, // U+049C
    { 22, 24, 440, 4, 24, 132, 20156 }, // U+049D
    { 28, 32, 440, 0, 32, 224, 20288 }, // U+04A0
    { 27, 24, 440, 0, 24, 162, 20512 }, // U+04A1
    { 24, 39, 440, 3, 32, 234, 20674 }, // U+04A2
    { 24, 30, 440, 3, 24, 180, 20908 }, // U+04A3
    { 25, 32, 440, 2, 32, 200, 21088 }, // U+04A4
    { 25, 24, 440, 2, 24, 150, 21288 }, // U+04A5
    { 22, 39, 440, 3, 33, 215, 21438 }, // U+04AA
    { 21, 30, 440, 3, 24, 158, 21653 }, // U+04AB
    { 27, 32, 440, 0, 32, 216, 21811 }, // U+04AE
    { 23, 33, 440, 2, 24, 190, 22027 }, // U+04AF
    { 27, 32, 440, 0, 32, 216, 22217 }, // U+04B0
    { 23, 33, 440, 2, 24, 190, 22433 }, // U+04B1
    { 28, 39, 440, 0, 32, 273, 22623 }, // U+04B2
    { 25, 30, 440, 2, 24, 188, 22896 }, // U+04B3
    { 25, 39, 440, 2, 32, 244, 23084 }, // U+04B6
    { 24, 30, 440, 3, 24, 180, 23328 }, // U+04B7
    { 22, 32, 440, 2, 32, 176, 23508 }, // U+04B8
    { 20, 24, 440, 3, 24, 120, 23684 }, // U+04B9
    { 21, 32, 440, 4, 32, 168, 23804 }, // U+04BA
    { 20, 34, 440, 4, 34, 170, 23972 }, // U+04BB
    { 21, 32, 440, 3, 32, 168, 24142 }, // U+04C0
    { 28, 44, 440, 0, 44, 308, 24310 }, // U+04C1
    { 26, 36, 440, 1, 36, 234, 24618 }, // U+04C2
    { 21, 34, 440, 3, 34, 179, 24852 }, // U+04CF
    { 26, 44, 440, 1, 44, 286, 25031 }, // U+04D0
    { 23, 37, 440, 3, 36, 213, 25317 }, // U+04D1
    { 26, 41, 440, 1, 41, 267, 25530 }, // U+04D2
    { 23, 34, 440, 3, 33, 196, 25797 }, // U+04D3
    { 26, 32, 440, 0, 32, 208, 25993 }, // U+04D4
    { 27, 25, 440, 0, 24, 169, 26201 }, // U+04D5
    { 20, 44, 440, 4, 44, 220, 26370 }, // U+04D6
    { 22, 37, 440, 3, 36, 204, 26590 }, // U+04D7
    { 24, 34, 440, 2, 33, 204, 26794 }, // U+04D8
    { 22, 25, 440, 3, 24, 138, 26998 }, // U+04D9
    { 28, 41, 440, 0, 41, 287, 27136 }, // U+04DC
    { 26, 33, 440, 1, 33, 215, 27423 }, // U+04DD
    { 23, 42, 440, 1, 41, 242, 27638 }, // U+04DE
    { 21, 34, 440, 2, 33, 179, 27880 }, // U+04DF
    { 21, 40, 440, 3, 40, 210, 28059 }, // U+04E2
    { 20, 32, 440, 4, 32, 160, 28269 }, // U+04E3
    { 21, 41, 440, 3, 41, 216, 28429 }, // U+04E4
    { 20, 33, 440, 4, 33, 165, 28645 }, // U+04E5
    { 24, 42, 440, 2, 41, 252, 28810 }, // U+04E6
    { 22, 34, 440, 3, 33, 187, 29062 }, // U+04E7
    { 24, 34, 440, 2, 33, 204, 29249 }, // U+04E8
    { 22, 25, 440, 3, 24, 138, 29453 }, // U+04E9
    { 24, 40, 440, 2, 40, 240, 29591 }, // U+04EE
    { 24, 41, 440, 2, 32, 246, 29831 }, // U+04EF
    { 24, 41, 440, 2, 41, 246, 30077 }, // U+04F0
    { 24, 42, 440, 2, 33, 252, 30323 }, // U+04F1
    { 24, 44, 440, 2, 44, 264, 30575 }, // U+04F2
    { 24, 45, 440, 2, 36, 270, 30839 }, // U+04F3
    { 22, 41, 440, 2, 41, 226, 31109 }, // U+04F4
    { 20, 33, 440, 3, 33, 165, 31335 }, // U+04F5
    { 24, 41, 440, 2, 41, 246, 31500 }, // U+04F8
    { 24, 33, 440, 2, 33, 198, 31746 }, // U+04F9
    { 26, 40, 440, 1, 32, 260, 0 }, // U+1EA0
    { 23, 32, 440, 3, 24, 184, 260 }, // U+1EA1
    { 26, 43, 440, 1, 43, 280, 444 }, // U+1EA2
    { 23, 37, 440, 3, 36, 213, 724 }, // U+1EA3
    { 26, 50, 440, 1, 50, 325, 937 }, // U+1EA4
    { 23, 43, 440, 3, 42, 248, 1262 }, // U+1EA5
    { 26, 50, 440, 1, 50, 325, 1510 }, // U+1EA6
    { 25, 43, 440, 1, 42, 269, 1835 }, // U+1EA7
    { 26, 49, 440, 1, 49, 319, 2104 }, // U+1EA8
    { 23, 43, 440, 3, 42, 248, 2423 }, // U+1EA9
    { 26, 50, 440, 1, 50, 325, 2671 }, // U+1EAA
    { 23, 43, 440, 3, 42, 248, 2996 }, // U+1EAB
    { 26, 51, 440, 1, 43, 332, 3244 }, // U+1EAC
    { 23, 43, 440, 3, 35, 248, 3576 }, // U+1EAD
    { 26, 50, 440, 1, 50, 325, 3824 }, // U+1EAE
    { 23, 43, 440, 3, 42, 248, 4149 }, // U+1EAF
    { 26, 50, 440, 1, 50, 325, 4397 }, // U+1EB0
    { 23, 43, 440, 3, 42, 248, 4722 }, // U+1EB1
    { 26, 49, 440, 1, 49, 319, 4970 }, // U+1EB2
    { 23, 42, 440, 3, 41, 242, 5289 }, // U+1EB3
    { 26, 49, 440, 1, 49, 319, 5531 }, // U+1EB4
    { 23, 42, 440, 3, 41, 242, 5850 }, // U+1EB5
    { 26, 51, 440, 1, 43, 332, 6092 }, // U+1EB6
    { 23, 43, 440, 3, 35, 248, 6424 }, // U+1EB7
    { 20, 40, 440, 4, 32, 200, 6672 }, // U+1EB8
    { 22, 32, 440, 3, 24, 176, 6872 }, // U+1EB9
    { 20, 43, 440, 4, 43, 215, 7048 }, // U+1EBA
    { 22, 37, 440, 3, 36, 204, 7263 }, // U+1EBB
    { 20, 41, 440, 4, 41, 205, 7467 }, // U+1EBC
    { 22, 34, 440, 3, 33, 187, 7672 }, // U+1EBD
    { 22, 50, 440, 4, 50, 275, 7859 }, // U+1EBE
    { 23, 43, 440, 3, 42, 248, 8134 }, // U+1EBF
    { 22, 50, 440, 2, 50, 275, 8382 }, // U+1EC0
    { 24, 43, 440, 1, 42, 258, 8657 }, // U+1EC1
    { 21, 49, 440, 4, 49, 258, 8915 }, // U+1EC2
    { 22, 43, 440, 3, 42, 237, 9173 }, // U+1EC3
    { 20, 50, 440, 4, 50, 250, 9410 }, // U+1EC4
    { 22, 43, 440, 3, 42, 237, 9660 }, // U+1EC5
    { 20, 51, 440, 4, 43, 255, 9897 }, // U+1EC6
    { 22, 43, 440, 3, 35, 237, 10152 }, // U+1EC7
    { 21, 43, 440, 3, 43, 226, 10389 }, // U+1EC8
    { 22, 36, 440, 4, 36, 198, 10615 }, // U+1EC9
    { 21, 40, 440, 3, 32, 210, 10813 }, // U+1ECA
    { 22, 42, 440, 4, 34, 231, 11023 }, // U+1ECB
    { 24, 41, 440, 2, 33, 246, 11254 }, // U+1ECC
    { 22, 32, 440, 3, 24, 176, 11500 }, // U+1ECD
    { 24, 44, 440, 2, 43, 264, 11676 }, // U+1ECE
    { 22, 37, 440, 3, 36, 204, 11940 }, // U+1ECF
    { 24, 51, 440, 2, 50, 306, 12144 }, // U+1ED0
    { 23, 43, 440, 3, 42, 248, 12450 }, // U+1ED1
    { 25, 51, 440, 1, 50, 319, 12698 }, // U+1ED2
    { 24, 43, 440, 1, 42, 258, 13017 }, // U+1ED3
    { 24, 50, 440, 2, 49, 300, 13275 }, // U+1ED4
    { 22, 43, 440, 3, 42, 237, 13575 }, // U+1ED5
    { 24, 51, 440, 2, 50, 306, 13812 }, // U+1ED6
    { 22, 43, 440, 3, 42, 237, 14118 }, // U+1ED7
    { 24, 51, 440, 2, 43, 306, 14355 }, // U+1ED8
    { 22, 43, 440, 3, 35, 237, 14661 }, // U+1ED9
    { 24, 45, 440, 2, 44, 270, 14898 }, // U+1EDA
    { 22, 37, 440, 3, 36, 204, 15168 }, // U+1EDB
    { 24, 45, 440, 2, 44, 270, 15372 }, // U+1EDC
    { 22, 37, 440, 3, 36, 204, 15642 }, // U+1EDD
    { 24, 44, 440, 2, 43, 264, 15846 }, // U+1EDE
    { 22, 37, 440, 3, 36, 204, 16110 }, // U+1EDF
    { 24, 42, 440, 2, 41, 252, 16314 }, // U+1EE0
    { 22, 34, 440, 3, 33, 187, 16566 }, // U+1EE1
    { 24, 46, 440, 2, 38, 276, 16753 }, // U+1EE2
    { 22, 37, 440, 3, 29, 204, 17029 }, // U+1EE3
    { 21, 40, 440, 3, 32, 210, 17233 }, // U+1EE4
    { 20, 32, 440, 4, 24, 160, 17443 }, // U+1EE5
    { 21, 44, 440, 3, 43, 231, 17603 }, // U+1EE6
    { 20, 37, 440, 4, 36, 185, 17834 }, // U+1EE7
    { 25, 45, 440, 3, 44, 282, 18019 }, // U+1EE8
    { 23, 37, 440, 4, 36, 213, 18301 }, // U+1EE9
    { 25, 45, 440, 3, 44, 282, 18514 }, // U+1EEA
    { 23, 37, 440, 4, 36, 213, 18796 }, // U+1EEB
    { 25, 44, 440, 3, 43, 275, 19009 }, // U+1EEC
    { 23, 37, 440, 4, 36, 213, 19284 }, // U+1EED
    { 25, 42, 440, 3, 41, 263, 19497 }, // U+1EEE
    { 23, 34, 440, 4, 33, 196, 19760 }, // U+1EEF
    { 25, 45, 440, 3, 37, 282, 19956 }, // U+1EF0
    { 23, 37, 440, 4, 29, 213, 20238 }, // U+1EF1
    { 27, 44, 440, 0, 44, 297, 20451 }, // U+1EF2
    { 24, 45, 440, 2, 36, 270, 20748 }, // U+1EF3
    { 27, 40, 440, 0, 32, 270, 21018 }, // U+1EF4
    { 24, 33, 440, 2, 24, 198, 21288 }, // U+1EF5
    { 27, 43, 440, 0, 43, 291, 21486 }, // U+1EF6
    { 24, 45, 440, 2, 36, 270, 21777 }, // U+1EF7
    { 27, 41, 440, 0, 41, 277, 22047 }, // U+1EF8
    { 24, 42, 440, 2, 33, 252, 22324 }, // U+1EF9
    { 23, 3, 440, 2, 15, 18, 0 }, // U+2013
    { 28, 3, 440, 0, 15, 21, 18 }, // U+2014
    { 10, 13, 440, 8, 34, 33, 39 }, // U+2018
    { 9, 13, 440, 10, 34, 30, 72 }, // U+2019
    { 9, 12, 440, 9, 6, 27, 102 }, // U+201A
    { 21, 13, 440, 3, 34, 69, 129 }, // U+201C
    { 20, 13, 440, 5, 34, 65, 198 }, // U+201D
    { 20, 12, 440, 5, 6, 60, 263 }, // U+201E
    { 22, 43, 440, 3, 34, 237, 323 }, // U+2020
    { 22, 43, 440, 3, 34, 237, 560 }, // U+2021
    { 12, 11, 440, 8, 19, 33, 797 }, // U+2022
    { 24, 6, 440, 2, 6, 36, 830 }, // U+2026
    { 28, 34, 440, 0, 33, 238, 866 }, // U+2030
    { 7, 15, 440, 10, 32, 27, 1104 }, // U+2032
    { 15, 15, 440, 6, 32, 57, 1131 }, // U+2033
    { 12, 19, 440, 7, 22, 57, 1188 }, // U+2039
    { 11, 19, 440, 9, 22, 53, 1245 }, // U+203A
    { 27, 32, 440, 0, 32, 216, 1298 }, // U+2044
    { 14, 17, 440, 7, 32, 60, 0 }, // U+2070
    { 15, 17, 440, 6, 32, 64, 60 }, // U+2074
    { 14, 17, 440, 7, 32, 60, 124 }, // U+2075
    { 14, 17, 440, 7, 32, 60, 184 }, // U+2076
    { 14, 17, 440, 7, 32, 60, 244 }, // U+2077
    { 14, 17, 440, 7, 32, 60, 304 }, // U+2078
    { 14, 17, 440, 7, 32, 60, 364 }, // U+2079
    { 14, 17, 440, 7, 17, 60, 424 }, // U+2080
    { 14, 17, 440, 7, 17, 60, 484 }, // U+2081
    { 14, 17, 440, 7, 17, 60, 544 }, // U+2082
    { 14, 17, 440, 6, 17, 60, 604 }, // U+2083
    { 15, 17, 440, 6, 17, 64, 664 }, // U+2084
    { 14, 17, 440, 7, 17, 60, 728 }, // U+2085
    { 14, 17, 440, 7, 17, 60, 788 }, // U+2086
    { 14, 17, 440, 7, 17, 60, 848 }, // U+2087
    { 14, 17, 440, 7, 17, 60, 908 }, // U+2088
    { 14, 17, 440, 7, 17, 60, 968 }, // U+2089
    { 22, 44, 440, 3, 38, 242, 0 }, // U+20A1
    { 24, 33, 440, 2, 33, 198, 242 }, // U+20A4
    { 26, 32, 440, 1, 32, 208, 440 }, // U+20A6
    { 26, 33, 440, 2, 32, 215, 648 }, // U+20A8
    { 26, 32, 440, 1, 32, 208, 863 }, // U+20A9
    { 24, 32, 440, 2, 32, 192, 1071 }, // U+20AA
    { 23, 34, 440, 3, 34, 196, 1263 }, // U+20AB
    { 22, 34, 440, 3, 33, 187, 1459 }, // U+20AC
    { 25, 32, 440, 1, 32, 200, 1646 }, // U+20AD
    { 26, 32, 440, 1, 32, 208, 1846 }, // U+20AE
    { 26, 32, 440, 1, 32, 208, 2054 }, // U+20B1
    { 23, 44, 440, 2, 38, 253, 2262 }, // U+20B2
    { 26, 34, 440, 1, 33, 221, 2515 }, // U+20B4
    { 22, 44, 440, 3, 38, 242, 2736 }, // U+20B5
    { 24, 32, 440, 2, 32, 192, 2978 }, // U+20B8
    { 24, 32, 440, 2, 32, 192, 3170 }, // U+20B9
    { 24, 32, 440, 2, 32, 192, 3362 }, // U+20BA
    { 24, 32, 440, 2, 32, 192, 3554 }, // U+20BD
    { 21, 42, 440, 4, 37, 221, 3746 }, // U+20BF
    { 27, 19, 440, 0, 26, 129, 0 }, // U+2190
    { 20, 33, 440, 4, 33, 165, 129 }, // U+2191
    { 26, 19, 440, 1, 26, 124, 294 }, // U+2192
    { 20, 33, 440, 4, 32, 165, 418 }, // U+2193
    { 28, 19, 440, 0, 26, 133, 583 }, // U+2194
    { 20, 34, 440, 4, 33, 170, 716 }, // U+2195
    { 25, 24, 440, 2, 28, 150, 886 }, // U+2196
    { 24, 24, 440, 1, 28, 144, 1036 }, // U+2197
    { 24, 24, 440, 1, 29, 144, 1180 }, // U+2198
    { 25, 24, 440, 2, 29, 150, 1324 }, // U+2199
    { 27, 25, 440, 0, 29, 169, 1474 }, // U+21A9
    { 27, 25, 440, 0, 29, 169, 1643 }, // U+21AA
    { 23, 32, 440, 1, 32, 184, 1812 }, // U+21B0
    { 23, 32, 440, 3, 32, 184, 1996 }, // U+21B1
    { 23, 32, 440, 1, 32, 184, 2180 }, // U+21B2
    { 23, 32, 440, 3, 32, 184, 2364 }, // U+21B3
    { 27, 29, 440, 0, 30, 196, 2548 }, // U+21B6
    { 28, 29, 440, 0, 30, 203, 2744 }, // U+21B7
    { 26, 33, 440, 1, 32, 215, 2947 }, // U+21BA
    { 26, 33, 440, 1, 32, 215, 3162 }, // U+21BB
    { 27, 33, 440, 0, 33, 223, 3377 }, // U+21C4
    { 27, 33, 440, 0, 33, 223, 3600 }, // U+21C6
    { 22, 33, 440, 3, 32, 182, 0 }, // U+2202
    { 24, 32, 440, 2, 32, 192, 182 }, // U+2206
    { 22, 32, 440, 3, 32, 176, 374 }, // U+220F
    { 23, 41, 440, 2, 32, 236, 550 }, // U+2211
    { 23, 3, 440, 2, 16, 18, 786 }, // U+2212
    { 27, 32, 440, 0, 32, 216, 804 }, // U+2215
    { 26, 32, 440, 1, 32, 208, 1020 }, // U+221A
    { 28, 16, 440, 0, 22, 112, 1228 }, // U+221E
    { 24, 43, 440, 1, 34, 258, 1340 }, // U+222B
    { 24, 15, 440, 2, 22, 90, 1598 }, // U+2248
    { 23, 22, 440, 2, 25, 127, 1688 }, // U+2260
    { 21, 28, 440, 3, 28, 147, 1815 }, // U+2264
    { 21, 28, 440, 3, 28, 147, 1962 }, // U+2265
    { 24, 34, 440, 1, 34, 204, 0 }, // U+FB01
    { 23, 34, 440, 1, 34, 196, 204 }, // U+FB02
};

static const EpdUnicodeInterval terminalmono_22_regularIntervals[] = {
    { 0x0, 0x0, 0x0 },
    { 0xD, 0xD, 0x1 },
    { 0x20, 0x7E, 0x2 },
    { 0xA0, 0x17F, 0x61 },
    { 0x1A0, 0x1A1, 0x141 },
    { 0x1AF, 0x1B0, 0x143 },
    { 0x1CD, 0x1DC, 0x145 },
    { 0x1FA, 0x1FF, 0x155 },
    { 0x218, 0x21B, 0x15B },
    { 0x300, 0x304, 0x15F },
    { 0x306, 0x30C, 0x164 },
    { 0x312, 0x312, 0x16B },
    { 0x315, 0x315, 0x16C },
    { 0x31B, 0x31B, 0x16D },
    { 0x323, 0x323, 0x16E },
    { 0x326, 0x328, 0x16F },
    { 0x400, 0x45F, 0x172 },
    { 0x472, 0x473, 0x1D2 },
    { 0x490, 0x49D, 0x1D4 },
    { 0x4A0, 0x4A5, 0x1E2 },
    { 0x4AA, 0x4AB, 0x1E8 },
    { 0x4AE, 0x4B3, 0x1EA },
    { 0x4B6, 0x4BB, 0x1F0 },
    { 0x4C0, 0x4C2, 0x1F6 },
    { 0x4CF, 0x4D9, 0x1F9 },
    { 0x4DC, 0x4DF, 0x204 },
    { 0x4E2, 0x4E9, 0x208 },
    { 0x4EE, 0x4F5, 0x210 },
    { 0x4F8, 0x4F9, 0x218 },
    { 0x1EA0, 0x1EF9, 0x21A },
    { 0x2013, 0x2014, 0x274 },
    { 0x2018, 0x201A, 0x276 },
    { 0x201C, 0x201E, 0x279 },
    { 0x2020, 0x2022, 0x27C },
    { 0x2026, 0x2026, 0x27F },
    { 0x2030, 0x2030, 0x280 },
    { 0x2032, 0x2033, 0x281 },
    { 0x2039, 0x203A, 0x283 },
    { 0x2044, 0x2044, 0x285 },
    { 0x2070, 0x2070, 0x286 },
    { 0x2074, 0x2079, 0x287 },
    { 0x2080, 0x2089, 0x28D },
    { 0x20A1, 0x20A1, 0x297 },
    { 0x20A4, 0x20A4, 0x298 },
    { 0x20A6, 0x20A6, 0x299 },
    { 0x20A8, 0x20AE, 0x29A },
    { 0x20B1, 0x20B2, 0x2A1 },
    { 0x20B4, 0x20B5, 0x2A3 },
    { 0x20B8, 0x20BA, 0x2A5 },
    { 0x20BD, 0x20BD, 0x2A8 },
    { 0x20BF, 0x20BF, 0x2A9 },
    { 0x2190, 0x2199, 0x2AA },
    { 0x21A9, 0x21AA, 0x2B4 },
    { 0x21B0, 0x21B3, 0x2B6 },
    { 0x21B6, 0x21B7, 0x2BA },
    { 0x21BA, 0x21BB, 0x2BC },
    { 0x21C4, 0x21C4, 0x2BE },
    { 0x21C6, 0x21C6, 0x2BF },
    { 0x2202, 0x2202, 0x2C0 },
    { 0x2206, 0x2206, 0x2C1 },
    { 0x220F, 0x220F, 0x2C2 },
    { 0x2211, 0x2212, 0x2C3 },
    { 0x2215, 0x2215, 0x2C5 },
    { 0x221A, 0x221A, 0x2C6 },
    { 0x221E, 0x221E, 0x2C7 },
    { 0x222B, 0x222B, 0x2C8 },
    { 0x2248, 0x2248, 0x2C9 },
    { 0x2260, 0x2260, 0x2CA },
    { 0x2264, 0x2265, 0x2CB },
    { 0xFB01, 0xFB02, 0x2CD },
};

static const EpdFontGroup terminalmono_22_regularGroups[] = {
    { 0, 4333, 15845, 97, 0 },
    { 4333, 3732, 18462, 96, 97 },
    { 8065, 4614, 29851, 128, 193 },
    { 12679, 1640, 7598, 30, 321 },
    { 14319, 305, 455, 19, 351 },
    { 14624, 5863, 33811, 168, 370 },
    { 20487, 2808, 23859, 90, 538 },
    { 23295, 502, 1607, 18, 628 },
    { 23797, 359, 1156, 17, 646 },
    { 24156, 1356, 4199, 19, 663 },
    { 25512, 1051, 3971, 22, 682 },
    { 26563, 662, 2222, 13, 704 },
    { 27225, 64, 408, 2, 717 },
};

static const EpdFontData terminalmono_22_regular = {
    terminalmono_22_regularBitmaps,
    terminalmono_22_regularGlyphs,
    terminalmono_22_regularIntervals,
    70,
    60,
    47,
    -13,
    true,
    terminalmono_22_regularGroups,
    13,
    nullptr,
    nullptr,
    nullptr,
    nullptr,
    nullptr,
    nullptr,
    nullptr,
    nullptr,
    nullptr,
    nullptr,
    nullptr,
    0,
    0,
    0,
    0,
    nullptr,
    0,
};
