/**
 * generated by fontconvert.py
 * name: terminalmono_12_regular
 * size: 12
 * mode: 2-bit  compressed: true
 * Command used: fontconvert.py terminalmono_12_regular 12 ../builtinFonts/source/IBMPlexMono/IBMPlexMono-Regular.ttf --2bit --compress --zopfli
 */
#pragma once
#include "EpdFontData.h"

static const uint8_t terminalmono_12_regularBitmaps[13271] = {
    0x9D, 0x97, 0x41, 0xAF, 0xEB, 0x46, 0x15, 0xC7, 0x7F, 0xB6, 0x4B, 0x5D, 0x70, 0x9B, 0x61, 0x51,
    0x21, 0xA4, 0x36, 0x31, 0x4B, 0x16, 0x37, 0xC9, 0xE6, 0x09, 0x45, 0xED, 0x24, 0x99, 0xAE, 0x91,
    0x2A, 0xBE, 0x08, 0xEA, 0x43, 0xBA, 0x42, 0xA6, 0xE4, 0xDE, 0x58, 0xF0, 0x01, 0x78, 0x1F, 0x81,
    0x6F, 0x40, 0x2A, 0x45, 0x34, 0xC0, 0x7D, 0xCD, 0x94, 0x0D, 0x8B, 0x2E, 0xEA, 0xB2, 0x45, 0xA2,
    0x7E, 0x15, 0x3B, 0x04, 0x9A, 0xF2, 0x2C, 0x35, 0xD0, 0xDC, 0x0C, 0x67, 0xE4, 0x58, 0xE9, 0xED,
    0x7B, 0xF7, 0xBD, 0xAB, 0x7A, 0xFE, 0xFF, 0xC4, 0xE7, 0x9C, 0xFF, 0x99, 0x9C, 0xD8, 0xE3, 0x99,
    0xF1, 0x88, 0x53, 0xEB, 0x4B, 0x7B, 0x39, 0x34, 0x00, 0x60, 0xCE, 0xD2, 0xCC, 0x59, 0x4F, 0x4E,
    0x6D, 0x35, 0x61, 0x90, 0x41, 0x5F, 0xC1, 0x99, 0x50, 0xF7, 0x84, 0x7D, 0xC6, 0x3B, 0x69, 0xCD,
    0x7C, 0xC7, 0x5A, 0x83, 0x48, 0x70, 0x05, 0x5B, 0xB7, 0xAC, 0xB7, 0xD2, 0xA2, 0xCA, 0x11, 0x5B,
    0x47, 0x62, 0x6B, 0x92, 0x0F, 0x2B, 0x92, 0x5F, 0x55, 0xD0, 0xA3, 0x23, 0x91, 0xAF, 0x51, 0xFE,
    0x9A, 0xF1, 0xDB, 0xEF, 0x18, 0xDD, 0x4B, 0x43, 0x97, 0x81, 0x62, 0x23, 0x7E, 0x43, 0xEC, 0xF7,
    0xE1, 0x04, 0x7A, 0xAA, 0xA4, 0x97, 0x06, 0xDA, 0xA2, 0x97, 0x95, 0xF3, 0xB7, 0xC7, 0x21, 0x8F,
    0x68, 0x5B, 0xDF, 0xE8, 0x2F, 0x6B, 0x58, 0xCF, 0xAF, 0xA9, 0x8B, 0x41, 0x6C, 0xEF, 0xAB, 0xA4,
    0xBC, 0xAF, 0x32, 0x8A, 0x41, 0x8F, 0xF9, 0xF5, 0x99, 0xC4, 0x5E, 0x05, 0x80, 0x9F, 0x2C, 0x4B,
    0x1E, 0x79, 0x17, 0xFF, 0xB9, 0x5A, 0x27, 0xBF, 0xB6, 0xF7, 0xB2, 0xC4, 0xDE, 0xEB, 0xC5, 0xD5,
    0xFA, 0x2C, 0xF2, 0xAE, 0x40, 0x62, 0x82, 0xD8, 0x3B, 0xD2, 0x6A, 0x43, 0x66, 0x7E, 0x40, 0x06,
    0xA4, 0x25, 0x24, 0x15, 0x44, 0x2E, 0x73, 0xD9, 0x3E, 0x73, 0xF9, 0x38, 0x43, 0xAB, 0x8F, 0x58,
    0x24, 0xFF, 0xA6, 0xE0, 0x1A, 0xCD, 0x94, 0xB9, 0xF9, 0x9D, 0x51, 0xFE, 0x2F, 0x36, 0x3E, 0x44,
    0xEE, 0xBC, 0x3D, 0x28, 0xA2, 0x3A, 0xB1, 0x8A, 0x3E, 0x9A, 0x09, 0xE7, 0xAC, 0x70, 0xC7, 0xB6,
    0x12, 0x6B, 0x82, 0xA6, 0x8F, 0x22, 0xB1, 0x51, 0x4D, 0x31, 0x24, 0x33, 0x89, 0xC5, 0x49, 0x40,
    0x73, 0x46, 0x9F, 0x1E, 0xEA, 0xD8, 0x7A, 0x62, 0x9D, 0xA1, 0x25, 0xE2, 0x12, 0x9B, 0x99, 0x21,
    0x62, 0xDF, 0xE0, 0x1F, 0xFA, 0xAF, 0x95, 0x5B, 0xEF, 0xCB, 0x17, 0xFD, 0x3F, 0x60, 0x69, 0xE0,
    0x0B, 0x4B, 0xFC, 0x49, 0x4D, 0x6A, 0x1B, 0x32, 0x26, 0x74, 0x07, 0xFD, 0x27, 0xB9, 0xF4, 0xDE,
    0x04, 0x3E, 0x2D, 0x06, 0x30, 0x36, 0x73, 0x66, 0x68, 0x16, 0xAC, 0x71, 0xCC, 0x7D, 0x40, 0x3B,
    0x34, 0x60, 0x02, 0x2B, 0x70, 0x44, 0x15, 0x89, 0x25, 0x29, 0xC9, 0x40, 0x41, 0x1F, 0xF4, 0x9D,
    0x82, 0xD1, 0xB6, 0x24, 0xF5, 0x0D, 0x79, 0xF9, 0x90, 0x29, 0x39, 0x1A, 0xC5, 0x02, 0x65, 0x0A,
    0x32, 0xB3, 0x19, 0x65, 0xE5, 0x66, 0x2E, 0x94, 0xEF, 0x60, 0x07, 0x7F, 0x88, 0x07, 0x5D, 0xD0,
    0x87, 0xBC, 0x90, 0xCF, 0x16, 0x62, 0x0F, 0xD9, 0xA7, 0x30, 0xFE, 0x0D, 0x5C, 0x2A, 0x98, 0x08,
    0xB9, 0x03, 0xE7, 0xDE, 0xDB, 0xC0, 0xD0, 0x4F, 0x16, 0xEA, 0x30, 0x57, 0x4C, 0x99, 0xF1, 0x43,
    0x46, 0x10, 0xC8, 0x10, 0x58, 0x00, 0x0D, 0x24, 0x35, 0xE4, 0x25, 0x5C, 0x42, 0xDC, 0x40, 0x66,
    0x5B, 0x85, 0xE4, 0x9B, 0xC0, 0x68, 0xFB, 0x20, 0xF3, 0xBB, 0xB1, 0xB9, 0x7A, 0x9D, 0x59, 0x88,
    0x30, 0x25, 0xDA, 0xE1, 0x2B, 0x7C, 0x0D, 0x57, 0xC1, 0x43, 0x2E, 0x38, 0x67, 0x74, 0xC9, 0xC3,
    0xDC, 0x37, 0xB1, 0x2F, 0xE1, 0x1A, 0x62, 0x61, 0xF2, 0x2F, 0x50, 0x43, 0x18, 0x08, 0xB5, 0x70,
    0x35, 0x24, 0xAA, 0x87, 0x24, 0x76, 0x48, 0xB8, 0xDD, 0x3D, 0x86, 0x9C, 0x09, 0xE5, 0x67, 0x5C,
    0x20, 0x0C, 0xE9, 0xA8, 0xFC, 0x21, 0x90, 0x1E, 0x04, 0x32, 0xE8, 0xEE, 0xDE, 0xB8, 0x62, 0xE0,
    0xF7, 0x8C, 0xCD, 0x07, 0xBC, 0x40, 0x0E, 0x28, 0x73, 0x24, 0x67, 0xE4, 0xE2, 0x7F, 0x88, 0xD4,
    0x8B, 0x94, 0x0D, 0x99, 0x85, 0x19, 0xB0, 0x83, 0xA4, 0x6E, 0x4D, 0x05, 0x8C, 0xA4, 0x8F, 0xA9,
    0xF4, 0x31, 0x33, 0x97, 0x5C, 0x90, 0xD3, 0xDD, 0x1A, 0x2D, 0xDF, 0x53, 0x72, 0x72, 0x73, 0xD1,
    0xF5, 0x41, 0x37, 0x8C, 0x0A, 0x14, 0x05, 0x23, 0xA1, 0x06, 0x0A, 0xC0, 0x41, 0x24, 0x4C, 0x2A,
    0x48, 0x2D, 0x92, 0x7E, 0xEC, 0x1C, 0xD0, 0xC0, 0xA6, 0x93, 0x08, 0x7D, 0x85, 0xF2, 0xA1, 0xE6,
    0xCB, 0x6E, 0x38, 0x84, 0x6F, 0x94, 0x59, 0x10, 0xFB, 0x9A, 0x30, 0xBC, 0x43, 0x2C, 0xF8, 0x37,
    0x64, 0x65, 0x60, 0xA8, 0x69, 0x6E, 0x96, 0x21, 0x4F, 0x34, 0x55, 0xA8, 0x25, 0xD4, 0x24, 0xBA,
    0x0B, 0xA6, 0x6D, 0xCD, 0x74, 0xC3, 0x47, 0x6C, 0x33, 0x36, 0xEF, 0x88, 0xF6, 0x53, 0xE2, 0x43,
    0x57, 0xC0, 0x0E, 0x62, 0x07, 0x99, 0x85, 0x71, 0x6B, 0x76, 0xC3, 0xFB, 0x74, 0x74, 0xBE, 0x9B,
    0x91, 0xA7, 0x3D, 0x20, 0xF0, 0x12, 0x5C, 0x91, 0x39, 0x51, 0xA6, 0x0D, 0xE3, 0x92, 0x1D, 0x01,
    0x72, 0x22, 0xA6, 0x38, 0xC9, 0x1A, 0xB8, 0x12, 0x59, 0x77, 0xC5, 0x38, 0x1D, 0x74, 0xBE, 0x12,
    0x76, 0x62, 0x9D, 0x72, 0x6A, 0xB8, 0x12, 0xC8, 0x49, 0xDB, 0xEF, 0x3C, 0xF4, 0x4B, 0x09, 0x6C,
    0x1F, 0xA4, 0x7E, 0xA7, 0xCA, 0x87, 0x33, 0x46, 0xAF, 0x33, 0x80, 0x11, 0x2C, 0x78, 0xCD, 0x31,
    0x33, 0x68, 0x04, 0xA7, 0xE3, 0x02, 0x3C, 0x5C, 0x86, 0x14, 0x24, 0x07, 0x55, 0x5E, 0x30, 0x64,
    0x80, 0x46, 0x31, 0xC9, 0x3E, 0x66, 0x32, 0xFF, 0x92, 0xF3, 0x45, 0xCE, 0xF9, 0x79, 0xC6, 0xF9,
    0xFA, 0x2B, 0x2C, 0x94, 0xC4, 0xB6, 0x4C, 0xF2, 0xBF, 0xA1, 0x23, 0x18, 0x00, 0xEA, 0x01, 0x24,
    0xBE, 0x81, 0xAD, 0x50, 0x59, 0xC8, 0x2B, 0x18, 0xD5, 0xA0, 0x1D, 0x14, 0x6B, 0x58, 0x17, 0xE0,
    0x34, 0xD4, 0x43, 0xE2, 0x6A, 0x40, 0x62, 0x95, 0xE8, 0x3D, 0xA9, 0xF7, 0xA5, 0x32, 0x69, 0xB0,
    0xEC, 0x40, 0x22, 0x53, 0xA2, 0xA0, 0x72, 0xE2, 0xF6, 0xDE, 0x35, 0xD1, 0xAE, 0x61, 0x11, 0x40,
    0xD1, 0x44, 0xAD, 0xB3, 0x6E, 0xB8, 0x6A, 0x98, 0x36, 0x8C, 0x02, 0x98, 0x8A, 0xE9, 0x7D, 0x23,
    0x21, 0xB6, 0x15, 0x49, 0xF8, 0x1B, 0xD5, 0x25, 0x39, 0x8A, 0x21, 0xDF, 0x42, 0xC3, 0xAD, 0x0C,
    0xF1, 0xA0, 0x0B, 0xFA, 0x90, 0x17, 0xF2, 0xB7, 0x07, 0xB6, 0xBE, 0x5A, 0xC7, 0x6E, 0xCD, 0x66,
    0x8D, 0x5E, 0x33, 0x5D, 0x33, 0x5C, 0x33, 0xEA, 0x30, 0x0C, 0x9E, 0xE0, 0xDF, 0x88, 0x46, 0x94,
    0xA2, 0xF7, 0x7E, 0x2F, 0x68, 0xE0, 0x04, 0xC4, 0xB9, 0x13, 0x74, 0xE6, 0x09, 0x41, 0x1C, 0x70,
    0x2D, 0xB8, 0x53, 0x4A, 0x07, 0x8E, 0x33, 0xA3, 0x2A, 0xAF, 0x98, 0x91, 0xA3, 0xF9, 0x36, 0x0B,
    0xA0, 0x00, 0x36, 0x81, 0x99, 0x0F, 0xA4, 0x68, 0x67, 0x4C, 0xB4, 0x30, 0xE8, 0xF2, 0x72, 0x4B,
    0xE6, 0x3F, 0x26, 0x3A, 0x28, 0x1C, 0xFA, 0x49, 0xB4, 0x15, 0x85, 0xF3, 0xDB, 0xA3, 0x6C, 0xB8,
    0x0B, 0x5A, 0x71, 0xEA, 0x03, 0x40, 0x3F, 0x03, 0x2F, 0xA0, 0xA7, 0x2C, 0xC6, 0x6F, 0x35, 0x99,
    0x77, 0x91, 0x37, 0x8E, 0x31, 0x8E, 0x2B, 0x5C, 0xE4, 0x70, 0x69, 0x85, 0x53, 0x06, 0x37, 0x03,
    0xB7, 0x83, 0xFF, 0x34, 0xF0, 0xE5, 0x1E, 0xFC, 0x08, 0xF6, 0xE2, 0x6F, 0x52, 0x8B, 0x4B, 0x6A,
    0x44, 0xD9, 0xE6, 0x30, 0x15, 0xE6, 0xC2, 0xBB, 0x03, 0xEF, 0x1B, 0xC1, 0x25, 0x63, 0xB3, 0x44,
    0x26, 0x0B, 0x69, 0xBF, 0xB4, 0x7F, 0x32, 0xEF, 0xDA, 0x7F, 0x9A, 0xE2, 0xB3, 0x8F, 0x4C, 0xF1,
    0x58, 0xB8, 0xFC, 0xB1, 0x29, 0xE6, 0x99, 0x29, 0x46, 0xC2, 0x97, 0x85, 0x2F, 0x08, 0x79, 0x92,
    0x7B, 0xF4, 0x01, 0xED, 0xD1, 0x5F, 0x1A, 0xFD, 0xD8, 0xEA, 0xC7, 0x95, 0xFE, 0xBC, 0xD6, 0xCE,
    0x69, 0xB7, 0xD1, 0x4E, 0x6B, 0x37, 0xD4, 0x2E, 0xD7, 0x4E, 0x69, 0x97, 0x5E, 0xB9, 0x64, 0xEF,
    0xE2, 0xBD, 0x63, 0xFF, 0xD5, 0x45, 0x6E, 0xC6, 0xF8, 0xE6, 0x22, 0x47, 0x56, 0xB6, 0xBC, 0xB9,
    0xC8, 0x89, 0xEE, 0xC6, 0x22, 0xE7, 0xFD, 0x03, 0xEF, 0x9B, 0x5B, 0x9E, 0x84, 0x07, 0xB7, 0x8C,
    0xA0, 0x6F, 0xFC, 0xB3, 0xED, 0xA4, 0xEE, 0x2B, 0x18, 0xD0, 0x52, 0x5D, 0x43, 0x7A, 0xFD, 0xEC,
    0x32, 0xCA, 0x66, 0x44, 0xA3, 0x8C, 0xDC, 0xB0, 0x26, 0xAE, 0x1B, 0x5C, 0x2B, 0xEB, 0xE6, 0xF4,
    0x30, 0x47, 0x6B, 0xBE, 0xC3, 0x02, 0xD0, 0xC0, 0x1C, 0xC8, 0x0F, 0x86, 0xD8, 0xEF, 0xE0, 0x45,
    0x1F, 0x2C, 0x03, 0x99, 0xF9, 0x6E, 0x28, 0xEB, 0x34, 0xA7, 0x13, 0xF2, 0x97, 0xD2, 0x7F, 0xA0,
    0x84, 0xF8, 0xA6, 0x74, 0xE8, 0xE7, 0xA2, 0x61, 0xB1, 0x61, 0x73, 0x11, 0x35, 0x63, 0x5F, 0xA7,
    0xDE, 0x4C, 0xC1, 0x8D, 0x88, 0xEA, 0x9C, 0xA4, 0x52, 0x84, 0x9D, 0x57, 0x5A, 0xA6, 0x65, 0xD8,
    0xA5, 0xA9, 0xE0, 0x21, 0xAE, 0x47, 0xE0, 0x74, 0xCB, 0x75, 0x01, 0x8B, 0x35, 0xA1, 0x1F, 0x46,
    0x35, 0xE4, 0x15, 0x28, 0x8B, 0x86, 0xD5, 0x51, 0xD1, 0x52, 0x59, 0x77, 0xA6, 0x6C, 0x1D, 0x38,
    0xEC, 0x7F, 0x52, 0xF7, 0xCF, 0x1E, 0x55, 0x7D, 0xFD, 0x79, 0x35, 0x98, 0xBC, 0x57, 0xF5, 0xCE,
    0x7F, 0x6E, 0x7B, 0xF7, 0xDF, 0xB0, 0xBD, 0xD5, 0x1B, 0x56, 0xB9, 0xB9, 0x55, 0xF5, 0xD8, 0xAA,
    0x2A, 0xB7, 0x52, 0x83, 0x53, 0xF2, 0xAB, 0xA9, 0xCD, 0xCA, 0xA4, 0xCE, 0xC1, 0x4D, 0x09, 0x95,
    0x32, 0x73, 0xA0, 0xDA, 0xDF, 0x21, 0xAF, 0x61, 0xEA, 0x60, 0xB3, 0x20, 0x92, 0x78, 0xA8, 0x31,
    0x2B, 0x33, 0x1B, 0x6A, 0x9F, 0x8A, 0x67, 0x01, 0xCD, 0x88, 0xB8, 0x6E, 0xFB, 0x91, 0xCF, 0x2A,
    0x0F, 0x3A, 0xD8, 0x6C, 0x42, 0x5E, 0x57, 0xEF, 0x33, 0x2F, 0xE1, 0x69, 0xC1, 0xCA, 0x81, 0x29,
    0xD0, 0x20, 0x5D, 0x42, 0x6A, 0x41, 0x1D, 0x5D, 0x9B, 0xE3, 0x6A, 0x1F, 0x5C, 0x06, 0x46, 0xC0,
    0x02, 0xF0, 0xDE, 0xDB, 0xC0, 0xE5, 0x61, 0x79, 0x38, 0xE7, 0xF9, 0x2D, 0xE8, 0x56, 0x30, 0x01,
    0x0D, 0x7D, 0x50, 0x90, 0x41, 0x52, 0x86, 0x8E, 0xA3, 0x0A, 0x1C, 0xDC, 0x21, 0xBC, 0xBD, 0xDE,
    0x5E, 0xD3, 0x7F, 0x7E, 0x0B, 0x3A, 0xE6, 0xC0, 0xD2, 0xC0, 0x63, 0x4B, 0xFC, 0xD7, 0x9A, 0xC4,
    0xBA, 0xF0, 0xCC, 0xA3, 0xD0, 0x68, 0x72, 0xE4, 0xCC, 0xAC, 0x48, 0x4A, 0x80, 0xB0, 0xD7, 0x0E,
    0xFC, 0x3E, 0x9A, 0x01, 0x19, 0x89, 0x89, 0x7C, 0x89, 0xF2, 0x8E, 0x51, 0xB4, 0xE3, 0xA5, 0x6E,
    0x90, 0x0B, 0x5F, 0x0C, 0xDB, 0x19, 0xE1, 0x14, 0xCD, 0x42, 0x38, 0x8D, 0xAE, 0xC4, 0x1E, 0xDB,
    0x74, 0xA7, 0xEC, 0x1A, 0xBE, 0x8E, 0x6D, 0xF9, 0xBE, 0x77, 0x1F, 0x44, 0xBB, 0x0D, 0x8B, 0x76,
    0x2D, 0xEA, 0x30, 0x15, 0x8F, 0xF8, 0x25, 0x2A, 0x9A, 0xF8, 0x60, 0x94, 0xAF, 0xE7, 0x6F, 0x35,
    0x0B, 0xEE, 0xAD, 0xA1, 0xE9, 0xB0, 0x86, 0x05, 0x13, 0xF1, 0x4B, 0x34, 0xF6, 0x06, 0x06, 0x5F,
    0x43, 0x7C, 0x18, 0x28, 0xFF, 0x77, 0xD9, 0x12, 0x4E, 0x19, 0x2D, 0x18, 0x14, 0x1D, 0xE4, 0x5C,
    0x3C, 0xE2, 0x97, 0xA8, 0x68, 0x4E, 0x8B, 0xCF, 0x05, 0xC3, 0xE3, 0x3E, 0x6C, 0x7E, 0xBC, 0xF9,
    0xDD, 0x5F, 0x9B, 0xF2, 0x8A, 0xC4, 0x2F, 0x49, 0x8F, 0x2B, 0xA9, 0x9C, 0x94, 0x28, 0x61, 0x1F,
    0x18, 0x9E, 0x28, 0x79, 0x65, 0x60, 0x67, 0x3F, 0x8B, 0xA2, 0x0B, 0x04, 0x72, 0x2B, 0x96, 0x8D,
    0xB6, 0xAB, 0xB6, 0x0E, 0x73, 0xC5, 0x00, 0xA9, 0x90, 0x61, 0xF8, 0x0E, 0x36, 0x89, 0xF8, 0x63,
    0x5F, 0x76, 0x7B, 0x5E, 0x94, 0xFF, 0x2F, 0x99, 0xD4, 0xA7, 0x49, 0x6D, 0x41, 0x62, 0xA7, 0x64,
    0x76, 0xEC, 0x7D, 0xD8, 0x33, 0xF2, 0xB4, 0x0B, 0x6D, 0x7E, 0xEF, 0xEB, 0x3F, 0xC6, 0xCD, 0x86,
    0xCD, 0x9A, 0xE2, 0x36, 0x30, 0x83, 0x25, 0xE1, 0xB3, 0x3B, 0x96, 0xD7, 0x01, 0x0C, 0x6F, 0xC5,
    0xD2, 0x1F, 0x04, 0xA4, 0x16, 0x55, 0x85, 0xCF, 0xEE, 0xD8, 0x7A, 0x2B, 0x20, 0xB9, 0x23, 0xCA,
    0xA5, 0x5C, 0xEE, 0x03, 0x05, 0xDC, 0xC2, 0x05, 0x45, 0xE4, 0x28, 0x52, 0x4B, 0x31, 0x86, 0xE2,
    0x0A, 0xDE, 0xDD, 0xC1, 0xF2, 0x21, 0x5C, 0x28, 0x5A, 0x7F, 0x5C, 0x53, 0xD0, 0xB4, 0x5A, 0x72,
    0xFC, 0x2E, 0x80, 0x4D, 0x87, 0x3B, 0xAF, 0xF0, 0xEF, 0xB9, 0x4B, 0xDE, 0xDF, 0x7B, 0xD6, 0xB3,
    0xAC, 0x5C, 0x0F, 0xD3, 0x72, 0xD5, 0x4F, 0x9E, 0xCB, 0xBB, 0x5E, 0xE0, 0x5B, 0x5E, 0x00, 0x3B,
    0x06, 0xBB, 0x7B, 0xD3, 0x08, 0x3A, 0xD1, 0xDF, 0xF5, 0x21, 0xF9, 0xDA, 0x1D, 0xBF, 0xEB, 0xD0,
    0xE7, 0x06, 0xE6, 0xBB, 0xB1, 0x9D, 0xEF, 0xBC, 0xE5, 0xDD, 0x12, 0x7E, 0x01, 0x2C, 0x6E, 0xBD,
    0x21, 0xCC, 0xFD, 0x21, 0x90, 0x68, 0x5B, 0x91, 0xF9, 0x3D, 0xB9, 0xF9, 0x29, 0x43, 0x60, 0x04,
    0xA8, 0xFF, 0x1D, 0x57, 0xBA, 0xEF, 0x7D, 0x10, 0x2C, 0x5E, 0x15, 0xCE, 0xCC, 0x98, 0xDC, 0xEF,
    0x45, 0x5F, 0xC3, 0x90, 0x13, 0xA7, 0xA7, 0x17, 0xD3, 0x60, 0x3F, 0x97, 0xB9, 0xE8, 0x32, 0x6F,
    0x9F, 0x71, 0x99, 0x37, 0x6C, 0x2E, 0xE3, 0xCD, 0xF8, 0x50, 0xA4, 0xBB, 0x42, 0xA3, 0x08, 0x1C,
    0x32, 0x68, 0xCF, 0x84, 0xA9, 0x39, 0x27, 0xB1, 0x8E, 0xD8, 0xD6, 0x44, 0x8F, 0x2A, 0x78, 0x6C,
    0xE1, 0xFD, 0x12, 0x96, 0x06, 0xE6, 0x30, 0xC9, 0xCA, 0xD5, 0x44, 0xD9, 0x95, 0xEE, 0xC9, 0xEA,
    0xD5, 0xAF, 0xEA, 0xB3, 0xD7, 0x6B, 0x59, 0xB9, 0x7E, 0x5B, 0xF5, 0xC3, 0xAA, 0x75, 0xEF, 0x67,
    0xB2, 0x6A, 0xFD, 0xC8, 0xAA, 0xFB, 0x6F, 0xDA, 0x6C, 0xF5, 0x66, 0x99, 0xD5, 0xE3, 0x32, 0xAD,
    0xF2, 0xF6, 0x05, 0x91, 0xF0, 0x18, 0x6E, 0x48, 0x1E, 0x39, 0xF8, 0xC2, 0x76, 0xFD, 0x75, 0xF3,
    0x2C, 0xC9, 0x87, 0x2E, 0x2C, 0xF7, 0x41, 0x77, 0x9C, 0x63, 0x33, 0x73, 0xAA, 0x6D, 0xD8, 0xD6,
    0x56, 0xAE, 0xDB, 0xDA, 0x3E, 0xA9, 0xE1, 0x33, 0x1B, 0xF2, 0x4E, 0xFD, 0x74, 0xEF, 0x70, 0x0B,
    0x60, 0x0D, 0x73, 0x27, 0x2C, 0x61, 0xEB, 0x77, 0x02, 0x68, 0x48, 0x2A, 0x94, 0x61, 0x06, 0x3B,
    0xE2, 0x9A, 0xAC, 0x64, 0x04, 0x9B, 0x6E, 0x5F, 0xCE, 0xB2, 0xC1, 0x37, 0xD4, 0x1C, 0xB1, 0x02,
    0x0D, 0xAF, 0x40, 0x0F, 0x46, 0x21, 0xB8, 0xDC, 0xC1, 0x28, 0x98, 0xC1, 0xA9, 0x83, 0xE0, 0x24,
    0xF6, 0x12, 0x6E, 0xCE, 0x9F, 0x7A, 0x84, 0xCC, 0x3D, 0x9C, 0x75, 0x98, 0x80, 0x23, 0xB2, 0xC4,
    0x82, 0x1A, 0xB6, 0x21, 0x53, 0x4E, 0xC4, 0x14, 0x27, 0x0E, 0x26, 0x27, 0xF1, 0x32, 0x54, 0x45,
    0x56, 0x25, 0x26, 0x6F, 0x12, 0xA3, 0xA7, 0x29, 0xF7, 0x72, 0xC5, 0xFD, 0xF4, 0x9A, 0xFB, 0x51,
    0xC3, 0xFF, 0x01, 0xAD, 0x98, 0x3F, 0x6C, 0x23, 0xC7, 0x19, 0xC5, 0x7F, 0xBB, 0x8B, 0x78, 0x7D,
    0x5E, 0x1D, 0xE7, 0xCA, 0x4B, 0xEE, 0xA4, 0x55, 0xE1, 0x22, 0x06, 0x44, 0x51, 0x07, 0x08, 0x01,
    0x8B, 0xA1, 0x76, 0x93, 0x2B, 0x52, 0x26, 0x7D, 0x95, 0xBE, 0x89, 0x0A, 0x22, 0xD8, 0x62, 0x25,
    0xAE, 0xDD, 0xB8, 0x48, 0x73, 0x5D, 0xDA, 0xEB, 0x2B, 0x16, 0x8C, 0x43, 0x24, 0xF2, 0x71, 0x1C,
    0x97, 0x81, 0x91, 0x3D, 0xA4, 0x4C, 0x00, 0x2F, 0x8C, 0xD4, 0xC9, 0x18, 0xB7, 0x05, 0x83, 0xE3,
    0x71, 0x32, 0x1F, 0x2C, 0x0A, 0x8A, 0x68, 0x5D, 0x74, 0x94, 0x76, 0xDF, 0x9B, 0x3F, 0xDF, 0xBC,
    0xEF, 0xCD, 0x6A, 0xB0, 0x7F, 0x46, 0xCC, 0x18, 0xE5, 0x19, 0x00, 0xB0, 0x25, 0x27, 0xDB, 0x72,
    0xB2, 0x7F, 0x71, 0xFE, 0x10, 0xFA, 0xE7, 0x08, 0x5D, 0xAE, 0x5C, 0x73, 0xD4, 0x6F, 0xCB, 0xFE,
    0xC1, 0xA4, 0x4F, 0xBB, 0x82, 0x6F, 0x97, 0xFD, 0xC3, 0xA3, 0xFE, 0xDC, 0x8F, 0x7A, 0xCD, 0x85,
    0x9E, 0x51, 0x43, 0xE4, 0xDE, 0xA0, 0xEA, 0x5E, 0x9E, 0x12, 0xB3, 0x0F, 0xEC, 0x00, 0x29, 0xA0,
    0x80, 0x99, 0xAB, 0x85, 0x44, 0x06, 0x21, 0x71, 0x05, 0x0A, 0x18, 0x00, 0x99, 0x73, 0xB9, 0x10,
    0x40, 0xA3, 0xD8, 0xA1, 0x8B, 0x9A, 0x9D, 0x11, 0xBB, 0x16, 0x55, 0x9D, 0x91, 0x32, 0x60, 0xFF,
    0xD2, 0x29, 0x7D, 0x89, 0xCB, 0xB8, 0xE8, 0x44, 0x2F, 0x79, 0x00, 0x1A, 0xEC, 0x3E, 0x61, 0xA3,
    0x88, 0x4C, 0x52, 0x25, 0x55, 0x64, 0x14, 0x41, 0xD3, 0x05, 0xAB, 0xA1, 0x98, 0xC0, 0xC0, 0xA2,
    0x9C, 0x33, 0x42, 0x92, 0x8A, 0xCB, 0x5C, 0xC5, 0x87, 0xAB, 0x03, 0x80, 0x55, 0x47, 0x56, 0xC4,
    0xD9, 0xA3, 0xA0, 0xD6, 0xE0, 0xD1, 0xCB, 0x51, 0xFF, 0x21, 0x71, 0x75, 0x3F, 0x6E, 0xC7, 0x94,
    0x16, 0x3D, 0x47, 0x8F, 0xF2, 0x71, 0xEA, 0xAA, 0x60, 0x66, 0x88, 0x2D, 0x08, 0xB6, 0x43, 0x9B,
    0x39, 0x13, 0x2F, 0x19, 0xA4, 0x1C, 0xF5, 0xA4, 0xE4, 0xD7, 0xFF, 0x24, 0xAA, 0x53, 0x3A, 0x84,
    0x66, 0x2F, 0xAD, 0x9B, 0xC3, 0xFE, 0xF0, 0x78, 0x3C, 0xFE, 0xB0, 0xDF, 0x34, 0xEC, 0x5D, 0xA5,
    0xC4, 0x65, 0x5C, 0x74, 0xA2, 0x97, 0x3C, 0xC9, 0x7F, 0xD4, 0xD2, 0xDF, 0x83, 0x8E, 0x20, 0x5D,
    0x32, 0xEC, 0x30, 0xDC, 0xA7, 0xF7, 0xF7, 0x8A, 0xDD, 0x10, 0x26, 0x8A, 0xA8, 0x19, 0xA0, 0x3E,
    0x6E, 0xC9, 0xE2, 0x06, 0x1D, 0x1B, 0xA4, 0x96, 0xBE, 0xC4, 0x65, 0x5C, 0x74, 0x23, 0xE7, 0x10,
    0x42, 0xB2, 0xC6, 0xCC, 0x09, 0xC2, 0x25, 0x9D, 0xD0, 0x7C, 0xB4, 0x78, 0xFE, 0xE4, 0xAB, 0x83,
    0x27, 0x8B, 0x83, 0x27, 0xFF, 0x38, 0xF8, 0xE8, 0xAB, 0xE7, 0x3E, 0xE2, 0xE3, 0x6E, 0xE1, 0x16,
    0x71, 0xCB, 0x20, 0x65, 0x18, 0xE7, 0xE3, 0xA8, 0xF2, 0xF0, 0x0D, 0xDF, 0x4D, 0x5A, 0xD8, 0x66,
    0x8D, 0x7E, 0xA2, 0x5C, 0xC8, 0xFA, 0xD8, 0xC5, 0xB1, 0xD2, 0xF4, 0xEA, 0xF1, 0x90, 0x3E, 0x87,
    0xD8, 0xA8, 0xDA, 0x61, 0x88, 0x5B, 0x24, 0xED, 0xE3, 0x2E, 0x1D, 0xF6, 0xA2, 0x96, 0x6D, 0x3A,
    0xFD, 0xED, 0xB4, 0xBD, 0x87, 0xA2, 0x4B, 0x9F, 0x63, 0x26, 0x14, 0xDF, 0x8B, 0x29, 0xC5, 0x19,
    0xD3, 0x17, 0xE1, 0x74, 0xB6, 0x2C, 0x3E, 0x9B, 0xFB, 0x08, 0x97, 0x11, 0xB8, 0xA5, 0x72, 0xCB,
    0x6C, 0xD9, 0x19, 0x2D, 0x3B, 0xB3, 0x65, 0xC7, 0x09, 0xA4, 0xE1, 0xBB, 0x3E, 0xA8, 0x96, 0x9D,
    0x60, 0xD9, 0x61, 0xE7, 0x5A, 0x7C, 0xF7, 0x28, 0x6D, 0xF1, 0x98, 0xC4, 0xD0, 0xFC, 0xA6, 0xFE,
    0x11, 0x71, 0xC3, 0xA0, 0x81, 0x35, 0xF4, 0x1C, 0xC9, 0x1C, 0xAD, 0x64, 0x9D, 0x8E, 0x23, 0x81,
    0x6F, 0x68, 0x25, 0xC1, 0xDD, 0x10, 0x74, 0x5C, 0x91, 0x86, 0x96, 0xB8, 0x3E, 0x23, 0x6C, 0x33,
    0x68, 0x15, 0x52, 0x4B, 0x3F, 0xFD, 0x99, 0x45, 0xC6, 0x45, 0xF7, 0xC8, 0x30, 0xF9, 0x89, 0xA1,
    0x09, 0x8D, 0x9C, 0x71, 0x15, 0x1A, 0xAF, 0x33, 0xDB, 0x9E, 0x9A, 0x6C, 0x01, 0x00, 0x10, 0xD5,
    0xD8, 0x0F, 0xEA, 0xA0, 0x7E, 0x5C, 0x47, 0xE6, 0xA0, 0x4E, 0xF2, 0xBA, 0xEE, 0xE0, 0xE6, 0x7B,
    0x50, 0x17, 0x9E, 0x37, 0xF3, 0xE8, 0x19, 0xEC, 0xD8, 0x06, 0x35, 0xE3, 0xC8, 0x6B, 0x93, 0x3C,
    0x32, 0x1D, 0x59, 0x7A, 0x86, 0x14, 0xB8, 0x36, 0x6D, 0x98, 0x7C, 0x58, 0xD0, 0x30, 0xF4, 0x0E,
    0x75, 0x5C, 0x31, 0x54, 0xD0, 0xDF, 0x66, 0x38, 0xD4, 0xA4, 0xCD, 0xCD, 0xAE, 0x83, 0xCF, 0xC1,
    0x21, 0xE5, 0xC5, 0xA1, 0x05, 0x94, 0x24, 0x0B, 0xF6, 0xA5, 0x66, 0x22, 0x38, 0x9C, 0x72, 0x76,
    0x1A, 0xDA, 0x9E, 0xAB, 0xDF, 0x5B, 0xC2, 0x43, 0x40, 0x03, 0x3B, 0x40, 0x02, 0x44, 0x39, 0x17,
    0x87, 0x32, 0x90, 0xD6, 0xB0, 0xDF, 0x80, 0xB6, 0x50, 0x48, 0x7E, 0x01, 0x56, 0x43, 0xD3, 0x25,
    0xAC, 0x77, 0x88, 0x8C, 0x22, 0x72, 0x8E, 0xD8, 0xB9, 0x4A, 0xE5, 0xB1, 0xF4, 0xCC, 0x8E, 0x1F,
    0x19, 0x10, 0x88, 0xCA, 0xC2, 0x33, 0xC0, 0xE2, 0x43, 0x10, 0x55, 0x10, 0x73, 0xB7, 0xFE, 0xE2,
    0x71, 0x64, 0xC1, 0x96, 0x60, 0xB6, 0xEE, 0xD6, 0xFB, 0xC5, 0xFB, 0x04, 0xEE, 0x0D, 0x7C, 0x32,
    0xBF, 0x5B, 0xDF, 0xB6, 0x84, 0xF9, 0x19, 0x52, 0xDF, 0xF9, 0x5A, 0x1C, 0x1E, 0xC3, 0xF1, 0xA1,
    0x50, 0xDA, 0xE2, 0x7B, 0x77, 0xFE, 0xA9, 0xB3, 0x64, 0x9E, 0x92, 0x3F, 0xF4, 0x1C, 0x7B, 0x5A,
    0x4B, 0xD0, 0x58, 0x42, 0xE3, 0x9A, 0x48, 0x58, 0x59, 0x12, 0x67, 0x51, 0x42, 0x2C, 0x3B, 0x9E,
    0x5D, 0x4F, 0x8D, 0xB3, 0x85, 0x27, 0xB3, 0x9A, 0xC8, 0xCD, 0x51, 0xF5, 0x29, 0x29, 0x8A, 0x2E,
    0x3F, 0x40, 0xC3, 0xB5, 0x94, 0x71, 0xD1, 0x89, 0x5E, 0xF2, 0x18, 0xD5, 0xB0, 0x05, 0x3E, 0x80,
    0x9F, 0x18, 0x1E, 0x78, 0x66, 0x15, 0x41, 0x45, 0x54, 0x83, 0x85, 0x09, 0x1C, 0x02, 0x00, 0xCE,
    0x2D, 0x3C, 0x5A, 0xB8, 0x0C, 0xE7, 0xE6, 0x1E, 0x57, 0x82, 0xED, 0x4A, 0xEC, 0xA7, 0x43, 0x41,
    0x17, 0x34, 0x1C, 0xDC, 0xC2, 0xE7, 0x0D, 0xD1, 0xBF, 0x49, 0x9E, 0x9A, 0xFB, 0xD4, 0x1B, 0x9B,
    0xA8, 0xA7, 0x46, 0x7D, 0x5A, 0xFB, 0x72, 0x63, 0x07, 0x59, 0x16, 0x43, 0xD0, 0xC0, 0xF8, 0xEA,
    0xB2, 0x30, 0xE5, 0x06, 0x58, 0x89, 0xEF, 0xAD, 0x96, 0xA5, 0x0F, 0xC7, 0xB7, 0xF0, 0x59, 0xC8,
    0xB2, 0xA8, 0xD8, 0x6C, 0x61, 0x36, 0x36, 0x51, 0x3F, 0x37, 0xEA, 0xB7, 0xC6, 0x97, 0x1B, 0x3B,
    0xC4, 0xAE, 0x21, 0x76, 0x6F, 0x88, 0xAB, 0x9E, 0x67, 0x52, 0xC5, 0x55, 0x64, 0x3C, 0xEB, 0xB8,
    0x0A, 0xEB, 0x91, 0x0B, 0x1B, 0xA1, 0x6F, 0x0B, 0x6B, 0x89, 0xCB, 0xB8, 0xE8, 0x44, 0x2F, 0x79,
    0x92, 0x9F, 0x34, 0x55, 0xEA, 0xEA, 0xF7, 0x7B, 0x15, 0x00, 0x2C, 0xD0, 0x4B, 0xB4, 0x43, 0xBF,
    0xCE, 0xF5, 0x2B, 0xA3, 0x5F, 0xD5, 0xFA, 0xDB, 0x46, 0x5B, 0xAB, 0xED, 0x54, 0x5B, 0xAD, 0x6D,
    0x57, 0xDB, 0x54, 0x5B, 0xA5, 0x6D, 0x7C, 0x66, 0xA3, 0x85, 0x0D, 0x17, 0x96, 0x05, 0xBF, 0x02,
    0x2C, 0x50, 0x00, 0x7B, 0xC0, 0x7D, 0x2E, 0x8E, 0x60, 0x56, 0x11, 0xBB, 0x96, 0xB4, 0xFA, 0x9C,
    0x23, 0x7A, 0x68, 0x14, 0x25, 0x2A, 0x2F, 0x48, 0xF2, 0x29, 0x49, 0xB5, 0xA2, 0xF4, 0x25, 0x2E,
    0xE3, 0xA2, 0x13, 0xBD, 0xE4, 0x49, 0x3E, 0x61, 0x0E, 0x91, 0xC1, 0x4B, 0xA0, 0x03, 0x3C, 0xBE,
    0x63, 0xFF, 0x0C, 0x78, 0x6D, 0x88, 0xBE, 0xB0, 0x44, 0x1C, 0xDC, 0xA9, 0x77, 0x38, 0xDF, 0x95,
    0x36, 0x61, 0xD2, 0xDC, 0xA9, 0x6F, 0xF4, 0xD2, 0x12, 0x7D, 0x63, 0xA5, 0xBE, 0x53, 0xDF, 0x5D,
    0x76, 0x4B, 0xDA, 0x5E, 0xD4, 0x24, 0x7F, 0xAD, 0xC2, 0x25, 0x2C, 0x88, 0x1C, 0xFE, 0x2E, 0x3D,
    0x0A, 0xED, 0x94, 0xE9, 0x03, 0x1E, 0x40, 0x08, 0xB3, 0xDF, 0x55, 0xB1, 0x73, 0xE7, 0x13, 0x65,
    0x68, 0x1C, 0x65, 0xF0, 0x75, 0x5E, 0x44, 0x7F, 0xC9, 0xA7, 0xCA, 0x4F, 0xB2, 0xED, 0xA9, 0xFD,
    0x44, 0x36, 0xC9, 0x4F, 0x6A, 0x95, 0x67, 0x46, 0x91, 0x9D, 0x4F, 0x94, 0xB9, 0x96, 0xDF, 0xCB,
    0x44, 0xC0, 0xF7, 0x3E, 0xD5, 0x16, 0xFD, 0x7F, 0xD1, 0x52, 0x4E, 0x99, 0x9E, 0x04, 0x6D, 0xCF,
    0x35, 0xB1, 0xCB, 0xD7, 0x9E, 0xEA, 0x0D, 0x7D, 0xD6, 0x9E, 0xEA, 0x4D, 0x4C, 0x56, 0x4F, 0xF5,
    0xE6, 0x0E, 0x6F, 0xDB, 0x6B, 0x94, 0xD0, 0xEE, 0x13, 0x36, 0x2A, 0x8F, 0x4C, 0x6C, 0x7C, 0x59,
    0xA7, 0x04, 0x76, 0x00, 0xD3, 0x29, 0x0C, 0x2C, 0xA4, 0x35, 0x28, 0x03, 0x49, 0x75, 0x1D, 0xAF,
    0xBC, 0x5E, 0x9F, 0xC9, 0x6B, 0x97, 0xB2, 0xA5, 0xDB, 0xB2, 0x2F, 0x25, 0xA5, 0x8F, 0xF8, 0xF8,
    0x65, 0x59, 0xBA, 0x80, 0xCC, 0xB3, 0xE0, 0x7F, 0x39, 0x72, 0x0B, 0x21, 0x05, 0x7D, 0x4F, 0x4B,
    0x11, 0x19, 0x8A, 0x04, 0x8A, 0xAE, 0xE7, 0x51, 0x4E, 0x91, 0xCD, 0x29, 0x38, 0xF5, 0x54, 0x2B,
    0xE6, 0xA0, 0x80, 0x14, 0x38, 0x01, 0x37, 0xF7, 0xAC, 0xE0, 0x19, 0x04, 0x16, 0x98, 0x00, 0x1A,
    0x78, 0xC8, 0xC5, 0x11, 0xF8, 0x71, 0xE5, 0x2C, 0xFB, 0xC1, 0x9C, 0xF7, 0x29, 0x01, 0x2D, 0xE4,
    0x3D, 0xB7, 0xA0, 0xE7, 0x39, 0x40, 0x53, 0x7A, 0x0E, 0x82, 0x33, 0xDF, 0xEF, 0x99, 0x78, 0xAE,
    0x0C, 0x21, 0x90, 0x54, 0xA0, 0x80, 0x2E, 0xF0, 0xE3, 0x5B, 0xFA, 0xBD, 0x80, 0xE0, 0x75, 0x45,
    0xFC, 0x49, 0xCD, 0x07, 0x3C, 0xBF, 0x95, 0x57, 0xD4, 0xEE, 0x4A, 0x0E, 0xF7, 0x1E, 0xD5, 0xB7,
    0xF2, 0x89, 0xFF, 0xDC, 0x90, 0x7C, 0x69, 0x91, 0xFA, 0x36, 0x3E, 0x9C, 0x42, 0xF0, 0x65, 0x45,
    0xF8, 0xB1, 0x11, 0x4A, 0x1B, 0x89, 0x6D, 0x7C, 0x5D, 0x4D, 0x96, 0xA7, 0x0B, 0xD7, 0xE8, 0xD4,
    0xD8, 0x5D, 0x95, 0x0F, 0x51, 0x1C, 0x92, 0xB8, 0x79, 0xE2, 0xDC, 0x3C, 0x73, 0x30, 0x4D, 0x60,
    0xAC, 0xF2, 0xE3, 0xC9, 0xA3, 0x97, 0x36, 0xFB, 0xD6, 0x99, 0xD4, 0x8C, 0x08, 0x97, 0xB9, 0x72,
    0x4D, 0xF6, 0xD3, 0xB6, 0xE4, 0x70, 0x02, 0xED, 0x0A, 0x13, 0x28, 0xE9, 0xFB, 0xF8, 0xF9, 0xEF,
    0x09, 0x07, 0x30, 0x82, 0xB8, 0xE2, 0x69, 0xCE, 0x92, 0xB7, 0x7D, 0x78, 0x38, 0x7F, 0x19, 0xAA,
    0xEA, 0x84, 0x2E, 0x29, 0x1A, 0x45, 0x76, 0xFE, 0x2F, 0xE4, 0xEA, 0xEF, 0x18, 0x70, 0xDF, 0x8F,
    0x9F, 0x7A, 0xDD, 0x1C, 0x66, 0xF5, 0x75, 0x1F, 0x9A, 0xCD, 0xFD, 0x56, 0x1F, 0x96, 0x7A, 0xF5,
    0x61, 0xD9, 0xD8, 0xEB, 0xFC, 0x85, 0xDF, 0x4A, 0x7D, 0x2B, 0x1F, 0x7E, 0xB9, 0xDA, 0x5D, 0x6A,
    0xD8, 0x02, 0x00, 0x46, 0x6F, 0x04, 0x74, 0xAF, 0xC5, 0xC8, 0x2D, 0x3D, 0x08, 0x73, 0x62, 0x83,
    0x82, 0x6D, 0x78, 0xF8, 0x8E, 0xB9, 0x23, 0x59, 0x8A, 0xE8, 0x8B, 0x26, 0xE6, 0xF8, 0x9D, 0x12,
    0x25, 0xE5, 0x6F, 0xD6, 0x97, 0xEF, 0x36, 0x1D, 0x10, 0xD9, 0x31, 0xCC, 0x6A, 0xE8, 0x55, 0xF0,
    0xA7, 0x1A, 0x64, 0xE9, 0x28, 0x08, 0x96, 0x9A, 0xC4, 0xFD, 0x8B, 0xB4, 0x9A, 0x31, 0xF8, 0x6E,
    0xD9, 0xF2, 0x92, 0x0B, 0x4A, 0x5F, 0xE2, 0xF2, 0xB9, 0x3A, 0x5F, 0xB6, 0x67, 0x24, 0xCD, 0xB3,
    0xD4, 0x35, 0x17, 0xBB, 0xA4, 0xC9, 0x2C, 0xFF, 0xCC, 0x35, 0x7F, 0x0C, 0xDB, 0x29, 0xD3, 0x09,
    0xC5, 0x75, 0xB8, 0xC9, 0x0D, 0x2A, 0xB3, 0xC8, 0x6C, 0xAB, 0xAF, 0xF5, 0x8A, 0x17, 0x57, 0x91,
    0x9F, 0x88, 0x0E, 0xAE, 0xD9, 0x09, 0x6D, 0xEE, 0xB7, 0xB6, 0xF3, 0xD9, 0xDC, 0x6B, 0x6D, 0xA7,
    0xB3, 0xA1, 0xCF, 0xDA, 0xCE, 0x66, 0x73, 0x1F, 0xF6, 0x81, 0x0C, 0xA9, 0x81, 0xF5, 0xDF, 0x91,
    0x2E, 0x85, 0xAE, 0x68, 0x03, 0x98, 0x7D, 0x9A, 0xC7, 0x6E, 0xE9, 0xFD, 0x64, 0xBE, 0x19, 0x3A,
    0xFC, 0x9A, 0x32, 0xFE, 0x45, 0x5E, 0x6E, 0xFB, 0xF9, 0x86, 0x2A, 0x1F, 0x34, 0x8A, 0xAC, 0x92,
    0x3B, 0xE4, 0x84, 0x9E, 0x6B, 0x19, 0xFA, 0xF9, 0x1E, 0x5C, 0xB7, 0xA1, 0x79, 0xCB, 0xFD, 0x31,
    0x65, 0x7A, 0x1A, 0x4E, 0x7B, 0xCB, 0x22, 0x9E, 0x17, 0xEB, 0x9B, 0x98, 0x9B, 0xE7, 0xAE, 0x6F,
    0x5C, 0x6E, 0x98, 0xE8, 0xB7, 0x29, 0xA9, 0x6C, 0x56, 0xDE, 0x2D, 0xEB, 0x6D, 0xB7, 0x61, 0xE1,
    0x83, 0x1A, 0x45, 0x97, 0x1D, 0x29, 0x3D, 0x35, 0x71, 0x35, 0xF1, 0x72, 0x4B, 0xF8, 0xB2, 0x81,
    0x6F, 0x0C, 0xBC, 0xF2, 0x1C, 0xE5, 0x17, 0x4B, 0x8E, 0x06, 0x4A, 0x60, 0x02, 0x99, 0xF5, 0xAC,
    0x60, 0xB2, 0x8E, 0x59, 0xF5, 0x07, 0x67, 0x5F, 0x04, 0xF3, 0x29, 0xE5, 0x84, 0xC1, 0x84, 0xEE,
    0x0A, 0x03, 0x1F, 0xF1, 0x71, 0x3F, 0xEA, 0x35, 0x57, 0xB2, 0xD6, 0x6E, 0xA7, 0x3B, 0xBC, 0xC6,
    0xFF, 0x02, 0xAD, 0x99, 0x0D, 0x8B, 0x1B, 0xC7, 0x19, 0xC7, 0x7F, 0xBB, 0x6B, 0x7B, 0xED, 0xAC,
    0x7D, 0xE3, 0x42, 0x08, 0x85, 0xE4, 0x6E, 0x03, 0x14, 0x08, 0x60, 0x49, 0x06, 0x4C, 0x31, 0xC9,
    0xEA, 0x34, 0xA1, 0x85, 0x00, 0xE1, 0x25, 0x1F, 0x21, 0x40, 0x80, 0xF2, 0x52, 0xE2, 0x82, 0x29,
    0xDB, 0x20, 0x5B, 0x0B, 0xF9, 0x02, 0xF7, 0x11, 0xF2, 0x05, 0x0A, 0x57, 0x10, 0x65, 0x69, 0x2F,
    0xB9, 0x71, 0xBF, 0x40, 0x37, 0xE1, 0x9D, 0x42, 0xBB, 0x29, 0x05, 0xCA, 0xAB, 0x27, 0xCD, 0x42,
    0xB7, 0xCD, 0x9E, 0x9E, 0xCE, 0x54, 0x92, 0xEF, 0xE2, 0xE8, 0xDE, 0x74, 0x1A, 0x3D, 0x3F, 0xAD,
    0x66, 0xF6, 0x99, 0xE7, 0xF9, 0xEF, 0xEC, 0xFB, 0x08, 0xE9, 0xF0, 0x7C, 0xAF, 0x28, 0x03, 0x69,
    0x05, 0xFD, 0x1A, 0x32, 0x0B, 0xF9, 0x14, 0xA6, 0x39, 0xD8, 0x0C, 0xEA, 0x1E, 0x61, 0xB5, 0x43,
    0x64, 0x14, 0x91, 0x08, 0xB1, 0x48, 0xA1, 0x74, 0xEC, 0x6B, 0x66, 0x87, 0xB0, 0x1A, 0x12, 0x78,
    0x2F, 0x1B, 0x4B, 0x8D, 0xE7, 0x64, 0x09, 0xA4, 0x40, 0x89, 0xA5, 0x1F, 0xB4, 0xDC, 0x64, 0x0C,
    0x64, 0x78, 0x6E, 0x48, 0xC7, 0xC0, 0x31, 0x24, 0x63, 0xEC, 0x18, 0x06, 0x07, 0xAE, 0x3E, 0x30,
    0x71, 0xAB, 0x0C, 0xC5, 0x4D, 0x82, 0xAA, 0x07, 0xCD, 0x18, 0x26, 0xD6, 0xEB, 0xDA, 0xA8, 0xCE,
    0xEB, 0x7C, 0x40, 0x82, 0x25, 0xFE, 0x53, 0x45, 0x28, 0x06, 0xBE, 0xB8, 0xA2, 0xDE, 0x33, 0x35,
    0xDD, 0x7B, 0x59, 0x93, 0x7E, 0x49, 0x53, 0xED, 0x35, 0xE1, 0x96, 0x90, 0x14, 0xB0, 0x85, 0xE3,
    0x2E, 0xC4, 0xCD, 0x1A, 0x5A, 0x0A, 0x48, 0x80, 0x87, 0xC0, 0xBE, 0x47, 0xC3, 0xC0, 0x40, 0x31,
    0x0F, 0x1F, 0x19, 0x88, 0x35, 0xBC, 0xC2, 0x71, 0x39, 0xAC, 0x88, 0xA4, 0x45, 0x55, 0x4F, 0x49,
    0x51, 0xF4, 0xB8, 0x4E, 0x06, 0xA7, 0xE2, 0xD7, 0x7B, 0x3F, 0xEF, 0xEF, 0xFB, 0xF9, 0xFE, 0xDC,
    0x00, 0xA5, 0xD9, 0x81, 0x0C, 0x1E, 0x00, 0x00, 0xE1, 0x4C, 0x2B, 0xA9, 0x47, 0xEF, 0x36, 0x63,
    0x1E, 0x4C, 0xA1, 0x59, 0xDA, 0x14, 0xC6, 0x3C, 0x74, 0xED, 0x6E, 0x6D, 0x28, 0x9A, 0xD4, 0xC0,
    0xD3, 0x1A, 0x6C, 0x49, 0x50, 0xFC, 0x78, 0xB3, 0xBA, 0x8E, 0x08, 0x9F, 0xEB, 0xE4, 0x53, 0x73,
    0x8B, 0xBD, 0xCB, 0x89, 0x52, 0x1A, 0x2F, 0xCC, 0x2F, 0x37, 0x2A, 0x68, 0x0C, 0x9F, 0xC3, 0x98,
    0x4B, 0xA9, 0xF1, 0xC3, 0x82, 0xCD, 0xE1, 0x49, 0xED, 0x55, 0x6D, 0x54, 0x91, 0x1B, 0x19, 0x37,
    0x3E, 0x6E, 0x94, 0x98, 0x5D, 0x4E, 0xD4, 0x5B, 0x61, 0xB1, 0x93, 0xE8, 0xE4, 0xB7, 0x84, 0xED,
    0x52, 0xCD, 0x8C, 0x43, 0xA9, 0xA6, 0xA1, 0x9D, 0x52, 0x4E, 0xC9, 0xA6, 0x0C, 0xA7, 0xF4, 0xA6,
    0xF4, 0x97, 0xD6, 0xF3, 0x2D, 0x64, 0x7E, 0x6D, 0x68, 0x9D, 0xA7, 0xF3, 0x87, 0xF1, 0x78, 0x41,
    0xEE, 0xF0, 0x29, 0x3E, 0x74, 0x10, 0xB7, 0x63, 0x52, 0x19, 0xB3, 0x1B, 0x76, 0x8C, 0x39, 0x60,
    0xCA, 0x98, 0xE6, 0x04, 0xBE, 0xEE, 0x3F, 0xBB, 0x41, 0x47, 0x2A, 0x73, 0xFF, 0xF9, 0xC5, 0xE7,
    0x88, 0xB8, 0x18, 0x38, 0x92, 0x22, 0x2E, 0x22, 0xE3, 0xA8, 0xE2, 0x22, 0xAC, 0x26, 0x12, 0xD6,
    0x1E, 0xF7, 0xDB, 0x53, 0xB9, 0x76, 0x8F, 0x99, 0xFB, 0x0D, 0xE6, 0xFD, 0xA4, 0x06, 0x76, 0xE6,
    0x28, 0xA9, 0x3C, 0xCB, 0x7A, 0x38, 0xDB, 0x41, 0xC9, 0x5F, 0x19, 0xE8, 0x2F, 0x18, 0xD2, 0x67,
    0xCC, 0x0E, 0xF9, 0x31, 0xBE, 0xEE, 0xDB, 0xFD, 0x7A, 0xEF, 0xB7, 0xF0, 0x37, 0xCE, 0x58, 0x16,
    0x91, 0xCE, 0x59, 0x03, 0x27, 0x4D, 0xA4, 0x75, 0xD6, 0xC0, 0x4B, 0x36, 0x77, 0x8E, 0xC4, 0xE2,
    0xF9, 0x5E, 0x39, 0x2C, 0x88, 0xA5, 0x41, 0x15, 0x4F, 0xE8, 0x91, 0x92, 0xA1, 0x18, 0x89, 0xE8,
    0x89, 0x63, 0x79, 0x81, 0x18, 0x72, 0x07, 0x55, 0x3C, 0x25, 0x5E, 0xEC, 0xE3, 0x9B, 0x14, 0x5B,
    0x41, 0x95, 0xFC, 0xCC, 0x44, 0xA2, 0x39, 0x5A, 0x5F, 0x4F, 0xC8, 0x9B, 0x44, 0xC5, 0x63, 0xA2,
    0x2F, 0x2D, 0x48, 0x05, 0x23, 0x7D, 0x25, 0x5D, 0x1C, 0x40, 0x07, 0x07, 0xEB, 0x2B, 0xA2, 0x0F,
    0x8C, 0x80, 0x3E, 0x57, 0x51, 0xB2, 0x56, 0x6A, 0x1E, 0x13, 0x1A, 0x62, 0x4D, 0xFC, 0x73, 0xC2,
    0x6E, 0x55, 0xD6, 0xC9, 0x4B, 0x59, 0x7B, 0x5C, 0x5B, 0x64, 0xED, 0xE0, 0xD0, 0x42, 0x64, 0x40,
    0x01, 0xF7, 0x3C, 0x77, 0x21, 0xB1, 0xDC, 0xA1, 0xF2, 0x3B, 0xEA, 0x6F, 0x5C, 0x65, 0x47, 0x45,
    0xFA, 0x3E, 0x51, 0x65, 0xE1, 0x3B, 0x03, 0xA3, 0xAB, 0x0D, 0x0D, 0x23, 0xED, 0xE3, 0x10, 0x56,
    0x96, 0x48, 0x3F, 0x58, 0x11, 0xEB, 0x80, 0x5D, 0x1F, 0x8B, 0x5B, 0x8C, 0x81, 0x1C, 0x28, 0x3D,
    0x89, 0x78, 0xC8, 0x51, 0x8C, 0x1D, 0x99, 0xC3, 0xFB, 0xA5, 0xC5, 0x21, 0x89, 0xFC, 0x99, 0x60,
    0xA6, 0x60, 0x84, 0x8F, 0x4D, 0xF4, 0xCC, 0x12, 0x71, 0x9F, 0x65, 0x09, 0x0E, 0xC5, 0xC4, 0x22,
    0x46, 0xE9, 0x83, 0xC5, 0x89, 0xD5, 0xF3, 0x4B, 0x7C, 0x3D, 0x92, 0x86, 0x50, 0x0A, 0xB6, 0x80,
    0x1D, 0x40, 0xC9, 0x7F, 0x48, 0x9C, 0xFE, 0x8C, 0xD8, 0xE4, 0x44, 0x66, 0x48, 0x62, 0x06, 0x22,
    0xDC, 0x90, 0x7F, 0x10, 0x72, 0xD7, 0x1F, 0xB0, 0x5E, 0xFB, 0xF2, 0x80, 0xDD, 0xA8, 0x7E, 0x7F,
    0x42, 0xC4, 0x7A, 0xDF, 0x9F, 0x10, 0x04, 0x62, 0x60, 0xC2, 0xC6, 0xB7, 0x81, 0x01, 0x30, 0xC2,
    0x2F, 0x37, 0xAA, 0xFD, 0xC5, 0xA9, 0xB3, 0x0B, 0x90, 0x1A, 0x18, 0x99, 0xE0, 0x70, 0x7F, 0x1E,
    0xF7, 0xAA, 0x9A, 0x37, 0xA1, 0x0F, 0x80, 0x85, 0xBE, 0x21, 0x90, 0x2D, 0x02, 0x7C, 0x08, 0x84,
    0x1A, 0x12, 0x87, 0x02, 0x52, 0x60, 0xB4, 0xF9, 0x6D, 0xA0, 0x23, 0x7A, 0x8E, 0x8A, 0xCD, 0x6D,
    0x0C, 0x00, 0x58, 0xB2, 0x1F, 0xDA, 0xFC, 0x84, 0xB3, 0x64, 0x2B, 0x2D, 0xB2, 0xA0, 0x0E, 0x20,
    0x4B, 0xE1, 0x7E, 0x04, 0x00, 0x61, 0x75, 0x0A, 0x5F, 0x1D, 0x11, 0xFE, 0x45, 0x8A, 0xF0, 0x9F,
    0x49, 0x15, 0xD6, 0xEE, 0x53, 0x05, 0xE7, 0xA2, 0x88, 0x8C, 0x47, 0x9C, 0x06, 0xCF, 0xA2, 0x3E,
    0x47, 0x64, 0x0E, 0xD1, 0x99, 0x24, 0x1A, 0x3C, 0x23, 0xD1, 0x1E, 0x96, 0xF5, 0xE4, 0xFD, 0x86,
    0xE4, 0xE3, 0x19, 0xC9, 0x67, 0x03, 0x9D, 0x14, 0xEE, 0xA3, 0xE3, 0xF3, 0xA9, 0x8B, 0x54, 0xAA,
    0x9B, 0x83, 0xE2, 0xE4, 0xA5, 0x8B, 0x92, 0x8B, 0xD8, 0xDC, 0x39, 0x6C, 0xDE, 0x4C, 0xA4, 0xB9,
    0xFE, 0x7A, 0x05, 0x00, 0x93, 0x23, 0x6F, 0xF4, 0x4E, 0xB5, 0x89, 0xCC, 0x9C, 0x1D, 0xDF, 0x6B,
    0xD7, 0xCD, 0x1B, 0x89, 0x75, 0x06, 0x5C, 0x2A, 0xEF, 0x4D, 0x8A, 0xED, 0xB0, 0x52, 0xEF, 0x99,
    0x58, 0x08, 0x8E, 0xD6, 0xCF, 0x1E, 0xF0, 0x66, 0xAC, 0xF7, 0xA3, 0x67, 0x75, 0x20, 0x86, 0xC9,
    0xE5, 0x34, 0xAC, 0x91, 0x0E, 0xF6, 0x89, 0x0C, 0x31, 0x24, 0xFE, 0xDE, 0xC5, 0x2E, 0x30, 0x01,
    0xBF, 0x04, 0xE0, 0x58, 0x80, 0x07, 0x7A, 0xE7, 0xE2, 0xB5, 0x78, 0x80, 0x7B, 0x40, 0x0D, 0xA1,
    0x81, 0xE8, 0x19, 0x30, 0x83, 0x12, 0x3A, 0x28, 0xD7, 0x1F, 0x9F, 0x0B, 0x0E, 0x45, 0xC3, 0xF8,
    0x0C, 0x03, 0x6F, 0x77, 0xC9, 0x4B, 0xDA, 0xDD, 0xD0, 0xA6, 0x52, 0xDD, 0x98, 0x71, 0x40, 0xDB,
    0xD1, 0xB9, 0x6F, 0x96, 0x25, 0x67, 0x7A, 0x11, 0x63, 0x69, 0xB1, 0xD8, 0x58, 0x2A, 0x46, 0x9A,
    0x3F, 0x56, 0x61, 0x6D, 0x43, 0xFD, 0x13, 0x00, 0x88, 0xA5, 0x73, 0x06, 0xD9, 0x19, 0x76, 0x8D,
    0x6C, 0xC8, 0x78, 0xF0, 0x6E, 0x93, 0x88, 0x0D, 0x44, 0xA3, 0x2A, 0xFA, 0x0D, 0xD3, 0x8C, 0xEA,
    0x16, 0x00, 0x1C, 0x8A, 0x71, 0x46, 0x74, 0x41, 0x2B, 0x26, 0xA2, 0x27, 0x33, 0x2C, 0x03, 0xC7,
    0x01, 0x36, 0xB0, 0xD8, 0xB8, 0xC2, 0x2A, 0x8D, 0xDD, 0x05, 0xDB, 0xC2, 0xBF, 0x1A, 0xF8, 0xAE,
    0x03, 0xE9, 0x43, 0xA7, 0x34, 0x4D, 0x6C, 0xB0, 0x51, 0x8D, 0xC5, 0xCE, 0xFB, 0x30, 0x74, 0xA4,
    0xBC, 0x28, 0x4F, 0x80, 0x31, 0x30, 0x05, 0x2C, 0xF0, 0x19, 0xE4, 0x9C, 0xC6, 0x98, 0x3C, 0xB0,
    0xE4, 0xB1, 0x21, 0x1F, 0x40, 0x7E, 0x00, 0x9F, 0xB4, 0x30, 0xF9, 0x1C, 0x9E, 0x28, 0xE6, 0xED,
    0x61, 0x4D, 0x4E, 0x33, 0xF7, 0x5D, 0x95, 0xA7, 0x04, 0xF6, 0x97, 0x79, 0x86, 0x73, 0xDF, 0xA8,
    0x22, 0x57, 0x9A, 0x7C, 0x08, 0x79, 0xBB, 0x38, 0x30, 0x53, 0x18, 0xBF, 0x88, 0xD7, 0x2E, 0x7C,
    0x53, 0x42, 0x48, 0x0A, 0x14, 0xF4, 0xE0, 0x2D, 0x16, 0x25, 0xBB, 0x8C, 0x8D, 0xE4, 0xC8, 0x19,
    0xB7, 0x58, 0x44, 0x79, 0x08, 0x8F, 0x00, 0xA4, 0xF5, 0x46, 0x79, 0x09, 0x5B, 0xDE, 0x1D, 0xB8,
    0xB8, 0x89, 0x34, 0xCE, 0x00, 0x80, 0x86, 0xC0, 0x12, 0xD6, 0x84, 0x86, 0xB0, 0x58, 0x5F, 0x00,
    0x00, 0xD0, 0x42, 0x03, 0x96, 0xA0, 0x26, 0x28, 0xE0, 0x17, 0x50, 0x62, 0xA7, 0xD8, 0x7D, 0x6F,
    0x17, 0xD7, 0x26, 0xED, 0x5B, 0xD2, 0x66, 0x94, 0x63, 0xCA, 0x9C, 0xF2, 0xF1, 0x06, 0xC6, 0x21,
    0x36, 0x36, 0xA9, 0xFC, 0xF7, 0x8A, 0x5C, 0xE0, 0xA1, 0x3C, 0x8F, 0xD4, 0x31, 0xD0, 0xF3, 0x25,
    0x27, 0xF1, 0xC9, 0xF1, 0x28, 0x58, 0x4D, 0xB0, 0x87, 0xFA, 0xB8, 0x22, 0x9D, 0x69, 0x64, 0x0F,
    0x9E, 0xAF, 0xF2, 0x11, 0xD1, 0x9E, 0xD3, 0x77, 0xC1, 0x47, 0x1C, 0x36, 0xAF, 0xCB, 0xDE, 0xA4,
    0xE5, 0xA3, 0x55, 0xDB, 0xFE, 0xC3, 0xC3, 0x09, 0xE8, 0xC8, 0x66, 0x64, 0x42, 0xF6, 0x9D, 0xCE,
    0xBE, 0x35, 0xD9, 0xB7, 0x55, 0xF6, 0x4D, 0x9D, 0x59, 0x9B, 0xD9, 0x32, 0xB3, 0x59, 0x66, 0x7B,
    0x99, 0x4D, 0x33, 0xAB, 0x32, 0x1B, 0x1F, 0xD8, 0xA8, 0xB3, 0x61, 0x67, 0xE9, 0xB8, 0xBE, 0x22,
    0xCE, 0xF4, 0x50, 0xFF, 0x5E, 0xEA, 0x3F, 0x84, 0x4D, 0x49, 0x39, 0x25, 0x3F, 0xCD, 0xD6, 0x48,
    0xB7, 0xF2, 0xC8, 0xB9, 0x60, 0x3A, 0x00, 0xA0, 0x5B, 0xF4, 0xC5, 0xF7, 0xE5, 0x36, 0x46, 0x45,
    0xFE, 0xFD, 0x86, 0x6E, 0xFD, 0x41, 0xB8, 0x43, 0xA5, 0xDC, 0x4B, 0xD2, 0x73, 0x38, 0xBA, 0xCC,
    0x08, 0x78, 0x03, 0xBB, 0xA0, 0x06, 0xF6, 0x00, 0x58, 0xEF, 0x59, 0x67, 0xAD, 0xD1, 0xCC, 0xE6,
    0xA6, 0xA4, 0x55, 0x52, 0x2F, 0x45, 0xDB, 0xB3, 0x45, 0xB3, 0xB4, 0x44, 0x9A, 0x44, 0xEA, 0x55,
    0xB3, 0x02, 0xC1, 0xE2, 0x81, 0x3B, 0x2D, 0x3E, 0x67, 0x97, 0x01, 0xD9, 0xFC, 0xC1, 0x5A, 0xE7,
    0x24, 0xBA, 0x24, 0x29, 0x96, 0xF8, 0xBA, 0x6F, 0xF7, 0xEB, 0xBD, 0x9F, 0xF7, 0xF7, 0xFD, 0x7C,
    0xFF, 0x55, 0x71, 0x39, 0x11, 0x77, 0x48, 0xFA, 0x22, 0xEE, 0x12, 0x5F, 0xF7, 0xED, 0xA9, 0x7E,
    0xE2, 0xFD, 0xBC, 0xFF, 0xE2, 0xA5, 0x68, 0x7A, 0xE2, 0xA5, 0x48, 0x6F, 0x54, 0xE7, 0xEA, 0xF8,
    0xEB, 0xEB, 0xE5, 0xD5, 0x57, 0x21, 0xCB, 0x60, 0x3A, 0x85, 0xBA, 0x26, 0x78, 0x66, 0x36, 0xA8,
    0xF7, 0xEC, 0xF8, 0x6B, 0xE9, 0x9D, 0x88, 0x8D, 0x44, 0xFC, 0x15, 0x13, 0x85, 0xA5, 0xEF, 0xC8,
    0x5E, 0x20, 0xB5, 0xE7, 0xB8, 0x3E, 0x5F, 0x9F, 0x3A, 0xBC, 0xBF, 0xEF, 0xE7, 0xFB, 0xC7, 0xF5,
    0xA0, 0x48, 0x3B, 0xA9, 0x87, 0x3B, 0x95, 0xCD, 0x13, 0xFD, 0x60, 0xEA, 0x89, 0xA5, 0x9D, 0xA3,
    0x71, 0x75, 0xF2, 0xA4, 0x78, 0x34, 0x4C, 0x2B, 0x9B, 0xB6, 0x52, 0x39, 0x7F, 0xBD, 0xB8, 0xF2,
    0xEC, 0x40, 0x06, 0xF7, 0x01, 0x00, 0x91, 0x3D, 0x91, 0xA6, 0xE1, 0xA0, 0x61, 0xD8, 0xD0, 0xF7,
    0xC6, 0xD0, 0x55, 0x5D, 0xA3, 0x48, 0xD1, 0xF4, 0x69, 0x94, 0x6E, 0x62, 0xD3, 0x84, 0x75, 0x83,
    0x9D, 0xBB, 0xC1, 0x87, 0x40, 0x73, 0x3C, 0x21, 0x1D, 0x69, 0x96, 0x65, 0xD4, 0x0E, 0xCC, 0xA8,
    0x15, 0xC3, 0x27, 0x05, 0xFC, 0x06, 0x18, 0x03, 0xF9, 0x6A, 0x46, 0x32, 0xF3, 0xAC, 0x27, 0x01,
    0x80, 0x03, 0x68, 0xC1, 0x42, 0x0D, 0x7B, 0x6B, 0xE5, 0x86, 0xE3, 0x50, 0xB4, 0xDF, 0xBF, 0xB0,
    0xDC, 0x61, 0xEF, 0xE5, 0x99, 0x9C, 0x35, 0x94, 0xEE, 0xDD, 0x82, 0x32, 0xC3, 0xBB, 0xA2, 0xEA,
    0x2B, 0x0D, 0x14, 0xA1, 0x9E, 0x0F, 0x78, 0xA2, 0x61, 0x0B, 0x78, 0x83, 0x17, 0x25, 0x90, 0x0A,
    0x25, 0x1D, 0x23, 0x3D, 0x21, 0xE3, 0x15, 0x96, 0xB3, 0x41, 0x23, 0xC0, 0xDF, 0x17, 0x43, 0x69,
    0xE1, 0x86, 0xF8, 0x9A, 0xF6, 0x01, 0xEE, 0xE2, 0x0F, 0x7C, 0xA5, 0xBD, 0xBF, 0xEF, 0xE7, 0xFB,
    0x9F, 0x19, 0xFF, 0xB0, 0x22, 0x91, 0x8E, 0x54, 0xFF, 0x92, 0x1E, 0xD0, 0x07, 0xD4, 0x7F, 0x17,
    0x71, 0x5F, 0xFB, 0x02, 0x50, 0xBC, 0xEA, 0xD8, 0xD5, 0x03, 0x52, 0x1F, 0xEF, 0xB0, 0x5E, 0x3D,
    0x3B, 0xB4, 0x29, 0xAD, 0xAB, 0x63, 0xAF, 0xA3, 0xF3, 0x62, 0x7A, 0x5E, 0x3B, 0x4B, 0x4F, 0x3D,
    0x1F, 0xAB, 0xD4, 0x40, 0x58, 0xC1, 0x8F, 0x1C, 0x93, 0x62, 0x0D, 0x2D, 0xD5, 0xCA, 0x38, 0x7E,
    0xFB, 0x22, 0x63, 0xE1, 0xDF, 0x06, 0x46, 0x9B, 0xDD, 0xE7, 0x11, 0x2B, 0x66, 0x1A, 0xD7, 0x1C,
    0xC7, 0x89, 0x48, 0xE3, 0x21, 0x29, 0x58, 0x9B, 0x08, 0x88, 0x2D, 0x50, 0xC2, 0xB5, 0xC7, 0x90,
    0xD6, 0xD0, 0xE3, 0x98, 0x21, 0x8C, 0x44, 0x8C, 0xC7, 0xD7, 0xCF, 0x25, 0x15, 0x43, 0xE2, 0xE0,
    0x11, 0x70, 0x08, 0x24, 0x1A, 0xDE, 0xD3, 0x04, 0x47, 0x60, 0x6E, 0x83, 0xCD, 0x60, 0x68, 0x41,
    0x19, 0x16, 0x65, 0x33, 0xDB, 0xC1, 0x2B, 0x80, 0x9A, 0xD3, 0xDB, 0x71, 0x6C, 0x5F, 0x49, 0xFF,
    0x59, 0x9A, 0x94, 0x8B, 0x95, 0x88, 0x14, 0xE7, 0x6A, 0xBA, 0xC0, 0x38, 0xC6, 0x32, 0xF3, 0x9C,
    0xAA, 0xE3, 0xA5, 0x09, 0x22, 0x4B, 0x76, 0xAE, 0x35, 0x8C, 0x4B, 0xCA, 0x27, 0x41, 0x33, 0x90,
    0x3A, 0x16, 0xED, 0x22, 0x0C, 0x4E, 0x44, 0x38, 0xE3, 0xB9, 0xC9, 0xF5, 0x7A, 0x1A, 0x96, 0x83,
    0x59, 0x1E, 0xB7, 0xF9, 0xF1, 0x04, 0xD1, 0xBA, 0x79, 0x8F, 0x23, 0x5C, 0x26, 0xEF, 0x8A, 0x09,
    0xA2, 0xB5, 0xB2, 0xFF, 0x3F, 0x8E, 0x59, 0xC4, 0xE9, 0x2E, 0xA7, 0x81, 0x8E, 0xE8, 0x3D, 0xE2,
    0x48, 0x3B, 0x73, 0x3F, 0xE8, 0xD6, 0xD4, 0xE0, 0xE3, 0xBC, 0xBF, 0x8C, 0xF3, 0x3E, 0x74, 0x97,
    0xD1, 0xF0, 0xC1, 0x07, 0x58, 0x1B, 0x7E, 0x55, 0x45, 0x9F, 0x16, 0x71, 0xBC, 0xFE, 0x38, 0xAC,
    0x88, 0x73, 0x61, 0x0D, 0x97, 0x4F, 0x57, 0xB0, 0x0D, 0x53, 0xA8, 0xE1, 0x6B, 0x98, 0xE8, 0x8B,
    0x25, 0x2A, 0x09, 0xEB, 0xC5, 0x1C, 0x84, 0xBA, 0x46, 0xD4, 0xA2, 0x0C, 0xEC, 0x5A, 0xB0, 0x63,
    0x30, 0xB7, 0x59, 0x96, 0x0C, 0xF6, 0x1D, 0xF6, 0x05, 0xCA, 0xD8, 0x7B, 0xCA, 0xD4, 0x9E, 0xDE,
    0xF6, 0x97, 0xF5, 0xF6, 0xBD, 0xAF, 0xAB, 0xED, 0xEC, 0x9B, 0x6A, 0xE7, 0xE1, 0xEF, 0xAA, 0xAD,
    0xC7, 0xBF, 0x36, 0x5B, 0x8F, 0xDE, 0x36, 0x5B, 0xFB, 0x6F, 0x1B, 0x65, 0x47, 0x46, 0xD5, 0x03,
    0xA3, 0xAA, 0xD4, 0x9C, 0x16, 0xFB, 0x61, 0x52, 0xEC, 0x3F, 0x54, 0x66, 0x3F, 0xDB, 0x72, 0x31,
    0xB7, 0xAB, 0xFA, 0xDE, 0x1B, 0xB5, 0x8B, 0xF7, 0x59, 0xB5, 0xED, 0x63, 0x3D, 0xF8, 0x95, 0x8B,
    0xF5, 0x53, 0xA3, 0x1E, 0xBD, 0x63, 0x92, 0xFD, 0x77, 0x8A, 0xA4, 0x1E, 0x14, 0x71, 0x95, 0xEA,
    0xD3, 0x62, 0x8D, 0xA1, 0xE9, 0x13, 0xD6, 0x4A, 0x47, 0x26, 0x36, 0xEE, 0xBB, 0x4A, 0x09, 0xEC,
    0x10, 0xCA, 0x12, 0x86, 0x16, 0xD2, 0x0A, 0x94, 0x39, 0xFB, 0xDA, 0x71, 0xCA, 0xFD, 0x36, 0x27,
    0xD1, 0x19, 0x8A, 0x1E, 0x3B, 0xFE, 0xDB, 0x91, 0x11, 0x17, 0x53, 0x22, 0x63, 0x09, 0xBF, 0xAC,
    0xE1, 0xEF, 0x06, 0xBE, 0x75, 0x4C, 0xF4, 0xF1, 0x1F, 0x7D, 0xD9, 0xF1, 0x8C, 0xD4, 0xC8, 0x3A,
    0x0A, 0xA0, 0x19, 0x43, 0x7B, 0xE0, 0x97, 0x9B, 0xD4, 0x7D, 0xE6, 0x33, 0xCD, 0xF2, 0xEF, 0x3D,
    0x48, 0x81, 0x21, 0xD0, 0x40, 0x58, 0x43, 0x6C, 0x40, 0x2D, 0x9A, 0x4A, 0x08, 0x96, 0xFF, 0xF4,
    0x69, 0xE8, 0x2F, 0xA4, 0x8B, 0x88, 0xF1, 0xAC, 0x9C, 0x16, 0x38, 0x94, 0xD6, 0x19, 0x34, 0x44,
    0x95, 0xEF, 0xB5, 0x0B, 0xED, 0xE2, 0x98, 0xEA, 0x43, 0xB9, 0xFA, 0xCF, 0xCF, 0x0D, 0x6A, 0x5A,
    0x4C, 0xD7, 0x5E, 0x4E, 0xCD, 0xEA, 0xA7, 0x8C, 0xCD, 0x28, 0xBA, 0x8D, 0x59, 0xBC, 0xEF, 0x77,
    0x97, 0x13, 0x45, 0x2C, 0x05, 0xCA, 0xB1, 0x0D, 0xF4, 0x8E, 0x19, 0x1D, 0xCD, 0xA1, 0x77, 0x3E,
    0x23, 0x11, 0x0F, 0xFF, 0x03, 0xAD, 0x94, 0x01, 0x67, 0x2C, 0x57, 0x14, 0x80, 0xBF, 0x99, 0x21,
    0x53, 0x99, 0xB6, 0xF7, 0xA1, 0xAA, 0xB4, 0xD9, 0xC9, 0x0F, 0xE8, 0x66, 0x8B, 0xA0, 0x98, 0xCD,
    0x5C, 0x20, 0x78, 0xE8, 0x5F, 0x78, 0x7F, 0xA0, 0x04, 0xC1, 0x62, 0x93, 0xBD, 0x05, 0x05, 0x78,
    0x40, 0xFF, 0x46, 0x90, 0xB2, 0x78, 0x7D, 0x7B, 0xDB, 0x02, 0x0A, 0xD3, 0x5F, 0x90, 0xF9, 0x05,
    0xED, 0x2D, 0x4B, 0x57, 0xB3, 0xCD, 0xE9, 0xB9, 0x63, 0x3A, 0xF2, 0xBC, 0xBE, 0xBC, 0xD7, 0x95,
    0xE3, 0x7C, 0x31, 0x93, 0xBD, 0xE7, 0xCB, 0xC9, 0xDD, 0xE3, 0x40, 0xE6, 0xE8, 0x49, 0x56, 0xE2,
    0x72, 0x11, 0x5B, 0xBA, 0x17, 0x9C, 0x70, 0x44, 0x85, 0x61, 0x8E, 0xB1, 0x33, 0x0A, 0xBB, 0xA4,
    0x70, 0xFF, 0x32, 0x53, 0xE2, 0xEF, 0xE3, 0xE7, 0x27, 0x4C, 0x28, 0xDD, 0x0F, 0xE4, 0xB2, 0x21,
    0x59, 0x3D, 0x07, 0x72, 0x37, 0xB0, 0x12, 0xAB, 0x3E, 0xA2, 0x6F, 0xCA, 0xA8, 0xF7, 0x75, 0xD8,
    0xBE, 0x9E, 0x29, 0x25, 0xA5, 0xBD, 0xE8, 0xEA, 0xE9, 0xEA, 0x33, 0x4F, 0x4F, 0xA0, 0x76, 0x81,
    0x8A, 0x77, 0x65, 0xCD, 0x9C, 0x25, 0x4B, 0x2E, 0x92, 0x35, 0x13, 0x69, 0xD5, 0x69, 0xB9, 0xFF,
    0xFF, 0x5D, 0xB3, 0xB0, 0xD7, 0xCC, 0x78, 0x88, 0x58, 0x7F, 0x99, 0x2E, 0x99, 0xDC, 0xCD, 0xC8,
    0x37, 0x33, 0xF0, 0xEF, 0x43, 0xA8, 0x60, 0x1A, 0xC0, 0x78, 0x86, 0x88, 0xCF, 0x65, 0x03, 0x47,
    0x2D, 0x54, 0x01, 0x66, 0xD7, 0x70, 0x3D, 0xA3, 0x3B, 0xDB, 0x8E, 0x49, 0x9B, 0x11, 0x99, 0x37,
    0x64, 0x22, 0xE4, 0x22, 0xCE, 0xD8, 0x3C, 0xBE, 0xF9, 0x91, 0x7E, 0x32, 0x25, 0x89, 0xA7, 0xC2,
    0x3E, 0xCF, 0xC8, 0x7F, 0x6A, 0x48, 0x6E, 0x1D, 0xBC, 0x64, 0x88, 0x44, 0x1C, 0x46, 0x02, 0x47,
    0xC9, 0x86, 0xF7, 0x98, 0x03, 0x55, 0xC7, 0x9E, 0x6C, 0x99, 0x28, 0x53, 0x2A, 0xE6, 0xCA, 0x34,
    0x79, 0xA1, 0xEF, 0x13, 0x9F, 0x6F, 0x8C, 0x76, 0xE9, 0x4D, 0xE6, 0xB3, 0x1B, 0xD8, 0xF6, 0x16,
    0x91, 0xAD, 0x26, 0x4B, 0xDE, 0x21, 0xFB, 0xC3, 0x39, 0x67, 0xD9, 0x8F, 0x2D, 0xB7, 0x9E, 0x45,
    0x2F, 0x59, 0xFC, 0x1D, 0x93, 0xF1, 0x1B, 0x73, 0x21, 0x77, 0x9A, 0x19, 0x5F, 0x74, 0xDF, 0x17,
    0x7F, 0x7A, 0xA8, 0x19, 0x22, 0x59, 0x39, 0x72, 0x59, 0xC7, 0x09, 0x89, 0x93, 0xF2, 0xD0, 0x44,
    0xD9, 0xD7, 0x27, 0x6A, 0xDD, 0xD5, 0x77, 0xEE, 0x26, 0xC0, 0xED, 0xAB, 0x6E, 0xEE, 0xB9, 0xA7,
    0x94, 0x83, 0xFB, 0xBF, 0xA7, 0x6B, 0xDD, 0x9D, 0x7F, 0xFD, 0x96, 0x02, 0xD5, 0x5B, 0x73, 0xCD,
    0x5C, 0xC7, 0x42, 0xA7, 0x4A, 0x87, 0x2A, 0x17, 0x1B, 0x25, 0xA7, 0x3E, 0xFB, 0x7D, 0x90, 0xC4,
    0xC1, 0x79, 0x53, 0x6A, 0xA1, 0x8E, 0x93, 0x4E, 0x93, 0x0E, 0x93, 0x11, 0xAF, 0x09, 0x68, 0x0F,
    0xE5, 0x69, 0xA3, 0x3F, 0x77, 0xEE, 0xE1, 0x15, 0xD5, 0xD3, 0xC6, 0xE4, 0xFE, 0x7F, 0x75, 0x02,
    0xB0, 0x0F, 0x06, 0xC6, 0xF0, 0x25, 0x1C, 0x3E, 0x42, 0x4B, 0x83, 0x93, 0xCF, 0x7B, 0xE7, 0xCE,
    0xBD, 0x7D, 0x90, 0xF8, 0xE2, 0xD4, 0x0D, 0x37, 0xFC, 0x28, 0xBD, 0x1D, 0xA4, 0xBE, 0x78, 0xEA,
    0xB2, 0xDF, 0x7A, 0xE7, 0xCE, 0xBD, 0xA5, 0x8E, 0xCC, 0x93, 0xB4, 0x70, 0xF5, 0x68, 0xF7, 0x96,
    0xDA, 0xCE, 0xD9, 0xF4, 0xCE, 0x9D, 0x7B, 0x03, 0x02, 0xA4, 0x1E, 0x32, 0x3B, 0x6C, 0x29, 0x8E,
    0xCF, 0xE0, 0xEC, 0xB8, 0xA3, 0x7B, 0x36, 0xFE, 0xD1, 0x36, 0x18, 0x09, 0x90, 0x5B, 0xF8, 0x10,
    0xF8, 0x04, 0x00, 0xB8, 0x84, 0xE4, 0x67, 0x47, 0xFA, 0x8D, 0xEF, 0x88, 0xCF, 0x5C, 0xEE, 0xBE,
    0xD9, 0x60, 0x0F, 0x30, 0x16, 0x46, 0xFD, 0xF9, 0x63, 0x86, 0x28, 0x55, 0x56, 0x2B, 0xB1, 0xFF,
    0x73, 0xE5, 0x4A, 0x09, 0x81, 0xA4, 0x0D, 0xA4, 0x5E, 0xDA, 0x2C, 0xE2, 0x02, 0x85, 0x04, 0x4C,
    0x84, 0xC0, 0x48, 0x19, 0x2B, 0x15, 0x12, 0x66, 0x0A, 0x3C, 0xEF, 0xEF, 0xAD, 0x81, 0xCC, 0x41,
    0xCE, 0x10, 0x79, 0x5B, 0xDB, 0x72, 0x2B, 0x6D, 0x55, 0xFA, 0x70, 0x68, 0xEC, 0x39, 0x86, 0x63,
    0x95, 0x6D, 0x0A, 0x91, 0x4D, 0x2D, 0xB0, 0x2C, 0xE0, 0xCA, 0xD8, 0xB3, 0xEB, 0x4F, 0x7F, 0x0D,
    0xF5, 0x1F, 0xE2, 0x4B, 0xBF, 0x80, 0xD4, 0x42, 0xE6, 0xA1, 0xE8, 0xEF, 0xE5, 0x33, 0xFA, 0x48,
    0x61, 0xF5, 0x9D, 0xCB, 0x45, 0xFA, 0x7D, 0x58, 0x53, 0x21, 0xCC, 0x93, 0x1B, 0x3B, 0xCB, 0x7E,
    0xB1, 0x4B, 0xA3, 0xBB, 0xF0, 0x40, 0xA9, 0x74, 0x1F, 0x86, 0xC2, 0x5E, 0x34, 0xC6, 0xD6, 0xDE,
    0x50, 0xF7, 0xFB, 0xB0, 0x96, 0x35, 0xDF, 0xAF, 0x1C, 0x87, 0xF0, 0xC0, 0xDF, 0x48, 0x60, 0xF5,
    0xAD, 0xCD, 0xE5, 0x8E, 0xD2, 0xC6, 0xBD, 0xB8, 0xA2, 0x4A, 0x6F, 0x98, 0xE7, 0x5F, 0xD9, 0xF9,
    0x81, 0xB1, 0xF3, 0x73, 0x63, 0xA7, 0xAD, 0x3A, 0x5D, 0xA9, 0xCE, 0x0B, 0x26, 0xEA, 0x3C, 0x57,
    0xE7, 0x13, 0x20, 0x91, 0x06, 0x23, 0x5B, 0x6A, 0xBB, 0xA0, 0x62, 0x7F, 0xF8, 0x76, 0x6A, 0xA0,
    0xBC, 0xB3, 0xA4, 0xB2, 0x81, 0x3D, 0x01, 0x35, 0x43, 0x61, 0x9F, 0xA0, 0xBD, 0x62, 0x6C, 0x3C,
    0x1F, 0xEB, 0x62, 0xFD, 0x10, 0x27, 0x7D, 0x71, 0x94, 0x9C, 0x03, 0xCF, 0x20, 0x59, 0x35, 0x14,
    0x7A, 0xAE, 0xB4, 0x5F, 0x33, 0x06, 0x8E, 0x00, 0xF3, 0x57, 0xEF, 0xFD, 0xF8, 0x25, 0x60, 0xF8,
    0x48, 0x39, 0xB1, 0x13, 0xCA, 0xE8, 0x5B, 0xB5, 0x0F, 0xFA, 0x16, 0x22, 0xEB, 0x08, 0x85, 0x63,
    0x57, 0x86, 0x30, 0x4E, 0xB1, 0x0A, 0x30, 0xEA, 0x67, 0x79, 0x7C, 0x8F, 0x29, 0xD4, 0x22, 0x3E,
    0x12, 0xDF, 0xDF, 0x4A, 0x29, 0x9E, 0x42, 0x19, 0x62, 0x03, 0x04, 0x48, 0x22, 0x8D, 0xE2, 0xF8,
    0x07, 0x14, 0xCB, 0x21, 0x0C, 0x82, 0x40, 0x14, 0x87, 0xF1, 0xBF, 0x32, 0x91, 0x1D, 0xD3, 0xD7,
    0x0B, 0x12, 0x0D, 0x02, 0xD9, 0xED, 0xF4, 0xE8, 0xC9, 0xDE, 0xBB, 0x44, 0x02, 0x8C, 0xEB, 0x89,
    0x9E, 0x2E, 0xD8, 0x77, 0xC1, 0x40, 0x60, 0x8E, 0x9E, 0xEC, 0xE9, 0xF5, 0x74, 0xC1, 0x60, 0x3A,
    0xDD, 0xE5, 0xEF, 0xFB, 0xE5, 0x68, 0x21, 0xB1, 0x47, 0x8C, 0x35, 0x52, 0x4D, 0x38, 0xE1, 0x88,
    0x94, 0x91, 0x4D, 0x68, 0x0B, 0x18, 0x01, 0x1A, 0xB5, 0xFA, 0x2D, 0xF9, 0xBD, 0x1E, 0xFC, 0xE0,
    0x6F, 0x1B, 0x38, 0x0A, 0xA1, 0xFA, 0x86, 0xA9, 0x7F, 0xF5, 0x5D, 0x31, 0xAB, 0xAE, 0x50, 0x8B,
    0x7A, 0xAF, 0x96, 0x48, 0x6F, 0x51, 0xE9, 0x86, 0xD9, 0xB2, 0x6D, 0xB8, 0xD2, 0x49, 0x52, 0x96,
    0x52, 0x5A, 0x6B, 0x8C, 0x11, 0x01, 0x1D, 0xA6, 0x80, 0x62, 0x10, 0x32, 0x5C, 0x71, 0xC1, 0xE3,
    0xE3, 0x1C, 0x13, 0x91, 0x97, 0xBD, 0xEC, 0xE6, 0xA7, 0x1B, 0x05, 0x76, 0x10, 0x0C, 0x7B, 0x76,
    0xA2, 0x06, 0x22, 0xFD, 0x9F, 0x2C, 0x83, 0x09, 0x43, 0x89, 0x83, 0xFE, 0x01, 0x00, 0xC5, 0x9A,
    0x31, 0x8C, 0xE4, 0xD6, 0x79, 0xC7, 0x7F, 0x1C, 0x3A, 0xE2, 0x39, 0xB4, 0xFD, 0x5C, 0x08, 0x41,
    0x10, 0xE3, 0x96, 0x2E, 0x52, 0x6A, 0x77, 0x52, 0xA8, 0xB8, 0x20, 0x9C, 0x1B, 0xCA, 0x2A, 0x54,
    0xA8, 0x49, 0x0F, 0x04, 0x48, 0x8F, 0x04, 0x52, 0x71, 0x05, 0x11, 0xCD, 0xDE, 0xD0, 0x72, 0xA1,
    0xE2, 0x9A, 0xED, 0x81, 0x00, 0xEE, 0x9B, 0x2C, 0x02, 0xC2, 0x1E, 0xC4, 0x73, 0x9A, 0x77, 0x52,
    0xE1, 0x42, 0x0D, 0x05, 0x95, 0x69, 0x68, 0x05, 0xA9, 0x02, 0x04, 0xEF, 0x2C, 0x02, 0x99, 0x58,
    0xB3, 0xFB, 0xE5, 0xFB, 0x30, 0xDC, 0xB9, 0xD9, 0xBD, 0xB9, 0xF5, 0xDC, 0x68, 0x81, 0x70, 0xFE,
    0x3F, 0xCE, 0xC7, 0xF7, 0x7D, 0xDF, 0xE3, 0xE3, 0x2C, 0xF9, 0x1E, 0xF9, 0xB8, 0x51, 0x45, 0xDC,
    0x40, 0x80, 0x1A, 0xDE, 0x66, 0xBD, 0x88, 0xAC, 0x54, 0x1D, 0x6C, 0x4B, 0x64, 0xA9, 0x32, 0x7B,
    0x5B, 0x57, 0xC1, 0xEE, 0x5D, 0xEF, 0x3E, 0x69, 0x74, 0x7D, 0x60, 0x0D, 0xA6, 0x0E, 0x03, 0xD5,
    0x35, 0xBE, 0xBD, 0xB4, 0x10, 0xCF, 0x32, 0x69, 0xE8, 0x06, 0x2D, 0x5D, 0x14, 0x5E, 0x09, 0x46,
    0xD4, 0x92, 0x4A, 0xA3, 0x54, 0xDC, 0x83, 0x13, 0xC8, 0xA1, 0x86, 0x5F, 0xB2, 0x5E, 0x16, 0x12,
    0x54, 0x35, 0xEC, 0x2F, 0x16, 0x0D, 0xB1, 0xAC, 0x70, 0xCD, 0x63, 0x32, 0x5C, 0x31, 0xE2, 0x4F,
    0xC8, 0x01, 0x63, 0x2A, 0x15, 0xC6, 0x04, 0x36, 0x65, 0xE6, 0xB7, 0x38, 0x8B, 0xB7, 0x3C, 0xCB,
    0x8F, 0xA4, 0xC1, 0xA9, 0x3D, 0x2E, 0xA6, 0xE4, 0xFC, 0xE9, 0x26, 0x7E, 0xAC, 0x64, 0x97, 0x05,
    0x03, 0x59, 0xC2, 0x1B, 0x62, 0x5B, 0x05, 0xA4, 0xC5, 0x8F, 0x49, 0xAB, 0x19, 0xAE, 0xD0, 0x78,
    0xCB, 0xB3, 0xFC, 0xFE, 0x97, 0x62, 0xC6, 0x1E, 0xEA, 0x83, 0xDD, 0x7B, 0xDE, 0x3D, 0xF1, 0xBA,
    0x06, 0xE0, 0x90, 0x1A, 0x12, 0x31, 0x41, 0x7E, 0x8B, 0xBE, 0x47, 0x3E, 0x62, 0x32, 0x7C, 0xA7,
    0x4B, 0x25, 0x44, 0x52, 0x60, 0xC7, 0x62, 0x84, 0x72, 0x07, 0xD3, 0x36, 0x6A, 0xA7, 0xAB, 0xA8,
    0x2D, 0x4F, 0x95, 0x4C, 0x71, 0x83, 0xA6, 0x74, 0xB1, 0x2F, 0xB3, 0xD4, 0x97, 0xA7, 0x7A, 0xBC,
    0xAB, 0x11, 0xD3, 0xB6, 0x73, 0xF0, 0x2A, 0x44, 0x2E, 0x15, 0xF1, 0x9D, 0x4B, 0x9A, 0xCE, 0x45,
    0x41, 0xCB, 0x7A, 0xCC, 0xB6, 0x32, 0xF3, 0x59, 0xCC, 0xAD, 0xE7, 0x54, 0xB5, 0xCF, 0x39, 0xB5,
    0xF3, 0x1C, 0x0A, 0x4C, 0xD4, 0x19, 0xA2, 0x10, 0xE2, 0x26, 0xA4, 0x3E, 0x38, 0xC2, 0x09, 0xB2,
    0x32, 0xA9, 0x61, 0x9B, 0x69, 0x15, 0x12, 0x6F, 0x5E, 0x8D, 0x41, 0x02, 0x63, 0xBB, 0xD2, 0x3C,
    0x51, 0x0B, 0xE7, 0xF0, 0xF6, 0x76, 0x3D, 0xAB, 0x10, 0xAD, 0x42, 0xBC, 0x0A, 0xC9, 0x3C, 0xB8,
    0x3C, 0x1C, 0xE5, 0x21, 0xCF, 0xC3, 0x2C, 0x0F, 0x21, 0xFF, 0x7D, 0x93, 0x7F, 0xE3, 0xF3, 0x6F,
    0x8B, 0x5C, 0xC8, 0x2F, 0xC8, 0x57, 0xE4, 0x1D, 0xF9, 0x80, 0x9F, 0x92, 0x54, 0x35, 0xB1, 0x0F,
    0x20, 0x1E, 0xA6, 0x05, 0x57, 0xCB, 0x8C, 0xC4, 0xE7, 0xA4, 0xC5, 0x08, 0x47, 0xC6, 0x11, 0x4E,
    0x2D, 0x2B, 0x89, 0xFD, 0x8C, 0x41, 0x1B, 0xE0, 0x79, 0x0B, 0xBF, 0x6A, 0x60, 0xEC, 0x61, 0x58,
    0x41, 0xC6, 0x9A, 0x63, 0x48, 0x57, 0x4A, 0x80, 0x40, 0xBE, 0xBF, 0xFA, 0xD3, 0xE9, 0x11, 0x2F,
    0xE4, 0x3C, 0x64, 0x0D, 0x9C, 0xB4, 0x58, 0x08, 0x65, 0x0D, 0x75, 0x09, 0x21, 0x87, 0xF6, 0x98,
    0x41, 0x73, 0x44, 0xEC, 0x1D, 0xB1, 0x08, 0x89, 0x48, 0xE5, 0x8A, 0xC4, 0xB6, 0xFC, 0x91, 0x7A,
    0x46, 0x44, 0x16, 0x15, 0x44, 0x4C, 0x01, 0xB6, 0xA5, 0xB1, 0x22, 0x5D, 0x60, 0x6E, 0x7B, 0x66,
    0x64, 0x32, 0x63, 0xAE, 0x85, 0xE6, 0x32, 0x85, 0x2E, 0x5A, 0x76, 0x4C, 0x4C, 0x94, 0x5D, 0x14,
    0xC4, 0x0A, 0xDB, 0x8E, 0x79, 0xC7, 0xA8, 0xE3, 0xC4, 0x64, 0x46, 0x9F, 0x72, 0x48, 0x3F, 0x20,
    0x52, 0x18, 0x04, 0x77, 0x2B, 0x91, 0x32, 0x68, 0x5D, 0x11, 0x37, 0xCE, 0x0E, 0xAF, 0x70, 0x7A,
    0x98, 0x0B, 0x91, 0xCE, 0xB0, 0x9A, 0xB6, 0x39, 0xA0, 0xAB, 0x2C, 0xD3, 0xAA, 0xCE, 0xD3, 0x2A,
    0x8C, 0xD2, 0x9F, 0x87, 0xA3, 0xF4, 0xE3, 0xC6, 0xA5, 0xBF, 0xF0, 0xEE, 0xFD, 0x4F, 0x7C, 0xFA,
    0xE4, 0x49, 0x31, 0x90, 0x4B, 0x62, 0x11, 0xD4, 0xAE, 0xAC, 0x4C, 0x7D, 0xCD, 0x49, 0xFA, 0x71,
    0x6B, 0xB1, 0x96, 0x63, 0xB9, 0x5D, 0x5A, 0x4D, 0x22, 0x39, 0xC3, 0xC9, 0x92, 0x87, 0x3C, 0xE5,
    0xCF, 0x75, 0x0D, 0x27, 0xCA, 0x48, 0x99, 0x5B, 0x57, 0xA3, 0xB4, 0x66, 0x2B, 0x43, 0xC5, 0xF1,
    0x63, 0x32, 0x6A, 0xB5, 0x1F, 0x17, 0x4F, 0xC9, 0xA4, 0x63, 0x20, 0xD5, 0x21, 0x67, 0xEF, 0x3D,
    0xAA, 0xA3, 0x41, 0xE3, 0x62, 0x1F, 0x0B, 0xD1, 0xC5, 0xE1, 0x57, 0xC1, 0x01, 0x17, 0x20, 0x22,
    0xDE, 0x20, 0xC4, 0xB7, 0x12, 0xB5, 0xB1, 0x1F, 0x18, 0x4D, 0xEC, 0xED, 0xE3, 0xAA, 0xD8, 0x0B,
    0xB1, 0x5F, 0x2A, 0x8F, 0x19, 0x16, 0x53, 0xEB, 0xC2, 0xF5, 0xF3, 0x91, 0xFF, 0x4D, 0xF1, 0x4F,
    0xFE, 0xBF, 0x8A, 0xF2, 0xEB, 0x2F, 0x8A, 0xF2, 0x1B, 0x65, 0xFA, 0x7E, 0x51, 0x8E, 0xD3, 0xA2,
    0x3C, 0x51, 0x7E, 0xA0, 0x7C, 0x4F, 0xE1, 0x65, 0x6E, 0xB9, 0x90, 0xCC, 0xDE, 0xA5, 0x68, 0x51,
    0x91, 0x48, 0x47, 0x56, 0x3D, 0xE5, 0x21, 0x43, 0x72, 0x1C, 0x13, 0x5C, 0x61, 0xD5, 0xCD, 0x48,
    0xAB, 0x2B, 0x6C, 0xDB, 0xCA, 0xCD, 0x6F, 0x71, 0x16, 0x6F, 0x79, 0x96, 0xBF, 0xD9, 0xC3, 0xFE,
    0x12, 0x39, 0x13, 0xE9, 0x5E, 0x71, 0xFD, 0x9C, 0x75, 0xF0, 0x92, 0xFA, 0x91, 0x72, 0x79, 0x35,
    0x52, 0x72, 0xBC, 0x19, 0x29, 0x77, 0x63, 0x7E, 0x8B, 0xB3, 0x78, 0xCB, 0xB3, 0xFC, 0xA9, 0xD6,
    0x6F, 0x90, 0x56, 0x1C, 0xCA, 0x5D, 0xF4, 0x84, 0x9B, 0xFA, 0x16, 0x4B, 0x12, 0x91, 0xC2, 0x3D,
    0x79, 0xE2, 0xED, 0x52, 0xB2, 0xCB, 0xC8, 0x98, 0xA4, 0x55, 0x67, 0x5C, 0x6D, 0x9B, 0xCF, 0x62,
    0x2C, 0x56, 0x73, 0x36, 0xF9, 0x27, 0x58, 0x7F, 0x10, 0xFB, 0xC4, 0xA7, 0x55, 0xDC, 0x66, 0x10,
    0x46, 0x30, 0x99, 0xC1, 0xC3, 0x00, 0xAE, 0xE9, 0xBB, 0xCC, 0x16, 0x46, 0x01, 0x66, 0x13, 0x8D,
    0x1E, 0x59, 0x17, 0xA9, 0xA9, 0xA9, 0xCF, 0x88, 0xAD, 0x5B, 0x0C, 0x81, 0x9A, 0x43, 0x11, 0x91,
    0xC2, 0x80, 0xF4, 0x1A, 0x33, 0xB2, 0x8D, 0xCA, 0x2B, 0xE5, 0x64, 0x63, 0x3E, 0xC8, 0x44, 0x06,
    0xF2, 0x2F, 0x90, 0xDD, 0x50, 0x77, 0x92, 0xF8, 0x43, 0xB1, 0x01, 0xDB, 0xE8, 0x72, 0xC7, 0xA1,
    0x68, 0x7E, 0x30, 0x80, 0x6B, 0x48, 0x07, 0x06, 0xBB, 0x90, 0xCB, 0x02, 0x11, 0x1B, 0xE8, 0x03,
    0x9D, 0x7D, 0xA8, 0x7B, 0x3A, 0x2B, 0x33, 0x9F, 0xC5, 0x74, 0x24, 0xFE, 0x55, 0x48, 0xA7, 0x5C,
    0xAA, 0x9D, 0xBD, 0xE7, 0xBB, 0xE4, 0x13, 0xE5, 0xB7, 0x3D, 0x6A, 0x6B, 0x99, 0xF9, 0x2C, 0x66,
    0xE7, 0xA8, 0xB1, 0x90, 0xB3, 0x85, 0xF5, 0xFB, 0xF3, 0x9A, 0x51, 0xCD, 0x89, 0xC9, 0x8C, 0xB9,
    0x16, 0xAA, 0x2B, 0x92, 0x0A, 0x27, 0x81, 0xE1, 0x3B, 0x2B, 0x26, 0x8C, 0x78, 0x93, 0x0C, 0x70,
    0x86, 0xA5, 0x16, 0x06, 0x38, 0x03, 0xC3, 0xFC, 0x16, 0x67, 0xF1, 0x96, 0x67, 0xF9, 0x5D, 0xBA,
    0xA4, 0x1B, 0x0A, 0xDD, 0xC8, 0xD1, 0x95, 0x69, 0xD5, 0xD5, 0x89, 0xE1, 0x3B, 0x6B, 0x76, 0x4F,
    0x67, 0xD4, 0x1B, 0x2A, 0x8B, 0xB3, 0x78, 0xCB, 0xB3, 0x7C, 0x16, 0xE2, 0x63, 0x11, 0x9F, 0x36,
    0x36, 0x62, 0x29, 0xF4, 0xA8, 0x6D, 0x65, 0x03, 0xF5, 0xF1, 0x81, 0x32, 0x4A, 0x3C, 0x73, 0xA5,
    0xD3, 0xB2, 0x90, 0xF8, 0x58, 0x7D, 0xE3, 0x4A, 0xD1, 0xD8, 0xAB, 0x63, 0x39, 0x89, 0x96, 0xDC,
    0xDB, 0xBA, 0x23, 0x7E, 0x43, 0x56, 0x0C, 0x95, 0x91, 0xDA, 0x13, 0x65, 0x14, 0xCD, 0x75, 0x7B,
    0xE8, 0x93, 0xA5, 0xF3, 0xFC, 0xC5, 0x05, 0x91, 0x5C, 0x90, 0xFC, 0xE7, 0xFA, 0x28, 0x8F, 0x80,
    0x63, 0x25, 0x9F, 0x9E, 0x31, 0x92, 0x25, 0xE3, 0xE2, 0x29, 0x23, 0x3B, 0x66, 0x9C, 0x51, 0xE4,
    0x2F, 0xD0, 0xB8, 0x0C, 0x57, 0xCD, 0xAD, 0x8F, 0x83, 0x45, 0xC5, 0x54, 0x9A, 0xA9, 0x84, 0x92,
    0x65, 0xC9, 0xAC, 0xA4, 0x9B, 0xCA, 0xD9, 0x54, 0x5A, 0xB3, 0xC9, 0x4D, 0xCC, 0xA7, 0xD2, 0x69,
    0xCC, 0x42, 0x5A, 0x55, 0x0D, 0xB7, 0x2B, 0x12, 0x59, 0xD3, 0xBA, 0x97, 0xD0, 0x31, 0x8C, 0xB8,
    0xFF, 0x8D, 0xD2, 0xC2, 0x59, 0x9F, 0x15, 0x8C, 0x47, 0x70, 0xBE, 0x0D, 0x7D, 0xCF, 0xED, 0xAA,
    0x53, 0x6B, 0x2D, 0xD6, 0xEA, 0xB1, 0x48, 0x31, 0x55, 0x26, 0x9B, 0xA7, 0x85, 0x1F, 0xAA, 0xFF,
    0x31, 0x49, 0xDF, 0xFF, 0xE5, 0x49, 0x11, 0x8E, 0x93, 0x77, 0xDA, 0xA3, 0xE4, 0x67, 0x8D, 0x4B,
    0xDE, 0xF5, 0xA9, 0x12, 0x6B, 0xBC, 0x82, 0x6E, 0x57, 0x8A, 0x37, 0x9F, 0xC5, 0x58, 0xAC, 0xA1,
    0xC3, 0xB9, 0x93, 0xE5, 0x43, 0xE6, 0x6F, 0x92, 0xC3, 0x64, 0x20, 0xED, 0x40, 0x3A, 0x35, 0xE0,
    0xF8, 0x2F, 0x39, 0xD6, 0xF2, 0x4C, 0xBA, 0x81, 0x54, 0x35, 0xB3, 0x9A, 0x65, 0x1D, 0x2F, 0xEB,
    0x74, 0x56, 0xBB, 0xB2, 0xCE, 0xCB, 0xFA, 0x51, 0x59, 0x87, 0xF2, 0xD7, 0xBE, 0xFC, 0x4D, 0x55,
    0x2E, 0x28, 0xE7, 0x94, 0x33, 0xCA, 0x7B, 0x91, 0x8E, 0xD2, 0xDE, 0xC5, 0x55, 0x22, 0x44, 0x2B,
    0xD6, 0xCB, 0x9E, 0xB9, 0xA5, 0x29, 0x94, 0x71, 0x53, 0xA6, 0x55, 0xE9, 0x98, 0xAE, 0x98, 0x5E,
    0x50, 0x66, 0xD8, 0x66, 0xEC, 0xCB, 0x41, 0x5B, 0x72, 0x51, 0x72, 0xBA, 0xB9, 0x95, 0x6A, 0xD3,
    0x0D, 0xD1, 0x16, 0x83, 0x26, 0x2D, 0x62, 0x9F, 0x16, 0x89, 0x32, 0x2D, 0xD2, 0xE2, 0x94, 0xB4,
    0x18, 0x33, 0x64, 0x6C, 0x9F, 0x6A, 0xCA, 0xDF, 0xF8, 0x6F, 0xF9, 0xEB, 0x2F, 0xFF, 0x9D, 0x07,
    0xBF, 0xFF, 0x82, 0x07, 0x1F, 0xBD, 0xCF, 0x83, 0x71, 0xCA, 0x83, 0x13, 0xE5, 0x07, 0xCA, 0xF7,
    0x14, 0xD6, 0xD4, 0x94, 0xDB, 0x5A, 0xC8, 0x52, 0xA5, 0xC6, 0x0D, 0xB1, 0x35, 0xC2, 0x8E, 0xC8,
    0x36, 0x23, 0xEC, 0x15, 0xB6, 0x6D, 0xE5, 0x59, 0x71, 0xBA, 0x39, 0xDB, 0xB6, 0xEB, 0xBA, 0x4D,
    0x8B, 0xEA, 0xD7, 0x12, 0x3E, 0x8D, 0x96, 0x33, 0x26, 0x76, 0xE1, 0x73, 0x7C, 0xA5, 0x91, 0x96,
    0x68, 0xB9, 0x7A, 0x35, 0xA6, 0x86, 0x6D, 0x0D, 0x2E, 0x0B, 0x27, 0xED, 0xF8, 0x9D, 0x6E, 0xC2,
    0xDB, 0x35, 0x74, 0xBD, 0xCC, 0x35, 0xE1, 0x81, 0x96, 0xAB, 0x77, 0x60, 0xE7, 0xD1, 0x1A, 0x4E,
    0x60, 0x5F, 0x4A, 0xD2, 0xFE, 0xEA, 0x39, 0xB2, 0xB5, 0x92, 0x6F, 0x9E, 0x28, 0x06, 0x5F, 0xB6,
    0xF0, 0xB5, 0x87, 0x6F, 0xFA, 0x27, 0x8B, 0x71, 0x9F, 0x97, 0x2B, 0x13, 0xA5, 0x86, 0x71, 0x50,
    0x2A, 0xE0, 0xFE, 0x75, 0xB2, 0xBF, 0x3B, 0x65, 0xFC, 0xDF, 0xC2, 0x6C, 0x9C, 0x56, 0xE7, 0xF7,
    0xE3, 0x2A, 0xDC, 0x8F, 0xFD, 0x4D, 0xAC, 0xDC, 0xFC, 0x16, 0x97, 0xFD, 0xF3, 0x53, 0xCB, 0xBB,
    0xC9, 0xFA, 0x77, 0xD6, 0x75, 0xEA, 0x67, 0xC4, 0xBF, 0x0B, 0xF0, 0x3F, 0x5B, 0x6D, 0xD1, 0x6F,
    0x6B, 0x5B, 0xFC, 0x2C, 0xD8, 0x3D, 0x8F, 0xC5, 0x91, 0x93, 0x11, 0xF6, 0xFF, 0xBC, 0x72, 0x3C,
    0x0C, 0x74, 0x37, 0xB4, 0x1A, 0x74, 0x53, 0xE9, 0x7E, 0x72, 0xFD, 0x46, 0xDC, 0x0E, 0x61, 0x5F,
    0x16, 0x22, 0x46, 0xF5, 0x9A, 0x39, 0xC1, 0x00, 0xAE, 0xB1, 0x08, 0x60, 0x70, 0x85, 0x5C, 0xD2,
    0xDF, 0xCF, 0xB6, 0x84, 0xA8, 0x3F, 0xBA, 0x28, 0xD8, 0xB6, 0x95, 0x9B, 0xBF, 0x26, 0xA9, 0xB6,
    0x59, 0x2C, 0x15, 0x51, 0xDB, 0xBD, 0x57, 0xD5, 0xC9, 0x27, 0xCA, 0x6F, 0xD7, 0xDF, 0xBA, 0x6D,
    0xE5, 0xE6, 0xCF, 0x61, 0xA3, 0xB1, 0x54, 0x63, 0x09, 0x39, 0xB3, 0x9C, 0xFC, 0x4A, 0x33, 0x2D,
    0xD1, 0xF2, 0xE4, 0x82, 0xA1, 0xF8, 0xD3, 0x41, 0xF8, 0x90, 0x1A, 0xCA, 0x58, 0x56, 0x2A, 0x98,
    0xA8, 0xFD, 0x21, 0xDD, 0x69, 0x12, 0xD4, 0x9B, 0x5C, 0x72, 0x9E, 0x2E, 0x39, 0x1F, 0x0A, 0xE7,
    0x23, 0x57, 0x9C, 0x3F, 0x48, 0xAA, 0xF3, 0x32, 0xD6, 0xBD, 0xC4, 0xDE, 0x50, 0xDB, 0xA8, 0xAC,
    0xDC, 0xFC, 0xE7, 0x99, 0xC6, 0x25, 0x4B, 0x06, 0x72, 0xE1, 0xE4, 0x62, 0xC8, 0xE8, 0x18, 0x93,
    0x1A, 0xBA, 0x19, 0xA9, 0xC2, 0x28, 0x6E, 0x46, 0xA9, 0x1F, 0x4D, 0x19, 0x9D, 0x32, 0xE2, 0xEF,
    0x81, 0xA0, 0x94, 0xCA, 0x5B, 0xCA, 0x0F, 0xD9, 0x2C, 0x87, 0xF4, 0xBB, 0xF1, 0x97, 0x81, 0xF8,
    0xEB, 0xCE, 0xBE, 0xBF, 0x4B, 0x3D, 0x9B, 0x33, 0x6A, 0x2C, 0x85, 0x61, 0xF6, 0x9A, 0xF7, 0x3B,
    0xD2, 0xE9, 0x25, 0x69, 0x3B, 0x24, 0xAD, 0xF4, 0x53, 0x24, 0x7F, 0x14, 0x78, 0xC1, 0xFA, 0x6E,
    0xE0, 0x92, 0x17, 0x33, 0x12, 0xE7, 0x70, 0xC6, 0x7A, 0xD9, 0x6F, 0x4C, 0xEB, 0xBB, 0x95, 0x87,
    0x51, 0x57, 0x5A, 0xB7, 0x82, 0x88, 0x6A, 0x47, 0xB7, 0x12, 0xD9, 0x61, 0xC8, 0x8A, 0xAC, 0xF8,
    0x47, 0x8E, 0xFB, 0x1E, 0xC0, 0xFD, 0xA1, 0x9F, 0xA4, 0xFA, 0xB3, 0x4F, 0xD7, 0x37, 0x22, 0xCA,
    0xC3, 0x62, 0x48, 0xA6, 0x71, 0xD1, 0xA2, 0x85, 0x87, 0x30, 0xB5, 0xF5, 0x66, 0x99, 0x5E, 0x98,
    0x38, 0x7E, 0xA5, 0xA6, 0x72, 0xA9, 0x8A, 0x9F, 0xB5, 0xC9, 0x57, 0x41, 0xD7, 0xAF, 0x95, 0x45,
    0xE2, 0x71, 0x8D, 0xAD, 0xD9, 0xFC, 0x04, 0x5E, 0x45, 0xBC, 0xA7, 0xAA, 0xA9, 0x14, 0x53, 0x7B,
    0x58, 0xF6, 0x6B, 0x3E, 0xBE, 0x42, 0xAA, 0xE4, 0x63, 0x09, 0xC9, 0xCF, 0x7C, 0xA7, 0x94, 0xE9,
    0xC0, 0x97, 0x4E, 0xD1, 0x01, 0x51, 0xFB, 0x03, 0x09, 0x36, 0x8C, 0x9E, 0xA7, 0x70, 0x9D, 0x4B,
    0x16, 0x62, 0xBB, 0x8F, 0x9B, 0xF3, 0x34, 0x6A, 0x5F, 0x60, 0xDB, 0xE2, 0xCD, 0x7F, 0xEB, 0x59,
    0xF1, 0x81, 0xFA, 0x7F, 0x39, 0x2C, 0xF6, 0x3E, 0x2B, 0xBE, 0x0F, 0x19, 0x8C, 0xA0, 0x84, 0x0F,
    0x59, 0x2F, 0x7B, 0x0E, 0xBC, 0x51, 0xB1, 0x35, 0x0F, 0xF5, 0x57, 0xAF, 0x37, 0xB6, 0xDF, 0x36,
    0xF7, 0x74, 0x57, 0xA3, 0xCA, 0xED, 0x83, 0xE9, 0x66, 0x08, 0xDF, 0x9E, 0x73, 0xDA, 0x3C, 0x1E,
    0x17, 0xA7, 0x9B, 0xC1, 0xBB, 0xEC, 0x1F, 0x8F, 0xFB, 0x1E, 0xF8, 0x8F, 0x3E, 0x1E, 0xB3, 0x55,
    0x87, 0xF9, 0x8D, 0x7E, 0x70, 0xDD, 0xBE, 0x01, 0xD8, 0xE4, 0x58, 0x3C, 0x84, 0x8D, 0x0E, 0x99,
    0x4D, 0xA2, 0xDD, 0x68, 0xCF, 0xCB, 0xD7, 0x66, 0xCC, 0x8C, 0xC4, 0xC3, 0x4D, 0x74, 0xF7, 0x86,
    0xD9, 0xB7, 0x12, 0x8B, 0xAC, 0xF1, 0x5C, 0x43, 0xA4, 0x35, 0xCC, 0xDE, 0xE1, 0x0B, 0xAA, 0x0E,
    0xB6, 0xF5, 0x07, 0xA9, 0xB4, 0xF0, 0x7F, 0xA3, 0x55, 0x47, 0xDE, 0x71, 0x7C, 0xA5, 0x93, 0xB5,
    0x01, 0x23, 0x98, 0x20, 0x1D, 0x76, 0x53, 0xEE, 0x55, 0x13, 0x78, 0xA1, 0x45, 0x35, 0x95, 0xF0,
    0x98, 0xE5, 0x84, 0x7C, 0x23, 0x7A, 0xCD, 0x70, 0x1D, 0xAE, 0x39, 0x8E, 0x7D, 0xCE, 0x51, 0xEC,
    0x4B, 0x5C, 0xEC, 0x6B, 0xD2, 0x77, 0x7D, 0x20, 0xF9, 0xC5, 0xB3, 0x40, 0xFC, 0xF9, 0x67, 0x0D,
    0xF1, 0x57, 0x9F, 0x7B, 0x10, 0x29, 0x6C, 0x55, 0x61, 0x9B, 0xE6, 0x68, 0xD7, 0x21, 0xCE, 0x82,
    0x35, 0x6D, 0x66, 0x15, 0x4C, 0xD0, 0xAA, 0xC6, 0x3E, 0x8F, 0xFD, 0xD0, 0x03, 0xF1, 0xCD, 0xD5,
    0x83, 0x94, 0x36, 0x4F, 0xA3, 0xE6, 0x38, 0x8D, 0xFD, 0x8F, 0x14, 0x97, 0x26, 0x45, 0x22, 0x82,
    0xA1, 0x76, 0x95, 0x69, 0x99, 0xF9, 0xF2, 0x74, 0xD0, 0x68, 0xDC, 0xAA, 0x4C, 0x59, 0x01, 0xF9,
    0x36, 0xDF, 0x6D, 0x3E, 0xCD, 0xC6, 0xBC, 0xB3, 0x1B, 0x35, 0xC2, 0x9E, 0x37, 0xF5, 0x9B, 0x1F,
    0x2E, 0xE7, 0x44, 0xB1, 0xCF, 0x4C, 0x09, 0xE4, 0x83, 0x16, 0x3D, 0x68, 0x72, 0x57, 0x31, 0xBE,
    0xC4, 0x50, 0xBB, 0x20, 0x4F, 0xBC, 0x96, 0x37, 0xE4, 0x91, 0xC6, 0xD0, 0xF5, 0xF1, 0x63, 0x9F,
    0x93, 0xBD, 0xF4, 0xB7, 0xAF, 0xA9, 0xEB, 0x28, 0xD4, 0x6A, 0xA4, 0x45, 0x7D, 0xC4, 0x62, 0xC9,
    0x62, 0x45, 0x3D, 0xA4, 0x76, 0x45, 0x9D, 0xF8, 0x3A, 0x6E, 0xEA, 0xE8, 0xA2, 0xE6, 0x14, 0xEE,
    0x5F, 0xE9, 0xDE, 0x0C, 0x67, 0x73, 0x0B, 0xCC, 0x18, 0x31, 0x6B, 0x27, 0x4A, 0xC7, 0xEC, 0x77,
    0x81, 0xD9, 0x7F, 0x34, 0x2C, 0xA4, 0x32, 0xCC, 0x66, 0xF6, 0x75, 0xAB, 0xBE, 0xA0, 0xCC, 0x98,
    0x31, 0x59, 0xC7, 0x93, 0x35, 0x33, 0xD2, 0x26, 0x90, 0xAB, 0xE3, 0xF9, 0xB3, 0xF0, 0xFC, 0x73,
    0xFF, 0xFC, 0x8B, 0x4A, 0x2E, 0x51, 0xA9, 0x61, 0x9B, 0x9F, 0x69, 0x4E, 0x08, 0x2C, 0x02, 0x43,
    0x51, 0x4B, 0xC2, 0xA0, 0x5D, 0xCF, 0xDD, 0xA5, 0x15, 0xC1, 0x41, 0x38, 0x51, 0x72, 0x90, 0xCE,
    0x30, 0xBB, 0x2F, 0xCB, 0x14, 0x57, 0xAC, 0xE3, 0x2C, 0x7E, 0xB0, 0x22, 0x30, 0x5F, 0x84, 0x41,
    0xB3, 0x08, 0x89, 0x7F, 0x91, 0x3B, 0x01, 0x09, 0x86, 0xD9, 0xCA, 0x68, 0x2B, 0x37, 0x09, 0x84,
    0xDB, 0xA7, 0x63, 0x44, 0x3A, 0x83, 0x57, 0xC7, 0x2C, 0x0A, 0x03, 0xD2, 0x6B, 0xEC, 0xBE, 0x55,
    0x35, 0x76, 0x7A, 0x0A, 0xE3, 0x66, 0x1D, 0x5D, 0x2C, 0xED, 0x1A, 0xCF, 0x4D, 0x44, 0x0C, 0xB3,
    0x6F, 0xA7, 0x8E, 0xA5, 0x59, 0xE3, 0xB9, 0x62, 0x21, 0x86, 0xD9, 0x3B, 0x79, 0xED, 0x69, 0xBF,
    0xD1, 0x4B, 0xD3, 0x7E, 0x2D, 0x38, 0xB6, 0xD8, 0xFB, 0x09, 0x68, 0x73, 0xF6, 0x4F, 0xA0, 0x3B,
    0x61, 0xD0, 0xAE, 0xA7, 0xDA, 0x74, 0xDD, 0x64, 0x36, 0x95, 0x06, 0xB3, 0x19, 0x8C, 0x02, 0x64,
    0xFD, 0x54, 0x5B, 0x5A, 0xBD, 0x8A, 0x4D, 0xCF, 0x7F, 0xC4, 0x7D, 0xB3, 0x48, 0x8B, 0x07, 0xBB,
    0x07, 0xB1, 0x8F, 0x36, 0x83, 0xD8, 0x2E, 0xB6, 0xDA, 0x92, 0xDC, 0xDA, 0x16, 0x9B, 0x2A, 0x34,
    0xEE, 0xAA, 0x2D, 0x4E, 0x56, 0x86, 0xD9, 0x1B, 0x1E, 0x5A, 0x3B, 0x34, 0x2B, 0xAD, 0xAC, 0x1D,
    0x47, 0x10, 0x72, 0x98, 0xD5, 0xEA, 0xB0, 0x76, 0x78, 0x70, 0xCA, 0xB0, 0x85, 0x49, 0x80, 0x6E,
    0xAE, 0xD1, 0x23, 0x8D, 0xCE, 0x70, 0x45, 0xEA, 0x4F, 0x88, 0x57, 0x39, 0xD1, 0x4B, 0xBD, 0xDD,
    0xED, 0x8F, 0x68, 0x15, 0x7C, 0xD3, 0xF4, 0x8F, 0x68, 0x73, 0x32, 0xC6, 0x4D, 0x6E, 0x07, 0x4C,
    0x74, 0x8D, 0x9A, 0x63, 0x76, 0x31, 0x53, 0x26, 0xCA, 0x43, 0x4E, 0xC9, 0xE4, 0x82, 0x37, 0xE4,
    0x29, 0x70, 0x7C, 0x83, 0x61, 0xB3, 0x66, 0x70, 0x8D, 0x9C, 0xDD, 0x1F, 0xED, 0x2B, 0xC9, 0x64,
    0x4E, 0x72, 0xB1, 0x7D, 0x18, 0xE3, 0xC6, 0xB8, 0x59, 0xC7, 0xCD, 0x69, 0xD1, 0xB7, 0x4C, 0xF9,
    0x5B, 0xD9, 0xF8, 0x1F, 0x86, 0xFD, 0xB4, 0xE8, 0x5B, 0x59, 0x2F, 0x7A, 0x05, 0xBA, 0x5E, 0xE7,
    0xBD, 0xE6, 0xFF, 0x7A, 0xF5, 0xE4, 0x78, 0x6E, 0x02, 0x93, 0x71, 0xDB, 0x10, 0x3A, 0xDA, 0x0C,
    0xA1, 0x1B, 0xD5, 0x70, 0x53, 0x8B, 0xE2, 0x57, 0xD2, 0xFE, 0xDB, 0xA0, 0x9B, 0x31, 0xBB, 0xE5,
    0x2E, 0xE9, 0x80, 0x17, 0xBD, 0x54, 0xF7, 0x88, 0xDA, 0x63, 0x08, 0x39, 0x8C, 0xFB, 0x93, 0xB4,
    0x5F, 0xEE, 0xE2, 0x95, 0xD3, 0x2D, 0xF5, 0x1F, 0x34, 0xE7, 0xB5, 0x7D, 0x88, 0x77, 0x75, 0xA0,
    0x77, 0xF2, 0xFE, 0xF2, 0x0D, 0xFE, 0x96, 0x94, 0x40, 0xFC, 0xF3, 0x86, 0x81, 0x78, 0xF8, 0x94,
    0xCD, 0x72, 0xD0, 0x14, 0x69, 0x37, 0x81, 0xE5, 0x1C, 0xFB, 0xBE, 0xCB, 0x76, 0x26, 0x9F, 0xB5,
    0xA4, 0x9F, 0x07, 0xEC, 0xFB, 0x3B, 0xB5, 0x2F, 0x93, 0xC0, 0x58, 0xB1, 0x76, 0x3C, 0x52, 0xCE,
    0x95, 0x10, 0x88, 0xDA, 0xC0, 0xC0, 0x4B, 0x1B, 0x1B, 0x55, 0x20, 0x95, 0x80, 0x33, 0x08, 0x1C,
    0x29, 0xC7, 0x4A, 0x8E, 0x84, 0x52, 0x49, 0xDA, 0x71, 0x91, 0xAD, 0xA4, 0xCD, 0x33, 0x1F, 0x7E,
    0xEA, 0x8A, 0x47, 0x38, 0xDE, 0x26, 0x95, 0x65, 0x2A, 0xB2, 0x1C, 0x0B, 0xCC, 0x52, 0x38, 0x77,
    0xC5, 0x87, 0xF5, 0x4F, 0xBE, 0x0C, 0xE3, 0xE7, 0xE2, 0x33, 0x3F, 0xE5, 0xFB, 0x9C, 0xFD, 0x28,
    0x6A, 0x52, 0x7B, 0x99, 0x58, 0x70, 0x71, 0xF8, 0x3F, 0xAF, 0x0C, 0x8A, 0xED, 0xC7, 0x9A, 0x06,
    0xA6, 0xC5, 0x77, 0x9A, 0x00, 0x88, 0x34, 0x27, 0x95, 0x8E, 0xCC, 0xA6, 0xAE, 0x19, 0xF2, 0x60,
    0x3D, 0xA4, 0x5D, 0x8D, 0xD2, 0x9B, 0x59, 0xA1, 0x52, 0xB7, 0xCB, 0x1D, 0x93, 0x8B, 0xD1, 0xE2,
    0xAC, 0xFF, 0x3B, 0x74, 0x0C, 0x8B, 0x39, 0xF7, 0x38, 0xB2, 0x7C, 0xC3, 0xF6, 0x6B, 0xF4, 0xA3,
    0xC3, 0x91, 0xE6, 0x4C, 0x48, 0xFB, 0x67, 0x98, 0xAD, 0xF3, 0xE4, 0x6E, 0x2F, 0xDC, 0xED, 0x7A,
    0x0F, 0xBF, 0x60, 0x77, 0x9E, 0x6F, 0x77, 0xF0, 0x1E, 0xDA, 0xEA, 0xD3, 0x6A, 0xFB, 0x5A, 0xF7,
    0xBE, 0x6D, 0x76, 0xE2, 0x55, 0x70, 0xF8, 0x4B, 0xE8, 0xED, 0x1A, 0xF6, 0x7F, 0x88, 0xDE, 0xFC,
    0x47, 0xCE, 0xE1, 0xFB, 0x4D, 0x7C, 0xA6, 0x35, 0x24, 0xFE, 0xB5, 0xF6, 0xBB, 0x9E, 0xDE, 0x52,
    0xB6, 0xA6, 0xB7, 0xEE, 0xE2, 0xC5, 0xF2, 0xAE, 0x7A, 0x0F, 0x98, 0x4E, 0xFF, 0x7F, 0x7B, 0x8A,
    0x8F, 0x25, 0x18, 0x00, 0x77, 0xF9, 0x8F, 0x34, 0xDB, 0xF5, 0xDE, 0xF5, 0x24, 0xC9, 0xF6, 0x6F,
    0x7E, 0x97, 0x6D, 0xDE, 0xAE, 0xF7, 0xCE, 0xDB, 0xCC, 0x9B, 0x6F, 0x42, 0x9E, 0x43, 0x5D, 0x43,
    0xDB, 0x12, 0x3D, 0xF3, 0x77, 0xDA, 0xF6, 0x1D, 0xF5, 0xDF, 0xF9, 0x31, 0x58, 0x4F, 0xF3, 0xD5,
    0x8B, 0x9E, 0xE6, 0x80, 0x37, 0xE8, 0x59, 0x5A, 0x0D, 0x9D, 0xD7, 0x35, 0x00, 0xEC, 0xF9, 0xCE,
    0x61, 0xD7, 0xDF, 0xE5, 0x2E, 0xDE, 0x57, 0xEF, 0xAA, 0xF7, 0x90, 0x77, 0x06, 0xFF, 0x07, 0xB5,
    0xD9, 0x01, 0x87, 0x24, 0xDB, 0xF9, 0xC7, 0xF1, 0x4F, 0x55, 0xF9, 0xDF, 0x9A, 0xDD, 0xDE, 0x9D,
    0x82, 0x3F, 0x96, 0xEC, 0x9D, 0x5E, 0x2C, 0x16, 0x3B, 0xD3, 0xC1, 0x62, 0xD1, 0x3D, 0x5D, 0x5C,
    0x00, 0x61, 0x5F, 0xC2, 0x7D, 0x07, 0x59, 0x04, 0x23, 0x66, 0x77, 0xEA, 0xDE, 0x37, 0x90, 0xBC,
    0x84, 0xBC, 0x84, 0x8B, 0x41, 0xE3, 0x66, 0xA7, 0x92, 0x8B, 0x4B, 0x02, 0x1D, 0x41, 0x00, 0x69,
    0x81, 0x20, 0x48, 0x91, 0x26, 0xCD, 0x9D, 0x99, 0x93, 0xB3, 0x4A, 0x9B, 0xD6, 0xA9, 0xBD, 0x59,
    0xDD, 0xB5, 0x3C, 0x4F, 0x97, 0xDE, 0xAD, 0xF3, 0xAB, 0xEF, 0xEF, 0x39, 0xE7, 0x3C, 0x7D, 0xD4,
    0x28, 0x6A, 0x86, 0x73, 0x4E, 0x16, 0x8C, 0x1B, 0xCE, 0x2E, 0xB9, 0x3C, 0xA3, 0x19, 0xB3, 0x38,
    0x96, 0xCE, 0x8F, 0x64, 0x75, 0x21, 0x0B, 0x41, 0x1E, 0x42, 0x55, 0x94, 0xF9, 0xFB, 0x6F, 0xF5,
    0x51, 0xFC, 0x9F, 0x89, 0xA4, 0x19, 0xD3, 0x00, 0x18, 0x54, 0x44, 0x3D, 0xF1, 0x9A, 0x84, 0x4A,
    0x11, 0x1A, 0x27, 0xC9, 0xCA, 0x81, 0x73, 0x8C, 0x89, 0xF9, 0x59, 0xB8, 0x36, 0x8A, 0x39, 0x31,
    0x76, 0x1E, 0x73, 0x92, 0x7C, 0x6B, 0x14, 0x46, 0x75, 0xBE, 0x8A, 0x03, 0x01, 0xC6, 0x78, 0xD3,
    0x5E, 0x8D, 0xE6, 0x31, 0x1B, 0x2C, 0x48, 0xEB, 0x98, 0x25, 0x80, 0x5E, 0xD8, 0x03, 0x42, 0x49,
    0x8E, 0x43, 0x3C, 0x00, 0xBB, 0xF2, 0x57, 0x24, 0x0B, 0xB2, 0x9A, 0xBC, 0x54, 0xFC, 0x81, 0xD3,
    0x86, 0xE6, 0x9C, 0xFA, 0x41, 0xBF, 0xDC, 0x3E, 0x43, 0x51, 0x72, 0x84, 0x31, 0xEF, 0x5E, 0x48,
    0xFE, 0x51, 0xC9, 0xBF, 0x9E, 0xBB, 0xEF, 0x37, 0xD8, 0xDD, 0xC7, 0x01, 0x8E, 0x51, 0x20, 0xBA,
    0x90, 0xFE, 0xAA, 0xFE, 0x64, 0x3E, 0xFE, 0x1F, 0x63, 0x7C, 0x8E, 0x02, 0xD9, 0xA8, 0xE2, 0x97,
    0x0B, 0xC9, 0xE2, 0x52, 0x5A, 0x3D, 0x03, 0xE0, 0x62, 0x21, 0x8B, 0xBC, 0x83, 0xEA, 0xAD, 0xD4,
    0x10, 0x05, 0x31, 0x93, 0xAB, 0x60, 0x10, 0x82, 0xA2, 0x2C, 0x0C, 0x15, 0xF1, 0xFA, 0x73, 0x83,
    0xF0, 0xC7, 0x26, 0xB9, 0xCD, 0x1A, 0xA6, 0x75, 0xCC, 0x39, 0x69, 0x4D, 0x56, 0x29, 0xBE, 0xFF,
    0x64, 0x3E, 0xA4, 0x37, 0xA4, 0x01, 0x87, 0x78, 0xCE, 0xBB, 0xA7, 0xBD, 0xCD, 0x87, 0x77, 0x07,
    0x92, 0x70, 0xC3, 0xD7, 0xAB, 0x3B, 0xDE, 0x49, 0x23, 0xF2, 0xF5, 0xEE, 0x23, 0x5B, 0x3E, 0x11,
    0xF9, 0x1C, 0xFC, 0x64, 0x0E, 0xBC, 0x23, 0xF9, 0x7B, 0x25, 0xFF, 0xAA, 0x07, 0x1F, 0xC5, 0x0E,
    0xEB, 0x68, 0xF7, 0x1E, 0xD4, 0xB2, 0xFF, 0xD0, 0xD3, 0x1C, 0x74, 0xF5, 0x26, 0xAF, 0xD0, 0x88,
    0x18, 0x64, 0x95, 0xE4, 0xFB, 0x87, 0x2D, 0xF3, 0xC5, 0x52, 0xF4, 0xD3, 0xF3, 0xFA, 0x5A, 0x7B,
    0xC3, 0x31, 0x87, 0xCF, 0xBE, 0x89, 0xBE, 0x16, 0xB2, 0x50, 0xF3, 0xCE, 0x7E, 0xDE, 0xD6, 0x9B,
    0xF0, 0x08, 0x03, 0x92, 0xEF, 0x7E, 0xF6, 0xC9, 0x7C, 0xAC, 0x3B, 0xA4, 0x06, 0x2F, 0x39, 0x7C,
    0xD4, 0xA3, 0x8F, 0x51, 0xCD, 0x68, 0x4E, 0x52, 0xB7, 0xF3, 0xF1, 0xDD, 0x27, 0x9C, 0x8F, 0x5B,
    0x04, 0x14, 0xF8, 0xBC, 0xDF, 0xF9, 0xD8, 0xDE, 0xEF, 0x49, 0xFD, 0x50, 0xD2, 0x4C, 0xB8, 0x5A,
    0x6D, 0xF9, 0xE8, 0x7F, 0xBF, 0xDF, 0xF7, 0xDA, 0xE0, 0xAB, 0xA6, 0xF5, 0x71, 0xB5, 0xA7, 0x8F,
    0x2A, 0xFA, 0x98, 0x1F, 0xB3, 0x3C, 0xE7, 0xA2, 0xE9, 0x60, 0xEF, 0x7F, 0xCF, 0xFF, 0x9F, 0x57,
    0x06, 0x1A, 0xF9, 0xEF, 0xE7, 0xD2, 0x76, 0x2E, 0x7A, 0xDF, 0xF7, 0x21, 0x5C, 0xC7, 0x58, 0xB2,
    0x19, 0x21, 0xAC, 0x62, 0x2C, 0xD9, 0x8A, 0xF6, 0x66, 0xC0, 0x19, 0xD7, 0x9C, 0x71, 0x55, 0xC9,
    0xC3, 0x52, 0x51, 0xBD, 0x71, 0x6C, 0x68, 0xAC, 0x30, 0x0D, 0xA1, 0xBC, 0x88, 0xB9, 0xE6, 0x9A,
    0x78, 0xA8, 0xA8, 0xDE, 0xCA, 0xC3, 0x8A, 0xAB, 0x39, 0x00, 0x43, 0x8C, 0xDA, 0x6B, 0x72, 0x2B,
    0x09, 0x14, 0x3C, 0xE6, 0x19, 0xD8, 0x0D, 0xEF, 0xAA, 0xE4, 0xAA, 0xDD, 0x35, 0x72, 0xDC, 0x03,
    0x3B, 0x71, 0x0E, 0x16, 0xAF, 0x86, 0x61, 0x71, 0x30, 0xAA, 0x76, 0xA6, 0x49, 0x57, 0x4F, 0x44,
    0x35, 0xE9, 0x60, 0x81, 0xDD, 0x49, 0xB8, 0x87, 0x21, 0xC6, 0xF8, 0x05, 0x37, 0x5F, 0xCA, 0xFE,
    0xC9, 0xE0, 0x8B, 0xDA, 0x43, 0x73, 0x58, 0x23, 0x8A, 0x69, 0x89, 0xED, 0x8C, 0x98, 0x62, 0x5A,
    0xD2, 0x99, 0xEB, 0xB1, 0xA4, 0xC8, 0xAB, 0x75, 0x43, 0x30, 0x7D, 0xC4, 0x0F, 0xB5, 0x6C, 0xDE,
    0xC8, 0xFC, 0x74, 0x2F, 0x1F, 0x4F, 0x98, 0x31, 0xE6, 0x90, 0xFB, 0xD3, 0x32, 0xCA, 0xA6, 0xF3,
    0x26, 0x2B, 0x5F, 0x00, 0x71, 0x74, 0x8C, 0x09, 0x9B, 0x31, 0x0D, 0xB7, 0x31, 0x26, 0x6C, 0x45,
    0x7B, 0xF3, 0x13, 0x5C, 0xDE, 0x1D, 0xBC, 0xA2, 0xA8, 0xDE, 0x60, 0x65, 0xD7, 0xB2, 0x1B, 0x1E,
    0xF3, 0xD2, 0xCD, 0xEB, 0x58, 0xEF, 0x58, 0xEE, 0x58, 0xED, 0xDD, 0xD7, 0xE6, 0xF6, 0x11, 0x7D,
    0xFA, 0xB8, 0x37, 0xD8, 0x7C, 0x73, 0xAD, 0xDE, 0xC8, 0xFE, 0xBA, 0x2F, 0x6C, 0xBA, 0x7A, 0x2A,
    0x42, 0xDC, 0x2D, 0xDD, 0x29, 0xFE, 0x1D, 0x61, 0xEB, 0xFD, 0x61, 0xDD, 0xE8, 0xA1, 0x9A, 0x5B,
    0x8D, 0xA8, 0x7B, 0xE6, 0x7B, 0x6B, 0x50, 0xE9, 0x8D, 0x34, 0x70, 0xC8, 0x73, 0x9E, 0xDA, 0xC4,
    0x36, 0xF3, 0x11, 0xB1, 0xBE, 0x39, 0x94, 0x42, 0x25, 0x2B, 0x0D, 0x78, 0x00, 0x17, 0x37, 0x31,
    0x38, 0xFE, 0x60, 0x5C, 0x84, 0xDB, 0x18, 0xBB, 0x3C, 0x0B, 0x98, 0x71, 0xCD, 0x8C, 0x53, 0x2E,
    0x38, 0x05, 0x7C, 0xFC, 0xA3, 0x01, 0x13, 0x4E, 0x99, 0x48, 0xDA, 0x92, 0x1A, 0x56, 0xBF, 0x75,
    0x6A, 0x64, 0xAC, 0x70, 0xAE, 0x28, 0xCF, 0x0C, 0xCA, 0x99, 0x41, 0xB5, 0xCE, 0xF7, 0xDF, 0xDF,
    0xFF, 0xFB, 0x58, 0x21, 0xDE, 0x27, 0xDE, 0x2F, 0x8E, 0x13, 0xC7, 0x03, 0x70, 0x82, 0x69, 0x7B,
    0xB5, 0xA1, 0x3B, 0x31, 0xB4, 0xD6, 0x6D, 0xB3, 0xD5, 0x99, 0x18, 0x1A, 0x96, 0x6F, 0xC4, 0xFB,
    0xF8, 0x90, 0xCE, 0xE6, 0x6F, 0xC0, 0x00, 0xF7, 0x00, 0xF4, 0xC3, 0xDE, 0xAD, 0xBF, 0x23, 0xFF,
    0x76, 0xB7, 0x7D, 0xD6, 0x2E, 0xE3, 0xDF, 0xB5, 0xCB, 0xB8, 0x47, 0xEE, 0x8F, 0x78, 0xD6, 0xEE,
    0x3E, 0x3E, 0xD8, 0x88, 0xFB, 0xF7, 0xD1, 0xFD, 0xAC, 0x9E, 0x7C, 0xDC, 0xF5, 0xE8, 0xC1, 0x66,
    0x8F, 0xEE, 0xDF, 0x47, 0xF7, 0xB3, 0x7A, 0xF3, 0x11, 0x4F, 0x1E, 0xBA, 0xDB, 0x77, 0xFF, 0x3E,
    0x3E, 0xFC, 0xAC, 0xFD, 0x7D, 0xD8, 0x7D, 0x1D, 0xED, 0xD6, 0x83, 0xFA, 0x5B, 0x4B, 0xDD, 0xFA,
    0x69, 0x49, 0x56, 0x8B, 0x58, 0x1C, 0xE2, 0x71, 0x56, 0xD1, 0x66, 0x72, 0x15, 0xAA, 0x3C, 0x84,
    0x72, 0x58, 0x7D, 0xEB, 0xD4, 0xC9, 0x8F, 0x79, 0xAA, 0xFE, 0xDB, 0xD3, 0x2A, 0x7A, 0xFA, 0x75,
    0x87, 0x7E, 0x5E, 0xD1, 0xA6, 0xAB, 0x50, 0x46, 0x7D, 0x51, 0xDF, 0xC4, 0xD1, 0x5A, 0x5F, 0xB7,
    0x87, 0x15, 0x51, 0xCF, 0x97, 0x68, 0x70, 0x86, 0xE7, 0x78, 0xD8, 0x23, 0x6F, 0xA7, 0xFE, 0x5E,
    0xBC, 0x1D, 0xBD, 0xB9, 0x4F, 0xDE, 0x6D, 0xFD, 0xC8, 0x78, 0x6F, 0x77, 0xD6, 0x64, 0xF5, 0x44,
    0x16, 0x1A, 0xE9, 0xE0, 0xCF, 0xBD, 0x32, 0xDE, 0xE9, 0xFE, 0x65, 0xBF, 0x5A, 0xEA, 0xB9, 0x76,
    0x5D, 0xFB, 0xC1, 0x3E, 0xF3, 0xDD, 0xAD, 0xD9, 0x18, 0xFF, 0xCF, 0x58, 0x3A, 0x9F, 0x99, 0xBD,
    0x49, 0x96, 0xA3, 0xB0, 0xC8, 0x43, 0xB9, 0x75, 0x52, 0xBA, 0x74, 0xF6, 0xA1, 0x88, 0xA3, 0xDE,
    0xA6, 0xB3, 0xD1, 0xED, 0x59, 0xBE, 0x3A, 0xDB, 0x1A, 0xD5, 0x79, 0x44, 0xDC, 0x01, 0x66, 0x53,
    0xC7, 0x0B, 0x7C, 0x34, 0xCF, 0x3D, 0x14, 0x38, 0xC6, 0x4B, 0xBC, 0xCE, 0x6A, 0xDA, 0x6C, 0x4C,
    0xAB, 0xC6, 0xD8, 0xC7, 0x66, 0x64, 0x12, 0xB5, 0x45, 0x2A, 0x11, 0x4B, 0xE4, 0xD2, 0xA1, 0x5F,
    0xD1, 0xE6, 0xA5, 0x8B, 0x32, 0xE2, 0xF8, 0xB1, 0x8C, 0x7A, 0x22, 0xAC, 0x48, 0x2B, 0xE2, 0x4A,
    0xAA, 0x96, 0x2E, 0x59, 0xE0, 0x1B, 0xBC, 0xE8, 0x95, 0xB7, 0x4B, 0x7F, 0x2F, 0xDE, 0xED, 0x37,
    0xE3, 0x9E, 0xF6, 0xCA, 0xBB, 0xA5, 0x1F, 0x39, 0x5F, 0xEC, 0xCE, 0x9A, 0x2F, 0x2A, 0x45, 0xA8,
    0x1D, 0x8C, 0xBE, 0xE8, 0x93, 0x71, 0x53, 0x77, 0xAF, 0x5A, 0xD2, 0x6F, 0xED, 0x00, 0xCC, 0x70,
    0xAD, 0xBD, 0xDA, 0x6F, 0xBE, 0x3B, 0x35, 0x1F, 0xB1, 0xF9, 0x8A, 0x59, 0x56, 0x02, 0x38, 0x67,
    0x79, 0x22, 0x5D, 0x14, 0x65, 0x56, 0xE7, 0x75, 0xFC, 0x9C, 0x0F, 0x25, 0xCD, 0x84, 0xD9, 0x8C,
    0x49, 0xC3, 0x70, 0x7E, 0xF7, 0x4A, 0xBF, 0x3B, 0x3B, 0x7E, 0x10, 0x01, 0x38, 0x33, 0x28, 0xC7,
    0x0A, 0xC7, 0x8E, 0xC4, 0xCF, 0x98, 0x63, 0x79, 0x74, 0x16, 0x2B, 0x28, 0xFD, 0xD3, 0x82, 0xBF,
    0xD5, 0xFC, 0xAB, 0x16, 0xAD, 0xDE, 0x35, 0xD8, 0x31, 0xCE, 0x71, 0xC9, 0xB4, 0x89, 0x59, 0xF5,
    0xC3, 0xD9, 0xF5, 0xCA, 0x72, 0x3F, 0xBE, 0x93, 0xC8, 0x37, 0x8D, 0x7C, 0x27, 0xDD, 0x7F, 0x2A,
    0xED, 0xAF, 0xC6, 0x1D, 0x87, 0x84, 0x7E, 0xEB, 0xBB, 0xFD, 0xDA, 0xBB, 0x2F, 0xEE, 0xED, 0x83,
    0x76, 0x9F, 0xCC, 0xFF, 0x01, 0xAD, 0x8C, 0x01, 0x66, 0xC4, 0x40, 0x14, 0x86, 0xBF, 0x64, 0xAA,
    0x41, 0xC8, 0x3B, 0x40, 0x65, 0x93, 0x03, 0x64, 0x1B, 0x80, 0xC5, 0x64, 0x77, 0x7A, 0xA7, 0x45,
    0x51, 0xCD, 0xDC, 0xA8, 0xB0, 0x80, 0xDD, 0xEE, 0xF4, 0x06, 0x73, 0x84, 0x1C, 0x61, 0x10, 0xA4,
    0x2C, 0xD3, 0x1D, 0x94, 0x2D, 0x05, 0xDA, 0xC7, 0xE7, 0xF7, 0x7F, 0x7E, 0xEF, 0x1C, 0xA3, 0x4D,
    0xC4, 0x18, 0x2F, 0x89, 0xCC, 0x2B, 0x57, 0xB8, 0xD2, 0x8A, 0xED, 0xCD, 0x0E, 0x71, 0x8D, 0xED,
    0xD9, 0x32, 0xA0, 0xD9, 0x93, 0xCC, 0x16, 0xCD, 0x0B, 0x07, 0x02, 0x85, 0xD9, 0x97, 0xE6, 0x20,
    0x84, 0x3E, 0x0F, 0x5B, 0x35, 0xBD, 0x16, 0xD3, 0xA9, 0xF4, 0xE2, 0x2E, 0x62, 0x97, 0xE6, 0x29,
    0xC9, 0x41, 0x79, 0xAD, 0xDC, 0x46, 0xD9, 0x6F, 0x39, 0xDF, 0x4A, 0x6A, 0xF8, 0x8D, 0x31, 0x46,
    0x93, 0xA0, 0x86, 0xFF, 0xE6, 0xF6, 0xFF, 0x5F, 0xB7, 0x8D, 0x1F, 0xE7, 0xF3, 0x72, 0x5E, 0xC6,
    0xB9, 0xF1, 0xC7, 0x47, 0xB1, 0x97, 0x9D, 0xB8, 0x94, 0x8D, 0x87, 0x71, 0x86, 0xA0, 0x61, 0xD2,
    0x29, 0x53, 0xBF, 0x77, 0xD7, 0xBD, 0xE1, 0x61, 0x22, 0xFF, 0x84, 0xC6, 0xC2, 0xDD, 0x7B, 0xE9,
    0xF3, 0xF8, 0x36, 0xAB, 0x8F, 0xA0, 0x95, 0x0D, 0x5D, 0xCA, 0xD4, 0xB9, 0x7A, 0x41, 0xA8, 0x58,
    0xB1, 0xA6, 0x43, 0xA3, 0x91, 0x92, 0x4A, 0xA8, 0x85, 0x75, 0x45, 0xB7, 0x42, 0xD7, 0xE8, 0x8E,
    0x8D, 0x86, 0x36, 0x0B, 0x85, 0xEB, 0x39, 0xB1, 0x5C, 0xE9, 0x29, 0x5C, 0x16, 0x68, 0x5B, 0x06,
    0xC4, 0xA8, 0x29, 0x5B, 0x38, 0x66, 0x8B, 0x9A, 0xC4, 0x0C, 0xB4, 0x00, 0x07, 0x60, 0x82, 0xDC,
    0x41, 0x61, 0x41, 0x80, 0x1A, 0xD0, 0xFC, 0xB8, 0x00, 0x99, 0x07, 0xE5, 0xA0, 0x34, 0x50, 0x01,
    0x1D, 0xF0, 0x0C, 0x7C, 0x01, 0x7C, 0x8E, 0x01, 0x46, 0x85, 0x41, 0x14, 0x46, 0xCF, 0x33, 0xF8,
    0xE9, 0x6A, 0xDA, 0xC0, 0x3F, 0xBD, 0x0D, 0xDC, 0xFC, 0x10, 0x2E, 0x26, 0xDE, 0x52, 0x5A, 0x40,
    0x08, 0x83, 0x80, 0xDA, 0x4F, 0x30, 0x00, 0x14, 0x1E, 0x00, 0xC1, 0x2C, 0x61, 0x16, 0x50, 0x84,
    0x41, 0x78, 0x4C, 0x33, 0x0A, 0x88, 0x38, 0x38, 0xCE, 0xC5, 0xFD, 0x96, 0x46, 0x08, 0x98, 0x30,
    0x79, 0xFB, 0x91, 0x59, 0x46, 0xE7, 0x95, 0xDD, 0x3B, 0xEE, 0x8E, 0x33, 0x65, 0x55, 0xAE, 0x95,
    0xC7, 0x7E, 0x40, 0x61, 0x48, 0xBB, 0x27, 0xF3, 0x5C, 0x6F, 0x1F, 0x88, 0xC4, 0x9C, 0xB6, 0xE2,
    0x8E, 0x1E, 0xE3, 0xA5, 0x36, 0xAB, 0x5A, 0x35, 0xD9, 0xBE, 0xF4, 0x53, 0x89, 0x25, 0xF1, 0xB9,
    0x1B, 0x37, 0x77, 0x10, 0x3C, 0xF2, 0x85, 0xFA, 0xC9, 0x7A, 0xFE, 0xEB, 0x26, 0xC4, 0x8B, 0xE9,
    0x4B, 0xD3, 0x60, 0x62, 0xA2, 0x7B, 0xF9, 0x40, 0xC9, 0xEE, 0xF8, 0xCF, 0xB0, 0xA5, 0x72, 0x53,
    0xE1, 0x0F, 0x5B, 0x67, 0x2B, 0x39, 0x61, 0x8C, 0xB7, 0xEE, 0xE9, 0x92, 0x44, 0x3F, 0x49, 0x5B,
    0xAF, 0xF0, 0xA8, 0x6B, 0x04, 0xBC, 0x7D, 0x4F, 0x56, 0xFE, 0xCB, 0xC0, 0xFA, 0x0B, 0x00, 0x8D,
    0xD2, 0x3D, 0x88, 0x24, 0x45, 0x14, 0xC0, 0xF1, 0xFF, 0x4C, 0xE1, 0x35, 0x52, 0xDC, 0x55, 0x0E,
    0xE7, 0x76, 0x0E, 0xB3, 0x33, 0xC9, 0x82, 0x0B, 0xCE, 0xEC, 0x34, 0x8A, 0x91, 0xA0, 0x79, 0x64,
    0x1E, 0xB9, 0x62, 0x32, 0xE0, 0x78, 0x5D, 0xB2, 0x70, 0xC9, 0x81, 0x5C, 0x1E, 0x7A, 0x39, 0xAC,
    0xDE, 0x80, 0x06, 0xAB, 0x5D, 0x60, 0x60, 0x70, 0x49, 0xC3, 0x20, 0xA6, 0x0D, 0x7B, 0xB9, 0xA5,
    0x56, 0x30, 0xC2, 0xDE, 0x3E, 0x5F, 0xD7, 0xCC, 0x35, 0x7B, 0xD9, 0x35, 0xEF, 0x07, 0xF5, 0x3E,
    0x8A, 0xAE, 0xA6, 0x9A, 0xC9, 0x39, 0x4C, 0x2E, 0xF7, 0x9A, 0x88, 0x91, 0x1B, 0xDC, 0xEE, 0x96,
    0xF2, 0xE4, 0x2F, 0x8E, 0x4F, 0xFE, 0x60, 0x7E, 0x1E, 0x98, 0x7F, 0xA9, 0x7E, 0x50, 0x3F, 0xAA,
    0xEF, 0x3D, 0xF3, 0x6B, 0xB5, 0xAD, 0x38, 0xDE, 0x7E, 0x4C, 0xB9, 0x75, 0xB8, 0x3F, 0x1F, 0x61,
    0x64, 0xC7, 0x58, 0x5A, 0xC6, 0x2F, 0xC8, 0xCC, 0x77, 0x40, 0xD3, 0x51, 0xC8, 0x2B, 0x9C, 0x9F,
    0x55, 0x25, 0x05, 0x53, 0xE0, 0x48, 0x35, 0xD2, 0x66, 0xB6, 0x82, 0xC2, 0x0F, 0x79, 0x5E, 0x3B,
    0x60, 0xA1, 0x96, 0x22, 0x55, 0xCF, 0x76, 0xC6, 0xDB, 0xA8, 0x36, 0x6A, 0xAE, 0x16, 0xC6, 0xD7,
    0xA5, 0xA4, 0xDA, 0x49, 0xB2, 0xF6, 0x23, 0x6F, 0x8B, 0x0B, 0x5F, 0xCB, 0x6F, 0xA9, 0x96, 0x6D,
    0xB2, 0xA3, 0x6B, 0x6F, 0xF9, 0x57, 0xFD, 0xA4, 0xBE, 0x56, 0x4B, 0x35, 0xF3, 0xD2, 0x81, 0xDC,
    0x40, 0x5C, 0xA8, 0xA3, 0xD7, 0x66, 0x3E, 0x2E, 0xEA, 0x56, 0x6E, 0x52, 0x25, 0x5D, 0xE4, 0xEF,
    0x6E, 0x4D, 0x8C, 0x33, 0xE2, 0xCF, 0x2E, 0xC4, 0xF9, 0xB8, 0x8D, 0x67, 0x74, 0xB1, 0xFC, 0xB0,
    0x8B, 0x56, 0x42, 0x1C, 0x4B, 0xE5, 0x18, 0x87, 0x01, 0x26, 0xAB, 0x45, 0x52, 0xCF, 0xBD, 0xB7,
    0x0D, 0xEE, 0xE1, 0x75, 0xA8, 0x27, 0xD7, 0xA9, 0x3E, 0x7D, 0x9E, 0xDC, 0xE9, 0xF3, 0x60, 0x4F,
    0xBE, 0xF2, 0xF6, 0xFC, 0x7D, 0xF5, 0x81, 0x9E, 0x7F, 0x99, 0x35, 0xBB, 0xC2, 0x37, 0x52, 0xF8,
    0x8D, 0xFD, 0xDD, 0x6F, 0x8C, 0xFA, 0xE7, 0x2D, 0x44, 0x5B, 0x6D, 0x62, 0xC9, 0x46, 0x6E, 0x55,
    0x02, 0x2E, 0xFB, 0x68, 0x44, 0x43, 0x17, 0x76, 0x77, 0xB9, 0x94, 0xF8, 0xCD, 0x38, 0x26, 0x62,
    0xE4, 0x52, 0x23, 0xD1, 0xA7, 0x5A, 0xD4, 0x16, 0xF9, 0x11, 0xB9, 0xD1, 0xA0, 0x69, 0xF3, 0x25,
    0x39, 0xFF, 0x88, 0x23, 0x1C, 0x13, 0xDE, 0x61, 0x29, 0x3E, 0x9B, 0x43, 0x76, 0x37, 0x3F, 0xD6,
    0x7E, 0x89, 0xC3, 0xB5, 0xFB, 0xCB, 0xED, 0xF7, 0x5B, 0x6F, 0x5A, 0xEB, 0x5D, 0x65, 0xFD, 0x54,
    0xD7, 0x6B, 0x15, 0xB1, 0x17, 0x5A, 0x7F, 0xE2, 0xA9, 0x45, 0xBA, 0x9E, 0x7D, 0x12, 0xF6, 0xB5,
    0x6F, 0xB5, 0xE7, 0xAF, 0xD4, 0x19, 0xFB, 0x3D, 0x36, 0xE8, 0xFE, 0x7E, 0x26, 0xF5, 0xB4, 0xC8,
    0xDE, 0x63, 0x25, 0xEA, 0x3F, 0x68, 0x02, 0x46, 0x1E, 0x63, 0x3E, 0xB9, 0x9B, 0x7B, 0xCD, 0xF3,
    0xEC, 0xC0, 0x49, 0x52, 0xAF, 0x70, 0x94, 0xAA, 0xA8, 0x86, 0x8B, 0xB8, 0x7B, 0x29, 0x5A, 0xD7,
    0x7E, 0x9E, 0xCB, 0xF3, 0xF0, 0x06, 0x46, 0xAD, 0x0A, 0x30, 0x56, 0x4D, 0x4B, 0xD1, 0xCF, 0x5C,
    0x5C, 0x31, 0x35, 0x9F, 0x33, 0x2F, 0xDE, 0x65, 0x65, 0x61, 0xF5, 0x00, 0x36, 0xF7, 0x95, 0x13,
    0x36, 0xA5, 0xB0, 0x9A, 0x38, 0x56, 0xA7, 0x8E, 0xB9, 0x3A, 0x3B, 0x39, 0xC2, 0xC5, 0x75, 0xDE,
    0x87, 0x78, 0xE8, 0xD8, 0x6B, 0xD5, 0x17, 0x2F, 0x31, 0xFA, 0x5E, 0xF3, 0x74, 0x36, 0xBC, 0x71,
    0xF8, 0xEE, 0x71, 0x07, 0x53, 0x86, 0xDC, 0x04, 0x28, 0xBC, 0x0A, 0x23, 0x4C, 0x57, 0xFA, 0x91,
    0x08, 0xCC, 0x5E, 0x02, 0xED, 0x70, 0xC6, 0xE1, 0xEE, 0xB6, 0xBF, 0x52, 0x9A, 0xCF, 0x38, 0x2E,
    0xEE, 0xE9, 0x19, 0x61, 0x6E, 0xD5, 0x03, 0x75, 0x5F, 0x3D, 0x3C, 0x98, 0xC0, 0xE2, 0xF4, 0x1E,
    0xE5, 0x89, 0xC3, 0xA5, 0xC3, 0xDD, 0x49, 0x0B, 0x91, 0xE1, 0x8C, 0x22, 0x12, 0x7A, 0x1C, 0x9E,
    0x21, 0x9F, 0xC2, 0xDB, 0x6A, 0x74, 0xBE, 0x47, 0xE1, 0xF3, 0x39, 0x87, 0x7C, 0xD4, 0xC1, 0x58,
    0x15, 0x41, 0x6B, 0x15, 0xCD, 0x0E, 0xE8, 0x2D, 0x94, 0xAB, 0xB4, 0xDE, 0x7F, 0x53, 0x02, 0xD6,
    0x98, 0xC0, 0xC1, 0x53, 0xCC, 0x8B, 0x0E, 0xA3, 0xF3, 0x65, 0x82, 0x46, 0xF3, 0x67, 0x43, 0x6E,
    0x42, 0x13, 0x0A, 0xFF, 0xAC, 0xFF, 0x7B, 0x82, 0xAB, 0x4C, 0x98, 0xE9, 0xFC, 0x2F, 0xDA, 0x4B,
    0xEA, 0xF5, 0xBF, 0x70, 0x8B, 0xAB, 0xCA, 0xCA, 0x55, 0x85, 0x57, 0xE1, 0xC0, 0xF7, 0x35, 0xD1,
    0x9E, 0xF4, 0x33, 0x15, 0x99, 0x48, 0xCC, 0x74, 0x3D, 0x28, 0x3E, 0x3D, 0x84, 0x88, 0xD7, 0x5E,
    0x1A, 0xED, 0x12, 0xEB, 0x1C, 0xAB, 0x34, 0x8A, 0xB9, 0xD8, 0x25, 0xAE, 0x12, 0x8B, 0xC4, 0x34,
    0xC7, 0x42, 0x53, 0x91, 0x24, 0xD2, 0x0E, 0x7B, 0xFF, 0x07, 0x84, 0x92, 0x81, 0x66, 0x5C, 0x41,
    0x18, 0x85, 0xBF, 0xDC, 0x29, 0x8B, 0x61, 0xEF, 0xA2, 0x00, 0xBA, 0x00, 0x45, 0xEC, 0x06, 0xC1,
    0x2D, 0x9B, 0xDD, 0xA5, 0x80, 0x42, 0x1F, 0xA1, 0x6F, 0xD0, 0xE0, 0x56, 0x82, 0x25, 0xA3, 0x45,
    0x01, 0xFA, 0x04, 0x7D, 0x86, 0xD1, 0x86, 0x2E, 0xAA, 0xB9, 0x8F, 0x70, 0x29, 0xA0, 0x30, 0xE8,
    0x03, 0x0C, 0x16, 0x41, 0x93, 0xBF, 0x73, 0xE8, 0x95, 0x46, 0x96, 0x1C, 0x73, 0xF8, 0xE7, 0x9F,
    0x99, 0x73, 0xCE, 0xEF, 0x5E, 0x84, 0x63, 0x60, 0x07, 0xAE, 0x87, 0x1A, 0x58, 0x99, 0xED, 0x44,
    0xD5, 0xEA, 0xE9, 0x4C, 0x77, 0x10, 0x8E, 0xE0, 0x0F, 0xCE, 0xA8, 0xCF, 0xBA, 0x93, 0x77, 0xF9,
    0xA8, 0x3D, 0xA2, 0xE5, 0x91, 0x25, 0x70, 0x0A, 0x6C, 0x80, 0x29, 0xE0, 0xBA, 0x0B, 0xB3, 0x2C,
    0xAA, 0x56, 0x4F, 0x67, 0xBA, 0x23, 0x3C, 0x2A, 0x58, 0x4C, 0x8B, 0x75, 0x09, 0xE0, 0x4C, 0x61,
    0x14, 0x49, 0x88, 0x0D, 0x55, 0x9A, 0xE1, 0x83, 0x0F, 0xB3, 0x52, 0x5D, 0x99, 0x5D, 0x8B, 0xAA,
    0xD5, 0xD3, 0x99, 0xEE, 0xDC, 0x9B, 0x62, 0x7A, 0xD6, 0x6F, 0xDA, 0x5D, 0x11, 0x7C, 0x68, 0x51,
    0xFA, 0xE5, 0x74, 0xB0, 0xE0, 0xCA, 0x10, 0xF9, 0x01, 0x7C, 0xEB, 0xE0, 0x4B, 0x86, 0xF8, 0xBD,
    0x70, 0x0E, 0x6F, 0x7C, 0x07, 0x55, 0x06, 0x4A, 0x83, 0x39, 0xE0, 0xD5, 0x08, 0x08, 0xB5, 0x25,
    0x11, 0x7C, 0xE1, 0x49, 0xE1, 0x75, 0xC2, 0xA5, 0xD2, 0x0B, 0x89, 0x25, 0x9F, 0xB8, 0xA6, 0x6C,
    0x29, 0x5B, 0x58, 0x02, 0xCF, 0xB9, 0x83, 0x6A, 0xF5, 0x74, 0xA6, 0x3B, 0xBA, 0xAB, 0x37, 0x7A,
    0x2B, 0x0D, 0x69, 0x49, 0x53, 0xDA, 0x77, 0x3E, 0x82, 0xBC, 0x95, 0x61, 0x8E, 0x32, 0x29, 0x9B,
    0x32, 0x2A, 0xAB, 0x32, 0x2B, 0xBB, 0x66, 0xD0, 0x2C, 0xC3, 0x5C, 0xF0, 0x14, 0x98, 0x07, 0x18,
    0x25, 0x20, 0xD3, 0xD0, 0xB2, 0xA3, 0x75, 0x3D, 0x97, 0x75, 0x11, 0x58, 0x99, 0x75, 0x2B, 0xBB,
    0xE5, 0xDE, 0x4F, 0xD1, 0x00, 0xC2, 0x6B, 0x94, 0x80, 0xD5, 0x1A, 0x16, 0x40, 0x4B, 0x2C, 0xDC,
    0x70, 0xCE, 0x94, 0x25, 0xAE, 0xAB, 0xCD, 0x72, 0xF5, 0xE0, 0x6B, 0x47, 0x06, 0x44, 0xAA, 0x84,
    0x0F, 0xCC, 0xE0, 0xC2, 0xAC, 0xAC, 0x19, 0xB5, 0x0F, 0x75, 0x95, 0x6A, 0x62, 0x0D, 0x7B, 0x17,
    0x8C, 0xC1, 0x07, 0xBD, 0x64, 0x6B, 0x76, 0x53, 0x56, 0x66, 0x9B, 0xAB, 0x94, 0x7D, 0xC8, 0x63,
    0x32, 0x7B, 0xD6, 0x7E, 0xA9, 0x58, 0x8C, 0x64, 0x57, 0x4C, 0x07, 0xF7, 0x41, 0x38, 0x02, 0xFB,
    0xA5, 0x64, 0xE1, 0x83, 0xEC, 0x06, 0x77, 0xD8, 0xFE, 0x1B, 0x63, 0x8C, 0x70, 0x70, 0x0B, 0xDE,
    0x3A, 0xE6, 0x55, 0x66, 0xC1, 0x25, 0x2D, 0x0D, 0x11, 0x91, 0x81, 0x93, 0x38, 0x61, 0x1B, 0x33,
    0x27, 0x5F, 0x7B, 0x6A, 0x5B, 0xE3, 0x6E, 0x80, 0x1D, 0x30, 0x81, 0xAA, 0xD4, 0xB5, 0x05, 0x96,
    0x45, 0xF3, 0x9C, 0x4C, 0xA4, 0x45, 0xCF, 0xF9, 0x9F, 0x93, 0x66, 0xC2, 0xA2, 0x39, 0x67, 0xFA,
    0x22, 0x33, 0xB2, 0x8E, 0x03, 0x03, 0x36, 0x20, 0x01, 0x67, 0x99, 0x97, 0x96, 0xAB, 0x9F, 0x3B,
    0x46, 0x1F, 0x3E, 0x53, 0xBB, 0x8F, 0xE1, 0xD0, 0xBD, 0xEF, 0x1A, 0x17, 0xD2, 0x31, 0xC4, 0x16,
    0x5A, 0xB1, 0x29, 0x5C, 0x40, 0x3C, 0x84, 0x5C, 0xE3, 0xFA, 0x51, 0x3F, 0xED, 0x0E, 0xCC, 0x60,
    0xFE, 0x9B, 0x95, 0x51, 0xF8, 0x04, 0x2E, 0x9E, 0x51, 0xFD, 0xF2, 0x6B, 0xFF, 0xCA, 0x75, 0x63,
    0x4F, 0x3A, 0xF4, 0xC4, 0x06, 0x4E, 0x07, 0x8D, 0x42, 0xED, 0xF3, 0x02, 0xD2, 0x54, 0xDF, 0xBB,
    0x9F, 0xAE, 0x9D, 0xDD, 0xC0, 0xDB, 0xF4, 0x77, 0x58, 0x72, 0x3F, 0x3B, 0x52, 0xEE, 0x67, 0x87,
    0xA4, 0x07, 0x13, 0xA0, 0xDC, 0x97, 0x02, 0xA2, 0x0A, 0x20, 0xE2, 0x0A, 0xAC, 0x02, 0xA0, 0x1A,
    0xE2, 0x4A, 0x1B, 0x00, 0xAD, 0x90, 0x81, 0xA6, 0xDD, 0x30, 0x18, 0xC7, 0x7F, 0x49, 0x59, 0x47,
    0xB8, 0x05, 0x18, 0xEC, 0x14, 0xC0, 0xD8, 0x51, 0x80, 0x8B, 0x1E, 0xC9, 0x23, 0x0D, 0x43, 0xB1,
    0x69, 0x1E, 0xE1, 0x3E, 0xC2, 0x1E, 0xE1, 0xA0, 0x18, 0xBB, 0xAC, 0x8F, 0x90, 0xBD, 0x41, 0xEC,
    0x05, 0x16, 0x76, 0x50, 0x74, 0xCD, 0x92, 0xDD, 0x84, 0xCB, 0x80, 0x59, 0xF4, 0x27, 0xF2, 0xFD,
    0xFE, 0xDF, 0x57, 0x3E, 0xB9, 0x01, 0x1A, 0x50, 0x0E, 0x44, 0x00, 0x1E, 0x11, 0xC7, 0x05, 0x15,
    0x7F, 0xD0, 0x9B, 0x99, 0x91, 0x2E, 0x63, 0x3E, 0x14, 0xCA, 0x3B, 0xB9, 0x8F, 0x29, 0xB3, 0x21,
    0xBE, 0x3E, 0x80, 0x06, 0x66, 0x03, 0x5F, 0x2C, 0xFC, 0x5C, 0x11, 0xDF, 0x1D, 0xF2, 0x9B, 0xA7,
    0x59, 0x03, 0xAD, 0x5D, 0x50, 0x66, 0x22, 0x77, 0x9D, 0xB8, 0x70, 0xE6, 0x44, 0xEE, 0xCF, 0xB3,
    0x96, 0x64, 0x63, 0x8C, 0x6B, 0x46, 0xC7, 0x48, 0x22, 0xBB, 0x7F, 0x66, 0x8E, 0xD1, 0x64, 0x46,
    0xA0, 0x03, 0xDA, 0x15, 0xA4, 0x07, 0x6E, 0xC0, 0x08, 0xF4, 0x80, 0xB2, 0xD0, 0xAC, 0x4F, 0x77,
    0x07, 0x5C, 0x80, 0xCF, 0x20, 0x02, 0x34, 0xEE, 0xA9, 0xDC, 0x97, 0x78, 0x9D, 0x57, 0x01, 0x16,
    0xC0, 0x83, 0x5C, 0xA1, 0x2D, 0x03, 0x5E, 0x97, 0xF4, 0xB3, 0x13, 0x40, 0xB8, 0xF2, 0x1B, 0x03,
    0x77, 0xC0, 0x5B, 0x60, 0x2A, 0xB6, 0x24, 0xFE, 0xCC, 0x99, 0xD7, 0x26, 0xD1, 0x5A, 0xE9, 0x94,
    0x11, 0xBE, 0x83, 0x70, 0x97, 0x38, 0xC3, 0x32, 0xC2, 0x94, 0x18, 0x27, 0x38, 0x5F, 0xE1, 0x14,
    0xA0, 0xF3, 0x09, 0x87, 0xF2, 0xBD, 0xD5, 0xBB, 0x0E, 0xD3, 0xF9, 0xD3, 0xED, 0xAA, 0xEC, 0xFD,
    0xB5, 0x35, 0xF7, 0xF9, 0x9E, 0xDE, 0xF8, 0x45, 0x87, 0x18, 0x94, 0x1B, 0x2C, 0x32, 0x3A, 0xDA,
    0x44, 0x07, 0xFF, 0x13, 0x1D, 0x13, 0x3B, 0x28, 0xDF, 0x18, 0x7D, 0x28, 0x33, 0x0D, 0x91, 0x77,
    0x72, 0xA3, 0x9E, 0xBF, 0xEB, 0xEF, 0xEB, 0x42, 0xA8, 0x7B, 0x7C, 0xBE, 0xB6, 0x5A, 0xAB, 0xFB,
    0x6A, 0x0D, 0xC0, 0x4B, 0xC4, 0x4E, 0x7F, 0x93, 0x07, 0x83, 0xE3, 0x17, 0x6C, 0x30, 0x3B, 0x5E,
    0x1C, 0x30, 0xF8, 0xAC, 0x78, 0x05, 0xC4, 0xB8, 0xA7, 0xCF, 0x92, 0x02, 0xD9, 0xCA, 0x6A, 0xE1,
    0x31, 0xF5, 0x8A, 0x23, 0xBF, 0x92, 0x7A, 0x00, 0x6A, 0xF8, 0x37, 0x63, 0xF8, 0xEF, 0xDD, 0xC0,
    0xFC, 0xDF, 0xFF, 0x00, 0x73, 0x03, 0x77, 0x03, 0x7B, 0x03, 0x03, 0x03, 0x0C, 0xDB, 0xFF, 0xFF,
    0xDF, 0x00, 0xC2, 0xEC, 0x24, 0x40, 0x86, 0xFF, 0xED, 0x0D, 0xCC, 0x20, 0x8C, 0x26, 0x6E, 0x0F,
    0x14, 0x03, 0x62, 0x92, 0xCC, 0x02, 0x00,
};

static const EpdGlyph terminalmono_12_regularGlyphs[] = {
    { 0, 0, 0, 0, 0, 0, 0 }, // U+0000
    { 0, 0, 240, 0, 0, 0, 0 }, // U+000D
    { 0, 0, 240, 0, 0, 0, 0 }, // U+0020
    { 5, 17, 240, 5, 17, 22, 0 }, // !
    { 7, 7, 240, 4, 19, 13, 22 }, // "
    { 15, 17, 240, 0, 17, 64, 35 }, // #
    { 13, 23, 240, 1, 20, 75, 99 }, // $
    { 15, 17, 240, 0, 17, 64, 174 }, // %
    { 15, 17, 240, 0, 17, 64, 238 }, // &
    { 3, 7, 240, 6, 19, 6, 302 }, // '
    { 8, 22, 240, 5, 19, 44, 308 }, // (
    { 8, 22, 240, 2, 19, 44, 352 }, // )
    { 13, 13, 240, 1, 14, 43, 396 }, // *
    { 13, 14, 240, 1, 15, 46, 439 }, // +
    { 5, 7, 240, 5, 3, 9, 485 }, // ,
    { 9, 2, 240, 3, 9, 5, 494 }, // -
    { 5, 3, 240, 5, 3, 4, 499 }, // .
    { 11, 22, 240, 2, 19, 61, 503 }, // /
    { 13, 17, 240, 1, 17, 56, 564 }, // 0
    { 13, 17, 240, 1, 17, 56, 620 }, // 1
    { 13, 17, 240, 1, 17, 56, 676 }, // 2
    { 12, 17, 240, 1, 17, 51, 732 }, // 3
    { 15, 17, 240, 0, 17, 64, 783 }, // 4
    { 13, 17, 240, 1, 17, 56, 847 }, // 5
    { 13, 17, 240, 1, 17, 56, 903 }, // 6
    { 13, 17, 240, 1, 17, 56, 959 }, // 7
    { 13, 17, 240, 1, 17, 56, 1015 }, // 8
    { 13, 17, 240, 1, 17, 56, 1071 }, // 9
    { 5, 13, 240, 5, 13, 17, 1127 }, // :
    { 5, 17, 240, 5, 13, 22, 1144 }, // ;
    { 11, 14, 240, 2, 15, 39, 1166 }, // <
    { 13, 7, 240, 1, 11, 23, 1205 }, // =
    { 11, 14, 240, 2, 15, 39, 1228 }, // >
    { 12, 17, 240, 1, 17, 51, 1267 }, // ?
    { 13, 20, 240, 1, 17, 65, 1318 }, // @
    { 15, 17, 240, 0, 17, 64, 1383 }, // A
    { 12, 17, 240, 2, 17, 51, 1447 }, // B
    { 13, 17, 240, 1, 17, 56, 1498 }, // C
    { 12, 17, 240, 2, 17, 51, 1554 }, // D
    { 11, 17, 240, 2, 17, 47, 1605 }, // E
    { 12, 17, 240, 2, 17, 51, 1652 }, // F
    { 13, 17, 240, 1, 17, 56, 1703 }, // G
    { 11, 17, 240, 2, 17, 47, 1759 }, // H
    { 11, 17, 240, 2, 17, 47, 1806 }, // I
    { 11, 17, 240, 1, 17, 47, 1853 }, // J
    { 13, 17, 240, 2, 17, 56, 1900 }, // K
    { 11, 17, 240, 3, 17, 47, 1956 }, // L
    { 13, 17, 240, 1, 17, 56, 2003 }, // M
    { 11, 17, 240, 2, 17, 47, 2059 }, // N
    { 13, 17, 240, 1, 17, 56, 2106 }, // O
    { 12, 17, 240, 2, 17, 51, 2162 }, // P
    { 13, 21, 240, 1, 17, 69, 2213 }, // Q
    { 12, 17, 240, 2, 17, 51, 2282 }, // R
    { 13, 17, 240, 1, 17, 56, 2333 }, // S
    { 15, 17, 240, 0, 17, 64, 2389 }, // T
    { 11, 17, 240, 2, 17, 47, 2453 }, // U
    { 15, 17, 240, 0, 17, 64, 2500 }, // V
    { 15, 17, 240, 0, 17, 64, 2564 }, // W
    { 15, 17, 240, 0, 17, 64, 2628 }, // X
    { 15, 17, 240, 0, 17, 64, 2692 }, // Y
    { 13, 17, 240, 1, 17, 56, 2756 }, // Z
    { 8, 22, 240, 5, 19, 44, 2812 }, // [
    { 11, 22, 240, 2, 19, 61, 2856 }, // <backslash>
    { 8, 22, 240, 2, 19, 44, 2917 }, // ]
    { 13, 11, 240, 1, 17, 36, 2961 }, // ^
    { 13, 2, 240, 1, -2, 7, 2997 }, // _
    { 5, 5, 240, 4, 20, 7, 3004 }, // `
    { 13, 13, 240, 1, 13, 43, 3011 }, // a
    { 12, 19, 240, 2, 19, 57, 3054 }, // b
    { 11, 13, 240, 2, 13, 36, 3111 }, // c
    { 12, 19, 240, 1, 19, 57, 3147 }, // d
    { 13, 13, 240, 1, 13, 43, 3204 }, // e
    { 13, 19, 240, 1, 19, 62, 3247 }, // f
    { 14, 20, 240, 1, 15, 70, 3309 }, // g
    { 11, 19, 240, 2, 19, 53, 3379 }, // h
    { 12, 19, 240, 2, 19, 57, 3432 }, // i
    { 10, 24, 240, 2, 19, 60, 3489 }, // j
    { 13, 19, 240, 2, 19, 62, 3549 }, // k
    { 11, 19, 240, 2, 19, 53, 3611 }, // l
    { 13, 13, 240, 1, 13, 43, 3664 }, // m
    { 11, 13, 240, 2, 13, 36, 3707 }, // n
    { 13, 13, 240, 1, 13, 43, 3743 }, // o
    { 12, 18, 240, 2, 13, 54, 3786 }, // p
    { 12, 18, 240, 1, 13, 54, 3840 }, // q
    { 13, 13, 240, 1, 13, 43, 3894 }, // r
    { 13, 13, 240, 1, 13, 43, 3937 }, // s
    { 14, 17, 240, 0, 17, 60, 3980 }, // t
    { 11, 13, 240, 2, 13, 36, 4040 }, // u
    { 13, 13, 240, 1, 13, 43, 4076 }, // v
    { 15, 13, 240, 0, 13, 49, 4119 }, // w
    { 13, 13, 240, 1, 13, 43, 4168 }, // x
    { 13, 18, 240, 1, 13, 59, 4211 }, // y
    { 11, 13, 240, 2, 13, 36, 4270 }, // z
    { 11, 22, 240, 2, 19, 61, 4306 }, // {
    { 3, 22, 240, 6, 19, 17, 4367 }, // |
    { 11, 22, 240, 2, 19, 61, 4384 }, // }
    { 13, 6, 240, 1, 10, 20, 4445 }, // ~
    { 0, 0, 240, 0, 0, 0, 0 }, // U+00A0
    { 5, 18, 240, 5, 13, 23, 0 }, // U+00A1
    { 11, 19, 240, 2, 16, 53, 23 }, // U+00A2
    { 13, 17, 240, 1, 17, 56, 76 }, // U+00A3
    { 13, 17, 240, 1, 17, 56, 132 }, // U+00A4
    { 15, 17, 240, 0, 17, 64, 188 }, // U+00A5
    { 3, 22, 240, 6, 19, 17, 252 }, // U+00A6
    { 12, 21, 240, 2, 17, 63, 269 }, // U+00A7
    { 9, 3, 240, 3, 18, 7, 332 }, // U+00A8
    { 15, 17, 240, 0, 17, 64, 339 }, // U+00A9
    { 9, 8, 240, 3, 17, 18, 403 }, // U+00AA
    { 13, 11, 240, 1, 12, 36, 421 }, // U+00AB
    { 13, 7, 240, 1, 9, 23, 457 }, // U+00AC
    { 9, 2, 240, 3, 9, 5, 480 }, // U+00AD
    { 11, 9, 240, 2, 17, 25, 485 }, // U+00AE
    { 7, 2, 240, 4, 18, 4, 510 }, // U+00AF
    { 9, 8, 240, 3, 17, 18, 514 }, // U+00B0
    { 13, 16, 240, 1, 16, 52, 532 }, // U+00B1
    { 7, 9, 240, 4, 17, 16, 584 }, // U+00B2
    { 8, 9, 240, 3, 17, 18, 600 }, // U+00B3
    { 5, 5, 240, 6, 20, 7, 618 }, // U+00B4
    { 11, 18, 240, 2, 13, 50, 625 }, // U+00B5
    { 12, 21, 240, 1, 17, 63, 675 }, // U+00B6
    { 5, 3, 240, 5, 9, 4, 738 }, // U+00B7
    { 6, 6, 240, 5, 1, 9, 742 }, // U+00B8
    { 9, 9, 240, 3, 17, 21, 751 }, // U+00B9
    { 9, 8, 240, 3, 17, 18, 772 }, // U+00BA
    { 13, 11, 240, 1, 12, 36, 790 }, // U+00BB
    { 15, 17, 240, 0, 17, 64, 826 }, // U+00BC
    { 15, 17, 240, 0, 17, 64, 890 }, // U+00BD
    { 15, 17, 240, 0, 17, 64, 954 }, // U+00BE
    { 12, 18, 240, 2, 13, 54, 1018 }, // U+00BF
    { 15, 24, 240, 0, 24, 90, 1072 }, // U+00C0
    { 15, 24, 240, 0, 24, 90, 1162 }, // U+00C1
    { 15, 23, 240, 0, 23, 87, 1252 }, // U+00C2
    { 15, 22, 240, 0, 22, 83, 1339 }, // U+00C3
    { 15, 22, 240, 0, 22, 83, 1422 }, // U+00C4
    { 15, 24, 240, 0, 24, 90, 1505 }, // U+00C5
    { 14, 17, 240, 0, 17, 60, 1595 }, // U+00C6
    { 13, 22, 240, 1, 17, 72, 1655 }, // U+00C7
    { 11, 24, 240, 2, 24, 66, 1727 }, // U+00C8
    { 11, 24, 240, 2, 24, 66, 1793 }, // U+00C9
    { 11, 23, 240, 2, 23, 64, 1859 }, // U+00CA
    { 11, 22, 240, 2, 22, 61, 1923 }, // U+00CB
    { 11, 24, 240, 2, 24, 66, 1984 }, // U+00CC
    { 11, 24, 240, 2, 24, 66, 2050 }, // U+00CD
    { 11, 23, 240, 2, 23, 64, 2116 }, // U+00CE
    { 11, 22, 240, 2, 22, 61, 2180 }, // U+00CF
    { 14, 17, 240, 0, 17, 60, 2241 }, // U+00D0
    { 11, 22, 240, 2, 22, 61, 2301 }, // U+00D1
    { 13, 24, 240, 1, 24, 78, 2362 }, // U+00D2
    { 13, 24, 240, 1, 24, 78, 2440 }, // U+00D3
    { 13, 23, 240, 1, 23, 75, 2518 }, // U+00D4
    { 13, 22, 240, 1, 22, 72, 2593 }, // U+00D5
    { 13, 22, 240, 1, 22, 72, 2665 }, // U+00D6
    { 11, 11, 240, 2, 13, 31, 2737 }, // U+00D7
    { 13, 19, 240, 1, 18, 62, 2768 }, // U+00D8
    { 11, 24, 240, 2, 24, 66, 2830 }, // U+00D9
    { 11, 24, 240, 2, 24, 66, 2896 }, // U+00DA
    { 11, 23, 240, 2, 23, 64, 2962 }, // U+00DB
    { 11, 22, 240, 2, 22, 61, 3026 }, // U+00DC
    { 15, 24, 240, 0, 24, 90, 3087 }, // U+00DD
    { 12, 17, 240, 2, 17, 51, 3177 }, // U+00DE
    { 13, 24, 240, 2, 19, 78, 3228 }, // U+00DF
    { 13, 20, 240, 1, 20, 65, 3306 }, // U+00E0
    { 13, 20, 240, 1, 20, 65, 3371 }, // U+00E1
    { 13, 19, 240, 1, 19, 62, 3436 }, // U+00E2
    { 13, 18, 240, 1, 18, 59, 3498 }, // U+00E3
    { 13, 18, 240, 1, 18, 59, 3557 }, // U+00E4
    { 13, 20, 240, 1, 20, 65, 3616 }, // U+00E5
    { 15, 13, 240, 0, 13, 49, 3681 }, // U+00E6
    { 11, 18, 240, 2, 13, 50, 3730 }, // U+00E7
    { 13, 20, 240, 1, 20, 65, 3780 }, // U+00E8
    { 13, 20, 240, 1, 20, 65, 3845 }, // U+00E9
    { 13, 19, 240, 1, 19, 62, 3910 }, // U+00EA
    { 13, 18, 240, 1, 18, 59, 3972 }, // U+00EB
    { 12, 20, 240, 2, 20, 60, 4031 }, // U+00EC
    { 12, 20, 240, 2, 20, 60, 4091 }, // U+00ED
    { 12, 19, 240, 2, 19, 57, 4151 }, // U+00EE
    { 12, 18, 240, 2, 18, 54, 4208 }, // U+00EF
    { 13, 20, 240, 1, 20, 65, 4262 }, // U+00F0
    { 11, 18, 240, 2, 18, 50, 4327 }, // U+00F1
    { 13, 20, 240, 1, 20, 65, 4377 }, // U+00F2
    { 13, 20, 240, 1, 20, 65, 4442 }, // U+00F3
    { 13, 19, 240, 1, 19, 62, 4507 }, // U+00F4
    { 13, 18, 240, 1, 18, 59, 4569 }, // U+00F5
    { 13, 18, 240, 1, 18, 59, 4628 }, // U+00F6
    { 13, 14, 240, 1, 15, 46, 4687 }, // U+00F7
    { 13, 15, 240, 1, 14, 49, 4733 }, // U+00F8
    { 11, 20, 240, 2, 20, 55, 4782 }, // U+00F9
    { 11, 20, 240, 2, 20, 55, 4837 }, // U+00FA
    { 11, 19, 240, 2, 19, 53, 4892 }, // U+00FB
    { 11, 18, 240, 2, 18, 50, 4945 }, // U+00FC
    { 13, 25, 240, 1, 20, 82, 4995 }, // U+00FD
    { 12, 24, 240, 2, 19, 72, 5077 }, // U+00FE
    { 13, 23, 240, 1, 18, 75, 5149 }, // U+00FF
    { 15, 22, 240, 0, 22, 83, 0 }, // U+0100
    { 13, 18, 240, 1, 18, 59, 83 }, // U+0101
    { 15, 24, 240, 0, 24, 90, 142 }, // U+0102
    { 13, 20, 240, 1, 20, 65, 232 }, // U+0103
    { 15, 22, 240, 0, 17, 83, 297 }, // U+0104
    { 14, 18, 240, 1, 13, 63, 380 }, // U+0105
    { 13, 24, 240, 1, 24, 78, 443 }, // U+0106
    { 11, 20, 240, 2, 20, 55, 521 }, // U+0107
    { 13, 23, 240, 1, 23, 75, 576 }, // U+0108
    { 11, 19, 240, 2, 19, 53, 651 }, // U+0109
    { 13, 22, 240, 1, 22, 72, 704 }, // U+010A
    { 11, 18, 240, 2, 18, 50, 776 }, // U+010B
    { 13, 23, 240, 1, 23, 75, 826 }, // U+010C
    { 11, 19, 240, 2, 19, 53, 901 }, // U+010D
    { 12, 23, 240, 2, 23, 69, 954 }, // U+010E
    { 16, 19, 240, 1, 19, 76, 1023 }, // U+010F
    { 14, 17, 240, 0, 17, 60, 1099 }, // U+0110
    { 14, 19, 240, 1, 19, 67, 1159 }, // U+0111
    { 11, 22, 240, 2, 22, 61, 1226 }, // U+0112
    { 13, 18, 240, 1, 18, 59, 1287 }, // U+0113
    { 11, 24, 240, 2, 24, 66, 1346 }, // U+0114
    { 13, 20, 240, 1, 20, 65, 1412 }, // U+0115
    { 11, 22, 240, 2, 22, 61, 1477 }, // U+0116
    { 13, 18, 240, 1, 18, 59, 1538 }, // U+0117
    { 12, 22, 240, 2, 17, 66, 1597 }, // U+0118
    { 13, 18, 240, 1, 13, 59, 1663 }, // U+0119
    { 11, 23, 240, 2, 23, 64, 1722 }, // U+011A
    { 13, 19, 240, 1, 19, 62, 1786 }, // U+011B
    { 13, 23, 240, 1, 23, 75, 1848 }, // U+011C
    { 14, 24, 240, 1, 19, 84, 1923 }, // U+011D
    { 13, 24, 240, 1, 24, 78, 2007 }, // U+011E
    { 14, 25, 240, 1, 20, 88, 2085 }, // U+011F
    { 13, 22, 240, 1, 22, 72, 2173 }, // U+0120
    { 14, 23, 240, 1, 18, 81, 2245 }, // U+0121
    { 13, 24, 240, 1, 17, 78, 2326 }, // U+0122
    { 14, 25, 240, 1, 20, 88, 2404 }, // U+0123
    { 11, 23, 240, 2, 23, 64, 2492 }, // U+0124
    { 14, 24, 240, -1, 24, 84, 2556 }, // U+0125
    { 15, 17, 240, 0, 17, 64, 2640 }, // U+0126
    { 13, 19, 240, 0, 19, 62, 2704 }, // U+0127
    { 11, 22, 240, 2, 22, 61, 2766 }, // U+0128
    { 12, 18, 240, 2, 18, 54, 2827 }, // U+0129
    { 11, 22, 240, 2, 22, 61, 2881 }, // U+012A
    { 12, 18, 240, 2, 18, 54, 2942 }, // U+012B
    { 11, 24, 240, 2, 24, 66, 2996 }, // U+012C
    { 12, 20, 240, 2, 20, 60, 3062 }, // U+012D
    { 12, 22, 240, 2, 17, 66, 3122 }, // U+012E
    { 13, 24, 240, 2, 19, 78, 3188 }, // U+012F
    { 11, 22, 240, 2, 22, 61, 3266 }, // U+0130
    { 12, 13, 240, 2, 13, 39, 3327 }, // U+0131
    { 11, 17, 240, 2, 17, 47, 3366 }, // U+0132
    { 11, 24, 240, 2, 19, 66, 3413 }, // U+0133
    { 11, 23, 240, 1, 23, 64, 3479 }, // U+0134
    { 12, 24, 240, 2, 19, 72, 3543 }, // U+0135
    { 13, 24, 240, 2, 17, 78, 3615 }, // U+0136
    { 13, 26, 240, 2, 19, 85, 3693 }, // U+0137
    { 13, 13, 240, 2, 13, 43, 3778 }, // U+0138
    { 12, 24, 240, 2, 24, 72, 3821 }, // U+0139
    { 11, 25, 240, 2, 25, 69, 3893 }, // U+013A
    { 11, 24, 240, 3, 17, 66, 3962 }, // U+013B
    { 11, 26, 240, 2, 19, 72, 4028 }, // U+013C
    { 11, 19, 240, 3, 19, 53, 4100 }, // U+013D
    { 12, 19, 240, 2, 19, 57, 4153 }, // U+013E
    { 11, 17, 240, 3, 17, 47, 4210 }, // U+013F
    { 13, 19, 240, 2, 19, 62, 4257 }, // U+0140
    { 13, 17, 240, 1, 17, 56, 4319 }, // U+0141
    { 11, 19, 240, 2, 19, 53, 4375 }, // U+0142
    { 11, 24, 240, 2, 24, 66, 4428 }, // U+0143
    { 11, 20, 240, 2, 20, 55, 4494 }, // U+0144
    { 11, 24, 240, 2, 17, 66, 4549 }, // U+0145
    { 11, 20, 240, 2, 13, 55, 4615 }, // U+0146
    { 11, 23, 240, 2, 23, 64, 4670 }, // U+0147
    { 11, 19, 240, 2, 19, 53, 4734 }, // U+0148
    { 13, 19, 240, 0, 19, 62, 4787 }, // U+0149
    { 11, 22, 240, 2, 17, 61, 4849 }, // U+014A
    { 11, 18, 240, 2, 13, 50, 4910 }, // U+014B
    { 13, 22, 240, 1, 22, 72, 4960 }, // U+014C
    { 13, 18, 240, 1, 18, 59, 5032 }, // U+014D
    { 13, 24, 240, 1, 24, 78, 5091 }, // U+014E
    { 13, 20, 240, 1, 20, 65, 5169 }, // U+014F
    { 13, 24, 240, 1, 24, 78, 5234 }, // U+0150
    { 13, 20, 240, 1, 20, 65, 5312 }, // U+0151
    { 14, 17, 240, 0, 17, 60, 5377 }, // U+0152
    { 15, 13, 240, 0, 13, 49, 5437 }, // U+0153
    { 12, 24, 240, 2, 24, 72, 5486 }, // U+0154
    { 13, 20, 240, 1, 20, 65, 5558 }, // U+0155
    { 12, 24, 240, 2, 17, 72, 5623 }, // U+0156
    { 13, 20, 240, 1, 13, 65, 5695 }, // U+0157
    { 12, 23, 240, 2, 23, 69, 5760 }, // U+0158
    { 13, 19, 240, 1, 19, 62, 5829 }, // U+0159
    { 13, 24, 240, 1, 24, 78, 5891 }, // U+015A
    { 13, 20, 240, 1, 20, 65, 5969 }, // U+015B
    { 13, 23, 240, 1, 23, 75, 6034 }, // U+015C
    { 13, 19, 240, 1, 19, 62, 6109 }, // U+015D
    { 13, 22, 240, 1, 17, 72, 6171 }, // U+015E
    { 13, 18, 240, 1, 13, 59, 6243 }, // U+015F
    { 13, 23, 240, 1, 23, 75, 6302 }, // U+0160
    { 13, 19, 240, 1, 19, 62, 6377 }, // U+0161
    { 15, 22, 240, 0, 17, 83, 6439 }, // U+0162
    { 14, 22, 240, 0, 17, 77, 6522 }, // U+0163
    { 15, 23, 240, 0, 23, 87, 6599 }, // U+0164
    { 14, 20, 240, 0, 20, 70, 6686 }, // U+0165
    { 15, 17, 240, 0, 17, 64, 6756 }, // U+0166
    { 14, 17, 240, 0, 17, 60, 6820 }, // U+0167
    { 11, 22, 240, 2, 22, 61, 6880 }, // U+0168
    { 11, 18, 240, 2, 18, 50, 6941 }, // U+0169
    { 11, 22, 240, 2, 22, 61, 6991 }, // U+016A
    { 11, 18, 240, 2, 18, 50, 7052 }, // U+016B
    { 11, 24, 240, 2, 24, 66, 7102 }, // U+016C
    { 11, 20, 240, 2, 20, 55, 7168 }, // U+016D
    { 11, 24, 240, 2, 24, 66, 7223 }, // U+016E
    { 11, 20, 240, 2, 20, 55, 7289 }, // U+016F
    { 11, 24, 240, 2, 24, 66, 7344 }, // U+0170
    { 11, 20, 240, 2, 20, 55, 7410 }, // U+0171
    { 11, 22, 240, 2, 17, 61, 7465 }, // U+0172
    { 12, 18, 240, 2, 13, 54, 7526 }, // U+0173
    { 15, 23, 240, 0, 23, 87, 7580 }, // U+0174
    { 15, 19, 240, 0, 19, 72, 7667 }, // U+0175
    { 15, 23, 240, 0, 23, 87, 7739 }, // U+0176
    { 13, 24, 240, 1, 19, 78, 7826 }, // U+0177
    { 15, 22, 240, 0, 22, 83, 7904 }, // U+0178
    { 13, 24, 240, 1, 24, 78, 7987 }, // U+0179
    { 11, 20, 240, 2, 20, 55, 8065 }, // U+017A
    { 13, 22, 240, 1, 22, 72, 8120 }, // U+017B
    { 11, 18, 240, 2, 18, 50, 8192 }, // U+017C
    { 13, 23, 240, 1, 23, 75, 8242 }, // U+017D
    { 11, 19, 240, 2, 19, 53, 8317 }, // U+017E
    { 13, 19, 240, 1, 19, 62, 8370 }, // U+017F
    { 13, 20, 240, 1, 20, 65, 0 }, // U+01A0
    { 13, 16, 240, 1, 16, 52, 65 }, // U+01A1
    { 13, 20, 240, 2, 20, 65, 117 }, // U+01AF
    { 13, 16, 240, 2, 16, 52, 182 }, // U+01B0
    { 15, 23, 240, 0, 23, 87, 234 }, // U+01CD
    { 13, 19, 240, 1, 19, 62, 321 }, // U+01CE
    { 11, 23, 240, 2, 23, 64, 383 }, // U+01CF
    { 12, 19, 240, 2, 19, 57, 447 }, // U+01D0
    { 13, 23, 240, 1, 23, 75, 504 }, // U+01D1
    { 13, 19, 240, 1, 19, 62, 579 }, // U+01D2
    { 11, 23, 240, 2, 23, 64, 641 }, // U+01D3
    { 11, 19, 240, 2, 19, 53, 705 }, // U+01D4
    { 11, 25, 240, 2, 25, 69, 758 }, // U+01D5
    { 11, 21, 240, 2, 21, 58, 827 }, // U+01D6
    { 11, 28, 240, 2, 28, 77, 885 }, // U+01D7
    { 11, 24, 240, 2, 24, 66, 962 }, // U+01D8
    { 11, 28, 240, 2, 28, 77, 1028 }, // U+01D9
    { 11, 24, 240, 2, 24, 66, 1105 }, // U+01DA
    { 11, 28, 240, 2, 28, 77, 1171 }, // U+01DB
    { 11, 24, 240, 2, 24, 66, 1248 }, // U+01DC
    { 15, 29, 240, 0, 29, 109, 1314 }, // U+01FA
    { 13, 25, 240, 1, 25, 82, 1423 }, // U+01FB
    { 14, 24, 240, 0, 24, 84, 1505 }, // U+01FC
    { 15, 20, 240, 0, 20, 75, 1589 }, // U+01FD
    { 13, 25, 240, 1, 24, 82, 1664 }, // U+01FE
    { 13, 21, 240, 1, 20, 69, 1746 }, // U+01FF
    { 13, 24, 240, 1, 17, 78, 1815 }, // U+0218
    { 13, 20, 240, 1, 13, 65, 1893 }, // U+0219
    { 15, 24, 240, 0, 17, 90, 1958 }, // U+021A
    { 14, 24, 240, 0, 17, 84, 2048 }, // U+021B
    { 5, 5, 0, -3, 20, 7, 0 }, // U+0300
    { 5, 5, 0, -2, 20, 7, 7 }, // U+0301
    { 9, 4, 0, -4, 19, 9, 14 }, // U+0302
    { 10, 3, 0, -5, 18, 8, 23 }, // U+0303
    { 8, 2, 0, -4, 18, 4, 31 }, // U+0304
    { 9, 5, 0, -4, 20, 12, 35 }, // U+0306
    { 4, 3, 0, -2, 18, 3, 47 }, // U+0307
    { 8, 3, 0, -4, 18, 6, 50 }, // U+0308
    { 6, 5, 0, -3, 19, 8, 56 }, // U+0309
    { 6, 6, 0, -3, 20, 9, 64 }, // U+030A
    { 8, 5, 0, -3, 20, 10, 73 }, // U+030B
    { 9, 4, 0, -4, 19, 9, 83 }, // U+030C
    { 5, 5, 0, -2, 20, 7, 92 }, // U+0312
    { 3, 5, 0, 0, 19, 4, 99 }, // U+0315
    { 4, 4, 0, -2, 16, 4, 103 }, // U+031B
    { 4, 3, 0, -2, -2, 3, 107 }, // U+0323
    { 4, 5, 0, -2, -2, 5, 110 }, // U+0326
    { 7, 6, 0, -3, 1, 11, 115 }, // U+0327
    { 6, 6, 0, -5, 1, 9, 126 }, // U+0328
    { 11, 24, 240, 2, 24, 66, 0 }, // U+0400
    { 11, 22, 240, 2, 22, 61, 66 }, // U+0401
    { 14, 21, 240, 0, 17, 74, 127 }, // U+0402
    { 11, 24, 240, 3, 24, 66, 201 }, // U+0403
    { 13, 17, 240, 1, 17, 56, 267 }, // U+0404
    { 13, 17, 240, 1, 17, 56, 323 }, // U+0405
    { 11, 17, 240, 2, 17, 47, 379 }, // U+0406
    { 11, 22, 240, 2, 22, 61, 426 }, // U+0407
    { 11, 17, 240, 1, 17, 47, 487 }, // U+0408
    { 16, 17, 240, -1, 17, 68, 534 }, // U+0409
    { 14, 17, 240, 1, 17, 60, 602 }, // U+040A
    { 14, 17, 240, 0, 17, 60, 662 }, // U+040B
    { 12, 24, 240, 2, 24, 72, 722 }, // U+040C
    { 11, 24, 240, 2, 24, 66, 794 }, // U+040D
    { 14, 24, 240, 1, 24, 84, 860 }, // U+040E
    { 11, 21, 240, 2, 17, 58, 944 }, // U+040F
    { 15, 17, 240, 0, 17, 64, 1002 }, // U+0410
    { 12, 17, 240, 2, 17, 51, 1066 }, // U+0411
    { 12, 17, 240, 2, 17, 51, 1117 }, // U+0412
    { 11, 17, 240, 3, 17, 47, 1168 }, // U+0413
    { 15, 21, 240, 0, 17, 79, 1215 }, // U+0414
    { 11, 17, 240, 2, 17, 47, 1294 }, // U+0415
    { 15, 17, 240, 0, 17, 64, 1341 }, // U+0416
    { 13, 17, 240, 1, 17, 56, 1405 }, // U+0417
    { 11, 17, 240, 2, 17, 47, 1461 }, // U+0418
    { 11, 24, 240, 2, 24, 66, 1508 }, // U+0419
    { 12, 17, 240, 2, 17, 51, 1574 }, // U+041A
    { 14, 17, 240, 0, 17, 60, 1625 }, // U+041B
    { 13, 17, 240, 1, 17, 56, 1685 }, // U+041C
    { 11, 17, 240, 2, 17, 47, 1741 }, // U+041D
    { 13, 17, 240, 1, 17, 56, 1788 }, // U+041E
    { 11, 17, 240, 2, 17, 47, 1844 }, // U+041F
    { 12, 17, 240, 2, 17, 51, 1891 }, // U+0420
    { 13, 17, 240, 1, 17, 56, 1942 }, // U+0421
    { 15, 17, 240, 0, 17, 64, 1998 }, // U+0422
    { 14, 17, 240, 1, 17, 60, 2062 }, // U+0423
    { 15, 18, 240, 0, 18, 68, 2122 }, // U+0424
    { 15, 17, 240, 0, 17, 64, 2190 }, // U+0425
    { 13, 21, 240, 2, 17, 69, 2254 }, // U+0426
    { 12, 17, 240, 1, 17, 51, 2323 }, // U+0427
    { 13, 17, 240, 1, 17, 56, 2374 }, // U+0428
    { 14, 21, 240, 1, 17, 74, 2430 }, // U+0429
    { 15, 17, 240, 0, 17, 64, 2504 }, // U+042A
    { 13, 17, 240, 1, 17, 56, 2568 }, // U+042B
    { 12, 17, 240, 2, 17, 51, 2624 }, // U+042C
    { 13, 17, 240, 1, 17, 56, 2675 }, // U+042D
    { 13, 17, 240, 1, 17, 56, 2731 }, // U+042E
    { 13, 17, 240, 0, 17, 56, 2787 }, // U+042F
    { 13, 13, 240, 1, 13, 43, 2843 }, // U+0430
    { 13, 19, 240, 1, 19, 62, 2886 }, // U+0431
    { 12, 13, 240, 2, 13, 39, 2948 }, // U+0432
    { 10, 13, 240, 3, 13, 33, 2987 }, // U+0433
    { 15, 17, 240, 0, 13, 64, 3020 }, // U+0434
    { 13, 13, 240, 1, 13, 43, 3084 }, // U+0435
    { 15, 13, 240, 0, 13, 49, 3127 }, // U+0436
    { 12, 13, 240, 1, 13, 39, 3176 }, // U+0437
    { 11, 13, 240, 2, 13, 36, 3215 }, // U+0438
    { 11, 20, 240, 2, 20, 55, 3251 }, // U+0439
    { 12, 13, 240, 2, 13, 39, 3306 }, // U+043A
    { 13, 13, 240, 0, 13, 43, 3345 }, // U+043B
    { 13, 13, 240, 1, 13, 43, 3388 }, // U+043C
    { 11, 13, 240, 2, 13, 36, 3431 }, // U+043D
    { 13, 13, 240, 1, 13, 43, 3467 }, // U+043E
    { 11, 13, 240, 2, 13, 36, 3510 }, // U+043F
    { 12, 18, 240, 2, 13, 54, 3546 }, // U+0440
    { 11, 13, 240, 2, 13, 36, 3600 }, // U+0441
    { 13, 13, 240, 1, 13, 43, 3636 }, // U+0442
    { 13, 18, 240, 1, 13, 59, 3679 }, // U+0443
    { 13, 22, 240, 1, 17, 72, 3738 }, // U+0444
    { 13, 13, 240, 1, 13, 43, 3810 }, // U+0445
    { 13, 17, 240, 2, 13, 56, 3853 }, // U+0446
    { 11, 13, 240, 2, 13, 36, 3909 }, // U+0447
    { 13, 13, 240, 1, 13, 43, 3945 }, // U+0448
    { 14, 17, 240, 1, 13, 60, 3988 }, // U+0449
    { 14, 13, 240, 0, 13, 46, 4048 }, // U+044A
    { 13, 13, 240, 1, 13, 43, 4094 }, // U+044B
    { 12, 13, 240, 2, 13, 39, 4137 }, // U+044C
    { 11, 13, 240, 2, 13, 36, 4176 }, // U+044D
    { 13, 13, 240, 1, 13, 43, 4212 }, // U+044E
    { 12, 13, 240, 1, 13, 39, 4255 }, // U+044F
    { 13, 20, 240, 1, 20, 65, 4294 }, // U+0450
    { 13, 18, 240, 1, 18, 59, 4359 }, // U+0451
    { 13, 24, 240, 0, 19, 78, 4418 }, // U+0452
    { 10, 20, 240, 3, 20, 50, 4496 }, // U+0453
    { 11, 13, 240, 2, 13, 36, 4546 }, // U+0454
    { 13, 13, 240, 1, 13, 43, 4582 }, // U+0455
    { 12, 19, 240, 2, 19, 57, 4625 }, // U+0456
    { 12, 18, 240, 2, 18, 54, 4682 }, // U+0457
    { 10, 24, 240, 2, 19, 60, 4736 }, // U+0458
    { 15, 13, 240, 0, 13, 49, 4796 }, // U+0459
    { 14, 13, 240, 1, 13, 46, 4845 }, // U+045A
    { 13, 19, 240, 0, 19, 62, 4891 }, // U+045B
    { 12, 20, 240, 2, 20, 60, 4953 }, // U+045C
    { 11, 20, 240, 2, 20, 55, 5013 }, // U+045D
    { 13, 25, 240, 1, 20, 82, 5068 }, // U+045E
    { 11, 17, 240, 2, 13, 47, 5150 }, // U+045F
    { 13, 17, 240, 1, 17, 56, 5197 }, // U+0472
    { 13, 13, 240, 1, 13, 43, 5253 }, // U+0473
    { 11, 21, 240, 3, 21, 58, 5296 }, // U+0490
    { 10, 17, 240, 3, 17, 43, 5354 }, // U+0491
    { 13, 17, 240, 1, 17, 56, 5397 }, // U+0492
    { 13, 13, 240, 1, 13, 43, 5453 }, // U+0493
    { 12, 21, 240, 2, 17, 63, 5496 }, // U+0494
    { 11, 18, 240, 2, 13, 50, 5559 }, // U+0495
    { 17, 21, 240, -1, 17, 90, 5609 }, // U+0496
    { 15, 17, 240, 0, 13, 64, 5699 }, // U+0497
    { 13, 21, 240, 1, 17, 69, 5763 }, // U+0498
    { 12, 16, 240, 1, 13, 48, 5832 }, // U+0499
    { 13, 21, 240, 1, 17, 69, 5880 }, // U+049A
    { 12, 17, 240, 2, 13, 51, 5949 }, // U+049B
    { 14, 17, 240, 1, 17, 60, 6000 }, // U+049C
    { 12, 13, 240, 2, 13, 39, 6060 }, // U+049D
    { 15, 17, 240, 0, 17, 64, 6099 }, // U+04A0
    { 15, 13, 240, 0, 13, 49, 6163 }, // U+04A1
    { 13, 21, 240, 2, 17, 69, 6212 }, // U+04A2
    { 13, 17, 240, 2, 13, 56, 6281 }, // U+04A3
    { 14, 17, 240, 1, 17, 60, 6337 }, // U+04A4
    { 14, 13, 240, 1, 13, 46, 6397 }, // U+04A5
    { 13, 21, 240, 1, 17, 69, 6443 }, // U+04AA
    { 11, 16, 240, 2, 13, 44, 6512 }, // U+04AB
    { 15, 17, 240, 0, 17, 64, 6556 }, // U+04AE
    { 13, 18, 240, 1, 13, 59, 6620 }, // U+04AF
    { 15, 17, 240, 0, 17, 64, 6679 }, // U+04B0
    { 13, 18, 240, 1, 13, 59, 6743 }, // U+04B1
    { 16, 21, 240, 0, 17, 84, 6802 }, // U+04B2
    { 14, 17, 240, 1, 13, 60, 6886 }, // U+04B3
    { 14, 21, 240, 1, 17, 74, 6946 }, // U+04B6
    { 14, 17, 240, 1, 13, 60, 7020 }, // U+04B7
    { 12, 17, 240, 1, 17, 51, 7080 }, // U+04B8
    { 11, 13, 240, 2, 13, 36, 7131 }, // U+04B9
    { 12, 17, 240, 2, 17, 51, 7167 }, // U+04BA
    { 11, 19, 240, 2, 19, 53, 7218 }, // U+04BB
    { 11, 17, 240, 2, 17, 47, 7271 }, // U+04C0
    { 15, 24, 240, 0, 24, 90, 7318 }, // U+04C1
    { 15, 20, 240, 0, 20, 75, 7408 }, // U+04C2
    { 11, 19, 240, 2, 19, 53, 7483 }, // U+04CF
    { 15, 24, 240, 0, 24, 90, 7536 }, // U+04D0
    { 13, 20, 240, 1, 20, 65, 7626 }, // U+04D1
    { 15, 22, 240, 0, 22, 83, 7691 }, // U+04D2
    { 13, 18, 240, 1, 18, 59, 7774 }, // U+04D3
    { 14, 17, 240, 0, 17, 60, 7833 }, // U+04D4
    { 15, 13, 240, 0, 13, 49, 7893 }, // U+04D5
    { 11, 24, 240, 2, 24, 66, 7942 }, // U+04D6
    { 13, 20, 240, 1, 20, 65, 8008 }, // U+04D7
    { 13, 17, 240, 1, 17, 56, 8073 }, // U+04D8
    { 13, 13, 240, 1, 13, 43, 8129 }, // U+04D9
    { 15, 22, 240, 0, 22, 83, 8172 }, // U+04DC
    { 15, 18, 240, 0, 18, 68, 8255 }, // U+04DD
    { 13, 22, 240, 1, 22, 72, 8323 }, // U+04DE
    { 12, 18, 240, 1, 18, 54, 8395 }, // U+04DF
    { 11, 22, 240, 2, 22, 61, 8449 }, // U+04E2
    { 11, 18, 240, 2, 18, 50, 8510 }, // U+04E3
    { 11, 22, 240, 2, 22, 61, 8560 }, // U+04E4
    { 11, 18, 240, 2, 18, 50, 8621 }, // U+04E5
    { 13, 22, 240, 1, 22, 72, 8671 }, // U+04E6
    { 13, 18, 240, 1, 18, 59, 8743 }, // U+04E7
    { 13, 17, 240, 1, 17, 56, 8802 }, // U+04E8
    { 13, 13, 240, 1, 13, 43, 8858 }, // U+04E9
    { 14, 22, 240, 1, 22, 77, 8901 }, // U+04EE
    { 13, 23, 240, 1, 18, 75, 8978 }, // U+04EF
    { 14, 22, 240, 1, 22, 77, 9053 }, // U+04F0
    { 13, 23, 240, 1, 18, 75, 9130 }, // U+04F1
    { 14, 24, 240, 1, 24, 84, 9205 }, // U+04F2
    { 13, 25, 240, 1, 20, 82, 9289 }, // U+04F3
    { 12, 22, 240, 1, 22, 66, 9371 }, // U+04F4
    { 11, 18, 240, 2, 18, 50, 9437 }, // U+04F5
    { 13, 22, 240, 1, 22, 72, 9487 }, // U+04F8
    { 13, 18, 240, 1, 18, 59, 9559 }, // U+04F9
    { 15, 22, 240, 0, 17, 83, 0 }, // U+1EA0
    { 13, 18, 240, 1, 13, 59, 83 }, // U+1EA1
    { 15, 24, 240, 0, 24, 90, 142 }, // U+1EA2
    { 13, 19, 240, 1, 19, 62, 232 }, // U+1EA3
    { 15, 27, 240, 0, 27, 102, 294 }, // U+1EA4
    { 13, 23, 240, 1, 23, 75, 396 }, // U+1EA5
    { 15, 27, 240, 0, 27, 102, 471 }, // U+1EA6
    { 14, 23, 240, 0, 23, 81, 573 }, // U+1EA7
    { 15, 27, 240, 0, 27, 102, 654 }, // U+1EA8
    { 13, 23, 240, 1, 23, 75, 756 }, // U+1EA9
    { 15, 27, 240, 0, 27, 102, 831 }, // U+1EAA
    { 13, 23, 240, 1, 23, 75, 933 }, // U+1EAB
    { 15, 28, 240, 0, 23, 105, 1008 }, // U+1EAC
    { 13, 24, 240, 1, 19, 78, 1113 }, // U+1EAD
    { 15, 27, 240, 0, 27, 102, 1191 }, // U+1EAE
    { 13, 23, 240, 1, 23, 75, 1293 }, // U+1EAF
    { 15, 27, 240, 0, 27, 102, 1368 }, // U+1EB0
    { 13, 23, 240, 1, 23, 75, 1470 }, // U+1EB1
    { 15, 27, 240, 0, 27, 102, 1545 }, // U+1EB2
    { 13, 23, 240, 1, 23, 75, 1647 }, // U+1EB3
    { 15, 27, 240, 0, 27, 102, 1722 }, // U+1EB4
    { 13, 23, 240, 1, 23, 75, 1824 }, // U+1EB5
    { 15, 29, 240, 0, 24, 109, 1899 }, // U+1EB6
    { 13, 25, 240, 1, 20, 82, 2008 }, // U+1EB7
    { 11, 22, 240, 2, 17, 61, 2090 }, // U+1EB8
    { 13, 18, 240, 1, 13, 59, 2151 }, // U+1EB9
    { 11, 24, 240, 2, 24, 66, 2210 }, // U+1EBA
    { 13, 19, 240, 1, 19, 62, 2276 }, // U+1EBB
    { 11, 22, 240, 2, 22, 61, 2338 }, // U+1EBC
    { 13, 18, 240, 1, 18, 59, 2399 }, // U+1EBD
    { 13, 27, 240, 2, 27, 88, 2458 }, // U+1EBE
    { 14, 23, 240, 1, 23, 81, 2546 }, // U+1EBF
    { 12, 27, 240, 1, 27, 81, 2627 }, // U+1EC0
    { 13, 23, 240, 1, 23, 75, 2708 }, // U+1EC1
    { 12, 27, 240, 2, 27, 81, 2783 }, // U+1EC2
    { 13, 23, 240, 1, 23, 75, 2864 }, // U+1EC3
    { 11, 27, 240, 2, 27, 75, 2939 }, // U+1EC4
    { 13, 23, 240, 1, 23, 75, 3014 }, // U+1EC5
    { 11, 28, 240, 2, 23, 77, 3089 }, // U+1EC6
    { 13, 24, 240, 1, 19, 78, 3166 }, // U+1EC7
    { 11, 24, 240, 2, 24, 66, 3244 }, // U+1EC8
    { 12, 19, 240, 2, 19, 57, 3310 }, // U+1EC9
    { 11, 22, 240, 2, 17, 61, 3367 }, // U+1ECA
    { 12, 24, 240, 2, 19, 72, 3428 }, // U+1ECB
    { 13, 22, 240, 1, 17, 72, 3500 }, // U+1ECC
    { 13, 18, 240, 1, 13, 59, 3572 }, // U+1ECD
    { 13, 24, 240, 1, 24, 78, 3631 }, // U+1ECE
    { 13, 19, 240, 1, 19, 62, 3709 }, // U+1ECF
    { 13, 27, 240, 1, 27, 88, 3771 }, // U+1ED0
    { 13, 23, 240, 1, 23, 75, 3859 }, // U+1ED1
    { 13, 27, 240, 1, 27, 88, 3934 }, // U+1ED2
    { 13, 23, 240, 1, 23, 75, 4022 }, // U+1ED3
    { 13, 27, 240, 1, 27, 88, 4097 }, // U+1ED4
    { 13, 23, 240, 1, 23, 75, 4185 }, // U+1ED5
    { 13, 27, 240, 1, 27, 88, 4260 }, // U+1ED6
    { 13, 23, 240, 1, 23, 75, 4348 }, // U+1ED7
    { 13, 28, 240, 1, 23, 91, 4423 }, // U+1ED8
    { 13, 24, 240, 1, 19, 78, 4514 }, // U+1ED9
    { 13, 24, 240, 1, 24, 78, 4592 }, // U+1EDA
    { 13, 20, 240, 1, 20, 65, 4670 }, // U+1EDB
    { 13, 24, 240, 1, 24, 78, 4735 }, // U+1EDC
    { 13, 20, 240, 1, 20, 65, 4813 }, // U+1EDD
    { 13, 24, 240, 1, 24, 78, 4878 }, // U+1EDE
    { 13, 19, 240, 1, 19, 62, 4956 }, // U+1EDF
    { 13, 22, 240, 1, 22, 72, 5018 }, // U+1EE0
    { 13, 18, 240, 1, 18, 59, 5090 }, // U+1EE1
    { 13, 25, 240, 1, 20, 82, 5149 }, // U+1EE2
    { 13, 21, 240, 1, 16, 69, 5231 }, // U+1EE3
    { 11, 22, 240, 2, 17, 61, 5300 }, // U+1EE4
    { 11, 18, 240, 2, 13, 50, 5361 }, // U+1EE5
    { 11, 24, 240, 2, 24, 66, 5411 }, // U+1EE6
    { 11, 19, 240, 2, 19, 53, 5477 }, // U+1EE7
    { 13, 24, 240, 2, 24, 78, 5530 }, // U+1EE8
    { 13, 20, 240, 2, 20, 65, 5608 }, // U+1EE9
    { 13, 24, 240, 2, 24, 78, 5673 }, // U+1EEA
    { 13, 20, 240, 2, 20, 65, 5751 }, // U+1EEB
    { 13, 24, 240, 2, 24, 78, 5816 }, // U+1EEC
    { 13, 19, 240, 2, 19, 62, 5894 }, // U+1EED
    { 13, 22, 240, 2, 22, 72, 5956 }, // U+1EEE
    { 13, 18, 240, 2, 18, 59, 6028 }, // U+1EEF
    { 13, 25, 240, 2, 20, 82, 6087 }, // U+1EF0
    { 13, 21, 240, 2, 16, 69, 6169 }, // U+1EF1
    { 15, 24, 240, 0, 24, 90, 6238 }, // U+1EF2
    { 13, 25, 240, 1, 20, 82, 6328 }, // U+1EF3
    { 15, 22, 240, 0, 17, 83, 6410 }, // U+1EF4
    { 13, 18, 240, 1, 13, 59, 6493 }, // U+1EF5
    { 15, 24, 240, 0, 24, 90, 6552 }, // U+1EF6
    { 13, 24, 240, 1, 19, 78, 6642 }, // U+1EF7
    { 15, 22, 240, 0, 22, 83, 6720 }, // U+1EF8
    { 13, 23, 240, 1, 18, 75, 6803 }, // U+1EF9
    { 13, 2, 240, 1, 9, 7, 0 }, // U+2013
    { 15, 2, 240, 0, 9, 8, 7 }, // U+2014
    { 6, 7, 240, 4, 19, 11, 15 }, // U+2018
    { 6, 7, 240, 5, 19, 11, 26 }, // U+2019
    { 5, 7, 240, 5, 3, 9, 37 }, // U+201A
    { 11, 7, 240, 2, 19, 20, 46 }, // U+201C
    { 12, 7, 240, 2, 19, 21, 66 }, // U+201D
    { 12, 7, 240, 2, 3, 21, 87 }, // U+201E
    { 13, 24, 240, 1, 19, 78, 108 }, // U+2020
    { 13, 24, 240, 1, 19, 78, 186 }, // U+2021
    { 7, 6, 240, 4, 11, 11, 264 }, // U+2022
    { 13, 3, 240, 1, 3, 10, 275 }, // U+2026
    { 15, 17, 240, 0, 17, 64, 285 }, // U+2030
    { 5, 8, 240, 5, 17, 10, 349 }, // U+2032
    { 9, 8, 240, 3, 17, 18, 359 }, // U+2033
    { 7, 11, 240, 4, 12, 20, 377 }, // U+2039
    { 7, 11, 240, 4, 12, 20, 397 }, // U+203A
    { 15, 17, 240, 0, 17, 64, 417 }, // U+2044
    { 9, 9, 240, 3, 17, 21, 0 }, // U+2070
    { 9, 9, 240, 3, 17, 21, 21 }, // U+2074
    { 7, 9, 240, 4, 17, 16, 42 }, // U+2075
    { 8, 9, 240, 4, 17, 18, 58 }, // U+2076
    { 7, 9, 240, 4, 17, 16, 76 }, // U+2077
    { 9, 9, 240, 3, 17, 21, 92 }, // U+2078
    { 8, 9, 240, 3, 17, 18, 113 }, // U+2079
    { 9, 9, 240, 3, 9, 21, 131 }, // U+2080
    { 9, 9, 240, 3, 9, 21, 152 }, // U+2081
    { 7, 9, 240, 4, 9, 16, 173 }, // U+2082
    { 8, 9, 240, 3, 9, 18, 189 }, // U+2083
    { 9, 9, 240, 3, 9, 21, 207 }, // U+2084
    { 7, 9, 240, 4, 9, 16, 228 }, // U+2085
    { 8, 9, 240, 4, 9, 18, 244 }, // U+2086
    { 7, 9, 240, 4, 9, 16, 262 }, // U+2087
    { 9, 9, 240, 3, 9, 21, 278 }, // U+2088
    { 8, 9, 240, 3, 9, 18, 299 }, // U+2089
    { 13, 23, 240, 1, 20, 75, 0 }, // U+20A1
    { 13, 17, 240, 1, 17, 56, 75 }, // U+20A4
    { 15, 17, 240, 0, 17, 64, 131 }, // U+20A6
    { 14, 17, 240, 1, 17, 60, 195 }, // U+20A8
    { 15, 17, 240, 0, 17, 64, 255 }, // U+20A9
    { 13, 17, 240, 1, 17, 56, 319 }, // U+20AA
    { 12, 19, 240, 2, 19, 57, 375 }, // U+20AB
    { 13, 17, 240, 1, 17, 56, 432 }, // U+20AC
    { 15, 17, 240, 0, 17, 64, 488 }, // U+20AD
    { 15, 17, 240, 0, 17, 64, 552 }, // U+20AE
    { 15, 17, 240, 0, 17, 64, 616 }, // U+20B1
    { 13, 23, 240, 1, 20, 75, 680 }, // U+20B2
    { 15, 17, 240, 0, 17, 64, 755 }, // U+20B4
    { 13, 23, 240, 1, 20, 75, 819 }, // U+20B5
    { 13, 17, 240, 1, 17, 56, 894 }, // U+20B8
    { 13, 17, 240, 1, 17, 56, 950 }, // U+20B9
    { 13, 17, 240, 1, 17, 56, 1006 }, // U+20BA
    { 13, 17, 240, 1, 17, 56, 1062 }, // U+20BD
    { 12, 23, 240, 2, 20, 69, 1118 }, // U+20BF
    { 15, 12, 240, 0, 15, 45, 0 }, // U+2190
    { 11, 17, 240, 2, 17, 47, 45 }, // U+2191
    { 15, 12, 240, 0, 15, 45, 92 }, // U+2192
    { 11, 17, 240, 2, 17, 47, 137 }, // U+2193
    { 15, 12, 240, 0, 15, 45, 184 }, // U+2194
    { 11, 17, 240, 2, 17, 47, 229 }, // U+2195
    { 14, 14, 240, 1, 16, 49, 276 }, // U+2196
    { 14, 14, 240, 0, 16, 49, 325 }, // U+2197
    { 14, 14, 240, 0, 16, 49, 374 }, // U+2198
    { 14, 14, 240, 1, 16, 49, 423 }, // U+2199
    { 15, 15, 240, 0, 16, 57, 472 }, // U+21A9
    { 15, 15, 240, 0, 16, 57, 529 }, // U+21AA
    { 12, 18, 240, 1, 18, 54, 586 }, // U+21B0
    { 12, 18, 240, 2, 18, 54, 640 }, // U+21B1
    { 12, 18, 240, 1, 17, 54, 694 }, // U+21B2
    { 12, 18, 240, 2, 17, 54, 748 }, // U+21B3
    { 15, 16, 240, 0, 17, 60, 802 }, // U+21B6
    { 15, 16, 240, 0, 17, 60, 862 }, // U+21B7
    { 15, 17, 240, 0, 17, 64, 922 }, // U+21BA
    { 15, 17, 240, 0, 17, 64, 986 }, // U+21BB
    { 15, 20, 240, 0, 19, 75, 1050 }, // U+21C4
    { 15, 20, 240, 0, 19, 75, 1125 }, // U+21C6
    { 13, 17, 240, 1, 17, 56, 0 }, // U+2202
    { 13, 17, 240, 1, 17, 56, 56 }, // U+2206
    { 13, 17, 240, 1, 17, 56, 112 }, // U+220F
    { 13, 22, 240, 1, 17, 72, 168 }, // U+2211
    { 13, 2, 240, 1, 9, 7, 240 }, // U+2212
    { 15, 17, 240, 0, 17, 64, 247 }, // U+2215
    { 15, 17, 240, 0, 17, 64, 311 }, // U+221A
    { 15, 9, 240, 0, 12, 34, 375 }, // U+221E
    { 14, 24, 240, 0, 19, 84, 409 }, // U+222B
    { 13, 10, 240, 1, 13, 33, 493 }, // U+2248
    { 13, 13, 240, 1, 14, 43, 526 }, // U+2260
    { 11, 15, 240, 2, 15, 42, 569 }, // U+2264
    { 11, 15, 240, 2, 15, 42, 611 }, // U+2265
    { 14, 19, 240, 0, 19, 67, 0 }, // U+FB01
    { 13, 19, 240, 0, 19, 62, 67 }, // U+FB02
};

static const EpdUnicodeInterval terminalmono_12_regularIntervals[] = {
    { 0x0, 0x0, 0x0 },
    { 0xD, 0xD, 0x1 },
    { 0x20, 0x7E, 0x2 },
    { 0xA0, 0x17F, 0x61 },
    { 0x1A0, 0x1A1, 0x141 },
    { 0x1AF, 0x1B0, 0x143 },
    { 0x1CD, 0x1DC, 0x145 },
    { 0x1FA, 0x1FF, 0x155 },
    { 0x218, 0x21B, 0x15B },
    { 0x300, 0x304, 0x15F },
    { 0x306, 0x30C, 0x164 },
    { 0x312, 0x312, 0x16B },
    { 0x315, 0x315, 0x16C },
    { 0x31B, 0x31B, 0x16D },
    { 0x323, 0x323, 0x16E },
    { 0x326, 0x328, 0x16F },
    { 0x400, 0x45F, 0x172 },
    { 0x472, 0x473, 0x1D2 },
    { 0x490, 0x49D, 0x1D4 },
    { 0x4A0, 0x4A5, 0x1E2 },
    { 0x4AA, 0x4AB, 0x1E8 },
    { 0x4AE, 0x4B3, 0x1EA },
    { 0x4B6, 0x4BB, 0x1F0 },
    { 0x4C0, 0x4C2, 0x1F6 },
    { 0x4CF, 0x4D9, 0x1F9 },
    { 0x4DC, 0x4DF, 0x204 },
    { 0x4E2, 0x4E9, 0x208 },
    { 0x4EE, 0x4F5, 0x210 },
    { 0x4F8, 0x4F9, 0x218 },
    { 0x1EA0, 0x1EF9, 0x21A },
    { 0x2013, 0x2014, 0x274 },
    { 0x2018, 0x201A, 0x276 },
    { 0x201C, 0x201E, 0x279 },
    { 0x2020, 0x2022, 0x27C },
    { 0x2026, 0x2026, 0x27F },
    { 0x2030, 0x2030, 0x280 },
    { 0x2032, 0x2033, 0x281 },
    { 0x2039, 0x203A, 0x283 },
    { 0x2044, 0x2044, 0x285 },
    { 0x2070, 0x2070, 0x286 },
    { 0x2074, 0x2079, 0x287 },
    { 0x2080, 0x2089, 0x28D },
    { 0x20A1, 0x20A1, 0x297 },
    { 0x20A4, 0x20A4, 0x298 },
    { 0x20A6, 0x20A6, 0x299 },
    { 0x20A8, 0x20AE, 0x29A },
    { 0x20B1, 0x20B2, 0x2A1 },
    { 0x20B4, 0x20B5, 0x2A3 },
    { 0x20B8, 0x20BA, 0x2A5 },
    { 0x20BD, 0x20BD, 0x2A8 },
    { 0x20BF, 0x20BF, 0x2A9 },
    { 0x2190, 0x2199, 0x2AA },
    { 0x21A9, 0x21AA, 0x2B4 },
    { 0x21B0, 0x21B3, 0x2B6 },
    { 0x21B6, 0x21B7, 0x2BA },
    { 0x21BA, 0x21BB, 0x2BC },
    { 0x21C4, 0x21C4, 0x2BE },
    { 0x21C6, 0x21C6, 0x2BF },
    { 0x2202, 0x2202, 0x2C0 },
    { 0x2206, 0x2206, 0x2C1 },
    { 0x220F, 0x220F, 0x2C2 },
    { 0x2211, 0x2212, 0x2C3 },
    { 0x2215, 0x2215, 0x2C5 },
    { 0x221A, 0x221A, 0x2C6 },
    { 0x221E, 0x221E, 0x2C7 },
    { 0x222B, 0x222B, 0x2C8 },
    { 0x2248, 0x2248, 0x2C9 },
    { 0x2260, 0x2260, 0x2CA },
    { 0x2264, 0x2265, 0x2CB },
    { 0xFB01, 0xFB02, 0x2CD },
};

static const EpdFontGroup terminalmono_12_regularGroups[] = {
    { 0, 2051, 5040, 97, 0 },
    { 2051, 1743, 5939, 96, 97 },
    { 3794, 2259, 9525, 128, 193 },
    { 6053, 796, 2426, 30, 321 },
    { 6849, 157, 164, 19, 351 },
    { 7006, 2977, 10823, 168, 370 },
    { 9983, 1270, 7999, 90, 538 },
    { 11253, 256, 557, 18, 628 },
    { 11509, 170, 369, 17, 646 },
    { 11679, 683, 1354, 19, 663 },
    { 12362, 538, 1281, 22, 682 },
    { 12900, 327, 750, 13, 704 },
    { 13227, 44, 152, 2, 717 },
};

static const EpdFontData terminalmono_12_regular = {
    terminalmono_12_regularBitmaps,
    terminalmono_12_regularGlyphs,
    terminalmono_12_regularIntervals,
    70,
    33,
    26,
    -7,
    true,
    terminalmono_12_regularGroups,
    13,
    nullptr,
    nullptr,
    nullptr,
    nullptr,
    nullptr,
    nullptr,
    nullptr,
    nullptr,
    nullptr,
    nullptr,
    nullptr,
    0,
    0,
    0,
    0,
    nullptr,
    0,
};
