/**
 * generated by fontconvert.py
 * name: terminalmono_10_regular
 * size: 10
 * mode: 2-bit  compressed: true
 * Command used: fontconvert.py terminalmono_10_regular 10 ../builtinFonts/source/IBMPlexMono/IBMPlexMono-Regular.ttf --2bit --compress --zopfli
 */
#pragma once
#include "EpdFontData.h"

static const uint8_t terminalmono_10_regularBitmaps[10475] = {
    0x9D, 0x96, 0x47, 0x90, 0xE5, 0x46, 0x19, 0x80, 0x3F, 0x49, 0xD4, 0x08, 0x2C, 0x3F, 0x69, 0x09,
    0x37, 0xCF, 0xBC, 0x19, 0x72, 0xD2, 0xDB, 0xF8, 0x5C, 0xD5, 0xC6, 0x9A, 0x79, 0x22, 0x67, 0xB8,
    0x17, 0x19, 0xEE, 0x85, 0x0E, 0x82, 0x75, 0x7E, 0xAA, 0xE2, 0x4A, 0xBA, 0x93, 0xE1, 0x5E, 0xD5,
    0x06, 0xE7, 0xA8, 0x5D, 0xDF, 0x88, 0x62, 0x7D, 0x21, 0xD3, 0xE4, 0x0C, 0x4D, 0x79, 0x83, 0x5C,
    0x35, 0xF3, 0xC4, 0xAF, 0xD6, 0xC4, 0x8D, 0x53, 0xB4, 0x3E, 0x85, 0x3F, 0x74, 0xEE, 0xFE, 0xD5,
    0x69, 0x9F, 0x96, 0x97, 0x6F, 0x7E, 0x21, 0xB0, 0x31, 0xDB, 0x28, 0xF5, 0xCE, 0x55, 0x68, 0xA6,
    0x05, 0xC8, 0x0B, 0xDD, 0xDF, 0x06, 0x8C, 0x61, 0xD6, 0x74, 0x39, 0x3F, 0xAD, 0xF1, 0xCE, 0xD6,
    0xF8, 0x72, 0x3F, 0xFD, 0xCC, 0x82, 0xE0, 0x73, 0x39, 0xC1, 0x5B, 0x73, 0xC2, 0x77, 0x42, 0x18,
    0x41, 0x24, 0x37, 0xC7, 0x7B, 0x96, 0xBA, 0x6A, 0x72, 0xC2, 0xAA, 0xE3, 0x6B, 0xE5, 0x71, 0x84,
    0xEC, 0x38, 0xAB, 0x1A, 0xBF, 0xCB, 0xB9, 0xD5, 0x72, 0xBC, 0xE4, 0xB8, 0x12, 0x8A, 0xE3, 0x0F,
    0xDC, 0x7B, 0xAB, 0x89, 0x16, 0xF9, 0x90, 0x65, 0xB5, 0x89, 0xA4, 0xDE, 0x11, 0x85, 0x4A, 0xD1,
    0x6A, 0x2A, 0x6F, 0x2D, 0x72, 0x23, 0xFA, 0x1C, 0x97, 0xDE, 0xD2, 0xE2, 0xFF, 0x20, 0x26, 0x78,
    0x7F, 0x48, 0x32, 0x0A, 0x59, 0x96, 0x5B, 0x45, 0x31, 0x85, 0xDF, 0xE2, 0x2D, 0x20, 0x7C, 0x6B,
    0x4D, 0x0C, 0xBB, 0x77, 0x04, 0x04, 0x35, 0x44, 0x66, 0x46, 0x3A, 0x3D, 0x8E, 0x5A, 0x2E, 0x28,
    0x23, 0xB9, 0x03, 0x83, 0xF2, 0x2D, 0x93, 0xA5, 0x8C, 0xB0, 0x1D, 0xA3, 0xFB, 0x54, 0x60, 0x83,
    0x3A, 0x62, 0x44, 0x8A, 0xD4, 0x8C, 0xDE, 0xBD, 0x0A, 0x91, 0x53, 0xD1, 0x47, 0x04, 0x15, 0xB6,
    0x94, 0xAF, 0x10, 0xBF, 0xA6, 0xC1, 0x38, 0x63, 0x41, 0xE9, 0x9E, 0x1A, 0x43, 0xE3, 0xD7, 0xA1,
    0xD8, 0xEF, 0x80, 0xE5, 0x6D, 0x5E, 0xB5, 0xFC, 0xA2, 0xD9, 0x62, 0xCB, 0xEB, 0xBE, 0xCC, 0x1C,
    0x9E, 0xAB, 0x82, 0x33, 0x4D, 0x98, 0x6B, 0x80, 0x23, 0xA0, 0xF7, 0x78, 0xBA, 0x3B, 0xBF, 0x5F,
    0x14, 0xEB, 0x31, 0x36, 0xC8, 0xB8, 0x83, 0x12, 0x4D, 0x77, 0x5E, 0x66, 0x07, 0x0C, 0x5E, 0x4D,
    0x50, 0x11, 0xE4, 0x44, 0x10, 0xBB, 0x1A, 0x52, 0x98, 0x42, 0x01, 0x06, 0x1A, 0x7C, 0x67, 0x0F,
    0x9D, 0x71, 0xE4, 0x8C, 0x0A, 0xFC, 0x2D, 0xE2, 0xB0, 0xCE, 0x68, 0x4A, 0xB4, 0xEE, 0x29, 0xED,
    0x79, 0x07, 0xA5, 0xEE, 0xD1, 0xA2, 0x17, 0xAB, 0xF8, 0xF8, 0x0B, 0xFC, 0x4D, 0xA2, 0x7B, 0x98,
    0x64, 0x3C, 0x90, 0xC1, 0x75, 0x99, 0x75, 0x6D, 0xB4, 0xC5, 0x7A, 0x58, 0x95, 0x7E, 0x73, 0x04,
    0x83, 0xE0, 0xB9, 0x16, 0x84, 0x39, 0x31, 0x28, 0x3C, 0x43, 0x58, 0x71, 0x14, 0xEE, 0xA1, 0xEF,
    0xDF, 0xE0, 0xBC, 0xE6, 0x37, 0x78, 0x3B, 0x9E, 0x51, 0x1E, 0x6C, 0xD1, 0x3B, 0x89, 0x88, 0x15,
    0x3E, 0xEE, 0x99, 0x47, 0xC2, 0xFA, 0x16, 0x51, 0x06, 0x86, 0xC4, 0xB0, 0x62, 0x50, 0x06, 0x6D,
    0xBC, 0xC6, 0x04, 0xB5, 0x89, 0x72, 0x13, 0x63, 0x52, 0x8C, 0xC2, 0xCC, 0xBB, 0x0E, 0xCC, 0xC0,
    0x6A, 0x27, 0x4A, 0x06, 0x94, 0xE3, 0xB6, 0x85, 0xD4, 0x55, 0x83, 0x75, 0x68, 0xB0, 0x6B, 0x18,
    0xD1, 0x44, 0x0B, 0x58, 0x07, 0x4B, 0x50, 0x93, 0xC0, 0x18, 0x32, 0xE7, 0x7C, 0x57, 0xD0, 0x3C,
    0x82, 0x7D, 0x00, 0x3D, 0x8C, 0x86, 0xC2, 0x8C, 0x03, 0x19, 0x0D, 0x69, 0xB6, 0xD5, 0x58, 0xED,
    0x59, 0xED, 0x37, 0x7D, 0x9E, 0xB0, 0xDA, 0xCE, 0x96, 0xBA, 0x9C, 0x0F, 0x80, 0xC5, 0x33, 0x3B,
    0xC3, 0xBE, 0xE0, 0x68, 0x50, 0x2B, 0x6C, 0xE9, 0x18, 0x0A, 0x09, 0x3B, 0x26, 0x7E, 0x3F, 0xF2,
    0x96, 0x52, 0x90, 0x2A, 0xD6, 0xFD, 0x26, 0x5C, 0xE4, 0x4B, 0x0B, 0xC4, 0x2A, 0x3E, 0x43, 0xA5,
    0xF2, 0xBC, 0x03, 0x7B, 0xD4, 0xB7, 0x61, 0x6B, 0xF1, 0x5C, 0x5D, 0x51, 0xCE, 0x51, 0xB8, 0x03,
    0xDF, 0xE0, 0x66, 0x1F, 0xFA, 0xF7, 0x06, 0x33, 0x9C, 0x30, 0xA4, 0x03, 0xCB, 0x04, 0xD6, 0x7A,
    0xEF, 0x63, 0xB9, 0xD7, 0x92, 0x54, 0xAC, 0x23, 0xF4, 0x1F, 0x22, 0x8A, 0x12, 0xDF, 0xC2, 0xC7,
    0x65, 0x22, 0xD8, 0x49, 0xF2, 0xBD, 0xE6, 0x7C, 0xA2, 0xC6, 0xF9, 0xAC, 0x56, 0xBD, 0x8F, 0x67,
    0xFB, 0x8F, 0x56, 0x94, 0xBD, 0x69, 0x0D, 0xD7, 0xAF, 0xB0, 0x56, 0x5E, 0x03, 0xA6, 0xC7, 0x6F,
    0xF8, 0x74, 0xC5, 0xF3, 0xDB, 0xD2, 0x90, 0x3C, 0x8B, 0x7F, 0xDE, 0x3D, 0x17, 0xC4, 0x41, 0xFD,
    0x3A, 0xCC, 0x14, 0x5D, 0x6C, 0x68, 0x6D, 0xAC, 0x6E, 0xF4, 0xFD, 0x75, 0xB1, 0x8B, 0x68, 0x8A,
    0xB9, 0x9E, 0x42, 0x0A, 0x31, 0xF8, 0x5D, 0xC5, 0x06, 0xCC, 0xE1, 0x61, 0xF8, 0x43, 0xC5, 0xB3,
    0xB5, 0x44, 0x16, 0xD9, 0x25, 0x41, 0x65, 0xC2, 0x5C, 0x47, 0xDD, 0xF9, 0x18, 0xB5, 0x42, 0x96,
    0x92, 0x66, 0x8C, 0x15, 0xC9, 0x6C, 0x81, 0x72, 0xE3, 0xA6, 0xB0, 0x0E, 0x23, 0xE2, 0xAC, 0x43,
    0x9A, 0xA7, 0xD0, 0x8A, 0xD2, 0xA1, 0x45, 0x9C, 0x75, 0xB9, 0x44, 0x9B, 0xE4, 0x2D, 0x26, 0x45,
    0x67, 0xA0, 0xA0, 0x74, 0x3C, 0xB0, 0xF3, 0xA1, 0x20, 0x03, 0xB1, 0x8A, 0x8F, 0x78, 0x76, 0xE7,
    0xB1, 0x63, 0x6C, 0x98, 0xDB, 0xA0, 0xB6, 0x7E, 0x6D, 0xBD, 0xE6, 0x00, 0xA2, 0x11, 0xBD, 0x58,
    0xC7, 0x88, 0xE7, 0xAC, 0xB3, 0x0A, 0x0E, 0x22, 0x4A, 0x73, 0x35, 0xA5, 0x3D, 0xBC, 0xB3, 0xE0,
    0x2F, 0xF2, 0x38, 0x68, 0x32, 0x4C, 0x09, 0xDA, 0x61, 0x07, 0x66, 0x56, 0x6F, 0xAF, 0x4F, 0x9B,
    0x61, 0xC7, 0xA1, 0x0D, 0xDB, 0xFE, 0xFB, 0x4A, 0xE6, 0x9D, 0xBD, 0xAA, 0x5E, 0x9A, 0x81, 0xE6,
    0x30, 0x88, 0x67, 0xD2, 0xD5, 0xF8, 0xD7, 0x25, 0xA8, 0xCB, 0xA0, 0x5E, 0x8F, 0x88, 0x5A, 0x14,
    0x8F, 0x28, 0xCF, 0xF4, 0xF3, 0x92, 0xA0, 0xD6, 0x51, 0x8F, 0x70, 0x9B, 0xE5, 0xF6, 0x96, 0x59,
    0x46, 0x26, 0x9A, 0x28, 0xEF, 0x4D, 0xDE, 0x30, 0x65, 0x59, 0x09, 0x87, 0x64, 0xDE, 0xD5, 0x4F,
    0x60, 0x9F, 0xF0, 0xED, 0x53, 0x81, 0x7D, 0x3C, 0xD4, 0xDF, 0x7B, 0x4F, 0xF1, 0xDD, 0x2F, 0x14,
    0xF7, 0xFF, 0xAA, 0xD0, 0x6D, 0xA1, 0x75, 0xA1, 0x8B, 0x42, 0x1F, 0x29, 0x34, 0x7B, 0xDC, 0x8B,
    0x9E, 0x3B, 0x4E, 0x57, 0xFA, 0xB3, 0xB5, 0xFE, 0x4C, 0xA3, 0x4B, 0xA3, 0x4B, 0xAD, 0x4B, 0xA5,
    0xCB, 0x54, 0x97, 0x2B, 0xBA, 0x8C, 0x75, 0x19, 0xD9, 0x32, 0xE8, 0xD9, 0x17, 0x15, 0x87, 0x81,
    0x7D, 0xC0, 0x52, 0x0E, 0xC8, 0xF7, 0x30, 0xCE, 0xBB, 0x51, 0x51, 0xD6, 0x92, 0xB4, 0xFF, 0xE0,
    0x02, 0x33, 0xB3, 0xAE, 0xBA, 0xEA, 0x0C, 0x1E, 0xB2, 0xE4, 0xB1, 0x2B, 0x19, 0x0D, 0x05, 0x1C,
    0x6B, 0xAE, 0x5E, 0x85, 0x28, 0x33, 0xD4, 0x18, 0x15, 0xA1, 0x82, 0x4A, 0xF9, 0xC3, 0xCA, 0x7F,
    0xC0, 0xEB, 0x4C, 0x94, 0x3F, 0x31, 0xE6, 0x65, 0x13, 0x58, 0x81, 0x18, 0xC2, 0x06, 0x9E, 0x96,
    0xFB, 0x11, 0x48, 0x9D, 0x6E, 0x92, 0x92, 0x1D, 0xCB, 0x1F, 0xF0, 0xBB, 0xCA, 0x85, 0xCA, 0x94,
    0xFF, 0xEB, 0x2E, 0xB1, 0xD7, 0x61, 0xEA, 0x36, 0x60, 0x46, 0xD3, 0x07, 0xBA, 0x05, 0x19, 0x71,
    0xC6, 0xCA, 0x84, 0x34, 0x1E, 0xA6, 0x9D, 0xB2, 0xDF, 0x4C, 0x95, 0x91, 0xED, 0xDC, 0x1F, 0x19,
    0xFE, 0x50, 0xF3, 0x5C, 0xC5, 0xE3, 0x30, 0x87, 0x0D, 0xA6, 0x44, 0x53, 0x62, 0x41, 0x09, 0xEB,
    0xB1, 0xDA, 0x18, 0x65, 0xB7, 0x8F, 0xD2, 0xD3, 0xA3, 0xF4, 0x3B, 0x1F, 0x4E, 0xFF, 0xF0, 0xE1,
    0xE5, 0x73, 0x5F, 0x5D, 0x39, 0xFB, 0xAB, 0xF1, 0x99, 0x7F, 0x26, 0xD5, 0x66, 0x52, 0xB5, 0x19,
    0x63, 0xB9, 0x32, 0xA2, 0xFC, 0x01, 0x82, 0xDA, 0xE2, 0x9D, 0xAB, 0xE1, 0x52, 0x05, 0x33, 0x60,
    0x03, 0x57, 0x64, 0x5F, 0xB8, 0x7F, 0xAE, 0x21, 0xAC, 0x2C, 0x09, 0x77, 0x30, 0x21, 0x23, 0x73,
    0x5F, 0x09, 0x99, 0x48, 0x89, 0xCB, 0xAF, 0x09, 0xCE, 0x18, 0xBC, 0x67, 0xFB, 0xFC, 0xF9, 0x90,
    0x6F, 0x72, 0xED, 0xEE, 0x4B, 0xFC, 0x07, 0x8B, 0xDF, 0xB8, 0xC8, 0xEF, 0x5C, 0xD5, 0xA0, 0x38,
    0xF0, 0x07, 0xD1, 0xD0, 0x75, 0xED, 0xBC, 0x2D, 0xB8, 0xD1, 0x35, 0x6F, 0x15, 0xA4, 0x30, 0x1A,
    0x26, 0x0D, 0x82, 0x0A, 0xBF, 0x86, 0x21, 0xB6, 0x16, 0x30, 0x04, 0xC6, 0x65, 0x67, 0x8E, 0x20,
    0xC8, 0x7B, 0x0F, 0xAF, 0x06, 0xD3, 0x59, 0xF4, 0x8D, 0x2E, 0xF1, 0x19, 0x82, 0xE9, 0x1F, 0xAA,
    0x3E, 0x8C, 0x56, 0x26, 0xA2, 0x1C, 0x91, 0x65, 0xAC, 0x1C, 0xE1, 0x05, 0x2E, 0xF4, 0xBF, 0x8E,
    0x94, 0x98, 0x80, 0xE8, 0x79, 0xB2, 0x28, 0x3F, 0x12, 0x6C, 0xEF, 0xE6, 0xA8, 0xAB, 0x33, 0xBF,
    0xD6, 0x42, 0x50, 0xAB, 0x9B, 0xEA, 0xC8, 0xB6, 0x06, 0xF6, 0xF3, 0xFB, 0x4D, 0xDA, 0x04, 0x1B,
    0xD4, 0xC6, 0xAF, 0x8D, 0xD7, 0x6C, 0xE3, 0x82, 0xA2, 0xE8, 0xC5, 0x2A, 0x71, 0x2B, 0xF1, 0x9B,
    0x94, 0xCB, 0xF7, 0x44, 0xCA, 0x97, 0x93, 0xB7, 0x34, 0x12, 0x5F, 0xC1, 0xEC, 0x27, 0x6C, 0xCD,
    0xD1, 0x25, 0xA3, 0x3C, 0xA3, 0x39, 0x80, 0x68, 0x44, 0x2F, 0x56, 0x7F, 0x31, 0x6C, 0x23, 0x33,
    0x6C, 0x23, 0xF7, 0x2B, 0x1E, 0xC2, 0xF6, 0x97, 0x63, 0xBF, 0x11, 0x2B, 0xC7, 0xCE, 0x53, 0x80,
    0xDE, 0x66, 0x3E, 0x1C, 0xA1, 0xAE, 0x8E, 0x58, 0x2D, 0x5E, 0x2B, 0xCD, 0xE8, 0xCB, 0xF4, 0x1A,
    0x47, 0x3D, 0x0E, 0xAB, 0x70, 0x8B, 0x9B, 0x21, 0x85, 0xD5, 0xAE, 0x79, 0x19, 0x65, 0x81, 0xD2,
    0xA8, 0x3B, 0xD0, 0xB7, 0x74, 0xD5, 0xE5, 0x23, 0xD0, 0xBA, 0x11, 0x08, 0x73, 0x13, 0x54, 0x57,
    0x05, 0x8B, 0xB0, 0x9B, 0x3A, 0x0B, 0xD7, 0xA6, 0xEB, 0x1A, 0x92, 0xBC, 0x67, 0x27, 0xCD, 0x3A,
    0x88, 0x0E, 0xC5, 0x6C, 0xEB, 0x8A, 0xF2, 0x82, 0xDA, 0x26, 0xD8, 0x7B, 0xF8, 0xAF, 0xE5, 0x52,
    0xC3, 0xC2, 0x72, 0xFE, 0x0E, 0xEC, 0x04, 0x9B, 0x38, 0x93, 0x67, 0xE6, 0x16, 0xF4, 0x61, 0x91,
    0xB1, 0xFA, 0xCB, 0x33, 0xC6, 0xFC, 0x51, 0x1B, 0x3D, 0x35, 0xC5, 0xD5, 0xB9, 0xE1, 0x68, 0xF8,
    0x0B, 0x24, 0xC2, 0x29, 0xCC, 0xCE, 0xA9, 0x73, 0xEF, 0x6C, 0xE5, 0x22, 0xDF, 0x8D, 0x57, 0x94,
    0x61, 0x8F, 0x1B, 0xAE, 0x16, 0xD8, 0x63, 0x7E, 0xAE, 0xE5, 0xE7, 0x3B, 0x52, 0x73, 0x39, 0xF3,
    0xCE, 0x2C, 0x2D, 0xF2, 0x15, 0xBF, 0xC9, 0xC8, 0x33, 0x18, 0xE7, 0x2C, 0x75, 0x39, 0xBE, 0x01,
    0xBD, 0x86, 0x1D, 0x4E, 0x67, 0x07, 0x7F, 0x86, 0x9B, 0x68, 0xAE, 0x8A, 0x8B, 0xDC, 0x9B, 0x0A,
    0x73, 0x55, 0x32, 0xCF, 0x8C, 0x5D, 0xDB, 0x0A, 0xF4, 0x10, 0x26, 0x97, 0xFD, 0x3A, 0x0E, 0xAA,
    0x28, 0xCC, 0xC3, 0x88, 0xE0, 0x8B, 0xF8, 0xBF, 0xC6, 0xDB, 0x84, 0x96, 0x62, 0x12, 0x4D, 0x37,
    0x6E, 0x9A, 0xBE, 0x29, 0x56, 0xA7, 0x47, 0xAF, 0xFB, 0x94, 0x84, 0xC0, 0xF7, 0x2D, 0x9F, 0xFB,
    0xF0, 0xCD, 0x67, 0xBF, 0x3A, 0x3A, 0xF3, 0xD7, 0xB8, 0xFE, 0x6B, 0x52, 0xB9, 0xC9, 0xF4, 0xEB,
    0x24, 0xCC, 0x83, 0x1F, 0xBB, 0x2C, 0xE7, 0xFB, 0x67, 0xF0, 0x25, 0x92, 0xB0, 0x9A, 0xF8, 0x8D,
    0x58, 0x35, 0x65, 0x89, 0xDD, 0x57, 0x05, 0xC1, 0x07, 0x09, 0x7E, 0xB4, 0x5D, 0x3E, 0x1A, 0x2C,
    0xB8, 0x33, 0xF7, 0xDC, 0x1D, 0x3D, 0xF6, 0x42, 0x5A, 0x06, 0x76, 0xBF, 0x24, 0x56, 0x2B, 0xDB,
    0x24, 0xC8, 0xD9, 0xA6, 0xC6, 0x33, 0x3B, 0x9D, 0x35, 0x74, 0xD5, 0x4E, 0xA4, 0xD2, 0xA2, 0xEF,
    0xAD, 0xBB, 0x9E, 0x92, 0xAB, 0xB8, 0x32, 0x75, 0x35, 0x98, 0x81, 0xED, 0x83, 0x6D, 0x38, 0x44,
    0xB6, 0x0A, 0xA4, 0x9A, 0x8A, 0x08, 0x42, 0x5C, 0x35, 0xCD, 0x9E, 0xA7, 0xE4, 0x5A, 0xAD, 0xA6,
    0x53, 0x73, 0x5C, 0xAB, 0x6F, 0x7E, 0x39, 0xA9, 0xFE, 0x07, 0x9D, 0x97, 0x01, 0x84, 0x64, 0xC9,
    0x1D, 0xC6, 0x7F, 0xAF, 0xEA, 0xEC, 0xBB, 0xBD, 0x37, 0xDD, 0x6F, 0x91, 0xB0, 0xA4, 0x7B, 0x7A,
    0x70, 0x58, 0xD4, 0x98, 0x95, 0x6B, 0x3C, 0xF2, 0x76, 0xF7, 0xE5, 0x90, 0xC3, 0xB8, 0x2C, 0x00,
    0x10, 0x23, 0x41, 0x40, 0x5C, 0x27, 0x5E, 0x92, 0x85, 0xDB, 0x79, 0x97, 0x20, 0x00, 0x23, 0x00,
    0x84, 0x21, 0x08, 0x04, 0x85, 0xE1, 0x90, 0x8B, 0xAE, 0xBD, 0xC3, 0x82, 0xE3, 0xED, 0x2E, 0x02,
    0x44, 0x65, 0x37, 0x00, 0x89, 0xC2, 0x90, 0x5E, 0xD7, 0x33, 0x2F, 0xFF, 0x97, 0xA7, 0xB3, 0x7D,
    0xE9, 0xD9, 0x74, 0xF7, 0xD6, 0x7C, 0x55, 0xFE, 0xEF, 0xAB, 0xEF, 0xEB, 0xAE, 0xAA, 0xAE, 0xAA,
    0xFF, 0x9B, 0xBB, 0xF7, 0xEE, 0x02, 0x6F, 0xEF, 0x0C, 0x06, 0xA6, 0x2D, 0x03, 0x6E, 0x23, 0x50,
    0x4D, 0x91, 0xFE, 0xAC, 0x36, 0xB7, 0x8B, 0xEC, 0x36, 0xCB, 0x10, 0x26, 0xFD, 0xA9, 0x97, 0xDE,
    0x4E, 0x16, 0x35, 0x55, 0xF2, 0xDD, 0x30, 0x64, 0x2F, 0x87, 0x0E, 0x06, 0x86, 0xD0, 0x5C, 0x92,
    0xD2, 0xA2, 0x0F, 0x77, 0xE0, 0x01, 0x1C, 0x37, 0xE7, 0xB4, 0x8E, 0xD3, 0x1C, 0xBF, 0xDB, 0xB8,
    0x34, 0xAE, 0x8C, 0x72, 0x79, 0x54, 0xCB, 0xA3, 0x40, 0x02, 0x79, 0x14, 0x52, 0xBA, 0xE4, 0x51,
    0x64, 0xB4, 0xAE, 0x94, 0x9C, 0x21, 0x43, 0x69, 0x53, 0x79, 0x4A, 0x0A, 0x8B, 0x76, 0x1E, 0xF5,
    0xB9, 0x83, 0x17, 0x15, 0xFC, 0xA9, 0x60, 0xD4, 0xCC, 0xC1, 0xC0, 0x72, 0x6D, 0xB9, 0x49, 0x57,
    0x80, 0x45, 0x38, 0x69, 0xA7, 0x14, 0x55, 0x03, 0x30, 0xD0, 0x87, 0xF8, 0xEF, 0x5C, 0xFF, 0xA8,
    0xC8, 0x54, 0x3D, 0x26, 0x64, 0xD8, 0x3B, 0xF8, 0xE4, 0x79, 0xC5, 0x47, 0xA0, 0x1D, 0xAA, 0xC5,
    0xF5, 0xB8, 0x4A, 0x2E, 0x38, 0x93, 0x12, 0x4D, 0x2B, 0x92, 0xE2, 0x0C, 0x83, 0xAC, 0xCE, 0x71,
    0xCC, 0xE9, 0x93, 0x5F, 0xF3, 0xD4, 0xE9, 0xE2, 0x59, 0xA5, 0xAA, 0xB6, 0xB6, 0xF1, 0xE9, 0x93,
    0x2F, 0xA4, 0xEF, 0x03, 0x5A, 0x4D, 0xAB, 0xFD, 0x8F, 0xC7, 0xDF, 0xBA, 0xC5, 0x60, 0x34, 0x1F,
    0x0F, 0xC6, 0xF9, 0xE8, 0xAF, 0x54, 0x7B, 0xDA, 0x85, 0x34, 0x76, 0x77, 0x46, 0x3C, 0xD8, 0x47,
    0x5A, 0x89, 0x85, 0x11, 0x7E, 0xDA, 0x04, 0x98, 0x2C, 0x81, 0xE6, 0x3C, 0x0E, 0xDC, 0x1A, 0xF2,
    0xDE, 0x0B, 0x7E, 0xF8, 0x1E, 0xBF, 0x7F, 0xC6, 0xB7, 0x7F, 0xD4, 0x3E, 0x0A, 0x39, 0x0D, 0x71,
    0x30, 0x83, 0x71, 0x7F, 0x92, 0x8C, 0xFB, 0x66, 0x20, 0x04, 0x60, 0x5F, 0x61, 0xDA, 0x9C, 0x63,
    0x59, 0x46, 0x57, 0x84, 0x3F, 0xA8, 0x26, 0x1E, 0x8B, 0x57, 0xAE, 0xCF, 0x98, 0x69, 0x38, 0x70,
    0x7B, 0x96, 0xD3, 0xD4, 0x71, 0xCA, 0xE4, 0xC8, 0x1E, 0x54, 0xF4, 0xCC, 0xF8, 0xC8, 0xEB, 0x6A,
    0x15, 0x41, 0x10, 0x57, 0xB3, 0x6F, 0x55, 0x5F, 0xBD, 0xA8, 0x3C, 0x2C, 0x40, 0xD4, 0xCC, 0xD2,
    0x79, 0x76, 0x30, 0xCF, 0xEE, 0x2D, 0x20, 0xB1, 0x30, 0xD1, 0x3C, 0x63, 0xF0, 0x5A, 0xC8, 0x8E,
    0xDB, 0xE1, 0x26, 0x49, 0xA1, 0xDC, 0x77, 0xAA, 0x6F, 0x32, 0x2A, 0x3E, 0x2D, 0xF4, 0x7F, 0xFF,
    0x8E, 0x65, 0xE2, 0x03, 0x93, 0xF5, 0xC6, 0xFD, 0x71, 0x3F, 0xEB, 0x0D, 0x64, 0x82, 0x47, 0xDF,
    0xE0, 0xC1, 0x2E, 0xA3, 0xA4, 0x8A, 0x3F, 0x0F, 0xAA, 0x0E, 0xD2, 0x4A, 0x2C, 0x8C, 0xF0, 0x23,
    0x12, 0x7E, 0x4C, 0x0F, 0x8D, 0x91, 0x5A, 0x4A, 0xF5, 0xE8, 0xC8, 0x71, 0x2F, 0x40, 0x57, 0xF6,
    0x51, 0xEE, 0x27, 0xE8, 0xE2, 0x4B, 0x12, 0xF5, 0x21, 0x3D, 0xDD, 0x23, 0x8B, 0x9B, 0x62, 0x42,
    0x6F, 0xBD, 0x37, 0x9A, 0xA3, 0xBE, 0xF8, 0xBE, 0x78, 0xDF, 0x21, 0x61, 0x40, 0x8F, 0x09, 0x99,
    0x72, 0x4C, 0x74, 0xC3, 0x41, 0x95, 0xB0, 0x57, 0xF7, 0xA0, 0x36, 0xA4, 0x55, 0x09, 0xDE, 0x33,
    0xF9, 0x9B, 0x13, 0x7E, 0xFD, 0xF7, 0xF2, 0x19, 0xCC, 0xA5, 0x5D, 0x28, 0xB3, 0x16, 0x6A, 0x46,
    0xEA, 0xC5, 0x44, 0x0E, 0x19, 0x45, 0x4E, 0xD8, 0xD5, 0xB5, 0xBA, 0x2C, 0x00, 0x4E, 0xC1, 0x42,
    0x06, 0x3B, 0x00, 0xDC, 0x85, 0x63, 0xF8, 0x14, 0x5E, 0x54, 0x3C, 0x73, 0x72, 0x16, 0xF4, 0xA3,
    0x5A, 0x57, 0x3E, 0x2E, 0x6C, 0xD2, 0x9C, 0xF7, 0xC9, 0x86, 0xE4, 0x06, 0x93, 0xB3, 0x9B, 0x91,
    0x02, 0xE8, 0x82, 0x04, 0x7A, 0x70, 0x73, 0x7B, 0xBB, 0x88, 0xBF, 0x2A, 0x44, 0xA3, 0x8A, 0x93,
    0x6D, 0xBD, 0xEA, 0xFC, 0x48, 0x25, 0x0E, 0xD8, 0xDA, 0xF8, 0xB4, 0x16, 0xC0, 0x1B, 0x8D, 0xF6,
    0x69, 0xC1, 0xA3, 0x4A, 0x5A, 0x89, 0xB7, 0xB6, 0x1F, 0x37, 0xFC, 0x01, 0xFE, 0x42, 0xF4, 0x18,
    0xF5, 0x18, 0xFD, 0x1B, 0xF4, 0x07, 0xC4, 0xF1, 0x65, 0x12, 0x93, 0x36, 0x0C, 0x62, 0x4C, 0x4C,
    0x1E, 0x93, 0xC5, 0x94, 0x71, 0xD3, 0xDE, 0x25, 0xEF, 0x7B, 0x83, 0xCD, 0x21, 0x83, 0xB2, 0x05,
    0x67, 0x8B, 0x20, 0x83, 0x1C, 0xA4, 0x57, 0x34, 0xDD, 0x55, 0xC9, 0x43, 0x48, 0xE0, 0x10, 0x2E,
    0x00, 0x94, 0x23, 0xAA, 0xC1, 0xD2, 0x76, 0xC1, 0xBD, 0x26, 0x64, 0xF0, 0x75, 0x08, 0xE9, 0xAF,
    0x22, 0x03, 0x40, 0x0F, 0x0C, 0x64, 0x30, 0xD9, 0xDE, 0x3E, 0x47, 0xFD, 0x93, 0xF8, 0x90, 0xEB,
    0xAA, 0xD8, 0xD6, 0x9B, 0x1C, 0x16, 0x02, 0x78, 0x93, 0x31, 0xAB, 0x0A, 0xE5, 0xC0, 0xBF, 0x9A,
    0x32, 0x96, 0x4D, 0xB0, 0x3C, 0x65, 0xC6, 0x70, 0xB4, 0xBD, 0x7D, 0x86, 0xFE, 0x07, 0x49, 0xD2,
    0x4E, 0x79, 0x2B, 0xEF, 0xF2, 0x94, 0xB7, 0x35, 0xA6, 0x6D, 0xB6, 0xF1, 0x29, 0x65, 0x4A, 0x9E,
    0x62, 0x52, 0x86, 0x82, 0xE9, 0x5C, 0xDA, 0x0E, 0xA6, 0xE5, 0x29, 0x45, 0x23, 0xCA, 0xE4, 0x49,
    0xF5, 0xF6, 0x01, 0x5D, 0xF9, 0x18, 0x7B, 0x4C, 0x8B, 0x5F, 0x56, 0xF6, 0x17, 0xCE, 0xFE, 0xBC,
    0xB6, 0xA5, 0xB7, 0xA5, 0xB5, 0x65, 0x66, 0x4B, 0x63, 0xCB, 0xA1, 0x2D, 0xFB, 0xB6, 0x4C, 0x42,
    0xA9, 0x05, 0x57, 0x2C, 0xAC, 0xBA, 0xA0, 0x1F, 0xBB, 0x9C, 0xBA, 0x24, 0x58, 0xAC, 0xE5, 0x2C,
    0x50, 0x76, 0x90, 0x58, 0x18, 0xE1, 0xA5, 0x57, 0x34, 0xEA, 0x92, 0x95, 0x85, 0xDD, 0xCE, 0xBE,
    0xBC, 0xB0, 0xDB, 0x7A, 0x97, 0xA6, 0xBC, 0xA5, 0xB1, 0xFB, 0x45, 0xB6, 0x37, 0xBE, 0xCB, 0xC9,
    0xBE, 0xAA, 0xC5, 0x2B, 0x2E, 0x66, 0x48, 0x2B, 0xB1, 0x30, 0xEF, 0x52, 0xC1, 0x5B, 0x4C, 0x7F,
    0xA7, 0x3F, 0x99, 0xA7, 0x9C, 0x0D, 0xA3, 0xB9, 0xD1, 0x7F, 0x34, 0xF1, 0x30, 0xEF, 0x0F, 0xF3,
    0xC1, 0x30, 0xCF, 0x86, 0xC6, 0xEE, 0xEF, 0xD7, 0x66, 0xE4, 0xF2, 0xB4, 0x18, 0xA7, 0x9F, 0x84,
    0x7C, 0x5A, 0xBD, 0x05, 0xAB, 0x2B, 0x5F, 0x12, 0xFE, 0x0F, 0xC6, 0x84, 0x0C, 0x9F, 0x53, 0xEF,
    0x6A, 0x17, 0xAF, 0xAC, 0xFC, 0xB6, 0xF6, 0xE5, 0x95, 0xDF, 0xD6, 0xBB, 0xBC, 0x80, 0x5B, 0x8F,
    0x19, 0x5D, 0x40, 0xD2, 0x0D, 0xBE, 0xCB, 0x28, 0x8B, 0xF7, 0xB4, 0xFD, 0xB6, 0xED, 0xDE, 0xD1,
    0x1E, 0x79, 0xA2, 0x67, 0x0E, 0xFE, 0x55, 0xC0, 0x31, 0xB0, 0x0F, 0x98, 0xAB, 0xEB, 0xD2, 0x2D,
    0x51, 0x64, 0x91, 0xCF, 0xB0, 0x19, 0xE5, 0x02, 0x56, 0x18, 0xE1, 0x5F, 0x69, 0x6A, 0x2C, 0x84,
    0x05, 0x9A, 0xC6, 0x05, 0xED, 0x42, 0x52, 0x84, 0x21, 0x21, 0x23, 0x04, 0xC2, 0x4B, 0x42, 0xEC,
    0x02, 0x5E, 0x42, 0x01, 0x2D, 0x3C, 0xB1, 0xD3, 0x17, 0xDD, 0xD0, 0xD1, 0x0E, 0x6A, 0x38, 0x05,
    0x48, 0x5E, 0x92, 0x27, 0xC5, 0x8D, 0xC5, 0xEB, 0x5E, 0xD2, 0xB8, 0x5C, 0x39, 0x2B, 0xD0, 0x2E,
    0x7B, 0xC7, 0x25, 0x61, 0x46, 0x37, 0xC5, 0x1C, 0x26, 0x70, 0xB2, 0x91, 0x25, 0x3A, 0x47, 0x7F,
    0x46, 0x9A, 0xB2, 0xA3, 0x37, 0xD2, 0xA7, 0xBF, 0xE5, 0xE6, 0x43, 0x60, 0x33, 0x71, 0x8A, 0x00,
    0x36, 0x1E, 0xC9, 0x0E, 0xD7, 0x7A, 0x6D, 0x2B, 0xF1, 0x26, 0x96, 0xD1, 0xD3, 0x19, 0xE5, 0xC3,
    0x3E, 0x37, 0xF2, 0x18, 0x72, 0x0D, 0x46, 0x33, 0x6A, 0x1A, 0x4A, 0x03, 0xB6, 0xAD, 0xF9, 0x35,
    0x26, 0x3F, 0xE8, 0x73, 0xF0, 0xAB, 0x19, 0xEA, 0xB2, 0x48, 0x55, 0x6D, 0xA8, 0x32, 0x58, 0x86,
    0xE1, 0x24, 0x7D, 0xBF, 0x56, 0x4D, 0xC1, 0x04, 0x3E, 0x86, 0x14, 0x0E, 0x61, 0xBE, 0x94, 0xF4,
    0xC2, 0xE2, 0xA2, 0xBA, 0xEC, 0xCE, 0xAE, 0xEF, 0xCE, 0xEE, 0xB4, 0x91, 0xB6, 0x4B, 0x9E, 0x27,
    0x7D, 0x55, 0xFF, 0xEF, 0xE5, 0x34, 0xD9, 0xCC, 0xD2, 0x1E, 0x8B, 0x45, 0x72, 0x5B, 0xAF, 0x5F,
    0x3E, 0x0A, 0xEB, 0xC5, 0xAB, 0x3B, 0xA8, 0x09, 0xF0, 0x7A, 0x34, 0x4D, 0xBD, 0xB2, 0x83, 0xD6,
    0x5B, 0xDA, 0xDF, 0x6D, 0xDE, 0xED, 0xA0, 0x8D, 0xF4, 0x8B, 0x4D, 0xB1, 0xE9, 0x78, 0xE2, 0xC7,
    0x05, 0x17, 0x44, 0x17, 0xE8, 0x43, 0x50, 0x55, 0xFC, 0xD2, 0xED, 0xC6, 0x3E, 0x23, 0x94, 0x58,
    0xBB, 0x80, 0xC4, 0x19, 0x7E, 0xB7, 0xBD, 0x35, 0x19, 0x7D, 0x8F, 0xBD, 0x3F, 0xD3, 0x95, 0xE7,
    0x33, 0x66, 0x29, 0x21, 0x2E, 0xBC, 0xAE, 0xAE, 0xC4, 0x15, 0xE9, 0xE8, 0x12, 0xF9, 0x9C, 0x0C,
    0x7F, 0xD5, 0xE7, 0xAF, 0xA6, 0xA0, 0x75, 0x96, 0xD5, 0xB4, 0xB3, 0x5E, 0xBF, 0x9C, 0x6A, 0xD6,
    0x8B, 0xBB, 0x2D, 0xB1, 0xA1, 0x98, 0x73, 0xC1, 0xAB, 0x7F, 0xB0, 0x00, 0x58, 0x90, 0x6D, 0x4A,
    0xF9, 0x30, 0xAE, 0xCE, 0xFB, 0x9C, 0x0F, 0x25, 0x9F, 0x24, 0xC6, 0x0C, 0x8C, 0x19, 0x9B, 0xA1,
    0x37, 0x69, 0x95, 0x49, 0x1A, 0x31, 0xD3, 0xEA, 0xC6, 0x55, 0x69, 0x24, 0xC3, 0x5F, 0x89, 0x3C,
    0xF2, 0xBB, 0xD7, 0x7C, 0x3C, 0xF3, 0xAB, 0x2B, 0xB6, 0xDE, 0xB2, 0xB4, 0x62, 0x9B, 0xE8, 0x93,
    0xFB, 0x24, 0xF7, 0x0B, 0x78, 0xC3, 0xF1, 0x58, 0xCA, 0x2E, 0xF1, 0x0E, 0x94, 0xEB, 0xEB, 0x2A,
    0x89, 0xD1, 0xF7, 0xD1, 0x5F, 0x12, 0xCD, 0x61, 0x06, 0x16, 0x02, 0xD4, 0x28, 0xC7, 0x31, 0xF8,
    0xAF, 0xE3, 0xF9, 0x9C, 0x76, 0x8F, 0x69, 0xE7, 0x95, 0xF3, 0x51, 0xDD, 0x41, 0x62, 0x61, 0x84,
    0x97, 0xDE, 0x65, 0xF1, 0xE2, 0xC7, 0xDA, 0xFA, 0x4B, 0xFF, 0x0D, 0xA5, 0x98, 0x01, 0x84, 0x25,
    0xC9, 0x19, 0xC7, 0x7F, 0xDD, 0x15, 0xD3, 0xB9, 0xED, 0x7D, 0xDD, 0x27, 0x0E, 0x4B, 0x66, 0xDE,
    0x04, 0x8B, 0x25, 0xFD, 0x6E, 0x0E, 0x83, 0x4E, 0xAE, 0x77, 0x5E, 0x59, 0x58, 0xC9, 0x26, 0x02,
    0x00, 0x8B, 0x10, 0x00, 0x18, 0x74, 0xB2, 0x4B, 0xF6, 0xEE, 0x35, 0x70, 0x38, 0x98, 0x04, 0xC0,
    0x21, 0x11, 0x00, 0xA1, 0x8E, 0x21, 0x43, 0x72, 0xD9, 0xDA, 0x0D, 0x02, 0x42, 0xEF, 0x2C, 0x08,
    0x41, 0x27, 0x07, 0x87, 0x24, 0xA9, 0x24, 0xC3, 0x75, 0xE4, 0xCD, 0x54, 0xAA, 0xEE, 0xBD, 0x7D,
    0x99, 0xEB, 0x79, 0x3B, 0xD3, 0xBD, 0x37, 0xFE, 0xD5, 0xBA, 0xBF, 0xFE, 0xBE, 0xFA, 0xD5, 0x7F,
    0xDE, 0x7B, 0x55, 0xD5, 0x1D, 0x5A, 0x0D, 0x00, 0xEC, 0xC1, 0x0C, 0x7E, 0x05, 0x1F, 0x57, 0x3C,
    0xD7, 0xE1, 0x53, 0x2D, 0x9E, 0xD4, 0xA2, 0x6A, 0x22, 0xA9, 0x62, 0x7B, 0x92, 0x90, 0x6F, 0x51,
    0x64, 0x64, 0x05, 0xE3, 0x9C, 0x34, 0xB5, 0xAC, 0xFE, 0xE2, 0xFF, 0x50, 0xC4, 0xF2, 0x75, 0xA1,
    0x09, 0xBD, 0x62, 0xAB, 0x8B, 0x50, 0x2B, 0x27, 0xA1, 0xF3, 0x6B, 0x3A, 0x36, 0x2D, 0x20, 0x64,
    0x13, 0x1E, 0x6B, 0x1E, 0xCB, 0xA1, 0x20, 0x60, 0x53, 0x38, 0x1E, 0x61, 0xDB, 0x1B, 0xB7, 0x07,
    0xCC, 0xF0, 0x04, 0x8F, 0xC0, 0x31, 0x70, 0x10, 0x1C, 0x05, 0x87, 0xC1, 0x71, 0x70, 0x20, 0x1C,
    0x09, 0x87, 0x22, 0x63, 0x82, 0x83, 0xB1, 0xA0, 0xDD, 0x00, 0xF6, 0x81, 0x3F, 0x03, 0xB3, 0x1E,
    0x30, 0x14, 0xA2, 0x42, 0xC8, 0xE5, 0x00, 0xAF, 0x41, 0x02, 0x19, 0xDC, 0x04, 0x08, 0xAD, 0x4C,
    0xEF, 0x34, 0x19, 0xAA, 0x80, 0x1C, 0x4A, 0x2F, 0x0E, 0x5F, 0x9C, 0xE4, 0x50, 0x80, 0xBB, 0xEB,
    0x72, 0x5C, 0x26, 0xC0, 0x08, 0xB6, 0x20, 0x87, 0xB7, 0x00, 0xC2, 0x33, 0x99, 0x86, 0x75, 0x46,
    0x95, 0xC3, 0x79, 0x65, 0x1C, 0xA4, 0x77, 0x6A, 0x5F, 0xF2, 0x11, 0xFC, 0x03, 0xF1, 0xBB, 0x2A,
    0x44, 0x0F, 0xC6, 0xCD, 0x09, 0xFF, 0x4E, 0x74, 0x57, 0x6E, 0x04, 0x55, 0x2F, 0xD6, 0x23, 0x9C,
    0x06, 0x53, 0x8E, 0xF0, 0x82, 0x3E, 0x08, 0x81, 0x76, 0x5E, 0xB0, 0xF0, 0xD1, 0x60, 0x90, 0x73,
    0x11, 0xBD, 0x27, 0x9D, 0x23, 0xE6, 0xBD, 0x58, 0x6F, 0x5D, 0xA7, 0xC8, 0xD9, 0x36, 0xC4, 0x1A,
    0xC0, 0x9E, 0x60, 0xC6, 0x98, 0x48, 0x1A, 0xA1, 0x4D, 0xA8, 0x4D, 0x50, 0x9F, 0x97, 0x8F, 0x08,
    0xED, 0xEF, 0x8E, 0x7D, 0x26, 0xFC, 0xAB, 0x76, 0x4D, 0x2F, 0x5B, 0x05, 0x86, 0xB0, 0x35, 0xA4,
    0xA1, 0x21, 0xC3, 0x50, 0xAC, 0x69, 0x19, 0xFE, 0xFE, 0x32, 0xCF, 0x19, 0x0B, 0x9A, 0x94, 0x32,
    0xA5, 0x48, 0xC9, 0x52, 0xB6, 0x9C, 0x1E, 0xCF, 0xDD, 0x71, 0xA1, 0xCC, 0xC7, 0x29, 0x7D, 0x8E,
    0x95, 0xD0, 0x78, 0xCD, 0xE6, 0x8B, 0x93, 0xA8, 0x6D, 0xDE, 0xDC, 0x68, 0xF2, 0xA0, 0x51, 0x9C,
    0x97, 0x8B, 0xB8, 0xB8, 0xBF, 0x1B, 0xFB, 0x12, 0x80, 0xA9, 0x35, 0x39, 0x74, 0x34, 0xB5, 0xCD,
    0xBA, 0xA0, 0x59, 0x55, 0x01, 0xE1, 0x19, 0x49, 0xA4, 0x0B, 0x9A, 0x12, 0xA3, 0x50, 0x8F, 0xAD,
    0x3B, 0x52, 0x42, 0xCE, 0x41, 0x12, 0xD6, 0xEE, 0x2E, 0x90, 0x84, 0x55, 0x74, 0x8F, 0xE0, 0x74,
    0x30, 0x08, 0x48, 0x84, 0xAF, 0x0D, 0x4F, 0x7B, 0xE3, 0x8E, 0x9C, 0x86, 0x83, 0x4E, 0x70, 0xEA,
    0x87, 0x18, 0xD8, 0x73, 0x50, 0x13, 0x41, 0xF2, 0x3A, 0x91, 0xB9, 0xA2, 0x67, 0x2B, 0xD9, 0x84,
    0x7D, 0xF8, 0x10, 0xA6, 0xBC, 0x16, 0x4A, 0x6F, 0xFC, 0x0C, 0xE6, 0x83, 0xED, 0x2C, 0x6A, 0xC5,
    0xDF, 0xA0, 0xED, 0xE5, 0x68, 0xF9, 0xF3, 0xBE, 0x27, 0x5D, 0x21, 0x3E, 0x5F, 0x26, 0xA2, 0xF6,
    0xF9, 0xA0, 0xBC, 0x30, 0x0B, 0x4D, 0x7D, 0xB9, 0x53, 0x89, 0x29, 0x30, 0xE3, 0xC8, 0x44, 0xAD,
    0xA2, 0xF5, 0xA0, 0x38, 0x66, 0x59, 0x6B, 0x5B, 0xCF, 0x0A, 0xEA, 0xCF, 0xA4, 0xC7, 0x51, 0x15,
    0x9D, 0x72, 0x1D, 0x32, 0xD8, 0xB6, 0xF5, 0x1B, 0x94, 0xFB, 0xE4, 0x8A, 0xFC, 0x21, 0xEA, 0xAB,
    0xB6, 0x5A, 0x7E, 0x37, 0xEE, 0xCA, 0xE0, 0x94, 0xC1, 0x5C, 0x18, 0x09, 0xE9, 0xB8, 0xE1, 0x1C,
    0x60, 0x30, 0xFA, 0x08, 0xA7, 0xC1, 0xD0, 0xD5, 0xF7, 0x24, 0x68, 0x43, 0x2B, 0xFB, 0xE3, 0x86,
    0x5A, 0xF3, 0x14, 0x03, 0x35, 0x81, 0x86, 0x0C, 0x72, 0x78, 0x08, 0x87, 0x83, 0xB9, 0x9D, 0x4F,
    0xC7, 0x51, 0x2E, 0x6A, 0x66, 0xCD, 0xDA, 0x78, 0x54, 0x93, 0x18, 0x8A, 0x1C, 0x37, 0xFD, 0x89,
    0xEA, 0xF3, 0x7A, 0xBF, 0x11, 0x4D, 0x21, 0xF4, 0x96, 0xA8, 0x92, 0xB5, 0xDA, 0xA2, 0xE0, 0x45,
    0xB3, 0xD6, 0xCA, 0xF3, 0xD7, 0xDB, 0x76, 0xBE, 0x3C, 0x5F, 0xDF, 0x12, 0xBC, 0x66, 0x73, 0x12,
    0xF0, 0xDA, 0xA9, 0xD2, 0xCA, 0xA4, 0x94, 0x09, 0xF9, 0x5A, 0xC5, 0xCF, 0xAA, 0x2F, 0xEF, 0xB0,
    0x9A, 0xC7, 0x50, 0xF4, 0x91, 0xCB, 0x4C, 0x7F, 0xCA, 0x8D, 0x77, 0x01, 0x00, 0x6B, 0xE0, 0xE5,
    0xB2, 0xB6, 0x8E, 0xED, 0x2B, 0x21, 0x2C, 0xD0, 0x17, 0x01, 0x8C, 0x44, 0x15, 0xFB, 0xE9, 0x6E,
    0x30, 0x08, 0xB8, 0xBE, 0xDC, 0xFB, 0xF4, 0xC5, 0x0D, 0xEB, 0x3F, 0xA8, 0x89, 0x97, 0xF3, 0x18,
    0x06, 0xCC, 0x10, 0x5F, 0x61, 0xC5, 0x08, 0x36, 0x21, 0x6E, 0x38, 0xC1, 0x69, 0xA8, 0xBB, 0x2B,
    0x11, 0x39, 0xCD, 0x5A, 0xDD, 0xA4, 0xE1, 0x85, 0x8A, 0xA0, 0x7E, 0xD3, 0xFF, 0x58, 0x28, 0xC2,
    0xC6, 0x09, 0x00, 0x00, 0x17, 0xBF, 0x5C, 0x2C, 0xA5, 0x85, 0xAD, 0x3A, 0x3B, 0xA1, 0xD4, 0x6A,
    0xC2, 0x4B, 0x25, 0x74, 0x29, 0xF4, 0xED, 0x98, 0xB8, 0x85, 0xB4, 0x62, 0xAF, 0x46, 0x29, 0x0E,
    0x6E, 0x82, 0xF3, 0x05, 0x71, 0x2F, 0x4D, 0x4F, 0xC9, 0x39, 0xCA, 0x83, 0x26, 0x17, 0x3A, 0x4F,
    0xC9, 0x6F, 0x93, 0x1F, 0xF1, 0x0D, 0xC3, 0xDB, 0x2D, 0xD3, 0x82, 0xC2, 0x45, 0x62, 0xE9, 0x6E,
    0xF9, 0x04, 0x4C, 0x4E, 0x01, 0xF0, 0x08, 0x0E, 0x41, 0x41, 0x83, 0xE1, 0xF3, 0x12, 0xDA, 0xA4,
    0x98, 0x47, 0xFC, 0xD3, 0xF0, 0x69, 0xCD, 0x99, 0xE1, 0xE4, 0x21, 0x66, 0x82, 0x0F, 0xBA, 0x5B,
    0x41, 0x03, 0x04, 0x86, 0xB0, 0xC6, 0x0F, 0xBF, 0x7A, 0x91, 0x5F, 0x60, 0x0C, 0xFF, 0xAE, 0xB1,
    0x86, 0xF9, 0x85, 0xFC, 0x11, 0x4C, 0x20, 0x87, 0x7D, 0x00, 0xCA, 0xDE, 0x9A, 0x59, 0xCD, 0xA2,
    0x3E, 0x83, 0x5D, 0xF8, 0x3E, 0xC0, 0xCC, 0x80, 0xEA, 0xAB, 0x99, 0x35, 0x43, 0x71, 0x81, 0x21,
    0xF0, 0xEE, 0x08, 0xAB, 0xC1, 0xAC, 0xEE, 0xE4, 0x7C, 0x42, 0x69, 0x28, 0x1B, 0xCA, 0xBA, 0x17,
    0x7D, 0x66, 0x0C, 0xCA, 0xA9, 0x41, 0xD5, 0xAF, 0x6E, 0x2D, 0x95, 0x4E, 0x17, 0x3B, 0xBF, 0xD4,
    0xCB, 0x23, 0xA7, 0x4E, 0xE7, 0x91, 0xA4, 0xAB, 0x3B, 0x55, 0xF4, 0x4B, 0xB6, 0x0F, 0xF8, 0x7A,
    0x27, 0x6E, 0xE7, 0xEB, 0x3B, 0xFF, 0xF0, 0x80, 0xDF, 0xCA, 0xC8, 0x70, 0xEB, 0xC2, 0xC8, 0x2F,
    0x7E, 0xAC, 0xEF, 0xA0, 0x66, 0x78, 0x3D, 0xA8, 0xD4, 0x8F, 0xB4, 0xFA, 0x61, 0xAD, 0xCA, 0x46,
    0x95, 0x4A, 0x95, 0xB9, 0x2A, 0x33, 0x55, 0x6E, 0xA9, 0x32, 0x51, 0x65, 0x6C, 0x4A, 0xE1, 0x05,
    0xBE, 0x10, 0x05, 0x0D, 0x81, 0x06, 0xF8, 0x4B, 0x4B, 0x9B, 0xE2, 0x06, 0xDD, 0x88, 0x6A, 0xAD,
    0x86, 0xF4, 0xDF, 0xF9, 0x1C, 0xAF, 0xEE, 0x1C, 0x10, 0x35, 0x42, 0xE3, 0x4E, 0x05, 0x7E, 0x3D,
    0x8D, 0xEF, 0x21, 0x4E, 0xA1, 0x1D, 0x6C, 0xED, 0xE6, 0x6B, 0x6C, 0x65, 0xC4, 0x87, 0x08, 0xD3,
    0xCB, 0x97, 0x01, 0xA7, 0x06, 0x34, 0xD0, 0x63, 0x41, 0x1C, 0x34, 0x18, 0x50, 0x5E, 0xFC, 0x2C,
    0xB6, 0xFA, 0xCA, 0x91, 0xB0, 0x94, 0xDC, 0x3E, 0x63, 0xB5, 0x20, 0x86, 0xA7, 0x8B, 0xED, 0x65,
    0xBD, 0xD8, 0x5E, 0x2A, 0x0E, 0x0D, 0xE5, 0x42, 0xEE, 0xFC, 0xC5, 0xDE, 0xA6, 0x76, 0x39, 0xE1,
    0xB9, 0x2A, 0xC0, 0x5D, 0x8E, 0x23, 0x9D, 0xD3, 0x94, 0xBE, 0x6A, 0x29, 0x77, 0xEE, 0x22, 0x63,
    0x9F, 0x4C, 0x67, 0x41, 0x1C, 0x02, 0xEA, 0xD6, 0xF6, 0xC4, 0xF1, 0xF3, 0xCF, 0x5E, 0x33, 0xFC,
    0x1E, 0xF1, 0xDA, 0x60, 0x62, 0xB7, 0xBC, 0x07, 0x31, 0xB0, 0x36, 0xBE, 0xCB, 0x28, 0x22, 0x8B,
    0xC8, 0xFF, 0xAF, 0xB3, 0xD5, 0xB9, 0x8B, 0x6F, 0x45, 0xB8, 0x1C, 0x97, 0x99, 0x1E, 0xB7, 0xE4,
    0x3F, 0x4E, 0xD8, 0x77, 0x41, 0x95, 0x89, 0x45, 0xDB, 0xB1, 0xA8, 0x0C, 0x7C, 0xDB, 0x9F, 0x6C,
    0x90, 0xCF, 0x12, 0x7C, 0xDE, 0xC5, 0xF7, 0x03, 0x53, 0x2B, 0xFD, 0xFA, 0xE0, 0xE1, 0xA5, 0x17,
    0xCA, 0x5D, 0xFA, 0x60, 0x41, 0x3E, 0x26, 0x8F, 0xC9, 0x45, 0x95, 0x87, 0x7E, 0xB0, 0x39, 0x87,
    0x00, 0x42, 0x12, 0x43, 0x02, 0x9B, 0x00, 0x33, 0xD7, 0xE9, 0x1F, 0xA1, 0xC1, 0xAB, 0xEE, 0x6A,
    0x66, 0x9B, 0xC1, 0xFD, 0x1F, 0xAE, 0xBE, 0xD5, 0x57, 0x77, 0x0E, 0x84, 0x0D, 0xA1, 0x46, 0x38,
    0x49, 0xAE, 0x85, 0x55, 0xF4, 0xBE, 0x5C, 0x3D, 0x1B, 0x0D, 0x42, 0x87, 0xF2, 0x20, 0x78, 0xA6,
    0xF9, 0x75, 0xC5, 0xB4, 0x97, 0x2F, 0x56, 0xFF, 0x8A, 0x11, 0xDC, 0x00, 0x08, 0x6C, 0x13, 0xCB,
    0xDF, 0x8C, 0x79, 0x63, 0x02, 0x5B, 0x90, 0x40, 0x54, 0xC3, 0xE3, 0x1A, 0x8E, 0x20, 0xC3, 0xC7,
    0x26, 0x19, 0xC5, 0x8E, 0x3C, 0x0C, 0x6D, 0x75, 0x71, 0x16, 0xDC, 0x38, 0x93, 0x5B, 0x61, 0x5D,
    0x20, 0x0B, 0x18, 0x4B, 0x36, 0xAC, 0xF4, 0xDE, 0x50, 0x5F, 0xC3, 0xDC, 0x0E, 0xEB, 0xE8, 0x4C,
    0xB2, 0x07, 0xFF, 0x95, 0xE1, 0x53, 0xED, 0x86, 0x3A, 0x0C, 0xD7, 0xD9, 0xEF, 0xF7, 0x60, 0x5D,
    0xEC, 0x3C, 0x7E, 0x49, 0xE7, 0x1B, 0xF6, 0x80, 0x1B, 0xB0, 0x23, 0x11, 0x9A, 0xAF, 0x54, 0x4C,
    0x7B, 0x18, 0x71, 0x7E, 0xDF, 0x81, 0x14, 0xBE, 0x0D, 0x73, 0x9C, 0x9D, 0xF0, 0x58, 0x63, 0xBD,
    0xC1, 0xA1, 0xBE, 0xFC, 0x74, 0xBB, 0x7A, 0xA2, 0xED, 0xE1, 0x6B, 0x66, 0x2D, 0x64, 0xBC, 0x5A,
    0xBB, 0x01, 0x6C, 0x4B, 0x10, 0x1A, 0xEF, 0x94, 0x29, 0x9D, 0xFD, 0xE8, 0x1C, 0xC5, 0x7A, 0xED,
    0xC3, 0x8E, 0x77, 0x8A, 0x30, 0x50, 0xF2, 0xA5, 0x5D, 0xE2, 0xC6, 0xF9, 0xC6, 0x1B, 0xC7, 0x4A,
    0x16, 0xD6, 0xE1, 0x0B, 0x8D, 0x8F, 0x43, 0x94, 0xC1, 0xAB, 0xE9, 0x33, 0x9C, 0x97, 0xB2, 0x26,
    0x90, 0xDA, 0xF6, 0x12, 0xD6, 0xA5, 0xBE, 0x53, 0x6B, 0x3A, 0xA0, 0xF3, 0x0F, 0x62, 0x25, 0xE6,
    0x12, 0xED, 0x62, 0x72, 0x9A, 0x82, 0x7A, 0x2C, 0x74, 0x74, 0x46, 0xFC, 0x4C, 0xAE, 0x0A, 0x5D,
    0x7C, 0xAD, 0x8A, 0xA0, 0x19, 0x2F, 0xDF, 0x59, 0xBD, 0x12, 0xC2, 0x02, 0x7D, 0x11, 0x9D, 0xB5,
    0x63, 0x10, 0xA8, 0xF3, 0x5E, 0xA2, 0x17, 0xAE, 0x45, 0x7C, 0x0B, 0xB1, 0xE1, 0x8F, 0xB4, 0xC3,
    0x89, 0xAE, 0xFC, 0xBB, 0x88, 0x6B, 0xFE, 0x18, 0xB4, 0xFD, 0x88, 0xDD, 0xA5, 0x6A, 0xB0, 0x47,
    0x7E, 0x52, 0x05, 0xCF, 0x2B, 0xF1, 0x9E, 0x2B, 0xEF, 0x45, 0x1C, 0xD0, 0xBF, 0x85, 0x5B, 0xD0,
    0xC0, 0x33, 0x78, 0xB7, 0x87, 0x17, 0x51, 0x91, 0xC0, 0x08, 0xE2, 0xA6, 0x33, 0x75, 0xEE, 0x12,
    0xEF, 0x92, 0x38, 0xE5, 0x4E, 0xB7, 0x93, 0x7C, 0x6F, 0x54, 0xBC, 0x3D, 0xCA, 0x1E, 0x8C, 0xB2,
    0x5F, 0xDC, 0xCF, 0x3E, 0xBE, 0xBF, 0x79, 0xFC, 0xC1, 0xD6, 0xD3, 0x3F, 0x8D, 0x9F, 0xFC, 0x35,
    0xAD, 0xE6, 0x69, 0xD5, 0x76, 0x6A, 0xF7, 0x27, 0xF1, 0xEE, 0xDE, 0xB5, 0xDD, 0x6F, 0x26, 0xF9,
    0x83, 0xD1, 0xAD, 0x1F, 0xB8, 0x92, 0xEF, 0x6C, 0x1E, 0xDF, 0xBF, 0xFE, 0xF4, 0x83, 0xD1, 0x93,
    0x4F, 0x12, 0xFD, 0x49, 0x5A, 0x9D, 0xB0, 0x87, 0x2F, 0xC0, 0x55, 0xB0, 0x28, 0x81, 0x87, 0xA4,
    0x14, 0x4C, 0xF0, 0xC7, 0x58, 0x2A, 0xC4, 0x93, 0x86, 0xE0, 0xB9, 0x86, 0x4F, 0x25, 0xCC, 0x80,
    0xC9, 0xCB, 0x7F, 0x6A, 0x9D, 0xA9, 0x5B, 0x51, 0x2E, 0x36, 0x17, 0x9B, 0xA1, 0x4E, 0x44, 0x15,
    0x47, 0x88, 0xEF, 0x21, 0xFE, 0x40, 0x30, 0x87, 0x16, 0x14, 0x18, 0xA8, 0x09, 0x35, 0x33, 0x08,
    0x8F, 0x6B, 0x7C, 0x03, 0xBE, 0xF8, 0x38, 0x2E, 0xAC, 0x58, 0x8F, 0xAD, 0x01, 0x43, 0x58, 0x13,
    0x55, 0xA4, 0x30, 0x81, 0x7C, 0x19, 0x10, 0x9A, 0x14, 0xC6, 0x50, 0x80, 0x02, 0x6B, 0xDB, 0x8B,
    0xE5, 0x53, 0xDB, 0xB0, 0xAA, 0x2D, 0xC0, 0x9C, 0xBF, 0x5A, 0xBD, 0x7D, 0x1D, 0x0E, 0x5A, 0x56,
    0xF5, 0x42, 0x74, 0xB6, 0xEB, 0x83, 0x40, 0x9D, 0xB5, 0xE7, 0x4A, 0x16, 0x3B, 0x27, 0xEC, 0x83,
    0x5A, 0x6A, 0x66, 0xAE, 0x78, 0xC4, 0xFB, 0x1F, 0x9D, 0x94, 0x01, 0x64, 0x2C, 0x47, 0x18, 0xC7,
    0x7F, 0x3B, 0x13, 0x37, 0x9A, 0xC9, 0xDD, 0x06, 0x45, 0x90, 0xBD, 0x04, 0x00, 0x73, 0x02, 0x8B,
    0xC5, 0xA4, 0x1D, 0xA0, 0x88, 0x02, 0x00, 0x54, 0x01, 0x00, 0x87, 0x03, 0xD0, 0x6E, 0x0A, 0x05,
    0x28, 0x00, 0x14, 0x40, 0xA1, 0x58, 0x84, 0x16, 0xE5, 0x36, 0x85, 0x00, 0xAC, 0x7B, 0x78, 0x00,
    0xCB, 0x03, 0xF0, 0x58, 0x1C, 0xEE, 0x71, 0xB9, 0x79, 0xDF, 0x49, 0x0E, 0xEE, 0x25, 0x79, 0x77,
    0xC7, 0x6F, 0xC6, 0xF8, 0x76, 0xFE, 0xDF, 0x7F, 0xE6, 0xFB, 0xCC, 0x42, 0x21, 0xA8, 0x38, 0x1F,
    0x98, 0xDA, 0xD3, 0x4E, 0xE8, 0x2A, 0xAA, 0x8A, 0xBB, 0x8E, 0xC9, 0x13, 0xB2, 0x96, 0x88, 0xC4,
    0x3D, 0xCD, 0xC0, 0x94, 0xEA, 0x11, 0xC8, 0x05, 0x15, 0xBB, 0xA1, 0xA9, 0x0B, 0x91, 0xC8, 0xFE,
    0x0D, 0xB2, 0x96, 0x88, 0xC4, 0xD5, 0x0A, 0x18, 0x08, 0x13, 0x1E, 0x45, 0xFB, 0x1A, 0x39, 0x9D,
    0xEC, 0xF7, 0x34, 0x43, 0x5D, 0x9B, 0x15, 0xD0, 0x17, 0x0A, 0x96, 0x12, 0xFC, 0x12, 0x9F, 0xB4,
    0xC3, 0x5E, 0x6B, 0x16, 0xAD, 0x0A, 0x7F, 0xA8, 0x59, 0x4D, 0x0C, 0x7C, 0x07, 0x80, 0xCC, 0xBF,
    0xC2, 0x3F, 0xF0, 0xA1, 0xE4, 0x5D, 0xAD, 0xFE, 0xAF, 0xF5, 0x7D, 0xA3, 0xCB, 0xD6, 0x84, 0xCA,
    0xCA, 0xBD, 0x28, 0x32, 0xBC, 0xC3, 0x79, 0x86, 0x05, 0xE9, 0x89, 0x26, 0x4D, 0xD1, 0x4B, 0x92,
    0x39, 0x80, 0xFD, 0x84, 0xB7, 0xE1, 0x54, 0xD7, 0xA8, 0x35, 0x36, 0xD6, 0x5E, 0xD5, 0x95, 0xA0,
    0xEB, 0xE2, 0xB8, 0xB6, 0xDD, 0xE2, 0x1B, 0x15, 0xEC, 0x0D, 0xFA, 0x11, 0x16, 0x00, 0xDF, 0xC7,
    0x8E, 0x8A, 0x5D, 0x90, 0x9D, 0x5B, 0x5E, 0x22, 0xE5, 0x75, 0x62, 0x6C, 0xB6, 0xBC, 0xA4, 0xD4,
    0xEB, 0xA6, 0xD0, 0x7C, 0xAD, 0x29, 0x52, 0x6D, 0x9E, 0xB5, 0x1F, 0x37, 0xDA, 0x15, 0x6F, 0x77,
    0x67, 0xCB, 0x4B, 0x52, 0xED, 0xDE, 0xA6, 0xB5, 0xD6, 0xB2, 0xF1, 0x42, 0x3E, 0xBD, 0xDD, 0x2F,
    0x1B, 0x01, 0xD2, 0x9B, 0x20, 0xEC, 0xEB, 0xF5, 0xAC, 0xB5, 0x41, 0x80, 0x9D, 0xEC, 0x00, 0xFA,
    0xE0, 0x20, 0x87, 0xCB, 0x03, 0x7D, 0xB7, 0x92, 0xEC, 0x75, 0x80, 0xA3, 0x04, 0x6B, 0x36, 0xF5,
    0x39, 0xF4, 0xE2, 0x5B, 0x49, 0xF6, 0xAD, 0x80, 0x2E, 0x51, 0x35, 0xB4, 0x87, 0x57, 0x60, 0x2B,
    0xC9, 0x7E, 0x07, 0x50, 0x60, 0xE1, 0x64, 0xF3, 0x3C, 0x67, 0x81, 0xFB, 0x92, 0xD9, 0x21, 0x0F,
    0x96, 0x33, 0x28, 0xE0, 0x67, 0x80, 0x64, 0x8E, 0x3E, 0xA1, 0xD7, 0x47, 0x66, 0x59, 0xC3, 0x4E,
    0x4F, 0x18, 0x80, 0x1C, 0x2A, 0x68, 0x48, 0x4A, 0x10, 0xF7, 0xC8, 0x5F, 0xF0, 0x9E, 0xE4, 0x01,
    0xF5, 0x80, 0xFE, 0x1D, 0xFD, 0x03, 0xC6, 0xAC, 0xAC, 0x21, 0x8D, 0x9C, 0x1B, 0x9C, 0xC1, 0x1B,
    0x0A, 0xC3, 0xC4, 0x44, 0x00, 0x74, 0x00, 0x0B, 0xF4, 0x81, 0x33, 0x00, 0xB8, 0x98, 0x2D, 0x98,
    0xFC, 0x32, 0xE0, 0xD4, 0x1B, 0xF0, 0x1A, 0x9C, 0xE6, 0x22, 0x46, 0x26, 0x0E, 0xAA, 0xF5, 0xF0,
    0x3D, 0xC6, 0x3F, 0x0D, 0xB8, 0xFA, 0x6D, 0xB1, 0x49, 0x61, 0xA1, 0xFF, 0xA4, 0x3F, 0x62, 0xFA,
    0xA7, 0xBE, 0x5D, 0xA6, 0xDC, 0x65, 0xC9, 0xD2, 0xE9, 0xBF, 0x9D, 0xC9, 0xFC, 0x20, 0xF3, 0xE7,
    0x99, 0x2F, 0x32, 0x57, 0x8D, 0x46, 0x8D, 0xBB, 0xA8, 0x7D, 0x1A, 0xF2, 0xF4, 0xB6, 0xF3, 0xD3,
    0xF2, 0x88, 0x17, 0x33, 0xFC, 0x68, 0x4A, 0xA9, 0xD6, 0x3C, 0x13, 0xB9, 0x75, 0xEE, 0xDC, 0xB9,
    0xDC, 0x65, 0xAD, 0x4B, 0xCB, 0x42, 0x54, 0x6E, 0x5A, 0x9E, 0x42, 0x12, 0x5B, 0x1B, 0xFE, 0x1B,
    0xF2, 0xED, 0x08, 0x32, 0x18, 0x80, 0x69, 0x60, 0x2A, 0xE3, 0x5F, 0x70, 0x90, 0xC1, 0xC8, 0xE1,
    0xAF, 0xC2, 0x9D, 0x8A, 0x25, 0x80, 0x07, 0x21, 0x87, 0x31, 0xBD, 0x55, 0xC8, 0x54, 0xE3, 0x09,
    0x1E, 0x86, 0x81, 0x5E, 0x0C, 0xA8, 0x16, 0xAA, 0x4B, 0xBA, 0x6B, 0xD5, 0x98, 0x55, 0x00, 0xE8,
    0x10, 0x92, 0x86, 0xA4, 0x96, 0x9A, 0x46, 0x70, 0x1C, 0x36, 0x00, 0xAE, 0x01, 0x0F, 0xE4, 0xC0,
    0x98, 0xAD, 0x9F, 0xE9, 0x92, 0x8A, 0x97, 0x19, 0xC3, 0xD5, 0x12, 0xC0, 0xD4, 0x98, 0x80, 0x85,
    0x63, 0x3E, 0x03, 0x63, 0x30, 0xB1, 0xE1, 0x65, 0x63, 0x90, 0xB1, 0x29, 0x98, 0xC0, 0x7E, 0x81,
    0xFF, 0x83, 0x8D, 0x8D, 0x01, 0x8F, 0xBE, 0xA7, 0xE2, 0x9F, 0xFF, 0x1F, 0x18, 0x18, 0x0C, 0x78,
    0x6C, 0x6C, 0xB8, 0x1F, 0xD8, 0x80, 0xC1, 0x3F, 0x6E, 0x3E, 0x1E, 0x79, 0x07, 0x83, 0x03, 0x05,
    0x17, 0x0C, 0x0E, 0xC8, 0x3B, 0x30, 0x30, 0xF0, 0x6A, 0xC8, 0x58, 0x98, 0x6C, 0x48, 0x38, 0x00,
    0x52, 0xC3, 0xBF, 0x81, 0xFD, 0x02, 0x17, 0xAF, 0xAE, 0xCD, 0x87, 0x0F, 0x0F, 0x2E, 0xF0, 0xF1,
    0xED, 0x05, 0xAA, 0xAE, 0x28, 0xD8, 0xA0, 0xC1, 0xA0, 0xC2, 0x20, 0xCD, 0xC0, 0xDC, 0xB0, 0xDB,
    0x41, 0x84, 0x81, 0x91, 0x41, 0x86, 0xA1, 0x80, 0x61, 0x23, 0x43, 0x3D, 0x03, 0x00, 0xAD, 0x99,
    0x31, 0x6C, 0xE4, 0xC6, 0x15, 0x40, 0x1F, 0xC9, 0xC0, 0x44, 0x4C, 0x88, 0xBC, 0x22, 0x5D, 0x76,
    0x25, 0x97, 0x2E, 0x46, 0x90, 0x8B, 0x05, 0x42, 0x03, 0x94, 0x45, 0x5F, 0x8A, 0x00, 0x71, 0xE1,
    0xBE, 0x09, 0xD2, 0x23, 0x41, 0x36, 0x01, 0x13, 0x2F, 0x62, 0xC3, 0x22, 0xDC, 0xB8, 0x72, 0x7C,
    0x7D, 0x95, 0x43, 0x8A, 0xB4, 0xE3, 0x9C, 0x00, 0x1F, 0x90, 0x43, 0x8E, 0x77, 0x2E, 0xAE, 0xB2,
    0x41, 0xD8, 0x45, 0x9A, 0x14, 0xE3, 0x73, 0x91, 0x26, 0x41, 0x06, 0xB0, 0x80, 0x6C, 0x0C, 0x69,
    0x27, 0x7F, 0x44, 0xAD, 0x96, 0xB7, 0xD2, 0x69, 0xC5, 0x38, 0xC2, 0xFB, 0xC3, 0xE1, 0x9F, 0x3F,
    0x3B, 0xBB, 0x9C, 0x99, 0xCF, 0xFF, 0x47, 0x40, 0xD8, 0x10, 0xB4, 0xA0, 0xE1, 0x15, 0x80, 0x03,
    0x67, 0x73, 0x78, 0x16, 0x51, 0x9A, 0xAB, 0x94, 0x36, 0x79, 0xA3, 0x14, 0x60, 0x70, 0x47, 0xE7,
    0x6A, 0x19, 0xF4, 0x19, 0x9C, 0x09, 0x4C, 0x11, 0xB4, 0xE3, 0xA0, 0x4D, 0xD7, 0x00, 0x61, 0x8B,
    0xBD, 0x39, 0xC0, 0xCB, 0x90, 0x83, 0x86, 0x3B, 0xDD, 0xA0, 0x4D, 0x0E, 0x37, 0x24, 0x74, 0x65,
    0x76, 0xDB, 0x28, 0x74, 0x0E, 0x15, 0x9E, 0x23, 0x78, 0x78, 0xE2, 0xCB, 0xEE, 0x36, 0x07, 0x69,
    0x15, 0x1B, 0xB1, 0x0C, 0x9C, 0x49, 0xCA, 0x07, 0xDB, 0x7C, 0x6F, 0x17, 0xC6, 0x90, 0x42, 0xDC,
    0x8A, 0xB5, 0xC8, 0x7D, 0x50, 0x5E, 0xC7, 0xAE, 0xA2, 0xD8, 0x2B, 0x8F, 0x42, 0x57, 0xCB, 0x2F,
    0x42, 0x73, 0x13, 0xD6, 0x1F, 0xDA, 0x90, 0x8E, 0x99, 0x6B, 0x08, 0xAF, 0x25, 0x6A, 0xAA, 0xA8,
    0xD9, 0x4F, 0x48, 0xE6, 0x84, 0xDE, 0xF8, 0xF1, 0x55, 0xB2, 0x10, 0x79, 0x52, 0x87, 0x8F, 0x1F,
    0x35, 0xD1, 0xE3, 0x47, 0x6D, 0xF4, 0xDE, 0x23, 0x23, 0xD2, 0x46, 0xB7, 0x1F, 0x35, 0x49, 0xF8,
    0xA4, 0x2E, 0xC2, 0x05, 0x26, 0xBF, 0xC4, 0x81, 0x71, 0xF3, 0x99, 0xC9, 0x47, 0x26, 0x1F, 0x9B,
    0x7C, 0xDB, 0x97, 0xBE, 0x3E, 0x13, 0xFD, 0xB5, 0x53, 0xB9, 0x75, 0x69, 0x2A, 0x61, 0x04, 0x05,
    0x4C, 0xE1, 0xF7, 0x00, 0x15, 0xB6, 0x0A, 0x5B, 0xF9, 0xDA, 0x55, 0x5C, 0x56, 0x19, 0xD5, 0x98,
    0x4A, 0x71, 0x68, 0xA9, 0x0A, 0x5F, 0xF7, 0x9A, 0x98, 0x2A, 0xAA, 0xAB, 0xB0, 0xA9, 0x98, 0x03,
    0x61, 0x4D, 0xD8, 0x80, 0x81, 0x57, 0x2E, 0xBA, 0xDB, 0x2A, 0xB2, 0x55, 0xA2, 0xAB, 0x54, 0x57,
    0x4A, 0x57, 0xB9, 0xAD, 0xB4, 0xAD, 0x8C, 0xFD, 0x4D, 0x63, 0xDF, 0xAA, 0xED, 0xDB, 0xD8, 0x77,
    0xB1, 0xEF, 0x60, 0x67, 0x58, 0x20, 0xAA, 0x4D, 0xF0, 0xA8, 0xE1, 0x61, 0x09, 0x14, 0xA4, 0x63,
    0x54, 0x46, 0x91, 0x94, 0xB3, 0xA8, 0xD1, 0x61, 0x63, 0xF9, 0xB2, 0xE5, 0x5E, 0xC3, 0xDB, 0x35,
    0x07, 0x25, 0x3B, 0xB0, 0x0D, 0x0A, 0x0A, 0x22, 0x8B, 0x74, 0xBF, 0x21, 0x87, 0xFD, 0x39, 0x7D,
    0x0D, 0x0E, 0xE1, 0x63, 0xF8, 0xAA, 0xE6, 0x8B, 0x46, 0x26, 0x20, 0x92, 0x47, 0x5D, 0x9B, 0xB8,
    0xD4, 0x89, 0x3B, 0x4E, 0xC9, 0xC7, 0x14, 0x0A, 0x55, 0xB0, 0x9D, 0x93, 0x5D, 0x5E, 0xCC, 0x07,
    0xAE, 0xCC, 0xC3, 0x36, 0xC7, 0xE6, 0xE8, 0x25, 0x56, 0x34, 0xA2, 0x3F, 0x58, 0x90, 0x47, 0x62,
    0x6F, 0xBC, 0xC6, 0x63, 0xE4, 0xF6, 0xC0, 0x91, 0x07, 0xAD, 0x37, 0xA3, 0xF2, 0x48, 0x25, 0xF0,
    0xC6, 0x03, 0xB7, 0xC9, 0x31, 0x61, 0x53, 0x5D, 0x2B, 0x91, 0x97, 0xBA, 0x42, 0xE6, 0x8C, 0x84,
    0x8A, 0x4C, 0xE4, 0xA1, 0x73, 0x68, 0x92, 0xA5, 0x0C, 0x73, 0x08, 0x53, 0x95, 0x30, 0xF1, 0x73,
    0xA1, 0x52, 0x94, 0x1A, 0x31, 0x56, 0x8A, 0x54, 0xE5, 0x24, 0x4A, 0x06, 0x72, 0x86, 0x4C, 0x4D,
    0xE4, 0xBE, 0x40, 0x89, 0xBE, 0x50, 0x63, 0x72, 0xB1, 0xAD, 0x54, 0x82, 0x55, 0x71, 0x19, 0xBA,
    0x7A, 0x27, 0xB0, 0xDF, 0xE1, 0x08, 0x66, 0x1E, 0xA9, 0x04, 0x06, 0x57, 0x13, 0x58, 0xC8, 0xA1,
    0x10, 0x5E, 0x66, 0xB6, 0xF7, 0xBA, 0x7D, 0xC1, 0x95, 0x43, 0x17, 0x4C, 0x1A, 0xD5, 0x71, 0x4C,
    0x78, 0x3A, 0x78, 0xB1, 0x0D, 0x5A, 0xD8, 0xA1, 0x3B, 0x09, 0x9B, 0xE2, 0x32, 0x51, 0x47, 0x5D,
    0x44, 0x65, 0x91, 0x50, 0x6C, 0x51, 0x1C, 0x53, 0x3C, 0xC0, 0x3E, 0x08, 0xED, 0x5F, 0x22, 0xFB,
    0xE7, 0x58, 0xDF, 0xFB, 0xF1, 0xF4, 0x4F, 0x1F, 0x4C, 0x3F, 0xFA, 0xDB, 0x54, 0xCF, 0xA7, 0x5A,
    0x4F, 0xF5, 0x74, 0xAA, 0x6F, 0x4D, 0x35, 0x2B, 0x2A, 0xEC, 0x65, 0x64, 0x89, 0x5E, 0xA9, 0x0F,
    0x4F, 0x49, 0xE3, 0xA6, 0xA0, 0x95, 0xBA, 0x46, 0x6B, 0x8E, 0x2C, 0x55, 0x87, 0xD4, 0x45, 0x23,
    0x7A, 0x69, 0x15, 0x9B, 0x70, 0x81, 0x7C, 0xC8, 0x8C, 0x9B, 0xE2, 0x57, 0x72, 0x60, 0x9E, 0x5D,
    0x99, 0xE6, 0xC0, 0xD5, 0xD7, 0x3B, 0xEA, 0x02, 0x7A, 0xBE, 0x7A, 0xE5, 0xA5, 0x8B, 0x9E, 0xA3,
    0x3E, 0x74, 0xCE, 0xDF, 0x31, 0x5C, 0x06, 0x7A, 0x80, 0x65, 0xA7, 0xD0, 0xB5, 0x64, 0x3F, 0x9F,
    0xA1, 0xCE, 0x96, 0x61, 0x4A, 0xA5, 0x32, 0xFA, 0xE2, 0x75, 0xBE, 0x2D, 0xFB, 0xD9, 0xCC, 0xDB,
    0xF6, 0x06, 0xDB, 0x66, 0x5B, 0xCA, 0xA4, 0x3C, 0x22, 0x6A, 0x2C, 0xC1, 0xE7, 0x0D, 0xFC, 0xBB,
    0x86, 0x03, 0xE0, 0x35, 0xE0, 0x10, 0xF8, 0xBA, 0x26, 0xFC, 0xBC, 0x25, 0xAE, 0x2D, 0x19, 0x33,
    0x76, 0x29, 0x28, 0xC8, 0xA8, 0x82, 0xF6, 0x86, 0x1C, 0xBA, 0x13, 0x50, 0x1D, 0x1A, 0xBB, 0x46,
    0x85, 0xDD, 0x0F, 0x6C, 0xB2, 0xB0, 0xB0, 0x8E, 0xD1, 0xF9, 0x0D, 0x71, 0x6E, 0x6E, 0xAC, 0xBD,
    0x21, 0xCE, 0x2D, 0x20, 0xED, 0x70, 0x2D, 0x04, 0x57, 0x89, 0x3B, 0x96, 0xEB, 0xAE, 0x48, 0x26,
    0x92, 0xF4, 0x24, 0xEB, 0xF4, 0xD2, 0x6E, 0xC8, 0xD7, 0x70, 0x6D, 0x6E, 0xAA, 0xDC, 0x14, 0xB9,
    0x51, 0xB9, 0xD9, 0xF5, 0xA5, 0xAF, 0x57, 0x5E, 0x9F, 0xC3, 0x1A, 0xBD, 0xF5, 0x77, 0x94, 0x53,
    0x49, 0xB9, 0x5C, 0x82, 0x65, 0xF2, 0x1F, 0xF6, 0x93, 0x52, 0x9F, 0xBF, 0x55, 0x2C, 0x68, 0x21,
    0x74, 0x5D, 0xC5, 0xE2, 0x31, 0xD2, 0xBA, 0x1F, 0x7B, 0x4B, 0xB3, 0x57, 0xFB, 0xDF, 0xD5, 0x4E,
    0xBF, 0x6C, 0x27, 0x5F, 0x36, 0xF9, 0xD3, 0x33, 0xDC, 0xB2, 0x22, 0x1A, 0xD1, 0x4B, 0xAB, 0xD8,
    0x88, 0xA5, 0xEC, 0xEA, 0xA4, 0x2C, 0x52, 0x8A, 0xB1, 0xC7, 0x57, 0xE4, 0x36, 0x90, 0x88, 0x63,
    0x5A, 0xE0, 0x5F, 0x90, 0x7E, 0x6F, 0xC7, 0x67, 0x1B, 0x7B, 0x9F, 0x42, 0x3E, 0x5C, 0x9A, 0x6F,
    0x45, 0x0D, 0xA1, 0x27, 0x71, 0xDE, 0x01, 0x68, 0x41, 0xBC, 0xFC, 0x8B, 0x4D, 0x62, 0xE7, 0xFC,
    0xA2, 0x8D, 0xEF, 0xB0, 0x05, 0x0A, 0x72, 0xF8, 0xF5, 0x82, 0xDF, 0xC6, 0xCD, 0x0C, 0x73, 0x84,
    0xDF, 0xAB, 0x53, 0x74, 0x85, 0x9E, 0xA0, 0x55, 0xB7, 0x3F, 0x4F, 0x71, 0xA7, 0xD8, 0xA4, 0xB4,
    0x51, 0xED, 0x49, 0xF0, 0xB7, 0xB1, 0xD4, 0x1B, 0x4F, 0x5C, 0xBA, 0x05, 0xDD, 0xF6, 0xBB, 0x86,
    0xC8, 0x89, 0xAD, 0x3E, 0xA7, 0x3E, 0xC7, 0xBF, 0xBA, 0xD0, 0x29, 0x5A, 0xFC, 0xBD, 0x26, 0xE9,
    0x08, 0x17, 0x9D, 0xE3, 0x30, 0xDE, 0x71, 0xF8, 0x26, 0x29, 0xBB, 0xBD, 0x7A, 0x27, 0x0D, 0x5B,
    0x69, 0x9D, 0x8C, 0xD2, 0x62, 0xB4, 0xA5, 0x46, 0xA3, 0xF1, 0x48, 0xA5, 0xA3, 0x49, 0xEC, 0x6C,
    0x3A, 0xCA, 0xA5, 0xAE, 0x46, 0xE3, 0x7C, 0x94, 0x4E, 0x46, 0x59, 0xB2, 0x20, 0x8F, 0x9B, 0x5B,
    0xE7, 0x71, 0x4C, 0x1D, 0x3B, 0x88, 0x7C, 0x64, 0x7A, 0x2B, 0x68, 0x67, 0x71, 0xF3, 0xFD, 0x05,
    0x26, 0xAE, 0x4D, 0x56, 0xFB, 0xE7, 0xFF, 0x83, 0xDA, 0x7C, 0x5D, 0x3F, 0xFD, 0xA4, 0xFE, 0xEA,
    0x87, 0xF5, 0xBF, 0xA2, 0xFA, 0x24, 0xAA, 0xE7, 0x67, 0xBF, 0x11, 0xC8, 0x53, 0xD4, 0x88, 0xC4,
    0x02, 0xC0, 0xE6, 0x2E, 0x9E, 0x04, 0x3B, 0xC6, 0x16, 0xD8, 0x29, 0xAE, 0xF5, 0xA5, 0xCD, 0xF1,
    0x9A, 0x0C, 0x1B, 0xB5, 0x91, 0x3B, 0x16, 0x07, 0xBE, 0xA2, 0x3E, 0xA3, 0xF4, 0xAE, 0x3B, 0xA5,
    0x9A, 0x51, 0xBD, 0x13, 0xD8, 0x77, 0x43, 0xFB, 0x76, 0xA4, 0xDF, 0x7A, 0x43, 0xFF, 0xEA, 0x53,
    0xFD, 0xCB, 0x13, 0x3D, 0x3D, 0xF6, 0x4E, 0x78, 0x7A, 0x4B, 0x4F, 0xF1, 0x98, 0xA8, 0xEE, 0xE3,
    0x9C, 0x2F, 0xFB, 0x84, 0x0B, 0xB6, 0xE3, 0x26, 0xC7, 0x54, 0x68, 0xBD, 0x44, 0xEA, 0xA2, 0x11,
    0xBD, 0xB4, 0x76, 0x5D, 0xAE, 0xE1, 0xE9, 0x09, 0x73, 0xFF, 0x6D, 0x1B, 0x13, 0x36, 0x26, 0x68,
    0x3B, 0xA4, 0x2E, 0x1A, 0xD1, 0x4B, 0xAB, 0x61, 0x45, 0xB8, 0x28, 0xB3, 0xB0, 0x55, 0xAC, 0x4F,
    0xBD, 0xE2, 0x4E, 0x76, 0xBB, 0x0D, 0x5D, 0xF9, 0x70, 0x53, 0x48, 0xAA, 0xA9, 0xBA, 0xD7, 0xC0,
    0x28, 0x6C, 0xD2, 0xA8, 0x4E, 0x62, 0xA2, 0x37, 0x89, 0x3E, 0x25, 0x38, 0x81, 0xF9, 0x72, 0xD3,
    0xB4, 0x84, 0x0D, 0x87, 0xC0, 0x68, 0x45, 0xF2, 0xCF, 0x63, 0xB5, 0xAF, 0x72, 0xB5, 0x25, 0x33,
    0xDE, 0x47, 0x34, 0xA2, 0x97, 0xD6, 0xBE, 0xF1, 0x0C, 0xBB, 0x1B, 0x36, 0x59, 0x5C, 0x46, 0x9F,
    0xF9, 0x4F, 0xE6, 0xD8, 0x97, 0xD1, 0x87, 0x64, 0x71, 0xBD, 0x1B, 0xB6, 0xD2, 0x3A, 0x09, 0x9B,
    0x6B, 0x38, 0xE8, 0xB9, 0xC1, 0xBE, 0x7B, 0x9C, 0xC8, 0xAE, 0x8B, 0xDB, 0xE4, 0x9B, 0x67, 0x22,
    0x56, 0x33, 0x9D, 0x5C, 0x83, 0x73, 0xC7, 0x9B, 0x0C, 0x7A, 0x2E, 0xAE, 0x1F, 0x90, 0x3B, 0x99,
    0x04, 0x25, 0x0F, 0xA9, 0xC3, 0xD7, 0x9D, 0xB5, 0x4C, 0x2E, 0x70, 0x66, 0x62, 0x67, 0x13, 0xAB,
    0x96, 0xCC, 0xBC, 0xA6, 0xFF, 0xB0, 0x1F, 0x9E, 0xE2, 0xF7, 0xDB, 0x72, 0x13, 0x4A, 0x5D, 0x34,
    0x9D, 0xBF, 0xBA, 0xB5, 0xF4, 0x57, 0xA1, 0x3B, 0xF7, 0x51, 0x2F, 0x75, 0x3E, 0xEA, 0x14, 0xB3,
    0xD7, 0x18, 0xAD, 0x8D, 0x11, 0x47, 0x94, 0x0B, 0xAE, 0x15, 0xA7, 0xE4, 0x2B, 0xA2, 0x11, 0xBD,
    0xB4, 0x26, 0xAE, 0xDD, 0x0D, 0xDA, 0xDC, 0xE3, 0x2B, 0x72, 0x2B, 0x51, 0x69, 0xFC, 0x7A, 0x9B,
    0x9D, 0x05, 0xEC, 0xF7, 0x83, 0x76, 0x95, 0x16, 0xDA, 0xF3, 0x38, 0x7B, 0xE3, 0x06, 0xEF, 0x65,
    0x35, 0x9B, 0x8D, 0x53, 0x3C, 0x87, 0x27, 0xBE, 0xF4, 0x1C, 0xD6, 0x59, 0x6D, 0x33, 0xAA, 0x94,
    0xFC, 0x4A, 0x38, 0x67, 0x12, 0x38, 0xD3, 0x4F, 0x02, 0x69, 0x80, 0xCD, 0x7E, 0xCC, 0xAF, 0xF9,
    0xDB, 0xAB, 0x35, 0x7F, 0x70, 0xDA, 0x5B, 0xF3, 0xA1, 0x5F, 0xF3, 0x2F, 0x2C, 0xCA, 0x71, 0xD8,
    0x16, 0x94, 0x05, 0x6C, 0x97, 0x48, 0x98, 0x48, 0x68, 0x40, 0xBF, 0x84, 0xDD, 0x0F, 0xDB, 0x78,
    0x51, 0x62, 0xF1, 0x2C, 0xFF, 0x9C, 0x85, 0xE7, 0xE3, 0x5C, 0x9B, 0x65, 0x08, 0x37, 0x34, 0x26,
    0x2B, 0x3D, 0xB0, 0xCC, 0x09, 0x21, 0xB9, 0x11, 0xF2, 0x43, 0x92, 0x05, 0x24, 0x69, 0x4F, 0xB2,
    0x39, 0x69, 0x9A, 0x89, 0xC4, 0x6C, 0xA5, 0x71, 0x39, 0x92, 0xAB, 0x92, 0x7B, 0x23, 0xFA, 0x4B,
    0x09, 0x5D, 0xB1, 0x4C, 0xE8, 0xA4, 0x2C, 0x44, 0xB3, 0x3E, 0x2D, 0x7B, 0x1B, 0xA7, 0x05, 0x26,
    0xA0, 0xA1, 0x25, 0xA8, 0x01, 0x36, 0x3A, 0x54, 0xE0, 0x45, 0x48, 0x20, 0xAA, 0xA1, 0xB9, 0x91,
    0x93, 0x5E, 0x0B, 0xC2, 0x61, 0x98, 0x07, 0xBA, 0xDE, 0x77, 0xFA, 0xEC, 0xB5, 0xA1, 0xE3, 0x3C,
    0xFA, 0x0D, 0x9E, 0x89, 0x7E, 0x65, 0xF7, 0x5F, 0x19, 0xFD, 0xAE, 0xB9, 0x6D, 0x59, 0xE3, 0x6B,
    0x6E, 0xFB, 0xC2, 0x0F, 0x0C, 0x4A, 0xBE, 0x88, 0xEA, 0x8E, 0x8D, 0x8B, 0x3A, 0x73, 0xC7, 0x19,
    0xAC, 0xE1, 0x9C, 0x2F, 0x2F, 0x13, 0xB9, 0x93, 0xA8, 0xE1, 0x02, 0xF9, 0x4A, 0x52, 0xF6, 0xB9,
    0xFC, 0x25, 0x5F, 0x73, 0xE5, 0xFE, 0x2A, 0xF7, 0xAC, 0x7A, 0x4C, 0x41, 0x83, 0xC1, 0xD5, 0x12,
    0xCA, 0x68, 0x56, 0x7C, 0x7C, 0xCA, 0xFD, 0xA4, 0xE7, 0xAE, 0x56, 0x03, 0x94, 0xEC, 0xA3, 0xB2,
    0xA8, 0x19, 0x67, 0x51, 0x9D, 0x66, 0x31, 0x59, 0x96, 0x90, 0x64, 0x29, 0xF1, 0x9B, 0x63, 0x71,
    0xEA, 0xCA, 0x47, 0x78, 0xFE, 0x2A, 0xF7, 0x5B, 0xD2, 0x96, 0x91, 0x4A, 0xFB, 0x58, 0x9C, 0xBF,
    0x12, 0xFB, 0x22, 0x0B, 0x8F, 0x81, 0xC9, 0x52, 0x2A, 0x95, 0x92, 0xAB, 0x31, 0x4A, 0x29, 0x46,
    0x2A, 0x67, 0x4B, 0x4D, 0x48, 0x9C, 0xF5, 0x57, 0xD1, 0x15, 0x14, 0xA2, 0xF7, 0xED, 0x95, 0xCA,
    0x6A, 0x88, 0x2E, 0x64, 0x48, 0x9A, 0x58, 0x93, 0xD3, 0xB1, 0x31, 0x2E, 0xC1, 0x9C, 0x53, 0x05,
    0xA6, 0x0A, 0xCF, 0x62, 0x84, 0x84, 0xF3, 0x84, 0xAF, 0xC0, 0x27, 0x7C, 0x39, 0x95, 0xA2, 0x4A,
    0xF1, 0xFA, 0xA8, 0xF4, 0x71, 0x04, 0x73, 0xC8, 0x3B, 0x6C, 0x5C, 0xFA, 0x9D, 0x31, 0xC2, 0xEF,
    0x12, 0x8D, 0x6B, 0x7C, 0xE9, 0xEB, 0x0A, 0x9B, 0x62, 0x63, 0x19, 0xEB, 0x1C, 0xBF, 0x24, 0xA5,
    0x31, 0x6C, 0xE5, 0xB9, 0xDE, 0x7B, 0xBF, 0xBC, 0xF7, 0x21, 0xF7, 0x3E, 0x40, 0x66, 0x40, 0x4A,
    0xA9, 0x8B, 0xC6, 0x47, 0x67, 0xA1, 0x98, 0xB5, 0x9A, 0x07, 0x5D, 0xEA, 0x9F, 0x47, 0xCD, 0xAB,
    0x4F, 0xCA, 0x57, 0x3F, 0xE3, 0xE0, 0x04, 0x29, 0x5F, 0x7D, 0x42, 0x1E, 0xD5, 0x79, 0xD0, 0xE4,
    0xDC, 0x77, 0x4D, 0x46, 0xD8, 0x8C, 0x45, 0x0A, 0x91, 0x99, 0x88, 0x16, 0x31, 0xDD, 0x19, 0x91,
    0x2B, 0xFD, 0xB5, 0xBB, 0x6F, 0xEC, 0x79, 0xD6, 0x9F, 0x8B, 0x28, 0x91, 0xAC, 0x76, 0xCD, 0x48,
    0x6E, 0xA5, 0x87, 0x18, 0x88, 0x5D, 0xE8, 0xF0, 0x65, 0xD3, 0x7A, 0x8D, 0x7F, 0xF9, 0xEE, 0x3C,
    0x27, 0x33, 0x91, 0xF2, 0x32, 0xAB, 0xF7, 0xF4, 0xA5, 0x57, 0xB8, 0x94, 0x7D, 0x56, 0x96, 0x76,
    0xE7, 0xD4, 0x8E, 0x59, 0xC3, 0x9D, 0x4A, 0x79, 0x15, 0x3B, 0x27, 0xD7, 0x9B, 0x0D, 0x4A, 0x37,
    0xC9, 0xE9, 0xD8, 0x18, 0x48, 0x31, 0xA1, 0x63, 0x46, 0x46, 0xC1, 0xAE, 0x2F, 0x91, 0xED, 0x41,
    0xF4, 0xC8, 0x10, 0x7C, 0xE1, 0x93, 0xBF, 0x12, 0x0E, 0x81, 0xDD, 0xE7, 0x67, 0xA8, 0x53, 0xBC,
    0x47, 0x51, 0x41, 0x3B, 0xBE, 0x70, 0x75, 0x6F, 0x10, 0x7D, 0x40, 0xF0, 0x0F, 0x98, 0xC3, 0x11,
    0xE8, 0x15, 0xCB, 0x81, 0xD2, 0x8B, 0x2C, 0xD3, 0x10, 0x2E, 0xB3, 0x4C, 0x3F, 0xD0, 0x3E, 0x24,
    0xEE, 0xF8, 0x7F, 0x1B, 0x68, 0xC7, 0x35, 0x17, 0x03, 0x15, 0x8C, 0xD9, 0x96, 0x32, 0x43, 0x06,
    0xA9, 0x0D, 0x61, 0xFF, 0xD7, 0xEC, 0xD3, 0x5D, 0xFF, 0xDE, 0x2D, 0xA2, 0xB8, 0x34, 0x64, 0x68,
    0x76, 0xC9, 0x99, 0xB1, 0xF3, 0xCC, 0x96, 0xBC, 0x3A, 0xC8, 0xFB, 0x1D, 0xA2, 0x11, 0xFD, 0x0C,
    0x51, 0x8D, 0x3A, 0x6C, 0xD0, 0xAE, 0xA1, 0x83, 0xB6, 0x08, 0x7D, 0xEC, 0x42, 0xB0, 0x46, 0x2F,
    0xF2, 0x0B, 0x9B, 0x3E, 0x45, 0xDC, 0x24, 0xDF, 0xF4, 0x03, 0xB4, 0xE7, 0xA4, 0xCA, 0xDA, 0x53,
    0x69, 0xBB, 0xFF, 0x91, 0xF5, 0x8E, 0x45, 0x2F, 0xE1, 0x9C, 0xD5, 0xEA, 0xBD, 0xDB, 0x4E, 0xEE,
    0xB6, 0xC5, 0x1F, 0x7C, 0x40, 0xC9, 0x5D, 0x0F, 0x81, 0xE7, 0xAA, 0xFC, 0xB3, 0xF3, 0xA6, 0xDA,
    0x43, 0xD5, 0xC7, 0x40, 0x9F, 0xA7, 0x73, 0x7C, 0x34, 0x1F, 0x97, 0xCF, 0x7B, 0x65, 0x0D, 0x3A,
    0x33, 0x06, 0x90, 0x5E, 0xF8, 0x43, 0xCF, 0xEE, 0xD4, 0x13, 0xBE, 0xCD, 0x59, 0xDB, 0xDA, 0x11,
    0x2A, 0x6C, 0xCE, 0xEC, 0x7A, 0xE7, 0xA1, 0x9B, 0x11, 0xE3, 0xF5, 0x21, 0x86, 0x1C, 0xA1, 0x02,
    0xE3, 0xB8, 0x4C, 0x53, 0xC2, 0x39, 0x00, 0xB0, 0x31, 0xAD, 0x96, 0xE3, 0x16, 0x01, 0x18, 0x3A,
    0x56, 0x3F, 0xC6, 0xDB, 0x38, 0x0A, 0x87, 0x8E, 0x3F, 0xC2, 0x5F, 0x09, 0x9E, 0x10, 0x3E, 0x21,
    0x7A, 0x9F, 0xE8, 0x47, 0xC4, 0xF1, 0x22, 0x89, 0xC9, 0x1C, 0xA3, 0x18, 0x15, 0x53, 0xC4, 0xE4,
    0x31, 0x55, 0xEC, 0x76, 0x3E, 0x9F, 0x53, 0xBD, 0x9B, 0x72, 0x4B, 0x34, 0x14, 0x11, 0xA8, 0x88,
    0x1D, 0xE7, 0xA8, 0x14, 0x68, 0x2F, 0xC5, 0x0B, 0x4C, 0x7F, 0x92, 0xB2, 0xF7, 0xDE, 0x9C, 0x8B,
    0xE8, 0x28, 0x38, 0x1D, 0xFC, 0x5F, 0x98, 0x4B, 0x91, 0xD5, 0xE6, 0xC8, 0x3D, 0x3E, 0x65, 0x3F,
    0x6E, 0x2A, 0xDA, 0x97, 0xB0, 0xA0, 0xE1, 0x88, 0xCB, 0x31, 0x52, 0xD0, 0xC5, 0x48, 0xDE, 0x78,
    0x37, 0xAE, 0x27, 0xB4, 0xA0, 0xC1, 0x7F, 0xDA, 0xD1, 0xD2, 0x60, 0x3B, 0xAE, 0x65, 0x50, 0xFF,
    0xE0, 0xBD, 0x00, 0xDF, 0x7A, 0x65, 0xF6, 0xE6, 0x71, 0xF3, 0x9A, 0x8C, 0x3E, 0x69, 0x04, 0x00,
    0x18, 0x74, 0x7C, 0xDC, 0x9B, 0xF4, 0xCD, 0xA1, 0x41, 0xE2, 0x80, 0xC1, 0x07, 0xC7, 0x7B, 0x27,
    0xC0, 0x4D, 0x4F, 0x30, 0x96, 0x69, 0xD7, 0xE0, 0x51, 0x76, 0x0B, 0x84, 0xE1, 0xA3, 0x30, 0xE8,
    0x8C, 0xB8, 0xDF, 0x71, 0xD3, 0x41, 0xC7, 0xFF, 0x39, 0xFE, 0x0E, 0x5D, 0x03, 0x30, 0xEC, 0x90,
    0x77, 0x39, 0x65, 0xC3, 0xD3, 0x8C, 0xE5, 0xF2, 0x1B, 0x3E, 0x62, 0xF7, 0x88, 0x86, 0x8F, 0x08,
    0xF0, 0xF2, 0x4F, 0x99, 0x58, 0x3E, 0x6A, 0x78, 0x5C, 0x0E, 0x1D, 0x17, 0xE0, 0xAE, 0xF7, 0x72,
    0xDE, 0x1D, 0x7D, 0x77, 0xF0, 0xE8, 0xFD, 0x8D, 0x30, 0xE8, 0x9C, 0xB9, 0xDF, 0x71, 0xE3, 0xC9,
    0x4C, 0xEF, 0xE1, 0x0C, 0x3B, 0x01, 0xEE, 0x77, 0xDC, 0x78, 0xE4, 0xF2, 0x5F, 0xAD, 0x96, 0x01,
    0x84, 0x24, 0x47, 0x14, 0x40, 0x5F, 0x57, 0x45, 0x3A, 0x9B, 0x9A, 0xED, 0x0E, 0x82, 0xC5, 0xEC,
    0x82, 0xE0, 0x30, 0x9B, 0x5B, 0x0C, 0x1A, 0x63, 0xAE, 0x01, 0x08, 0x09, 0x00, 0x08, 0x0B, 0x00,
    0x58, 0x0C, 0x02, 0xB9, 0xE9, 0x03, 0x10, 0x92, 0x93, 0x00, 0xC0, 0x12, 0x00, 0x68, 0x2C, 0x09,
    0x17, 0xB6, 0xF6, 0x02, 0x20, 0xF4, 0xED, 0x02, 0x40, 0x13, 0x00, 0x49, 0x1A, 0x93, 0x64, 0x4E,
    0x7A, 0xB7, 0x53, 0xBB, 0xA5, 0xA9, 0x1B, 0xBB, 0xB7, 0x55, 0xBD, 0xC7, 0x9F, 0x51, 0x7E, 0xD5,
    0xFF, 0xEF, 0xFF, 0xDF, 0xFF, 0x57, 0x37, 0x73, 0x58, 0xC2, 0x4F, 0xF0, 0x7B, 0xC1, 0x85, 0x16,
    0x2F, 0xB5, 0x3C, 0xAB, 0x64, 0x51, 0xC7, 0x79, 0xA9, 0xBA, 0x55, 0x42, 0xB6, 0xCB, 0x6C, 0xC2,
    0x64, 0xC6, 0x5E, 0x46, 0x0A, 0xB0, 0x8F, 0x11, 0xF5, 0x9A, 0x99, 0xCA, 0x3F, 0x92, 0x1A, 0x71,
    0x2D, 0xAA, 0xD3, 0x33, 0xA1, 0x4B, 0x23, 0x52, 0x67, 0x1F, 0x6A, 0xD5, 0xAC, 0x01, 0x9A, 0x1B,
    0x59, 0x82, 0x04, 0x05, 0x23, 0x80, 0x20, 0x9C, 0x5C, 0xC3, 0x04, 0xA6, 0x70, 0x08, 0xF8, 0x41,
    0xD9, 0x86, 0x31, 0x64, 0xCC, 0x8F, 0xF8, 0x2F, 0x8F, 0x5E, 0x6A, 0x91, 0x3F, 0x0F, 0xE5, 0x02,
    0x70, 0x04, 0x0D, 0x91, 0x8E, 0xFE, 0xC9, 0xE5, 0x2F, 0xA4, 0x09, 0x23, 0xE9, 0x1B, 0xC3, 0x23,
    0x98, 0x40, 0x02, 0xF1, 0x9C, 0x87, 0xC4, 0x70, 0x00, 0x19, 0x8C, 0x61, 0xEB, 0x6B, 0xF8, 0x0B,
    0xF9, 0x6B, 0x21, 0xD1, 0x80, 0xB8, 0xCA, 0x53, 0x51, 0xBD, 0x47, 0x03, 0xA5, 0x11, 0xD1, 0x35,
    0x29, 0xE5, 0x04, 0x23, 0x4D, 0x22, 0x4A, 0xD1, 0xCE, 0x11, 0x2D, 0x8C, 0x99, 0x4F, 0x87, 0xD3,
    0xD3, 0x0A, 0x8E, 0xA1, 0x8A, 0xFE, 0x2E, 0x82, 0xD2, 0x17, 0xAB, 0x43, 0xA1, 0x34, 0xC0, 0x12,
    0x2E, 0x8A, 0x01, 0xE8, 0xF4, 0x7B, 0x3E, 0x7E, 0x0A, 0x20, 0x56, 0xA8, 0x2F, 0x19, 0xC5, 0x5E,
    0x5C, 0x6E, 0x4A, 0x2D, 0xDC, 0x64, 0xC3, 0xBB, 0x3A, 0x5A, 0x71, 0x9D, 0x6C, 0x6A, 0x93, 0x0D,
    0x69, 0x72, 0x40, 0xE6, 0x28, 0xD8, 0x46, 0xEE, 0x1C, 0x8B, 0xB3, 0x8A, 0xD3, 0x7C, 0x48, 0x18,
    0x3B, 0x90, 0xC1, 0x11, 0xE3, 0x1F, 0x48, 0x14, 0x72, 0x0D, 0x78, 0x47, 0x72, 0x0C, 0x25, 0x64,
    0xC8, 0xD1, 0xF0, 0x00, 0x64, 0x8E, 0x81, 0x50, 0x31, 0xFE, 0x91, 0x44, 0x21, 0xFC, 0x03, 0x78,
    0xCA, 0x03, 0xD3, 0x97, 0x2B, 0x37, 0x77, 0x8B, 0x0E, 0x6B, 0x39, 0x89, 0x41, 0xEB, 0x60, 0xB4,
    0xD3, 0x72, 0x3B, 0x32, 0x0C, 0x0D, 0xC8, 0xBC, 0x16, 0xE7, 0xE1, 0x50, 0xA7, 0xEB, 0x80, 0xB1,
    0x24, 0x4D, 0xC3, 0xB8, 0xB6, 0xF1, 0x9E, 0x74, 0x4D, 0x06, 0x6F, 0x8A, 0x51, 0xD6, 0xB7, 0x29,
    0x1B, 0x80, 0x13, 0x8C, 0x88, 0x2B, 0x92, 0x58, 0xCF, 0xA8, 0x17, 0x34, 0x25, 0xE5, 0x69, 0x67,
    0xFE, 0x59, 0x40, 0xC6, 0xF3, 0x44, 0x54, 0x66, 0x17, 0x7B, 0xF2, 0x67, 0xA2, 0x16, 0xB6, 0xFB,
    0x4B, 0x98, 0x30, 0x5C, 0x6F, 0x0B, 0x07, 0xC0, 0xFD, 0xD0, 0xB8, 0x2E, 0x3E, 0x78, 0x9C, 0x43,
    0x30, 0x48, 0xBD, 0xEA, 0x0D, 0xF1, 0x4B, 0x8D, 0x29, 0x2C, 0xA0, 0xA6, 0xD5, 0xE2, 0x0F, 0xE2,
    0xCF, 0xD8, 0x12, 0x79, 0x28, 0xB4, 0xF7, 0x73, 0x04, 0x35, 0xEB, 0x1B, 0x3F, 0xCA, 0xFA, 0xF1,
    0x8A, 0xE1, 0x11, 0x8C, 0x21, 0x01, 0xF9, 0x04, 0x5E, 0xE4, 0xD1, 0xB9, 0xBD, 0xB8, 0x48, 0xBB,
    0x36, 0x81, 0x0D, 0x49, 0xBB, 0xF5, 0x6D, 0xCA, 0xD6, 0x7D, 0xD7, 0xC8, 0x39, 0xBC, 0x70, 0x6E,
    0xFB, 0xD3, 0x42, 0x3E, 0x6B, 0xD2, 0xBE, 0xE5, 0x1E, 0x77, 0xED, 0x04, 0x76, 0x21, 0xE1, 0x13,
    0x59, 0x9C, 0x98, 0x5D, 0xE2, 0x06, 0x8E, 0x68, 0xAB, 0xE1, 0x15, 0x50, 0xCD, 0x90, 0xF4, 0xDD,
    0x07, 0xDD, 0x22, 0xBF, 0x19, 0x82, 0x8E, 0xAF, 0x9F, 0x38, 0x58, 0x0F, 0xDF, 0xF9, 0x72, 0x69,
    0x11, 0x7F, 0x3A, 0xC9, 0x0E, 0x9A, 0x1D, 0xD6, 0x48, 0xA7, 0x62, 0x61, 0xA3, 0x34, 0xEA, 0xC7,
    0xC1, 0xFA, 0x2C, 0xF1, 0x11, 0x73, 0x72, 0xE3, 0x43, 0xC8, 0x98, 0x72, 0xB7, 0x74, 0x5D, 0x15,
    0xE0, 0xDC, 0x4D, 0xCD, 0x7A, 0x00, 0xF0, 0xA2, 0x00, 0x76, 0x2D, 0x2E, 0x6D, 0x11, 0x2A, 0x5B,
    0x84, 0x92, 0x93, 0x86, 0x85, 0x15, 0xB3, 0x36, 0x1A, 0xA3, 0x37, 0xBB, 0xE6, 0x8C, 0xB8, 0xC2,
    0xBD, 0x85, 0xF6, 0x62, 0x9D, 0x51, 0x2F, 0x8C, 0x49, 0x2F, 0x66, 0x6D, 0x34, 0x7B, 0x6F, 0x9C,
    0xDC, 0x28, 0x5D, 0x10, 0x6E, 0xC3, 0xD6, 0x03, 0xEA, 0xCE, 0xF5, 0x6B, 0x2D, 0xDD, 0xC6, 0xF6,
    0xE4, 0xDE, 0xE3, 0xC7, 0x27, 0x86, 0xBB, 0xBF, 0x21, 0x4F, 0xF3, 0x9B, 0xB9, 0x9E, 0xDA, 0xB9,
    0x9E, 0xB0, 0x3F, 0x63, 0xD7, 0x8A, 0x59, 0x1B, 0x8D, 0xD1, 0x9B, 0x5D, 0x73, 0x86, 0xD3, 0xE2,
    0xAD, 0x7E, 0x8A, 0xF8, 0x59, 0x73, 0xFD, 0x4A, 0x32, 0x4E, 0x7A, 0x31, 0x6B, 0xA3, 0x89, 0xAD,
    0xAD, 0x9D, 0xEE, 0x75, 0x35, 0xB8, 0x02, 0xCE, 0xFD, 0x10, 0x96, 0xBE, 0xEA, 0xA7, 0x3B, 0x6A,
    0x91, 0x9F, 0x07, 0xA3, 0x37, 0x3D, 0x7C, 0xCB, 0x96, 0xF4, 0xE2, 0xDA, 0xD1, 0x56, 0xE1, 0xC9,
    0x3A, 0xBD, 0xBA, 0xE1, 0x24, 0xA0, 0xC9, 0xC1, 0x79, 0xD5, 0x1E, 0x66, 0x90, 0x89, 0x6E, 0x65,
    0xEF, 0x96, 0xFB, 0x02, 0x28, 0xC4, 0xE5, 0x86, 0xF9, 0x14, 0xA6, 0xA2, 0x6B, 0xEE, 0x45, 0x8B,
    0x02, 0xA1, 0xA1, 0x86, 0x83, 0x01, 0x44, 0xD7, 0xDC, 0x83, 0xE8, 0x0C, 0x63, 0x38, 0xCE, 0xB5,
    0xF5, 0x62, 0xC5, 0xE7, 0xD8, 0x1E, 0x80, 0x60, 0x56, 0x6F, 0xEB, 0x05, 0x0A, 0xF7, 0xEF, 0x3E,
    0x74, 0x3F, 0x44, 0x7F, 0xDE, 0x38, 0x79, 0x8B, 0x4C, 0x69, 0x8C, 0x89, 0xA1, 0xEC, 0x49, 0x1D,
    0x3B, 0x56, 0x46, 0x79, 0xAB, 0xCC, 0xA2, 0x7A, 0xEF, 0xFD, 0x3A, 0x5E, 0xD7, 0x00, 0x2B, 0x23,
    0x1B, 0xB7, 0x65, 0x18, 0x4E, 0xB4, 0x30, 0x86, 0x99, 0xB5, 0xF5, 0x82, 0x3A, 0x1D, 0x9B, 0x40,
    0xB2, 0xE0, 0x32, 0x24, 0x3B, 0xD7, 0x7C, 0x1B, 0xB6, 0x33, 0xDA, 0x7B, 0x89, 0x4E, 0xC7, 0x0E,
    0x20, 0xBA, 0xE6, 0x5E, 0x44, 0xA7, 0x9E, 0xA1, 0x38, 0xB7, 0x9E, 0x5E, 0x2C, 0xA7, 0xE1, 0x83,
    0x59, 0xD7, 0xB6, 0x9F, 0x02, 0x5E, 0xA0, 0x70, 0xFF, 0x6E, 0xC3, 0x7B, 0x20, 0x9C, 0x86, 0x04,
    0xE0, 0x18, 0x28, 0x81, 0x0C, 0x18, 0x01, 0xC0, 0x57, 0xA4, 0xCC, 0xD8, 0xBF, 0xF9, 0x57, 0x79,
    0x89, 0x3C, 0xAB, 0x89, 0x2E, 0x34, 0xFC, 0x9B, 0xC3, 0x12, 0xD8, 0x07, 0x26, 0x77, 0xFC, 0x70,
    0x9F, 0x23, 0x40, 0xC9, 0xC2, 0x8E, 0xE7, 0x58, 0xE8, 0x44, 0x16, 0x2A, 0x46, 0x7E, 0x81, 0xFC,
    0x8D, 0xA8, 0x85, 0x35, 0x94, 0xD0, 0x40, 0x85, 0xD0, 0x2C, 0x1F, 0x8C, 0xB6, 0xFB, 0xFB, 0x9E,
    0xD0, 0x57, 0xB5, 0x38, 0xAB, 0x97, 0x58, 0xC7, 0x12, 0x50, 0xEF, 0xA6, 0x06, 0x4E, 0x63, 0x06,
    0x17, 0x40, 0xAC, 0x0E, 0x11, 0x4A, 0x03, 0x0F, 0x8F, 0xA3, 0x7F, 0x53, 0x07, 0x07, 0xF1, 0x3F,
    0x9C, 0x8B, 0x01, 0x66, 0x03, 0x41, 0x14, 0x86, 0xBF, 0x74, 0xCA, 0x60, 0x24, 0x03, 0x50, 0xB4,
    0x16, 0x0A, 0xD8, 0xCD, 0x16, 0xC1, 0x20, 0xD9, 0x4C, 0x01, 0x14, 0x72, 0x94, 0x45, 0x10, 0x94,
    0x4E, 0x41, 0x00, 0x72, 0x84, 0x1E, 0x61, 0x50, 0x14, 0x2A, 0xEF, 0x08, 0x39, 0xC2, 0x1C, 0x21,
    0x28, 0x02, 0x6C, 0x5F, 0x0B, 0x6D, 0x0B, 0xAA, 0xCF, 0xFF, 0xFD, 0x7E, 0xFF, 0x7B, 0x6F, 0x3F,
    0xBC, 0x0D, 0xC3, 0x90, 0xDC, 0xA4, 0x99, 0xDF, 0xBF, 0x54, 0xB1, 0xA2, 0x61, 0x4E, 0xE0, 0x86,
    0x96, 0x4E, 0xD3, 0x86, 0x35, 0x19, 0x13, 0x0F, 0xF6, 0xF6, 0xE0, 0x8D, 0x54, 0x56, 0xA6, 0x2E,
    0x2D, 0x7C, 0x6C, 0x9D, 0x74, 0x3E, 0xCD, 0x3D, 0x61, 0xC2, 0xFA, 0x8A, 0xA7, 0x0B, 0x7E, 0x35,
    0xB9, 0x86, 0xFE, 0x87, 0xF6, 0xC3, 0x51, 0xFD, 0x7F, 0xD2, 0xDF, 0xBF, 0xAF, 0x2A, 0x59, 0x96,
    0x87, 0xE3, 0xB2, 0x54, 0xB2, 0x68, 0x9A, 0xAE, 0xEB, 0xD4, 0xDB, 0x04, 0xB9, 0xC0, 0x21, 0x7F,
    0xA2, 0xF9, 0x9C, 0xF6, 0xF1, 0x04, 0x6D, 0xC4, 0x16, 0x68, 0x80, 0xD1, 0xE9, 0x15, 0x7B, 0xB7,
    0x8D, 0xCE, 0x9A, 0xF4, 0x81, 0x75, 0xDB, 0xA8, 0x1D, 0x93, 0xF1, 0x65, 0x5D, 0x87, 0xEB, 0x30,
    0x0B, 0xFD, 0xAC, 0xEF, 0x73, 0x2E, 0xB9, 0xEC, 0x76, 0x24, 0x23, 0x9E, 0x05, 0x1B, 0xC5, 0x63,
    0x84, 0xB4, 0xE2, 0x99, 0x29, 0x4E, 0x8C, 0x38, 0x99, 0x6A, 0x5E, 0x01, 0x4E, 0x19, 0x2B, 0xB5,
    0xB2, 0x56, 0x0A, 0x8C, 0x84, 0xEF, 0x73, 0x26, 0x60, 0xE2, 0xD7, 0x65, 0xE0, 0x7D, 0x60, 0x4F,
    0x30, 0x00, 0x00, 0x5C, 0x8D, 0xB1, 0x0D, 0xC2, 0x40, 0x10, 0x04, 0x17, 0x3B, 0x40, 0x02, 0x80,
    0x0A, 0xD0, 0xD3, 0xC1, 0x7F, 0x70, 0x39, 0x2E, 0x69, 0x73, 0x07, 0x7C, 0x29, 0x27, 0xD1, 0xC0,
    0x65, 0x84, 0xBE, 0x12, 0xAE, 0x84, 0x2F, 0xC1, 0x81, 0x73, 0xB0, 0x13, 0x02, 0xB4, 0xD9, 0x6A,
    0x34, 0x93, 0x5C, 0x4C, 0x8B, 0xCA, 0x4B, 0xB4, 0x88, 0x25, 0xEF, 0xE3, 0x10, 0xA7, 0x90, 0xD0,
    0xF8, 0x2C, 0x08, 0xC4, 0xA3, 0x15, 0x14, 0x8C, 0x7E, 0x37, 0x90, 0x96, 0xEB, 0x7E, 0xB8, 0x41,
    0x30, 0x86, 0xD1, 0x4A, 0x61, 0xF2, 0x69, 0x56, 0xA2, 0xED, 0xBC, 0xAB, 0x3D, 0x8E, 0x38, 0x23,
    0x07, 0xB9, 0xFD, 0xA4, 0x0A, 0x99, 0x23, 0x57, 0xAE, 0x7E, 0xB3, 0x6C, 0x88, 0xCE, 0x2F, 0xF8,
    0xEF, 0xA5, 0xE1, 0x3D, 0xF4, 0xBF, 0x3D, 0x97, 0x95, 0x6F, 0x30, 0xB4, 0x8D, 0x15, 0x4C, 0x73,
    0xAE, 0x6B, 0xD9, 0xAE, 0x8E, 0xEF, 0x26, 0x30, 0x14, 0x24, 0x00, 0xED, 0xA7, 0xB5, 0xFB, 0x00,
    0x7D, 0x91, 0x01, 0x64, 0x1C, 0x4B, 0x1C, 0x87, 0xBF, 0xBD, 0x25, 0x4B, 0xF6, 0xED, 0x0D, 0x00,
    0xDC, 0x25, 0x0F, 0x0F, 0xC1, 0x46, 0x82, 0xE5, 0x0D, 0x6F, 0x9F, 0xDD, 0x3C, 0x00, 0x4F, 0x01,
    0x40, 0x00, 0xD0, 0x02, 0xD7, 0x76, 0xDB, 0x06, 0x17, 0xB7, 0xD5, 0x52, 0x48, 0xAA, 0x00, 0x40,
    0x43, 0xA0, 0x80, 0x09, 0xC1, 0x01, 0xD9, 0xA6, 0x28, 0x21, 0xAC, 0x16, 0x05, 0x98, 0x0A, 0x14,
    0x30, 0x5C, 0xCA, 0xD1, 0xE4, 0xA6, 0x33, 0xAC, 0x92, 0xB6, 0x2D, 0xDF, 0x6F, 0x7C, 0x7E, 0xFB,
    0xDF, 0x1D, 0xFE, 0xCB, 0x61, 0xC9, 0x21, 0x3D, 0x5B, 0x8A, 0x0F, 0x6D, 0xFA, 0x56, 0xC9, 0x33,
    0xB2, 0x33, 0x1E, 0x9C, 0x73, 0xF7, 0x9C, 0xA3, 0x7D, 0xEE, 0xED, 0xF1, 0x70, 0x8F, 0xBF, 0xFF,
    0xE7, 0x9F, 0x6D, 0x56, 0x07, 0x2A, 0xBE, 0xA3, 0x23, 0x5B, 0x46, 0x19, 0x8E, 0xC0, 0xD6, 0x62,
    0xCB, 0xA4, 0xFC, 0x99, 0x83, 0x07, 0xEC, 0x82, 0x3E, 0x08, 0x2F, 0xFE, 0x5C, 0x81, 0x31, 0xEC,
    0xC0, 0xC4, 0x5E, 0x8A, 0x5A, 0x22, 0x1A, 0x49, 0xBF, 0x95, 0x24, 0xDA, 0x45, 0xB9, 0x8C, 0x24,
    0xBB, 0x85, 0x25, 0x49, 0x9D, 0x0F, 0x25, 0x93, 0x45, 0x41, 0x12, 0x3B, 0x0F, 0x77, 0x5C, 0xA6,
    0x24, 0xC1, 0x9C, 0x84, 0x39, 0xB6, 0x46, 0x6B, 0xB4, 0x42, 0x57, 0x78, 0x8E, 0xAE, 0xF4, 0xEC,
    0xA9, 0x7D, 0x56, 0x5E, 0x3C, 0x69, 0x2E, 0x1A, 0xFD, 0xB1, 0x95, 0xDA, 0x0C, 0xB4, 0x4A, 0x74,
    0x9E, 0xEA, 0xF8, 0x72, 0x40, 0xCA, 0xCF, 0x32, 0xF9, 0x62, 0xF9, 0xE3, 0x51, 0x4A, 0x72, 0x3F,
    0x65, 0xF7, 0x70, 0x83, 0xE4, 0xFD, 0x6D, 0x92, 0x77, 0xAF, 0x48, 0x4E, 0x3F, 0x21, 0x5E, 0xCF,
    0x7D, 0xB0, 0x3A, 0x33, 0x79, 0x66, 0x86, 0xD9, 0x6C, 0x3F, 0x9B, 0x3D, 0xFF, 0x05, 0xF5, 0x68,
    0xF6, 0x58, 0xCF, 0x6C, 0x4D, 0xD0, 0x70, 0x32, 0x77, 0xA7, 0x23, 0xFA, 0xDC, 0xAC, 0x2C, 0x35,
    0xB2, 0xD7, 0x64, 0x41, 0x87, 0x73, 0xD7, 0xB8, 0x1E, 0xC0, 0x6F, 0xC0, 0xF8, 0x0D, 0xFF, 0xA7,
    0x53, 0x94, 0x84, 0x0C, 0x26, 0x57, 0x54, 0x70, 0xDC, 0x09, 0x12, 0x72, 0x58, 0x47, 0xB9, 0x19,
    0x3F, 0x49, 0x2E, 0xA8, 0x04, 0x46, 0x84, 0x8D, 0x88, 0x6A, 0x21, 0x10, 0xEB, 0x4C, 0xEC, 0xB5,
    0x3B, 0xBD, 0x47, 0x8D, 0xE8, 0xB5, 0xFE, 0x29, 0x63, 0xC1, 0xFA, 0xC4, 0x5A, 0x48, 0xF9, 0x2E,
    0x23, 0xD8, 0x78, 0x41, 0x70, 0x05, 0x4B, 0x37, 0xFC, 0xE6, 0xDC, 0xAA, 0xAD, 0x19, 0x62, 0x5C,
    0x32, 0xFC, 0x77, 0x86, 0xE4, 0x3E, 0x9D, 0x67, 0x2E, 0xAA, 0x9B, 0xE1, 0x87, 0xB0, 0x0C, 0x09,
    0xBD, 0x05, 0xFD, 0x95, 0x36, 0x1F, 0x98, 0x6A, 0x0D, 0x25, 0x51, 0x19, 0x66, 0x13, 0x33, 0xC2,
    0x4C, 0x8C, 0x3A, 0x50, 0xAA, 0x55, 0x55, 0x6B, 0xF2, 0xA6, 0x15, 0x6F, 0x9A, 0x70, 0x41, 0x58,
    0x13, 0x96, 0x04, 0x27, 0x25, 0xF1, 0x96, 0x06, 0x14, 0x50, 0x01, 0x0A, 0x7F, 0x21, 0xA2, 0x84,
    0x29, 0x78, 0x8F, 0x01, 0xD1, 0x25, 0xE6, 0x2F, 0xC2, 0xE6, 0x18, 0x4E, 0x6A, 0x58, 0x86, 0x3E,
    0x7E, 0x45, 0xB7, 0x74, 0x3A, 0x50, 0x72, 0x8D, 0x6C, 0x8D, 0x2A, 0x63, 0xB4, 0x89, 0xDA, 0x64,
    0x34, 0xA2, 0x3A, 0x20, 0x3B, 0x40, 0xB6, 0xA4, 0x8D, 0x12, 0xA7, 0x7E, 0x99, 0x3D, 0x7F, 0x29,
    0x85, 0x5D, 0x00, 0x80, 0x97, 0x94, 0xDF, 0x63, 0xED, 0xDC, 0x8B, 0xC0, 0x4B, 0x0C, 0x7D, 0x7C,
    0xA9, 0x09, 0x5B, 0x30, 0x30, 0x85, 0x7F, 0x41, 0x40, 0x5C, 0xBB, 0x4A, 0x40, 0xC7, 0x12, 0x62,
    0xCA, 0x46, 0xC9, 0xCB, 0x6F, 0x82, 0x14, 0x64, 0x02, 0x25, 0x30, 0xFE, 0xAF, 0x2D, 0x88, 0xAC,
    0x8E, 0xCA, 0x71, 0x54, 0x0E, 0xA3, 0xB2, 0xDF, 0xE1, 0x7D, 0x5C, 0xF8, 0x1E, 0x47, 0x61, 0x1B,
    0x2F, 0x1E, 0xC2, 0x6D, 0x4F, 0x71, 0x8D, 0x0C, 0x6B, 0x49, 0x2B, 0x31, 0x1E, 0xB4, 0x0C, 0x9B,
    0xC2, 0x22, 0x03, 0x2D, 0x51, 0x92, 0xCA, 0xE3, 0x24, 0x68, 0x8B, 0x45, 0xF7, 0xCA, 0x57, 0x7D,
    0x93, 0x3F, 0x88, 0x13, 0x41, 0x14, 0x87, 0xBF, 0xC9, 0x06, 0x16, 0x9D, 0xBB, 0x4C, 0x7A, 0x74,
    0xB5, 0x67, 0x2E, 0xD5, 0x15, 0x5B, 0xEC, 0x79, 0xD3, 0x83, 0x85, 0x7D, 0x63, 0x5F, 0x8D, 0x58,
    0x68, 0x73, 0x64, 0xAF, 0xB7, 0x10, 0xFB, 0xBE, 0x4E, 0x91, 0xC2, 0xEE, 0x86, 0xB4, 0x16, 0xA6,
    0x07, 0x61, 0xE1, 0x4A, 0x15, 0xA6, 0x88, 0x90, 0x22, 0x3A, 0xBE, 0x07, 0xA2, 0xC1, 0x4B, 0x0E,
    0xF6, 0x31, 0xFB, 0xFE, 0xFD, 0xBE, 0xE1, 0x0D, 0x8F, 0x00, 0x66, 0x80, 0xBA, 0x87, 0x19, 0x30,
    0x2F, 0x45, 0x4F, 0xF5, 0x35, 0x0E, 0x01, 0x78, 0x0A, 0x5B, 0xAA, 0x5F, 0xB8, 0x37, 0x7D, 0xF7,
    0x6A, 0x4D, 0xE4, 0xBE, 0xCF, 0x00, 0x55, 0x02, 0x32, 0xD0, 0xA9, 0xA0, 0x9E, 0xEA, 0x6B, 0x1C,
    0x0C, 0xDC, 0xAF, 0x20, 0x08, 0x01, 0x09, 0x8E, 0xAD, 0xA2, 0x09, 0x81, 0x6A, 0xB5, 0xC6, 0x85,
    0x25, 0x1D, 0x33, 0x6E, 0x4A, 0x09, 0x7A, 0xAA, 0xAF, 0x71, 0xCD, 0xF3, 0x12, 0xB3, 0xA3, 0x2E,
    0x34, 0xAF, 0x53, 0x1B, 0xFF, 0xBF, 0xA1, 0x44, 0x24, 0x2E, 0x59, 0xA9, 0x91, 0xCA, 0xB2, 0x41,
    0xCE, 0xAF, 0x70, 0x9B, 0x18, 0x32, 0xEF, 0x3B, 0x70, 0x7A, 0x35, 0xC8, 0xD0, 0x02, 0x5C, 0xFE,
    0x84, 0x2B, 0x46, 0x5F, 0xB0, 0xCF, 0x39, 0x3B, 0x65, 0xF9, 0x60, 0xB4, 0xC6, 0x06, 0xCE, 0xE0,
    0x1C, 0x00, 0xF4, 0x47, 0x5C, 0x0D, 0x4A, 0x4A, 0x0A, 0xA4, 0x4C, 0x8A, 0xB5, 0x85, 0x2B, 0x6D,
    0x07, 0x68, 0x21, 0xAB, 0xAC, 0x53, 0x84, 0x80, 0x04, 0x27, 0xD0, 0x1D, 0x7A, 0x01, 0x08, 0xC0,
    0x16, 0x98, 0x41, 0xB0, 0x98, 0xA1, 0xA6, 0xEE, 0xAD, 0x78, 0x0D, 0x73, 0xC9, 0xDF, 0x79, 0x02,
    0x31, 0x97, 0xE0, 0x02, 0x88, 0x06, 0x16, 0xA2, 0x1B, 0xC9, 0xE2, 0x77, 0xD8, 0x43, 0x13, 0x9E,
    0xFE, 0x85, 0x73, 0x59, 0x76, 0x0E, 0x5F, 0x25, 0x4F, 0xF6, 0x4C, 0x3D, 0xDC, 0xF9, 0xC6, 0xD0,
    0x28, 0x4F, 0x70, 0x02, 0x8F, 0x66, 0x88, 0x75, 0x1F, 0x1B, 0xE2, 0xF8, 0xC0, 0xFB, 0x1C, 0x68,
    0x17, 0xCD, 0xAC, 0xFA, 0x42, 0x11, 0xD6, 0xBF, 0x59, 0x4E, 0x0F, 0xB4, 0xAB, 0x66, 0x83, 0xEA,
    0x1B, 0x65, 0x09, 0x51, 0xB9, 0x0D, 0x8C, 0xE1, 0xC9, 0x06, 0xDE, 0x36, 0x30, 0x58, 0x58, 0x57,
    0xC1, 0x24, 0x83, 0x49, 0xA8, 0xF1, 0x62, 0x05, 0xCB, 0x4F, 0x81, 0xD9, 0x77, 0xB0, 0x1B, 0xD0,
    0xA9, 0x03, 0xD8, 0x2D, 0x5C, 0x38, 0x88, 0x55, 0xCF, 0x62, 0x94, 0x60, 0xDF, 0x3E, 0xAC, 0xE0,
    0xC7, 0x67, 0x78, 0xF6, 0x0D, 0xDC, 0x9F, 0xD9, 0x00, 0xB8, 0x22, 0xD6, 0xC3, 0x24, 0x53, 0xBD,
    0xFB, 0xC8, 0xE4, 0xC4, 0xE3, 0x4F, 0x26, 0x9C, 0x63, 0x89, 0xD4, 0x7B, 0xF6, 0x90, 0x96, 0x53,
    0x24, 0x8B, 0x0D, 0x0B, 0x4C, 0xE9, 0x99, 0xEF, 0x00, 0xB1, 0x5A, 0xCC, 0xF9, 0x01, 0xEF, 0x5B,
    0x5A, 0xFF, 0x88, 0xC8, 0x84, 0xB8, 0xD7, 0xAF, 0x5A, 0x2D, 0x13, 0x1E, 0xE3, 0xA9, 0xC3, 0x12,
    0x6E, 0xFA, 0xE3, 0x9B, 0x11, 0x32, 0xE6, 0x36, 0x51, 0x5F, 0x1F, 0x5F, 0xC1, 0xA3, 0x6B, 0x7A,
    0x0D, 0xDA, 0x4B, 0x38, 0xBE, 0x6D, 0xBF, 0x01, 0x95, 0xCF, 0x01, 0xA6, 0x1B, 0x51, 0x00, 0x85,
    0xE1, 0x2F, 0x19, 0x0C, 0xAE, 0x26, 0x0B, 0x68, 0x93, 0x00, 0x28, 0xA9, 0x07, 0x0F, 0x97, 0x8E,
    0x26, 0xBB, 0xE8, 0x32, 0x1A, 0xED, 0x00, 0x4A, 0x6E, 0x77, 0x34, 0xAA, 0xF4, 0x01, 0xB9, 0xED,
    0x0A, 0x86, 0x6E, 0x60, 0xAA, 0x1B, 0xB8, 0x28, 0x52, 0xBC, 0x37, 0x9D, 0x41, 0x00, 0x68, 0x39,
    0xF8, 0xFD, 0xCE, 0xC1, 0xA9, 0x7B, 0x3E, 0xB2, 0xA6, 0x4A, 0xF5, 0x9F, 0xBC, 0xAD, 0x87, 0xA8,
    0xB4, 0xBA, 0xEE, 0x96, 0x89, 0xA3, 0x61, 0x5B, 0xE7, 0xE5, 0x13, 0x6F, 0x38, 0xF3, 0x95, 0x5F,
    0x69, 0xF1, 0x23, 0x2F, 0xBF, 0xE7, 0xEA, 0x5B, 0x5F, 0xA5, 0x12, 0x8E, 0xDD, 0x5A, 0xBB, 0x12,
    0x37, 0x9A, 0xC6, 0xAB, 0xC6, 0xF6, 0x30, 0x3E, 0x9D, 0xC7, 0xD2, 0xFA, 0xD7, 0x5C, 0xC6, 0xF2,
    0x40, 0xC3, 0x8E, 0x90, 0x54, 0x99, 0xC2, 0x17, 0x1A, 0x36, 0x34, 0x33, 0x2B, 0xB3, 0x0F, 0xC9,
    0x8E, 0x86, 0x07, 0xA6, 0xD5, 0x65, 0xFC, 0x4D, 0xC0, 0x33, 0xEC, 0xD1, 0x62, 0x60, 0x91, 0x01,
    0xC0, 0x32, 0x53, 0x1D, 0x6F, 0x4D, 0x22, 0x4E, 0x60, 0x8D, 0x15, 0x36, 0xD8, 0xBB, 0x88, 0x53,
    0xEF, 0x5E, 0x95, 0x4E, 0xD3, 0xA6, 0xB3, 0xC8, 0x03, 0x7D, 0xCF, 0xCF, 0xCC, 0xE7, 0xC4, 0x87,
    0x23, 0xAF, 0x71, 0x60, 0x97, 0xAF, 0xEE, 0xDF, 0x07, 0xDD, 0xCB, 0x5A, 0xF7, 0xA2, 0x3A, 0x76,
    0x9B, 0x5A, 0xFB, 0x36, 0xD8, 0x7D, 0xBA, 0x12, 0x1E, 0xED, 0x69, 0xFE, 0x33, 0xD1, 0xB9, 0xB8,
    0xEB, 0x4F, 0xDD, 0xBB, 0x9E, 0x1B, 0x54, 0x47, 0xC1, 0xFC, 0x33, 0x72, 0x62, 0x98, 0xB9, 0x66,
    0x05, 0x2C, 0xE6, 0xC1, 0xF2, 0xEA, 0x2E, 0x89, 0x1C, 0x92, 0x89, 0x27, 0x33, 0x7B, 0x70, 0x18,
    0x0B, 0x22, 0xB3, 0x7B, 0xE4, 0xF9, 0x40, 0x11, 0xFA, 0x89, 0x27, 0x13, 0x71, 0xAB, 0xFD, 0x05,
    0x63, 0xFA, 0x53, 0xC3, 0xCD, 0x00, 0x44, 0x0C, 0x10, 0x64, 0xFF, 0xFF, 0x07, 0x37, 0x83, 0x05,
    0x1E, 0xC4, 0xF4, 0x17, 0x85, 0x6B, 0x0F, 0xE2, 0xE2, 0x43, 0x00,
};

static const EpdGlyph terminalmono_10_regularGlyphs[] = {
    { 0, 0, 0, 0, 0, 0, 0 }, // U+0000
    { 0, 0, 200, 0, 0, 0, 0 }, // U+000D
    { 0, 0, 200, 0, 0, 0, 0 }, // U+0020
    { 4, 15, 200, 4, 15, 15, 0 }, // !
    { 6, 6, 200, 3, 16, 9, 15 }, // "
    { 13, 15, 200, 0, 15, 49, 24 }, // #
    { 11, 19, 200, 1, 17, 53, 73 }, // $
    { 13, 15, 200, 0, 15, 49, 126 }, // %
    { 13, 15, 200, 0, 15, 49, 175 }, // &
    { 3, 6, 200, 5, 16, 5, 224 }, // '
    { 7, 19, 200, 4, 16, 34, 229 }, // (
    { 7, 19, 200, 2, 16, 34, 263 }, // )
    { 12, 11, 200, 0, 12, 33, 297 }, // *
    { 11, 11, 200, 1, 12, 31, 330 }, // +
    { 5, 6, 200, 4, 3, 8, 361 }, // ,
    { 7, 1, 200, 3, 7, 2, 369 }, // -
    { 4, 3, 200, 4, 3, 3, 371 }, // .
    { 10, 19, 200, 1, 16, 48, 374 }, // /
    { 11, 15, 200, 1, 15, 42, 422 }, // 0
    { 11, 15, 200, 1, 15, 42, 464 }, // 1
    { 11, 15, 200, 1, 15, 42, 506 }, // 2
    { 10, 15, 200, 1, 15, 38, 548 }, // 3
    { 12, 15, 200, 0, 15, 45, 586 }, // 4
    { 11, 15, 200, 1, 15, 42, 631 }, // 5
    { 11, 15, 200, 1, 15, 42, 673 }, // 6
    { 11, 15, 200, 1, 15, 42, 715 }, // 7
    { 11, 15, 200, 1, 15, 42, 757 }, // 8
    { 11, 15, 200, 1, 15, 42, 799 }, // 9
    { 4, 11, 200, 4, 11, 11, 841 }, // :
    { 5, 14, 200, 4, 11, 18, 852 }, // ;
    { 10, 12, 200, 1, 12, 30, 870 }, // <
    { 11, 5, 200, 1, 9, 14, 900 }, // =
    { 10, 12, 200, 1, 12, 30, 914 }, // >
    { 10, 15, 200, 1, 15, 38, 944 }, // ?
    { 11, 17, 200, 1, 15, 47, 982 }, // @
    { 12, 15, 200, 0, 15, 45, 1029 }, // A
    { 11, 15, 200, 1, 15, 42, 1074 }, // B
    { 11, 15, 200, 1, 15, 42, 1116 }, // C
    { 10, 15, 200, 2, 15, 38, 1158 }, // D
    { 10, 15, 200, 1, 15, 38, 1196 }, // E
    { 11, 15, 200, 1, 15, 42, 1234 }, // F
    { 10, 15, 200, 1, 15, 38, 1276 }, // G
    { 10, 15, 200, 1, 15, 38, 1314 }, // H
    { 10, 15, 200, 1, 15, 38, 1352 }, // I
    { 10, 15, 200, 1, 15, 38, 1390 }, // J
    { 12, 15, 200, 1, 15, 45, 1428 }, // K
    { 10, 15, 200, 2, 15, 38, 1473 }, // L
    { 11, 15, 200, 1, 15, 42, 1511 }, // M
    { 10, 15, 200, 1, 15, 38, 1553 }, // N
    { 11, 15, 200, 1, 15, 42, 1591 }, // O
    { 11, 15, 200, 1, 15, 42, 1633 }, // P
    { 11, 18, 200, 1, 15, 50, 1675 }, // Q
    { 11, 15, 200, 1, 15, 42, 1725 }, // R
    { 12, 15, 200, 0, 15, 45, 1767 }, // S
    { 13, 15, 200, 0, 15, 49, 1812 }, // T
    { 10, 15, 200, 1, 15, 38, 1861 }, // U
    { 12, 15, 200, 0, 15, 45, 1899 }, // V
    { 12, 15, 200, 0, 15, 45, 1944 }, // W
    { 13, 15, 200, 0, 15, 49, 1989 }, // X
    { 13, 15, 200, 0, 15, 49, 2038 }, // Y
    { 11, 15, 200, 1, 15, 42, 2087 }, // Z
    { 7, 19, 200, 4, 16, 34, 2129 }, // [
    { 10, 19, 200, 1, 16, 48, 2163 }, // <backslash>
    { 6, 19, 200, 2, 16, 29, 2211 }, // ]
    { 12, 9, 200, 0, 15, 27, 2240 }, // ^
    { 11, 1, 200, 1, -2, 3, 2267 }, // _
    { 5, 5, 200, 3, 17, 7, 2270 }, // `
    { 11, 11, 200, 1, 11, 31, 2277 }, // a
    { 10, 16, 200, 2, 16, 40, 2308 }, // b
    { 10, 11, 200, 1, 11, 28, 2348 }, // c
    { 10, 16, 200, 1, 16, 40, 2376 }, // d
    { 11, 11, 200, 1, 11, 31, 2416 }, // e
    { 11, 16, 200, 1, 16, 44, 2447 }, // f
    { 11, 16, 200, 1, 12, 44, 2491 }, // g
    { 9, 16, 200, 2, 16, 36, 2535 }, // h
    { 10, 16, 200, 2, 16, 40, 2571 }, // i
    { 9, 20, 200, 1, 16, 45, 2611 }, // j
    { 11, 16, 200, 2, 16, 44, 2656 }, // k
    { 10, 16, 200, 1, 16, 40, 2700 }, // l
    { 11, 11, 200, 1, 11, 31, 2740 }, // m
    { 9, 11, 200, 2, 11, 25, 2771 }, // n
    { 11, 11, 200, 1, 11, 31, 2796 }, // o
    { 10, 15, 200, 2, 11, 38, 2827 }, // p
    { 10, 15, 200, 1, 11, 38, 2865 }, // q
    { 11, 11, 200, 1, 11, 31, 2903 }, // r
    { 10, 11, 200, 1, 11, 28, 2934 }, // s
    { 12, 15, 200, 0, 15, 45, 2962 }, // t
    { 10, 11, 200, 1, 11, 28, 3007 }, // u
    { 11, 11, 200, 1, 11, 31, 3035 }, // v
    { 12, 11, 200, 0, 11, 33, 3066 }, // w
    { 11, 11, 200, 1, 11, 31, 3099 }, // x
    { 11, 15, 200, 1, 11, 42, 3130 }, // y
    { 10, 11, 200, 1, 11, 28, 3172 }, // z
    { 9, 19, 200, 2, 16, 43, 3200 }, // {
    { 3, 19, 200, 5, 16, 15, 3243 }, // |
    { 9, 19, 200, 2, 16, 43, 3258 }, // }
    { 11, 4, 200, 1, 8, 11, 3301 }, // ~
    { 0, 0, 200, 0, 0, 0, 0 }, // U+00A0
    { 4, 16, 200, 4, 11, 16, 0 }, // U+00A1
    { 10, 15, 200, 1, 13, 38, 16 }, // U+00A2
    { 11, 15, 200, 1, 15, 42, 54 }, // U+00A3
    { 10, 16, 200, 1, 15, 40, 96 }, // U+00A4
    { 13, 15, 200, 0, 15, 49, 136 }, // U+00A5
    { 3, 19, 200, 5, 16, 15, 185 }, // U+00A6
    { 10, 18, 200, 1, 15, 45, 200 }, // U+00A7
    { 7, 2, 200, 3, 15, 4, 245 }, // U+00A8
    { 13, 14, 200, 0, 14, 46, 249 }, // U+00A9
    { 8, 7, 200, 2, 15, 14, 295 }, // U+00AA
    { 11, 9, 200, 1, 10, 25, 309 }, // U+00AB
    { 10, 6, 200, 1, 7, 15, 334 }, // U+00AC
    { 7, 1, 200, 3, 7, 2, 349 }, // U+00AD
    { 9, 8, 200, 2, 15, 18, 351 }, // U+00AE
    { 7, 1, 200, 3, 15, 2, 369 }, // U+00AF
    { 8, 7, 200, 2, 15, 14, 371 }, // U+00B0
    { 11, 14, 200, 1, 14, 39, 385 }, // U+00B1
    { 7, 8, 200, 3, 15, 14, 424 }, // U+00B2
    { 7, 8, 200, 3, 15, 14, 438 }, // U+00B3
    { 4, 5, 200, 5, 17, 5, 452 }, // U+00B4
    { 9, 15, 200, 2, 11, 34, 457 }, // U+00B5
    { 11, 18, 200, 0, 15, 50, 491 }, // U+00B6
    { 4, 3, 200, 4, 8, 3, 541 }, // U+00B7
    { 5, 6, 200, 4, 0, 8, 544 }, // U+00B8
    { 7, 8, 200, 3, 15, 14, 552 }, // U+00B9
    { 8, 8, 200, 2, 15, 16, 566 }, // U+00BA
    { 11, 9, 200, 1, 10, 25, 582 }, // U+00BB
    { 13, 15, 200, 0, 15, 49, 607 }, // U+00BC
    { 13, 15, 200, 0, 15, 49, 656 }, // U+00BD
    { 13, 15, 200, 0, 15, 49, 705 }, // U+00BE
    { 10, 15, 200, 1, 11, 38, 754 }, // U+00BF
    { 12, 21, 200, 0, 21, 63, 792 }, // U+00C0
    { 12, 21, 200, 0, 21, 63, 855 }, // U+00C1
    { 12, 20, 200, 0, 20, 60, 918 }, // U+00C2
    { 12, 19, 200, 0, 19, 57, 978 }, // U+00C3
    { 12, 19, 200, 0, 19, 57, 1035 }, // U+00C4
    { 12, 21, 200, 0, 21, 63, 1092 }, // U+00C5
    { 12, 15, 200, 0, 15, 45, 1155 }, // U+00C6
    { 11, 20, 200, 1, 15, 55, 1200 }, // U+00C7
    { 10, 21, 200, 1, 21, 53, 1255 }, // U+00C8
    { 10, 21, 200, 1, 21, 53, 1308 }, // U+00C9
    { 10, 20, 200, 1, 20, 50, 1361 }, // U+00CA
    { 10, 19, 200, 1, 19, 48, 1411 }, // U+00CB
    { 10, 21, 200, 1, 21, 53, 1459 }, // U+00CC
    { 10, 21, 200, 1, 21, 53, 1512 }, // U+00CD
    { 10, 20, 200, 1, 20, 50, 1565 }, // U+00CE
    { 10, 19, 200, 1, 19, 48, 1615 }, // U+00CF
    { 12, 15, 200, 0, 15, 45, 1663 }, // U+00D0
    { 10, 19, 200, 1, 19, 48, 1708 }, // U+00D1
    { 11, 21, 200, 1, 21, 58, 1756 }, // U+00D2
    { 11, 21, 200, 1, 21, 58, 1814 }, // U+00D3
    { 11, 20, 200, 1, 20, 55, 1872 }, // U+00D4
    { 11, 19, 200, 1, 19, 53, 1927 }, // U+00D5
    { 11, 19, 200, 1, 19, 53, 1980 }, // U+00D6
    { 10, 9, 200, 1, 11, 23, 2033 }, // U+00D7
    { 12, 17, 200, 0, 16, 51, 2056 }, // U+00D8
    { 10, 21, 200, 1, 21, 53, 2107 }, // U+00D9
    { 10, 21, 200, 1, 21, 53, 2160 }, // U+00DA
    { 10, 20, 200, 1, 20, 50, 2213 }, // U+00DB
    { 10, 19, 200, 1, 19, 48, 2263 }, // U+00DC
    { 13, 21, 200, 0, 21, 69, 2311 }, // U+00DD
    { 11, 15, 200, 1, 15, 42, 2380 }, // U+00DE
    { 11, 20, 200, 2, 16, 55, 2422 }, // U+00DF
    { 11, 17, 200, 1, 17, 47, 2477 }, // U+00E0
    { 11, 17, 200, 1, 17, 47, 2524 }, // U+00E1
    { 11, 16, 200, 1, 16, 44, 2571 }, // U+00E2
    { 11, 15, 200, 1, 15, 42, 2615 }, // U+00E3
    { 11, 15, 200, 1, 15, 42, 2657 }, // U+00E4
    { 11, 17, 200, 1, 17, 47, 2699 }, // U+00E5
    { 13, 11, 200, 0, 11, 36, 2746 }, // U+00E6
    { 10, 16, 200, 1, 11, 40, 2782 }, // U+00E7
    { 11, 17, 200, 1, 17, 47, 2822 }, // U+00E8
    { 11, 17, 200, 1, 17, 47, 2869 }, // U+00E9
    { 11, 16, 200, 1, 16, 44, 2916 }, // U+00EA
    { 11, 15, 200, 1, 15, 42, 2960 }, // U+00EB
    { 10, 17, 200, 2, 17, 43, 3002 }, // U+00EC
    { 10, 17, 200, 2, 17, 43, 3045 }, // U+00ED
    { 10, 16, 200, 2, 16, 40, 3088 }, // U+00EE
    { 10, 15, 200, 2, 15, 38, 3128 }, // U+00EF
    { 11, 17, 200, 1, 17, 47, 3166 }, // U+00F0
    { 9, 15, 200, 2, 15, 34, 3213 }, // U+00F1
    { 11, 17, 200, 1, 17, 47, 3247 }, // U+00F2
    { 11, 17, 200, 1, 17, 47, 3294 }, // U+00F3
    { 11, 16, 200, 1, 16, 44, 3341 }, // U+00F4
    { 11, 15, 200, 1, 15, 42, 3385 }, // U+00F5
    { 11, 15, 200, 1, 15, 42, 3427 }, // U+00F6
    { 11, 9, 200, 1, 11, 25, 3469 }, // U+00F7
    { 12, 13, 200, 0, 12, 39, 3494 }, // U+00F8
    { 10, 17, 200, 1, 17, 43, 3533 }, // U+00F9
    { 10, 17, 200, 1, 17, 43, 3576 }, // U+00FA
    { 10, 16, 200, 1, 16, 40, 3619 }, // U+00FB
    { 10, 15, 200, 1, 15, 38, 3659 }, // U+00FC
    { 11, 21, 200, 1, 17, 58, 3697 }, // U+00FD
    { 10, 20, 200, 2, 16, 50, 3755 }, // U+00FE
    { 11, 19, 200, 1, 15, 53, 3805 }, // U+00FF
    { 12, 18, 200, 0, 18, 54, 0 }, // U+0100
    { 11, 15, 200, 1, 15, 42, 54 }, // U+0101
    { 12, 20, 200, 0, 20, 60, 96 }, // U+0102
    { 11, 17, 200, 1, 17, 47, 156 }, // U+0103
    { 13, 19, 200, 0, 15, 62, 203 }, // U+0104
    { 11, 15, 200, 1, 11, 42, 265 }, // U+0105
    { 11, 21, 200, 1, 21, 58, 307 }, // U+0106
    { 10, 17, 200, 1, 17, 43, 365 }, // U+0107
    { 11, 20, 200, 1, 20, 55, 408 }, // U+0108
    { 10, 16, 200, 1, 16, 40, 463 }, // U+0109
    { 11, 18, 200, 1, 18, 50, 503 }, // U+010A
    { 10, 15, 200, 1, 15, 38, 553 }, // U+010B
    { 11, 20, 200, 1, 20, 55, 591 }, // U+010C
    { 10, 16, 200, 1, 16, 40, 646 }, // U+010D
    { 10, 20, 200, 2, 20, 50, 686 }, // U+010E
    { 14, 16, 200, 0, 16, 56, 736 }, // U+010F
    { 12, 15, 200, 0, 15, 45, 792 }, // U+0110
    { 11, 16, 200, 1, 16, 44, 837 }, // U+0111
    { 10, 18, 200, 1, 18, 45, 881 }, // U+0112
    { 11, 15, 200, 1, 15, 42, 926 }, // U+0113
    { 10, 20, 200, 1, 20, 50, 968 }, // U+0114
    { 11, 17, 200, 1, 17, 47, 1018 }, // U+0115
    { 10, 18, 200, 1, 18, 45, 1065 }, // U+0116
    { 11, 15, 200, 1, 15, 42, 1110 }, // U+0117
    { 11, 19, 200, 1, 15, 53, 1152 }, // U+0118
    { 11, 15, 200, 1, 11, 42, 1205 }, // U+0119
    { 10, 20, 200, 1, 20, 50, 1247 }, // U+011A
    { 11, 16, 200, 1, 16, 44, 1297 }, // U+011B
    { 10, 20, 200, 1, 20, 50, 1341 }, // U+011C
    { 11, 20, 200, 1, 16, 55, 1391 }, // U+011D
    { 10, 20, 200, 1, 20, 50, 1446 }, // U+011E
    { 11, 21, 200, 1, 17, 58, 1496 }, // U+011F
    { 10, 18, 200, 1, 18, 45, 1554 }, // U+0120
    { 11, 19, 200, 1, 15, 53, 1599 }, // U+0121
    { 10, 20, 200, 1, 15, 50, 1652 }, // U+0122
    { 11, 20, 200, 1, 16, 55, 1702 }, // U+0123
    { 10, 20, 200, 1, 20, 50, 1757 }, // U+0124
    { 12, 20, 200, -1, 20, 60, 1807 }, // U+0125
    { 13, 15, 200, 0, 15, 49, 1867 }, // U+0126
    { 11, 16, 200, 0, 16, 44, 1916 }, // U+0127
    { 10, 19, 200, 1, 19, 48, 1960 }, // U+0128
    { 10, 15, 200, 2, 15, 38, 2008 }, // U+0129
    { 10, 18, 200, 1, 18, 45, 2046 }, // U+012A
    { 10, 15, 200, 2, 15, 38, 2091 }, // U+012B
    { 10, 20, 200, 1, 20, 50, 2129 }, // U+012C
    { 10, 17, 200, 2, 17, 43, 2179 }, // U+012D
    { 11, 19, 200, 1, 15, 53, 2222 }, // U+012E
    { 10, 20, 200, 2, 16, 50, 2275 }, // U+012F
    { 10, 18, 200, 1, 18, 45, 2325 }, // U+0130
    { 10, 11, 200, 2, 11, 28, 2370 }, // U+0131
    { 10, 15, 200, 1, 15, 38, 2398 }, // U+0132
    { 10, 20, 200, 1, 16, 50, 2436 }, // U+0133
    { 10, 20, 200, 1, 20, 50, 2486 }, // U+0134
    { 11, 20, 200, 1, 16, 55, 2536 }, // U+0135
    { 12, 20, 200, 1, 15, 60, 2591 }, // U+0136
    { 11, 21, 200, 2, 16, 58, 2651 }, // U+0137
    { 11, 11, 200, 2, 11, 31, 2709 }, // U+0138
    { 10, 21, 200, 2, 21, 53, 2740 }, // U+0139
    { 10, 22, 200, 1, 22, 55, 2793 }, // U+013A
    { 10, 20, 200, 2, 15, 50, 2848 }, // U+013B
    { 10, 21, 200, 1, 16, 53, 2898 }, // U+013C
    { 10, 16, 200, 2, 16, 40, 2951 }, // U+013D
    { 11, 16, 200, 1, 16, 44, 2991 }, // U+013E
    { 10, 15, 200, 2, 15, 38, 3035 }, // U+013F
    { 12, 16, 200, 1, 16, 48, 3073 }, // U+0140
    { 12, 15, 200, 0, 15, 45, 3121 }, // U+0141
    { 10, 16, 200, 1, 16, 40, 3166 }, // U+0142
    { 10, 21, 200, 1, 21, 53, 3206 }, // U+0143
    { 9, 17, 200, 2, 17, 39, 3259 }, // U+0144
    { 10, 20, 200, 1, 15, 50, 3298 }, // U+0145
    { 9, 16, 200, 2, 11, 36, 3348 }, // U+0146
    { 10, 20, 200, 1, 20, 50, 3384 }, // U+0147
    { 9, 16, 200, 2, 16, 36, 3434 }, // U+0148
    { 11, 16, 200, 0, 16, 44, 3470 }, // U+0149
    { 10, 19, 200, 1, 15, 48, 3514 }, // U+014A
    { 9, 15, 200, 2, 11, 34, 3562 }, // U+014B
    { 11, 18, 200, 1, 18, 50, 3596 }, // U+014C
    { 11, 15, 200, 1, 15, 42, 3646 }, // U+014D
    { 11, 20, 200, 1, 20, 55, 3688 }, // U+014E
    { 11, 17, 200, 1, 17, 47, 3743 }, // U+014F
    { 11, 21, 200, 1, 21, 58, 3790 }, // U+0150
    { 11, 17, 200, 1, 17, 47, 3848 }, // U+0151
    { 12, 15, 200, 0, 15, 45, 3895 }, // U+0152
    { 13, 11, 200, 0, 11, 36, 3940 }, // U+0153
    { 11, 21, 200, 1, 21, 58, 3976 }, // U+0154
    { 11, 17, 200, 1, 17, 47, 4034 }, // U+0155
    { 11, 20, 200, 1, 15, 55, 4081 }, // U+0156
    { 11, 16, 200, 1, 11, 44, 4136 }, // U+0157
    { 11, 20, 200, 1, 20, 55, 4180 }, // U+0158
    { 11, 16, 200, 1, 16, 44, 4235 }, // U+0159
    { 12, 21, 200, 0, 21, 63, 4279 }, // U+015A
    { 10, 17, 200, 1, 17, 43, 4342 }, // U+015B
    { 12, 20, 200, 0, 20, 60, 4385 }, // U+015C
    { 10, 16, 200, 1, 16, 40, 4445 }, // U+015D
    { 12, 20, 200, 0, 15, 60, 4485 }, // U+015E
    { 10, 16, 200, 1, 11, 40, 4545 }, // U+015F
    { 12, 20, 200, 0, 20, 60, 4585 }, // U+0160
    { 10, 16, 200, 1, 16, 40, 4645 }, // U+0161
    { 13, 20, 200, 0, 15, 65, 4685 }, // U+0162
    { 12, 20, 200, 0, 15, 60, 4750 }, // U+0163
    { 13, 20, 200, 0, 20, 65, 4810 }, // U+0164
    { 12, 16, 200, 0, 16, 48, 4875 }, // U+0165
    { 13, 15, 200, 0, 15, 49, 4923 }, // U+0166
    { 12, 15, 200, 0, 15, 45, 4972 }, // U+0167
    { 10, 19, 200, 1, 19, 48, 5017 }, // U+0168
    { 10, 15, 200, 1, 15, 38, 5065 }, // U+0169
    { 10, 18, 200, 1, 18, 45, 5103 }, // U+016A
    { 10, 15, 200, 1, 15, 38, 5148 }, // U+016B
    { 10, 20, 200, 1, 20, 50, 5186 }, // U+016C
    { 10, 17, 200, 1, 17, 43, 5236 }, // U+016D
    { 10, 21, 200, 1, 21, 53, 5279 }, // U+016E
    { 10, 17, 200, 1, 17, 43, 5332 }, // U+016F
    { 10, 21, 200, 1, 21, 53, 5375 }, // U+0170
    { 10, 17, 200, 1, 17, 43, 5428 }, // U+0171
    { 10, 19, 200, 1, 15, 48, 5471 }, // U+0172
    { 10, 15, 200, 1, 11, 38, 5519 }, // U+0173
    { 12, 20, 200, 0, 20, 60, 5557 }, // U+0174
    { 12, 16, 200, 0, 16, 48, 5617 }, // U+0175
    { 13, 20, 200, 0, 20, 65, 5665 }, // U+0176
    { 11, 20, 200, 1, 16, 55, 5730 }, // U+0177
    { 13, 19, 200, 0, 19, 62, 5785 }, // U+0178
    { 11, 21, 200, 1, 21, 58, 5847 }, // U+0179
    { 10, 17, 200, 1, 17, 43, 5905 }, // U+017A
    { 11, 18, 200, 1, 18, 50, 5948 }, // U+017B
    { 10, 15, 200, 1, 15, 38, 5998 }, // U+017C
    { 11, 20, 200, 1, 20, 55, 6036 }, // U+017D
    { 10, 16, 200, 1, 16, 40, 6091 }, // U+017E
    { 11, 16, 200, 1, 16, 44, 6131 }, // U+017F
    { 11, 17, 200, 1, 17, 47, 0 }, // U+01A0
    { 11, 13, 200, 1, 13, 36, 47 }, // U+01A1
    { 12, 17, 200, 1, 17, 51, 83 }, // U+01AF
    { 12, 13, 200, 1, 13, 39, 134 }, // U+01B0
    { 12, 20, 200, 0, 20, 60, 173 }, // U+01CD
    { 11, 16, 200, 1, 16, 44, 233 }, // U+01CE
    { 10, 20, 200, 1, 20, 50, 277 }, // U+01CF
    { 10, 16, 200, 2, 16, 40, 327 }, // U+01D0
    { 11, 20, 200, 1, 20, 55, 367 }, // U+01D1
    { 11, 16, 200, 1, 16, 44, 422 }, // U+01D2
    { 10, 20, 200, 1, 20, 50, 466 }, // U+01D3
    { 10, 16, 200, 1, 16, 40, 516 }, // U+01D4
    { 10, 20, 200, 1, 20, 50, 556 }, // U+01D5
    { 10, 17, 200, 1, 17, 43, 606 }, // U+01D6
    { 10, 23, 200, 1, 23, 58, 649 }, // U+01D7
    { 10, 20, 200, 1, 20, 50, 707 }, // U+01D8
    { 10, 23, 200, 1, 23, 58, 757 }, // U+01D9
    { 10, 20, 200, 1, 20, 50, 815 }, // U+01DA
    { 10, 23, 200, 1, 23, 58, 865 }, // U+01DB
    { 10, 20, 200, 1, 20, 50, 923 }, // U+01DC
    { 12, 25, 200, 0, 25, 75, 973 }, // U+01FA
    { 11, 22, 200, 1, 22, 61, 1048 }, // U+01FB
    { 12, 21, 200, 0, 21, 63, 1109 }, // U+01FC
    { 13, 17, 200, 0, 17, 56, 1172 }, // U+01FD
    { 12, 22, 200, 0, 21, 66, 1228 }, // U+01FE
    { 12, 18, 200, 0, 17, 54, 1294 }, // U+01FF
    { 12, 20, 200, 0, 15, 60, 1348 }, // U+0218
    { 10, 16, 200, 1, 11, 40, 1408 }, // U+0219
    { 13, 20, 200, 0, 15, 65, 1448 }, // U+021A
    { 12, 20, 200, 0, 15, 60, 1513 }, // U+021B
    { 4, 5, 0, -3, 17, 5, 0 }, // U+0300
    { 4, 5, 0, -1, 17, 5, 5 }, // U+0301
    { 8, 4, 0, -4, 16, 8, 10 }, // U+0302
    { 8, 2, 0, -4, 15, 4, 18 }, // U+0303
    { 6, 1, 0, -3, 15, 2, 22 }, // U+0304
    { 8, 4, 0, -4, 17, 8, 24 }, // U+0306
    { 4, 2, 0, -2, 15, 2, 32 }, // U+0307
    { 8, 2, 0, -4, 15, 4, 34 }, // U+0308
    { 4, 4, 0, -2, 16, 4, 38 }, // U+0309
    { 6, 5, 0, -3, 17, 8, 42 }, // U+030A
    { 8, 5, 0, -3, 17, 10, 50 }, // U+030B
    { 8, 4, 0, -4, 16, 8, 60 }, // U+030C
    { 4, 4, 0, -2, 16, 4, 68 }, // U+0312
    { 3, 4, 0, 0, 16, 3, 72 }, // U+0315
    { 4, 3, 0, -2, 13, 3, 75 }, // U+031B
    { 4, 2, 0, -2, -1, 2, 78 }, // U+0323
    { 4, 4, 0, -2, -1, 4, 80 }, // U+0326
    { 5, 6, 0, -2, 0, 8, 84 }, // U+0327
    { 5, 5, 0, -4, 1, 7, 92 }, // U+0328
    { 10, 21, 200, 1, 21, 53, 0 }, // U+0400
    { 10, 19, 200, 1, 19, 48, 53 }, // U+0401
    { 12, 18, 200, 0, 15, 54, 101 }, // U+0402
    { 9, 21, 200, 2, 21, 48, 155 }, // U+0403
    { 11, 15, 200, 1, 15, 42, 203 }, // U+0404
    { 12, 15, 200, 0, 15, 45, 245 }, // U+0405
    { 10, 15, 200, 1, 15, 38, 290 }, // U+0406
    { 10, 19, 200, 1, 19, 48, 328 }, // U+0407
    { 10, 15, 200, 1, 15, 38, 376 }, // U+0408
    { 14, 15, 200, -1, 15, 53, 414 }, // U+0409
    { 12, 15, 200, 1, 15, 45, 467 }, // U+040A
    { 12, 15, 200, 0, 15, 45, 512 }, // U+040B
    { 11, 21, 200, 1, 21, 58, 557 }, // U+040C
    { 10, 21, 200, 1, 21, 53, 615 }, // U+040D
    { 12, 20, 200, 0, 20, 60, 668 }, // U+040E
    { 10, 18, 200, 1, 15, 45, 728 }, // U+040F
    { 12, 15, 200, 0, 15, 45, 773 }, // U+0410
    { 11, 15, 200, 1, 15, 42, 818 }, // U+0411
    { 11, 15, 200, 1, 15, 42, 860 }, // U+0412
    { 9, 15, 200, 2, 15, 34, 902 }, // U+0413
    { 13, 18, 200, 0, 15, 59, 936 }, // U+0414
    { 10, 15, 200, 1, 15, 38, 995 }, // U+0415
    { 13, 15, 200, 0, 15, 49, 1033 }, // U+0416
    { 11, 15, 200, 0, 15, 42, 1082 }, // U+0417
    { 10, 15, 200, 1, 15, 38, 1124 }, // U+0418
    { 10, 20, 200, 1, 20, 50, 1162 }, // U+0419
    { 11, 15, 200, 1, 15, 42, 1212 }, // U+041A
    { 11, 15, 200, 0, 15, 42, 1254 }, // U+041B
    { 11, 15, 200, 1, 15, 42, 1296 }, // U+041C
    { 10, 15, 200, 1, 15, 38, 1338 }, // U+041D
    { 11, 15, 200, 1, 15, 42, 1376 }, // U+041E
    { 10, 15, 200, 1, 15, 38, 1418 }, // U+041F
    { 11, 15, 200, 1, 15, 42, 1456 }, // U+0420
    { 11, 15, 200, 1, 15, 42, 1498 }, // U+0421
    { 13, 15, 200, 0, 15, 49, 1540 }, // U+0422
    { 12, 15, 200, 0, 15, 45, 1589 }, // U+0423
    { 13, 16, 200, 0, 15, 52, 1634 }, // U+0424
    { 13, 15, 200, 0, 15, 49, 1686 }, // U+0425
    { 12, 18, 200, 1, 15, 54, 1735 }, // U+0426
    { 10, 15, 200, 1, 15, 38, 1789 }, // U+0427
    { 11, 15, 200, 1, 15, 42, 1827 }, // U+0428
    { 12, 18, 200, 1, 15, 54, 1869 }, // U+0429
    { 13, 15, 200, 0, 15, 49, 1923 }, // U+042A
    { 11, 15, 200, 1, 15, 42, 1972 }, // U+042B
    { 11, 15, 200, 1, 15, 42, 2014 }, // U+042C
    { 11, 15, 200, 1, 15, 42, 2056 }, // U+042D
    { 11, 15, 200, 1, 15, 42, 2098 }, // U+042E
    { 11, 15, 200, 0, 15, 42, 2140 }, // U+042F
    { 11, 11, 200, 1, 11, 31, 2182 }, // U+0430
    { 11, 16, 200, 1, 16, 44, 2213 }, // U+0431
    { 9, 11, 200, 2, 11, 25, 2257 }, // U+0432
    { 9, 11, 200, 2, 11, 25, 2282 }, // U+0433
    { 12, 14, 200, 0, 11, 42, 2307 }, // U+0434
    { 11, 11, 200, 1, 11, 31, 2349 }, // U+0435
    { 12, 11, 200, 0, 11, 33, 2380 }, // U+0436
    { 10, 11, 200, 1, 11, 28, 2413 }, // U+0437
    { 9, 11, 200, 2, 11, 25, 2441 }, // U+0438
    { 9, 17, 200, 2, 17, 39, 2466 }, // U+0439
    { 10, 11, 200, 2, 11, 28, 2505 }, // U+043A
    { 11, 11, 200, 0, 11, 31, 2533 }, // U+043B
    { 11, 11, 200, 1, 11, 31, 2564 }, // U+043C
    { 9, 11, 200, 2, 11, 25, 2595 }, // U+043D
    { 11, 11, 200, 1, 11, 31, 2620 }, // U+043E
    { 9, 11, 200, 2, 11, 25, 2651 }, // U+043F
    { 10, 15, 200, 2, 11, 38, 2676 }, // U+0440
    { 10, 11, 200, 1, 11, 28, 2714 }, // U+0441
    { 11, 11, 200, 1, 11, 31, 2742 }, // U+0442
    { 11, 15, 200, 1, 11, 42, 2773 }, // U+0443
    { 12, 19, 200, 0, 15, 57, 2815 }, // U+0444
    { 11, 11, 200, 1, 11, 31, 2872 }, // U+0445
    { 11, 14, 200, 1, 11, 39, 2903 }, // U+0446
    { 10, 11, 200, 1, 11, 28, 2942 }, // U+0447
    { 11, 11, 200, 1, 11, 31, 2970 }, // U+0448
    { 12, 14, 200, 1, 11, 42, 3001 }, // U+0449
    { 12, 11, 200, 0, 11, 33, 3043 }, // U+044A
    { 11, 11, 200, 1, 11, 31, 3076 }, // U+044B
    { 9, 11, 200, 2, 11, 25, 3107 }, // U+044C
    { 10, 11, 200, 1, 11, 28, 3132 }, // U+044D
    { 11, 11, 200, 1, 11, 31, 3160 }, // U+044E
    { 10, 11, 200, 1, 11, 28, 3191 }, // U+044F
    { 11, 17, 200, 1, 17, 47, 3219 }, // U+0450
    { 11, 15, 200, 1, 15, 42, 3266 }, // U+0451
    { 11, 20, 200, 0, 16, 55, 3308 }, // U+0452
    { 9, 17, 200, 2, 17, 39, 3363 }, // U+0453
    { 10, 11, 200, 1, 11, 28, 3402 }, // U+0454
    { 10, 11, 200, 1, 11, 28, 3430 }, // U+0455
    { 10, 16, 200, 2, 16, 40, 3458 }, // U+0456
    { 10, 15, 200, 2, 15, 38, 3498 }, // U+0457
    { 9, 20, 200, 1, 16, 45, 3536 }, // U+0458
    { 13, 11, 200, 0, 11, 36, 3581 }, // U+0459
    { 12, 11, 200, 1, 11, 33, 3617 }, // U+045A
    { 11, 16, 200, 0, 16, 44, 3650 }, // U+045B
    { 10, 17, 200, 2, 17, 43, 3694 }, // U+045C
    { 9, 17, 200, 2, 17, 39, 3737 }, // U+045D
    { 11, 21, 200, 1, 17, 58, 3776 }, // U+045E
    { 9, 14, 200, 2, 11, 32, 3834 }, // U+045F
    { 11, 15, 200, 1, 15, 42, 3866 }, // U+0472
    { 11, 11, 200, 1, 11, 31, 3908 }, // U+0473
    { 9, 18, 200, 2, 18, 41, 3939 }, // U+0490
    { 9, 14, 200, 2, 14, 32, 3980 }, // U+0491
    { 11, 15, 200, 1, 15, 42, 4012 }, // U+0492
    { 11, 11, 200, 0, 11, 31, 4054 }, // U+0493
    { 11, 18, 200, 1, 15, 50, 4085 }, // U+0494
    { 9, 15, 200, 2, 11, 34, 4135 }, // U+0495
    { 15, 18, 200, -1, 15, 68, 4169 }, // U+0496
    { 13, 14, 200, 0, 11, 46, 4237 }, // U+0497
    { 11, 18, 200, 0, 15, 50, 4283 }, // U+0498
    { 10, 14, 200, 1, 11, 35, 4333 }, // U+0499
    { 11, 18, 200, 1, 15, 50, 4368 }, // U+049A
    { 10, 14, 200, 2, 11, 35, 4418 }, // U+049B
    { 11, 15, 200, 1, 15, 42, 4453 }, // U+049C
    { 11, 11, 200, 1, 11, 31, 4495 }, // U+049D
    { 13, 15, 200, 0, 15, 49, 4526 }, // U+04A0
    { 12, 11, 200, 0, 11, 33, 4575 }, // U+04A1
    { 12, 18, 200, 1, 15, 54, 4608 }, // U+04A2
    { 11, 14, 200, 1, 11, 39, 4662 }, // U+04A3
    { 12, 15, 200, 1, 15, 45, 4701 }, // U+04A4
    { 12, 11, 200, 1, 11, 33, 4746 }, // U+04A5
    { 11, 18, 200, 1, 15, 50, 4779 }, // U+04AA
    { 10, 14, 200, 1, 11, 35, 4829 }, // U+04AB
    { 13, 15, 200, 0, 15, 49, 4864 }, // U+04AE
    { 11, 15, 200, 1, 11, 42, 4913 }, // U+04AF
    { 13, 15, 200, 0, 15, 49, 4955 }, // U+04B0
    { 11, 15, 200, 1, 11, 42, 5004 }, // U+04B1
    { 13, 18, 200, 0, 15, 59, 5046 }, // U+04B2
    { 12, 14, 200, 1, 11, 42, 5105 }, // U+04B3
    { 12, 18, 200, 1, 15, 54, 5147 }, // U+04B6
    { 11, 14, 200, 1, 11, 39, 5201 }, // U+04B7
    { 10, 15, 200, 1, 15, 38, 5240 }, // U+04B8
    { 10, 11, 200, 1, 11, 28, 5278 }, // U+04B9
    { 11, 15, 200, 1, 15, 42, 5306 }, // U+04BA
    { 9, 16, 200, 2, 16, 36, 5348 }, // U+04BB
    { 10, 15, 200, 1, 15, 38, 5384 }, // U+04C0
    { 13, 20, 200, 0, 20, 65, 5422 }, // U+04C1
    { 12, 17, 200, 0, 17, 51, 5487 }, // U+04C2
    { 10, 16, 200, 1, 16, 40, 5538 }, // U+04CF
    { 12, 20, 200, 0, 20, 60, 5578 }, // U+04D0
    { 11, 17, 200, 1, 17, 47, 5638 }, // U+04D1
    { 12, 19, 200, 0, 19, 57, 5685 }, // U+04D2
    { 11, 15, 200, 1, 15, 42, 5742 }, // U+04D3
    { 12, 15, 200, 0, 15, 45, 5784 }, // U+04D4
    { 13, 11, 200, 0, 11, 36, 5829 }, // U+04D5
    { 10, 20, 200, 1, 20, 50, 5865 }, // U+04D6
    { 11, 17, 200, 1, 17, 47, 5915 }, // U+04D7
    { 11, 15, 200, 1, 15, 42, 5962 }, // U+04D8
    { 11, 11, 200, 1, 11, 31, 6004 }, // U+04D9
    { 13, 19, 200, 0, 19, 62, 6035 }, // U+04DC
    { 12, 15, 200, 0, 15, 45, 6097 }, // U+04DD
    { 11, 19, 200, 0, 19, 53, 6142 }, // U+04DE
    { 10, 15, 200, 1, 15, 38, 6195 }, // U+04DF
    { 10, 18, 200, 1, 18, 45, 6233 }, // U+04E2
    { 9, 15, 200, 2, 15, 34, 6278 }, // U+04E3
    { 10, 19, 200, 1, 19, 48, 6312 }, // U+04E4
    { 9, 15, 200, 2, 15, 34, 6360 }, // U+04E5
    { 11, 19, 200, 1, 19, 53, 6394 }, // U+04E6
    { 11, 15, 200, 1, 15, 42, 6447 }, // U+04E7
    { 11, 15, 200, 1, 15, 42, 6489 }, // U+04E8
    { 11, 11, 200, 1, 11, 31, 6531 }, // U+04E9
    { 12, 18, 200, 0, 18, 54, 6562 }, // U+04EE
    { 11, 19, 200, 1, 15, 53, 6616 }, // U+04EF
    { 12, 19, 200, 0, 19, 57, 6669 }, // U+04F0
    { 11, 19, 200, 1, 15, 53, 6726 }, // U+04F1
    { 12, 21, 200, 0, 21, 63, 6779 }, // U+04F2
    { 11, 21, 200, 1, 17, 58, 6842 }, // U+04F3
    { 10, 19, 200, 1, 19, 48, 6900 }, // U+04F4
    { 10, 15, 200, 1, 15, 38, 6948 }, // U+04F5
    { 11, 19, 200, 1, 19, 53, 6986 }, // U+04F8
    { 11, 15, 200, 1, 15, 42, 7039 }, // U+04F9
    { 12, 18, 200, 0, 15, 54, 0 }, // U+1EA0
    { 11, 14, 200, 1, 11, 39, 54 }, // U+1EA1
    { 12, 20, 200, 0, 20, 60, 93 }, // U+1EA2
    { 11, 16, 200, 1, 16, 44, 153 }, // U+1EA3
    { 12, 24, 200, 0, 24, 72, 197 }, // U+1EA4
    { 11, 20, 200, 1, 20, 55, 269 }, // U+1EA5
    { 12, 24, 200, 0, 24, 72, 324 }, // U+1EA6
    { 12, 20, 200, 0, 20, 60, 396 }, // U+1EA7
    { 12, 22, 200, 0, 22, 66, 456 }, // U+1EA8
    { 11, 19, 200, 1, 19, 53, 522 }, // U+1EA9
    { 12, 22, 200, 0, 22, 66, 575 }, // U+1EAA
    { 11, 18, 200, 1, 18, 50, 641 }, // U+1EAB
    { 12, 23, 200, 0, 20, 69, 691 }, // U+1EAC
    { 11, 19, 200, 1, 16, 53, 760 }, // U+1EAD
    { 12, 23, 200, 0, 23, 69, 813 }, // U+1EAE
    { 11, 20, 200, 1, 20, 55, 882 }, // U+1EAF
    { 12, 23, 200, 0, 23, 69, 937 }, // U+1EB0
    { 11, 20, 200, 1, 20, 55, 1006 }, // U+1EB1
    { 12, 22, 200, 0, 22, 66, 1061 }, // U+1EB2
    { 11, 19, 200, 1, 19, 53, 1127 }, // U+1EB3
    { 12, 22, 200, 0, 22, 66, 1180 }, // U+1EB4
    { 11, 19, 200, 1, 19, 53, 1246 }, // U+1EB5
    { 12, 23, 200, 0, 20, 69, 1299 }, // U+1EB6
    { 11, 20, 200, 1, 17, 55, 1368 }, // U+1EB7
    { 10, 18, 200, 1, 15, 45, 1423 }, // U+1EB8
    { 11, 14, 200, 1, 11, 39, 1468 }, // U+1EB9
    { 10, 20, 200, 1, 20, 50, 1507 }, // U+1EBA
    { 11, 16, 200, 1, 16, 44, 1557 }, // U+1EBB
    { 10, 19, 200, 1, 19, 48, 1601 }, // U+1EBC
    { 11, 15, 200, 1, 15, 42, 1649 }, // U+1EBD
    { 11, 24, 200, 1, 24, 66, 1691 }, // U+1EBE
    { 11, 20, 200, 1, 20, 55, 1757 }, // U+1EBF
    { 11, 24, 200, 0, 24, 66, 1812 }, // U+1EC0
    { 12, 20, 200, 0, 20, 60, 1878 }, // U+1EC1
    { 11, 22, 200, 1, 22, 61, 1938 }, // U+1EC2
    { 11, 19, 200, 1, 19, 53, 1999 }, // U+1EC3
    { 10, 22, 200, 1, 22, 55, 2052 }, // U+1EC4
    { 11, 18, 200, 1, 18, 50, 2107 }, // U+1EC5
    { 10, 23, 200, 1, 20, 58, 2157 }, // U+1EC6
    { 11, 19, 200, 1, 16, 53, 2215 }, // U+1EC7
    { 10, 20, 200, 1, 20, 50, 2268 }, // U+1EC8
    { 10, 16, 200, 2, 16, 40, 2318 }, // U+1EC9
    { 10, 18, 200, 1, 15, 45, 2358 }, // U+1ECA
    { 10, 19, 200, 2, 16, 48, 2403 }, // U+1ECB
    { 11, 18, 200, 1, 15, 50, 2451 }, // U+1ECC
    { 11, 14, 200, 1, 11, 39, 2501 }, // U+1ECD
    { 11, 20, 200, 1, 20, 55, 2540 }, // U+1ECE
    { 11, 16, 200, 1, 16, 44, 2595 }, // U+1ECF
    { 11, 24, 200, 1, 24, 66, 2639 }, // U+1ED0
    { 11, 20, 200, 1, 20, 55, 2705 }, // U+1ED1
    { 12, 24, 200, 0, 24, 72, 2760 }, // U+1ED2
    { 12, 20, 200, 0, 20, 60, 2832 }, // U+1ED3
    { 11, 22, 200, 1, 22, 61, 2892 }, // U+1ED4
    { 11, 19, 200, 1, 19, 53, 2953 }, // U+1ED5
    { 11, 22, 200, 1, 22, 61, 3006 }, // U+1ED6
    { 11, 18, 200, 1, 18, 50, 3067 }, // U+1ED7
    { 11, 23, 200, 1, 20, 64, 3117 }, // U+1ED8
    { 11, 19, 200, 1, 16, 53, 3181 }, // U+1ED9
    { 11, 21, 200, 1, 21, 58, 3234 }, // U+1EDA
    { 11, 17, 200, 1, 17, 47, 3292 }, // U+1EDB
    { 11, 21, 200, 1, 21, 58, 3339 }, // U+1EDC
    { 11, 17, 200, 1, 17, 47, 3397 }, // U+1EDD
    { 11, 20, 200, 1, 20, 55, 3444 }, // U+1EDE
    { 11, 16, 200, 1, 16, 44, 3499 }, // U+1EDF
    { 11, 20, 200, 1, 20, 55, 3543 }, // U+1EE0
    { 11, 15, 200, 1, 15, 42, 3598 }, // U+1EE1
    { 11, 20, 200, 1, 17, 55, 3640 }, // U+1EE2
    { 11, 16, 200, 1, 13, 44, 3695 }, // U+1EE3
    { 10, 18, 200, 1, 15, 45, 3739 }, // U+1EE4
    { 10, 14, 200, 1, 11, 35, 3784 }, // U+1EE5
    { 10, 20, 200, 1, 20, 50, 3819 }, // U+1EE6
    { 10, 16, 200, 1, 16, 40, 3869 }, // U+1EE7
    { 12, 21, 200, 1, 21, 63, 3909 }, // U+1EE8
    { 12, 17, 200, 1, 17, 51, 3972 }, // U+1EE9
    { 12, 21, 200, 1, 21, 63, 4023 }, // U+1EEA
    { 12, 17, 200, 1, 17, 51, 4086 }, // U+1EEB
    { 12, 20, 200, 1, 20, 60, 4137 }, // U+1EEC
    { 12, 16, 200, 1, 16, 48, 4197 }, // U+1EED
    { 12, 20, 200, 1, 20, 60, 4245 }, // U+1EEE
    { 12, 15, 200, 1, 15, 45, 4305 }, // U+1EEF
    { 12, 20, 200, 1, 17, 60, 4350 }, // U+1EF0
    { 12, 16, 200, 1, 13, 48, 4410 }, // U+1EF1
    { 13, 21, 200, 0, 21, 69, 4458 }, // U+1EF2
    { 11, 21, 200, 1, 17, 58, 4527 }, // U+1EF3
    { 13, 18, 200, 0, 15, 59, 4585 }, // U+1EF4
    { 11, 15, 200, 1, 11, 42, 4644 }, // U+1EF5
    { 13, 20, 200, 0, 20, 65, 4686 }, // U+1EF6
    { 11, 20, 200, 1, 16, 55, 4751 }, // U+1EF7
    { 13, 19, 200, 0, 19, 62, 4806 }, // U+1EF8
    { 11, 19, 200, 1, 15, 53, 4868 }, // U+1EF9
    { 11, 1, 200, 1, 7, 3, 0 }, // U+2013
    { 13, 1, 200, 0, 7, 4, 3 }, // U+2014
    { 4, 6, 200, 4, 16, 6, 7 }, // U+2018
    { 5, 6, 200, 4, 16, 8, 13 }, // U+2019
    { 5, 6, 200, 4, 3, 8, 21 }, // U+201A
    { 10, 6, 200, 1, 16, 15, 29 }, // U+201C
    { 10, 6, 200, 2, 16, 15, 44 }, // U+201D
    { 10, 6, 200, 2, 3, 15, 59 }, // U+201E
    { 11, 20, 200, 1, 16, 55, 74 }, // U+2020
    { 11, 20, 200, 1, 16, 55, 129 }, // U+2021
    { 6, 5, 200, 3, 9, 8, 184 }, // U+2022
    { 12, 3, 200, 0, 3, 9, 192 }, // U+2026
    { 13, 15, 200, 0, 15, 49, 201 }, // U+2030
    { 4, 7, 200, 4, 15, 7, 250 }, // U+2032
    { 7, 7, 200, 3, 15, 13, 257 }, // U+2033
    { 6, 9, 200, 3, 10, 14, 270 }, // U+2039
    { 6, 9, 200, 4, 10, 14, 284 }, // U+203A
    { 13, 15, 200, 0, 15, 49, 298 }, // U+2044
    { 7, 8, 200, 3, 15, 14, 0 }, // U+2070
    { 7, 8, 200, 3, 15, 14, 14 }, // U+2074
    { 7, 8, 200, 3, 15, 14, 28 }, // U+2075
    { 7, 8, 200, 3, 15, 14, 42 }, // U+2076
    { 7, 8, 200, 3, 15, 14, 56 }, // U+2077
    { 7, 8, 200, 3, 15, 14, 70 }, // U+2078
    { 7, 8, 200, 3, 15, 14, 84 }, // U+2079
    { 7, 8, 200, 3, 8, 14, 98 }, // U+2080
    { 7, 8, 200, 3, 8, 14, 112 }, // U+2081
    { 7, 8, 200, 3, 8, 14, 126 }, // U+2082
    { 7, 8, 200, 3, 8, 14, 140 }, // U+2083
    { 7, 8, 200, 3, 8, 14, 154 }, // U+2084
    { 7, 8, 200, 3, 8, 14, 168 }, // U+2085
    { 7, 8, 200, 3, 8, 14, 182 }, // U+2086
    { 7, 8, 200, 3, 8, 14, 196 }, // U+2087
    { 7, 8, 200, 3, 8, 14, 210 }, // U+2088
    { 7, 8, 200, 3, 8, 14, 224 }, // U+2089
    { 11, 19, 200, 1, 17, 53, 0 }, // U+20A1
    { 11, 15, 200, 1, 15, 42, 53 }, // U+20A4
    { 13, 15, 200, 0, 15, 49, 95 }, // U+20A6
    { 12, 15, 200, 1, 15, 45, 144 }, // U+20A8
    { 13, 15, 200, 0, 15, 49, 189 }, // U+20A9
    { 11, 15, 200, 1, 15, 42, 238 }, // U+20AA
    { 11, 16, 200, 1, 16, 44, 280 }, // U+20AB
    { 11, 15, 200, 1, 15, 42, 324 }, // U+20AC
    { 12, 15, 200, 0, 15, 45, 366 }, // U+20AD
    { 13, 15, 200, 0, 15, 49, 411 }, // U+20AE
    { 13, 15, 200, 0, 15, 49, 460 }, // U+20B1
    { 10, 19, 200, 1, 17, 48, 509 }, // U+20B2
    { 13, 15, 200, 0, 15, 49, 557 }, // U+20B4
    { 11, 19, 200, 1, 17, 53, 606 }, // U+20B5
    { 12, 15, 200, 0, 15, 45, 659 }, // U+20B8
    { 11, 15, 200, 1, 15, 42, 704 }, // U+20B9
    { 11, 15, 200, 1, 15, 42, 746 }, // U+20BA
    { 12, 15, 200, 0, 15, 45, 788 }, // U+20BD
    { 11, 19, 200, 1, 17, 53, 833 }, // U+20BF
    { 13, 9, 200, 0, 12, 30, 0 }, // U+2190
    { 10, 15, 200, 1, 15, 38, 30 }, // U+2191
    { 13, 9, 200, 0, 12, 30, 68 }, // U+2192
    { 10, 15, 200, 1, 15, 38, 98 }, // U+2193
    { 13, 9, 200, 0, 12, 30, 136 }, // U+2194
    { 10, 15, 200, 1, 15, 38, 166 }, // U+2195
    { 12, 11, 200, 1, 13, 33, 204 }, // U+2196
    { 12, 11, 200, 0, 13, 33, 237 }, // U+2197
    { 12, 11, 200, 0, 13, 33, 270 }, // U+2198
    { 12, 11, 200, 1, 13, 33, 303 }, // U+2199
    { 13, 12, 200, 0, 13, 39, 336 }, // U+21A9
    { 13, 12, 200, 0, 13, 39, 375 }, // U+21AA
    { 11, 15, 200, 0, 15, 42, 414 }, // U+21B0
    { 11, 15, 200, 1, 15, 42, 456 }, // U+21B1
    { 11, 15, 200, 0, 15, 42, 498 }, // U+21B2
    { 11, 15, 200, 1, 15, 42, 540 }, // U+21B3
    { 13, 13, 200, 0, 14, 43, 582 }, // U+21B6
    { 13, 13, 200, 0, 14, 43, 625 }, // U+21B7
    { 13, 15, 200, 0, 15, 49, 668 }, // U+21BA
    { 13, 15, 200, 0, 15, 49, 717 }, // U+21BB
    { 13, 15, 200, 0, 15, 49, 766 }, // U+21C4
    { 13, 15, 200, 0, 15, 49, 815 }, // U+21C6
    { 11, 15, 200, 1, 15, 42, 0 }, // U+2202
    { 12, 15, 200, 0, 15, 45, 42 }, // U+2206
    { 10, 15, 200, 1, 15, 38, 87 }, // U+220F
    { 11, 19, 200, 1, 15, 53, 125 }, // U+2211
    { 11, 1, 200, 1, 7, 3, 178 }, // U+2212
    { 13, 15, 200, 0, 15, 49, 181 }, // U+2215
    { 13, 15, 200, 0, 15, 49, 230 }, // U+221A
    { 13, 7, 200, 0, 10, 23, 279 }, // U+221E
    { 12, 20, 200, 0, 16, 60, 302 }, // U+222B
    { 11, 5, 200, 1, 9, 14, 362 }, // U+2248
    { 11, 9, 200, 1, 11, 25, 376 }, // U+2260
    { 10, 13, 200, 1, 13, 33, 401 }, // U+2264
    { 10, 13, 200, 1, 13, 33, 434 }, // U+2265
    { 12, 16, 200, 0, 16, 48, 0 }, // U+FB01
    { 11, 16, 200, 0, 16, 44, 48 }, // U+FB02
};

static const EpdUnicodeInterval terminalmono_10_regularIntervals[] = {
    { 0x0, 0x0, 0x0 },
    { 0xD, 0xD, 0x1 },
    { 0x20, 0x7E, 0x2 },
    { 0xA0, 0x17F, 0x61 },
    { 0x1A0, 0x1A1, 0x141 },
    { 0x1AF, 0x1B0, 0x143 },
    { 0x1CD, 0x1DC, 0x145 },
    { 0x1FA, 0x1FF, 0x155 },
    { 0x218, 0x21B, 0x15B },
    { 0x300, 0x304, 0x15F },
    { 0x306, 0x30C, 0x164 },
    { 0x312, 0x312, 0x16B },
    { 0x315, 0x315, 0x16C },
    { 0x31B, 0x31B, 0x16D },
    { 0x323, 0x323, 0x16E },
    { 0x326, 0x328, 0x16F },
    { 0x400, 0x45F, 0x172 },
    { 0x472, 0x473, 0x1D2 },
    { 0x490, 0x49D, 0x1D4 },
    { 0x4A0, 0x4A5, 0x1E2 },
    { 0x4AA, 0x4AB, 0x1E8 },
    { 0x4AE, 0x4B3, 0x1EA },
    { 0x4B6, 0x4BB, 0x1F0 },
    { 0x4C0, 0x4C2, 0x1F6 },
    { 0x4CF, 0x4D9, 0x1F9 },
    { 0x4DC, 0x4DF, 0x204 },
    { 0x4E2, 0x4E9, 0x208 },
    { 0x4EE, 0x4F5, 0x210 },
    { 0x4F8, 0x4F9, 0x218 },
    { 0x1EA0, 0x1EF9, 0x21A },
    { 0x2013, 0x2014, 0x274 },
    { 0x2018, 0x201A, 0x276 },
    { 0x201C, 0x201E, 0x279 },
    { 0x2020, 0x2022, 0x27C },
    { 0x2026, 0x2026, 0x27F },
    { 0x2030, 0x2030, 0x280 },
    { 0x2032, 0x2033, 0x281 },
    { 0x2039, 0x203A, 0x283 },
    { 0x2044, 0x2044, 0x285 },
    { 0x2070, 0x2070, 0x286 },
    { 0x2074, 0x2079, 0x287 },
    { 0x2080, 0x2089, 0x28D },
    { 0x20A1, 0x20A1, 0x297 },
    { 0x20A4, 0x20A4, 0x298 },
    { 0x20A6, 0x20A6, 0x299 },
    { 0x20A8, 0x20AE, 0x29A },
    { 0x20B1, 0x20B2, 0x2A1 },
    { 0x20B4, 0x20B5, 0x2A3 },
    { 0x20B8, 0x20BA, 0x2A5 },
    { 0x20BD, 0x20BD, 0x2A8 },
    { 0x20BF, 0x20BF, 0x2A9 },
    { 0x2190, 0x2199, 0x2AA },
    { 0x21A9, 0x21AA, 0x2B4 },
    { 0x21B0, 0x21B3, 0x2B6 },
    { 0x21B6, 0x21B7, 0x2BA },
    { 0x21BA, 0x21BB, 0x2BC },
    { 0x21C4, 0x21C4, 0x2BE },
    { 0x21C6, 0x21C6, 0x2BF },
    { 0x2202, 0x2202, 0x2C0 },
    { 0x2206, 0x2206, 0x2C1 },
    { 0x220F, 0x220F, 0x2C2 },
    { 0x2211, 0x2212, 0x2C3 },
    { 0x2215, 0x2215, 0x2C5 },
    { 0x221A, 0x221A, 0x2C6 },
    { 0x221E, 0x221E, 0x2C7 },
    { 0x222B, 0x222B, 0x2C8 },
    { 0x2248, 0x2248, 0x2C9 },
    { 0x2260, 0x2260, 0x2CA },
    { 0x2264, 0x2265, 0x2CB },
    { 0xFB01, 0xFB02, 0x2CD },
};

static const EpdFontGroup terminalmono_10_regularGroups[] = {
    { 0, 1642, 3753, 97, 0 },
    { 1642, 1393, 4341, 96, 97 },
    { 3035, 1741, 6998, 128, 193 },
    { 4776, 587, 1750, 30, 321 },
    { 5363, 107, 109, 19, 351 },
    { 5470, 2367, 7942, 168, 370 },
    { 7837, 979, 5304, 90, 538 },
    { 8816, 227, 407, 18, 628 },
    { 9043, 141, 272, 17, 646 },
    { 9184, 559, 981, 19, 663 },
    { 9743, 441, 995, 22, 682 },
    { 10184, 264, 523, 13, 704 },
    { 10448, 27, 96, 2, 717 },
};

static const EpdFontData terminalmono_10_regular = {
    terminalmono_10_regularBitmaps,
    terminalmono_10_regularGlyphs,
    terminalmono_10_regularIntervals,
    70,
    27,
    22,
    -6,
    true,
    terminalmono_10_regularGroups,
    13,
    nullptr,
    nullptr,
    nullptr,
    nullptr,
    nullptr,
    nullptr,
    nullptr,
    nullptr,
    nullptr,
    nullptr,
    nullptr,
    0,
    0,
    0,
    0,
    nullptr,
    0,
};
